# croquet value net
inputs 99
hidden 128

w1
0.07984365445452984
-0.2881816599555451
0.13019393796760098
-0.0922201287542353
-0.05435095224774725
-0.043687533264786096
0.059606807944342484
-0.177894175805963
-0.076816575048346
-0.20581697363943122
0.1559359361028974
0.04876023569451901
0.15238376095153694
0.22175359076465187
-0.17309010590955848
-0.17725454638921959
0.0433686929483071
-0.450276697372924
0.12186907287457668
-0.0667819211701435
0.03295672730782415
0.13967793086566102
-0.09021262911700209
0.005935990634970512
0.05326166781463534
0.14658892626500097
-0.11199142854014071
0.1292966880987091
0.15485783967644093
0.04096613196301792
0.03918150630661776
0.0839240183310692
0.07394420480043686
0.14104724274575148
-0.2986340297887067
0.24853203086378683
0.04696105971990389
-0.003288652265575237
-0.12907818562560114
0.19717340538018283
0.16545378309088848
0.02551995028458951
0.10756967725316546
0.006397113791954791
-0.22337556829502384
-0.2882539444853094
0.006737066859698456
0.29517538030638596
0.04043186176108173
0.10552180559710882
0.10979981069144248
0.11032806580671038
0.18431327188952773
0.049753608392477604
0.062432463526220144
0.22742977493960503
-0.12397393855349206
0.429426266439601
-0.35781244375054166
-0.2740500769182984
-0.11788757444831845
0.14482079636727646
-0.019327332800423123
0.03772186992327139
0.11024652975593399
-0.005571237708661426
-0.10038397488021082
0.2661502776771346
-0.19445138022680844
0.04428929662196652
0.16176592016639163
0.19665294840497563
-0.10153217489032339
0.22477253636757283
0.040143440471817615
0.07047746564448201
-0.1002471686360676
-0.05875633370818369
0.19030226965904365
-0.03351055381434333
0.020426694016102753
0.05334777536267698
-0.10946360415085093
0.18422675421354967
-0.16974323984756856
0.08697551205007367
-0.21966855248537967
-0.1409929419398991
-0.004407295401486121
0.08675908028641634
-0.010203043446211165
-0.06683640879532207
-0.31993060704149384
-0.05792283837973933
0.10269515613755119
0.0025496537812097412
0.06450179133674122
0.2238421345288092
-0.18428516502225029
0.2947291460601006
0.12628434065698424
0.1669514451922632
-0.02791420126924017
-0.15347741717314087
0.07483479136732055
0.23759395539110353
0.007139063484068356
0.07914389043994728
0.29787112645093505
0.0630236413149429
-0.21904802621607175
0.015247311047947042
-0.1769994062172788
0.2616913757841403
0.11097315872449838
0.08736057726567945
-0.14328457613353293
0.04298021842160361
-0.1075144378624923
0.03876733773873231
-0.03305357016989169
0.18271606775702282
0.0953743546876602
0.10302454984115585
-0.07445691877673238
0.058720993316006206
0.19400434378194514
0.10545448852892789
-0.07046157420031532
0.08286815396891747
0.008752918451994118
0.2767367423062372
-0.017163253887484884
0.08332720279587805
0.09119231051427346
0.08504547324115326
0.1265008987676249
0.0662917390285478
-0.05367426469831437
0.16510731053171337
-0.08661857372144859
0.13661407630482034
0.24929026796628687
0.14244838373447177
0.007364786880716791
-0.11957465968577721
0.026779420367519784
0.017642203813310324
0.04284591245557557
0.026228578627625142
-0.16636926119761647
0.13251798534679254
0.3328858719943801
-0.009035262350961925
-0.1886123233633674
0.3181635485113673
-0.02136943197903441
0.12499555259981
-0.26058295547628624
-0.1525117420491572
0.00867001478134814
-0.04878012715451439
0.1949823365373865
0.10937896104489539
-0.04720138673667293
-0.08965037168723611
-0.1018241360807196
-0.09053177271277195
0.03550072738781628
0.1438307888749877
0.00958489102353657
0.06252598063236993
0.10124470717763256
-0.0802540222192552
-0.21129617528297914
-0.07929694285485064
-0.0025867139203010047
-0.25704033541644045
0.20253953348616144
-0.11534818354356009
-0.05371669962106647
0.13187104028748026
0.09937961487113577
0.29568177133518386
-0.13931992603649526
-0.02530431615919646
-0.10675171414418223
0.11905011685512779
-0.17248918426315188
0.06963437537182045
0.17527466616068213
-0.0619346216033029
0.08894524160999949
-0.15246706899133894
-0.06436619324006022
-0.08579597891343149
-0.16812616102772296
-0.15226490854721145
-0.16373976605835705
-0.06353718719591514
0.23785005166970805
0.12499005654418943
0.0966105872482106
-0.17289178936221897
-0.052516180092969406
-0.1420337626919541
-0.0015399516828270613
0.22001686755698552
0.06719925043652868
-0.2589684677913808
-0.024334710919848283
0.06780448486500724
-0.1753498104631924
0.1568558620291906
0.11759839539243427
0.1573349476717621
0.269376334015677
-0.07056790851609494
-0.1854258372824232
0.06653590295021813
-0.12861495968192774
0.1702712680528182
-0.069333392949525
-0.05832202535509969
-0.3533272166132771
-0.1432918757604222
0.022373366643195114
0.17378212780554197
-0.0321023638912972
0.1825497474736103
-0.20781072103071968
-0.12878112819263765
0.06023666061604068
-0.27718194857121536
0.15561368685624133
-0.060211580699669025
0.0967396631679781
-0.0936280384880812
-0.07533293250636934
0.0019465908810829065
-0.044704723246396794
0.11270297980940773
-0.2298599736133617
0.030233809451273724
-0.2368201756420251
-0.09980883168345957
-0.01089338714003954
-0.08271189327780273
-0.03797006311589461
-0.04344329962916072
-0.1803780196995956
-0.176412545700849
-0.1633334446978104
-0.014009008161677215
0.07940134585579493
0.05659686211897833
-0.25778420224928933
-0.11550715069762253
0.07929474722316104
0.0850612798675218
0.023293318984841105
0.013111955380402005
-0.24569458229577082
-0.10957653697477776
0.20175628080417776
0.10979984681927071
-0.15184554765608527
0.17866921570210686
-0.06090154614282823
-0.09289487999495535
-0.1256231970969119
0.04318981664019669
-0.011396270410806606
0.023450791092101648
-0.14181560136076946
-0.1296372229180263
-0.07123111450858514
0.14635999220035717
0.0044371795449209715
-0.19857767565303863
0.11943388498472275
-0.19104514335547867
-0.2420689485875524
0.18619047143201947
-0.007852025520649954
-0.19368089398326435
0.14644515029654356
-0.1682777801949811
-0.020366414248017196
-0.019079799653612155
-0.0884472737483009
0.26933793703325865
-0.022825507412174335
0.05003261690817994
-0.1493850168150577
-0.010267000529303117
0.03015715029985392
0.14513773123730417
-0.1538968747142319
-0.015241794999509974
0.040541614215672435
-0.39918950459613645
-0.28031220197898093
-0.07898869313285721
-0.11730734051244603
-0.007742951141194784
-0.14182572772585497
0.006995504093554693
0.09316651954140938
-0.24813247979813646
0.1352264926962284
-0.16000881794075386
0.15596651089308866
0.1739328805126243
0.19636171396516283
-0.1391179241229832
0.28827910888822933
-0.1874230915040025
0.29809547059722785
0.0910620060299352
0.25988706827713565
-0.07767676578793392
-0.21838399558718066
0.030683891769323228
0.023238107800227406
-0.2324043184606426
-0.3633510672609293
0.011521682308906976
0.02247061163731491
-0.27785029996077676
0.1692490570787207
0.40731080998887553
-0.12423854901138029
0.17363866921373278
0.29340304050576516
0.06132302383549843
0.3691926527601568
0.0326714051691196
0.04721151855605609
0.11900068244141443
0.3341793361627034
0.02166642664474832
0.09921856247703228
0.17562723084445972
0.05529686478117006
-0.1263950218821187
-0.0346855675429472
-0.04147707037787327
-0.011565375968069573
0.20957572869914626
-0.05602236064400809
-0.25890693594847075
0.06627420342741247
-0.02543475125309911
0.1368636014535075
-0.014745830679900148
-0.10203584842045303
-0.22518637088544832
-0.08921205288903752
-0.05001231099931089
0.05288574601026204
-0.31043581501041956
-0.11949761725226304
0.12921127316414918
0.05774005805205227
0.10906516882457205
-0.023010909752375262
-0.05560741206601545
0.06898644357143673
-0.005629588252022803
0.09319235071822593
0.10766490293990508
-0.22571175987209932
-0.037201269712348654
-0.19097689877866536
-0.06211540366204603
-0.1087443895687875
-0.13412022562243398
-0.08426630999645952
-0.041071038801587294
0.062326615006000424
0.13381244983438975
0.046706048364104163
-0.09459375544046364
-0.01072687514145329
0.2603163917699938
-0.25206406631358685
-0.182654599522091
-0.021663132621410466
-0.06770662660519268
0.1554800656421698
0.18153386233776142
0.1759916572571969
-0.03995959957386741
0.16223630400314643
0.28926393335704
0.0646556600907413
-0.10756797049664577
0.3046002634237813
0.20270439626478684
0.08618738979476034
-0.082582803603984
-0.07186790024192434
-0.1166007580138923
-0.08251953993712006
0.0532531029739094
0.05610121673978712
-0.002782264900965056
-0.035727506589283385
-0.0018229531407883632
0.0186456224335777
-0.05311691154265072
-0.03722039410861824
-0.08381657619923766
-0.011858235634502659
-0.1049914434909971
-0.2919311184127777
-0.14655773288295745
0.27223157575574697
0.034070212547840144
-0.02603165496521034
-0.0676196572561962
-0.020795536460065902
-0.03491287999025284
0.13704372744072624
0.07845603934670695
-0.1849542719514218
0.13370226162614612
0.1011570778242547
0.15798448010721192
0.080124450547986
-0.10496815565735478
-0.11393009526396629
0.20414062816116071
0.3545922300289012
0.08002372986760528
0.1363214255559725
0.1052253849837032
-0.1512938621739966
-0.011991013970832493
0.19861114137182181
-0.1673235481413787
0.2609321411760906
0.0028902314024766085
0.07490665901967741
-0.34080648487440146
-0.116510652590735
0.2689101234409151
-0.12706056230205348
-0.04076274121787103
-0.34670839361596795
0.12267551768703261
0.030967524121037017
0.056076969183030206
0.03703221223065276
-0.07727993040267954
0.06879968221537859
0.12883403256979023
0.10670516454276262
0.07834738705326903
-0.12053594696472893
-0.08859411577300515
0.07511754519754937
-0.19366557688902425
0.12412356488972574
-0.07563956007507143
0.09581663159795697
-0.17925297847900612
0.16025039412068057
-0.052254974760318804
-0.1584821870407251
-0.1387311678285549
-0.09181007073501798
0.0735255189769232
-0.028370504984254565
-0.0933199716313609
-0.10516274004213289
0.3001471648771802
0.16899393464736678
-0.17115169568065963
-0.25120328813920567
0.11411995083471486
-0.26036296391086117
0.09084085314977829
-0.05275916351284778
-0.2266419144996539
0.1181874939328488
0.21401759682257482
0.2871964926785699
0.2250754955345491
0.07444062883208667
-0.19704964473731237
-0.13380374569741324
-0.04292355587522684
-0.01593171022112553
0.001888366764748326
0.029063671643583224
-0.17950195195666033
-0.1370485754559396
0.042312138954633476
0.13872406746216956
-0.04436568659674443
-0.387602552030102
0.02973404716277368
-0.2079050845646542
0.026274647488918987
0.10194601031187901
-0.16625803030900208
0.16534058358432757
-0.04652664148565479
0.03579137905077057
-0.005585251092310945
0.10782151981240169
-0.0824654657238238
0.10205045565650689
0.18177215461927723
-0.25322578483537905
0.04623324893258153
0.08863258145898202
0.25566672862971584
-0.1674741467585809
0.07796543689244863
0.0314966535669432
0.0652861229321291
-0.16270583031991123
0.09114941712735629
-0.11530967998439588
-0.038170102750773434
-0.10518295644193323
-0.01469497990383724
0.06005679637957584
-0.1687304875813011
0.034049806682100135
0.01954380460547582
0.20387977444160202
-0.16675385713092677
-0.15593785892284462
0.07947246131253513
-0.06303415382871609
0.11201595343559276
0.185561611810141
-0.09235989756384957
0.07916845138271034
0.15599419663962588
0.03677025304796941
0.23461211917559852
0.11579372770006686
0.20944537167404567
0.051472906719378146
0.0983729465014584
-0.08243634632305084
-0.05708391196655778
-0.018039624478879298
-0.3573776515341029
-0.09721214704737698
-0.1876298307766552
-0.26257601443105344
0.10650485785718093
-0.00654797396864948
0.06578576166380727
0.14752119693689636
-0.17517792721307798
0.1855300044461608
0.08632218387378418
0.04321733832591823
-0.17780848065375274
0.2597867875906578
-0.1380434652021312
-0.26713162327892526
-0.20863830885452564
-0.014403200646878677
0.18739685971794234
0.15464456696588993
-0.16814503896286268
-0.05154366623029214
0.05420468355522451
-0.1133686077923194
-0.20611680196005847
-0.009866464021428179
-0.11164783479472926
-0.15847249654373885
0.16550020403720855
-0.04970235072865067
-0.1767853155865309
0.030907959646171452
0.08745386136497535
0.1281292030265387
-0.011244840683578202
0.18523852669884636
0.02173429036190517
-0.2421290356002107
0.0295076698710316
0.13728108145855047
0.22994861666747796
-0.10113430531796866
0.23115686081867468
-0.049688433048621077
0.08363078898082513
-0.048614601714478636
-0.003895203996777447
-0.09984951860253799
-0.16697135430671914
-0.0592130743425489
-0.2830407089377183
0.10428260872157276
-0.16490758884498274
-0.01683332432196904
-0.16121673181941978
0.176373858648571
-0.12027219983620574
-0.05356684995654875
0.15012414984860173
-0.1119024395464814
0.13231471390359054
-0.3191246741220195
-0.003650506713239204
0.09589639847297123
-0.05168534069917348
0.04739146016349506
0.06375357273096043
-0.2589109317764989
0.11161153715622735
0.09264175624241705
-0.367233302849338
-0.059114735958828254
0.10369359537418174
0.16806451531973723
-0.19130915005759833
0.1443752848549829
0.08937982473048438
0.06785549547163262
-0.20296910980677876
0.13644048702634715
0.15896215801127037
-0.22686896808653573
0.24258981782932199
-0.0046766640690481245
0.1351466260513376
-0.05778330448318548
0.0824808849353285
-0.09133803661813708
0.05292219594971072
0.4587723010895003
0.18382546676084352
0.11147103062764388
-0.05378836520499258
-0.0941500693518558
-0.05289914622025077
-0.3295617084805615
-0.04436679947631376
-0.14138704769315713
0.26878341212867
-0.07001084504316263
0.010301192876282885
-0.05497211739020481
0.0025444510838660245
-0.15844198730555378
0.10125742310298443
0.09369842595630043
-0.22061199401245885
0.14691663031002267
-0.13777017035637248
-0.10091258833525013
0.07519774541495679
0.09555335229363227
0.0757269287984884
-0.10522993442398659
0.07240265912961016
-0.17856401660464655
0.024933242824727964
0.09408453352976001
-0.05302552513997179
-0.21324973707556577
0.13870461784326615
-0.027898574837874533
-0.025030359267378077
-0.13348310756011755
-0.012898228848772652
0.07119864397923203
0.018269236063950995
-0.07957990927383718
0.1654358808687675
-0.09050336777734588
-0.18290999336574398
0.034100952628895294
-0.14387623106015354
0.13603626046243983
0.14180625170162908
-0.23809957095873166
-0.24302543302326443
-0.06313525535797561
0.03427236244201569
-0.29185122418543596
0.21705032081269923
0.2374641151748941
0.44787063291246065
-0.01299321301496147
-0.09204131677250092
0.1634077803199767
-0.1997316086643825
-0.28366207860777426
-0.28793294362358024
0.0913168438358673
-0.1072283115960257
-0.038063969085759534
0.07712648808786803
0.04313523402239431
0.04878246824723492
0.1326770608949257
0.14151642307535958
-0.020257294909361675
-0.00027121552595496957
0.1121861709463504
0.1624546321455113
0.13996397969813487
0.1149464858367931
-0.1396041834707152
-0.28507567502639625
0.05456813487284518
-0.09190743784625868
0.11278533406946782
-0.02849191239317031
-0.09071963983771619
-0.3095045360806399
-0.08847806328911133
-0.04022308272257231
0.12562981575735901
0.1443982860866993
-0.1911486335289985
-0.13817109478104517
0.25417474471299695
-0.03318011555098383
0.10600096781042637
-0.050923052733354957
0.032807423375022085
0.05598826350635636
-0.2993350836186625
0.03456603735174459
-0.10661858695584231
-0.2544483722864553
0.0058628834391711345
-0.15115140946585698
0.18165448061776074
-0.02028120063836142
-0.026048844873813638
0.08045899714383106
0.15074712334608142
-0.21581653931523598
0.15554838436747506
0.06678493369435534
0.1416643482194185
-0.08889688186229477
-0.032722169241228866
0.3269962868750358
-0.18760153845101699
0.12227640326975124
0.06599335121613281
0.1181947029135272
0.25991844279162213
0.11085172175891657
-0.09731139384904017
-0.08345388685279334
0.08921647773385506
-0.17320176197350529
0.04375996466396744
0.0013418898606447924
0.03958365242623628
0.19011356880680644
-0.13884697174019597
-0.04857580212777514
0.15922273788413846
-0.04135604310105689
0.11118960141102818
-0.14463193997082252
0.2949137380514432
-0.2041726742198517
-0.16474743067831113
-0.13322686291857072
0.08343529599196046
-0.1950061907726944
0.35074491360843707
0.05188659600213736
0.03534642917762706
-0.10921130261412634
0.0752319095362587
0.26157454757826726
0.001932521450172151
0.11956448188427476
-0.06221817446923325
-0.48378206987399525
0.08850612178783678
-0.25308511311415344
0.0662561565390378
0.2156232484498276
0.07696053652300874
0.04944315051501632
-0.2834414030148216
0.13164862015265338
-0.021947377515680367
0.2004906873619786
0.044468154000303864
-0.2635705190880798
-0.19465573454394178
-0.25262931919316217
-0.10938814309178704
0.1552528991029933
0.031304627435980344
-0.061995719724176175
0.0902193817674885
0.20161631955243725
0.13002934365120314
-0.2534508983570867
0.012404957149892636
-0.15947033569283248
-0.06689410677944109
-0.07673869152286497
-0.04733406189219921
0.22482110527354998
-0.01800284529494298
-0.15084788656343662
0.000638859188524056
0.06911962433972148
-0.17064945431148654
-0.12598478461570156
0.06557622916466671
0.17934984203989748
-0.03731069470637624
0.004325088817337574
0.13488931048405067
-0.10387745794138852
0.1230002496686474
0.05970895628393146
-0.08983101444428362
0.03808648770071222
0.026617270418732103
0.0022233488019851866
-0.1570503955666298
-0.19589002852983145
-0.017858887336914705
0.22989451628206184
-0.3196475280235056
0.14182253071051978
-0.06416109129014626
-0.08518165672390997
-0.1818823776281878
0.08573174868133981
-0.11185727207077686
-0.14920843925241753
0.15488307176412255
-0.04550286808509977
0.3099283590950656
0.07925688507295238
0.10123627889826453
0.12619300979451034
-0.1757569181364704
-0.05484786181582722
-0.051030019706083465
-0.031571220252159374
0.11729535552541318
0.07700876267203585
-0.05345979092463075
0.21099899263077504
-0.2418584850148639
-0.09493104928897683
0.10856074354186475
-0.06288562552505299
0.22385145317135974
-0.09211801318391957
0.025226435885748806
0.09812846350436209
-0.11517717127129071
-0.17314334332412917
0.06713843472732502
0.019126256047562944
0.01044646507552553
0.28480160894287077
0.09462429421637597
0.24853850384284124
0.16373189879973946
0.09994133492223609
-0.21187597142937534
-0.24278488574141205
-0.1063720282695061
-0.0537228935406377
0.08213110582332005
0.06408264997320742
-0.3517147977957603
0.0573558302774311
-0.22402016548128564
-0.015687790684210324
-0.25987828413007197
0.08688595374533586
-0.18769192417979727
0.04108998902167961
0.09639800916541945
0.04614420810167684
0.20480475730950237
0.11805289804128438
0.047532932493187595
-0.11408968617078766
0.07615205396679113
-0.07413739378271587
0.051951097363187336
-0.16167955723207186
0.11889742367712172
-0.10998843894548073
0.021803129516759542
0.09878832400548145
-0.09601206561176114
-0.03106974502694821
0.055788281153590996
0.13509514871473743
0.009246723662009182
0.05015323275219395
-0.023388281805038665
-0.18984418699004904
-0.013347462303282995
-0.0017867052892147088
-0.19298630369767739
-0.27546295110955576
-0.1004116364935674
0.05242596976465929
0.1786309249952244
-0.04436038377937903
0.23596964428777462
0.3031515936622099
-0.1853400845634193
-0.0536731796243543
-0.012348687151108066
0.1221387344655467
-0.1754092649780147
-0.08920370269057504
0.04983044601353947
-0.10224347209659194
-0.16630941461651472
-0.21159952234995288
-0.25098346056189547
-0.16803407725067243
-0.19544027448055873
-0.13976654644750353
-0.05471108553241913
0.028925382195774868
0.05695950104915966
-0.11065354719716888
-0.017195238518656952
0.11465877215152775
0.06583328495520865
-0.1884214763823152
-0.010179774417655543
-0.02486919653436685
-0.08341569585209148
-0.3420166661390345
0.013854185084854236
-0.19708402966902594
0.054925356359996756
-0.005568254532852832
0.07412119670389739
-0.0077258035801959155
0.0404647615104152
0.06734871978992597
-0.15281499816103877
0.083431277480951
0.11825346768158375
-0.026748153075815646
0.04773563502815325
0.2872104745293968
-0.11522985313318078
-0.1698761128532159
0.13914158435626545
0.08794802340480656
-0.14826682353628107
-0.3635217880077903
-0.023511494631382194
0.09314749589889561
0.19598436734174454
-0.2709583027132402
-0.063816754691404
0.019054053013734976
-0.019423858984320117
0.11995327265590046
0.006938854477302893
0.22657901564537145
0.25606104408528607
-0.08096694926262452
-0.13398738321065778
0.03408542654173363
-0.22141930980932598
0.06385649308708277
-0.24604225910847335
-0.06792878041719877
0.16772391253311852
-0.04651521488586994
-0.10198291873049467
-0.23980391775166535
0.06383250251209602
-0.3043799473900952
0.06951132578855694
0.1698712233101271
-0.13905946575295006
-0.48011267708082955
0.003500740164648398
-0.16695519426878036
-0.0811771318053702
-0.27879050161756713
-0.00030755390247355044
-0.02389476795715528
0.0012605166116840245
-0.21381084265569406
-0.021068501848803035
-0.0019291656031589963
0.1560877119086282
0.03956280912398606
-0.02516861080751025
-0.0400375088990564
-0.04009049645649534
-0.023085131997350218
0.1779228542996262
-0.01447992932694493
-0.08488742921956836
-0.012898346083864452
-0.11619398425659389
0.005236886314387092
0.17222644960979466
-0.1774851396668707
-0.008389778523162403
0.04477903295891628
-0.01415066210016586
0.05512213831854559
-0.26394136813748975
-0.13888218442678243
-0.22007837447907358
-0.12648963294915108
-0.24420840052059367
-0.18603724078679967
-0.010087381698258686
-0.18616764163806407
-0.43119686177847566
-0.2734591159613379
-0.07495551228863778
-0.12069606508206945
0.1113188505425136
0.050717430527497415
-0.23865468628331643
-0.2621682831255163
-0.07281377837243638
-0.05349909566857786
0.09152704091112474
0.03660749611009493
0.11049315150628637
-0.23161038605917392
-0.04673462989805911
0.07665152933654847
-0.13367897049704797
0.10146553163703714
0.01802574581559924
0.29863575389455244
-0.32163219506700974
-0.27836236767603395
-0.2207317878340866
0.3814145127006595
0.040336439594794694
0.20891725032877487
-0.07638669248903902
-0.07014802111324411
-0.13610643396765984
-0.13832305440182788
0.1651112510361801
-0.1251675283048538
0.03376070924738142
0.08902593195547659
-0.06777050286181942
-0.09461826163300086
-0.09122078432930786
0.02907634071551129
0.02993443896645069
-0.06619220476907851
0.08336669712954882
0.15401510918138603
-0.00859851960739309
0.11610557665772643
-0.13032878247927648
0.25753612157458083
-0.04530994632626648
-0.12368115363445482
-0.023672496163350883
-0.015088117638157723
-0.17631210747346063
0.417949319628063
-0.12836259728839444
0.04279335295567459
-0.25181718368381795
-0.007950675530190321
-0.18985895682778478
-0.1634518862283011
0.05406837089864428
0.16320228664783562
0.0005470460592654302
0.0381006669593971
-0.0031538980713275043
-0.06966545475226311
0.20615565673446043
-0.11863551306269832
-0.12258346410956525
-0.03614810380894704
-0.1143459832347996
-0.008403247694848785
-0.08107846881925473
-0.039358362264751465
-0.20972602726758738
0.07291749220950561
0.13192295928920614
0.10651639999844441
-0.046700831477633174
-0.03840575521629021
-0.124578120358198
-0.19427787248311262
0.15573240850433528
-0.07281298744346389
0.04060743845788654
-0.34906497841488665
-0.21349511436197802
-0.06642257180994814
0.34350243265699953
0.225978590443778
0.11314703011870171
0.09432078516760245
0.1443190548681663
0.12483744837050494
-0.1838790940853313
-0.011489280526691166
-0.12607233864201295
-0.11711001110949724
0.06148818252271094
-0.0027622518391120757
-0.02240057140888959
0.19173752644573372
-0.18231232821215282
-0.1978871783506896
0.07372241107951368
0.09009224874554676
0.009901067690017388
0.03228247418021617
0.22965455134747545
-0.08696956241981418
0.17630757360010946
-0.07453534942423333
-0.14852527488833592
0.09472775561758758
-0.20668837579361107
-0.05443645930885916
-0.2221332960911054
0.06907484032322049
0.07889766124886818
-0.1443599635811247
-0.23136657342280925
-0.13815811053647184
0.21020902308408723
0.061057347879459024
0.037393614833947056
0.029604169844662864
-0.046277530012653514
-0.06562859530911619
-0.008353905573309362
0.09153509538404758
0.0940706388811881
0.12556188552693753
-0.03228204897388012
0.040841270779676433
-0.3114592759853529
-0.23135707633665512
0.2979703379669605
0.0287646183000559
0.11499484235827624
0.019748131093891928
0.07309557680890323
-0.18355247561207927
0.1587084843907654
-0.22868446721703747
0.16456025690133794
-0.16292609267716796
0.009605903250742284
0.07870534430345819
0.08159285214861911
-0.12735506886096207
-0.16739511450256506
-0.2367357562922088
0.034189098481759155
-0.05905320585530752
0.20892952998232775
0.3341058375593035
-0.06204375079396264
0.09911873330644819
0.19092716586122133
-0.26679546236810214
0.006429452630202811
-0.11903198741020218
-0.23416227261357217
-0.22901498522684305
-0.26239464106509314
-0.20185837322274344
0.0004897114261990792
-0.09821078535641152
-0.05739429921327825
-0.1322664283792768
0.28832323911414937
-0.19352573170976517
-0.13103381429384495
0.10875278541835058
0.04959907726719344
0.11083783372660727
0.06975983473160612
0.1653882220635668
-0.16524485415330606
0.02578214002213305
0.01131612218246749
0.0744458714411128
0.1672086876368179
0.07647312947334248
-0.18495548752829882
-0.1959649055901113
0.27401526443330904
-0.2489126087908758
-0.1994862192445893
0.0757132175269148
0.10632177176663714
-0.3335736465859838
-0.15826138355675173
0.10928987805741402
-0.12088401016369538
-0.09168602556321019
-0.017232742411621507
0.013658452656354321
-0.06701500049494583
0.16641168733002204
0.13496293160414774
-0.18069903701599052
0.08954892906981003
-0.016381381801656297
-0.00877777037184283
-0.09399913586598237
-0.1704246849485752
0.011965605007199766
0.0022615346031474096
-0.11100070381163518
-0.1615537870647121
-0.005396388003804415
-0.01770642599706698
-0.1040714884782107
0.016613217525880773
0.16840413497497989
0.29779105166150865
0.13701596919662495
0.15580845751923225
-0.14315299316229035
0.02408321717871922
0.004843179901570831
0.04058784942294283
0.018108458697853286
-0.1466754493147882
-0.3027307583442808
0.02343088108481748
-0.12831583628498047
-0.0535982901176001
0.008199240112280976
-0.17368137558037278
-0.14513988716375792
-0.02095831946215643
0.20074158577708986
0.021281479064311538
0.14399030319862222
-0.1859524193093576
0.15633808438263413
-0.13335359826718204
0.13770456045243326
0.07693391733489141
-0.02796169712703446
0.031894773948589326
-0.01401873427782583
-0.0432843600569397
-0.05043679668731535
0.03456910379897482
-0.039336217387972536
-0.05779702696808235
-0.056862802297715204
-0.14392380267739024
-0.26454016416781956
-0.09069379413174737
0.20861425016290644
0.08012037625262905
0.022596741806098542
-0.1485964738777237
0.03293860083898365
0.20004074037339412
0.02872036380589005
-0.0988647400686779
-0.12623585227692002
-0.20601381400532914
-0.11072865828174722
-0.1985201787653033
0.20426732293922373
-0.1865449953693322
-0.15998993221386
0.1569678657183644
0.08953405546567872
0.013950684733223305
-0.06635707198434647
-0.036215646228648486
0.1843046577350249
0.0376913899192973
0.06571459161527561
-0.10557375160929333
-0.09605195326842593
-0.19313174396784397
-0.22956285131331583
-0.06089476945730446
-0.11796958441190065
-0.12423207478876375
0.03993885153256089
-0.16738342861594757
0.13107485286137072
-0.127067329515912
0.11284834505577532
-0.12824095652570597
0.07663294747355859
0.06607955317752441
0.12781018680845319
0.13178080993973249
0.03395186743001491
-0.11326361858540544
-0.1393082926069894
-0.05168438499477668
-0.27913884044807447
-0.11922801598813187
-0.13885885858978733
0.144468228246148
-0.26745693477737253
-0.1259930090659742
-0.2057422363489633
0.09715713880670063
-0.043453615045979485
0.21567324346080005
0.08471635267661189
-0.07432173432161127
-0.1253927584101377
0.01529019357122951
-0.04209529755923657
0.06908783394586325
-0.14316346197163712
0.36470511175667664
-0.18352612174504215
-0.27541551225590905
-0.04753036199204008
0.047998426522356044
0.0004714948508246793
0.08032322709071651
0.2378802716972622
0.007394340839031507
0.15034210017617158
-0.0273041823607393
-0.053400486207190234
-0.250417537961311
-0.06661713055409842
0.009491925778551777
0.17842880041448872
0.05475235251076197
0.03755236198561854
-0.0029118025176199493
-0.43035112036239054
-0.07587396371779993
0.15809415509716523
0.02244299327813648
0.03541022470083352
-0.18513498880930854
0.05486147902186539
0.040116693690946344
-0.024164833574746986
-0.2596900103591347
-0.0008891159717514634
0.05344986282687075
-0.1696897926116184
-0.28704658467105226
-0.09672437467318126
0.120810727034242
-0.13258063541613244
0.05435894766697709
0.047883109379759564
-0.05288158243749762
-0.09654425784718333
0.17359425370879678
-0.06799434286107034
-0.13429979830375274
0.2133209539984856
-0.10694529580354221
-0.1675515042693843
-0.13538304468115647
0.07959106258284804
0.11607708724846083
-0.1904629364095483
-0.12090838695660215
0.0697193784271106
0.26862703624320594
-0.14426667039828622
0.05777751955825688
-0.12568888903827624
0.06029843769524009
0.0841194557795614
0.033414907196619846
0.14068220615200142
0.1762573203981029
0.028566634507421994
0.2317800183986065
-0.16026136634869864
0.09923732693435103
-0.04671250246422815
0.05307422878456248
-0.04328756254744703
-0.22671270637851018
0.1915459362160629
0.02305135061841538
0.09935247352393525
-0.05960025316930989
-0.0742408649122572
-0.025444507623052365
-0.05570780815704461
0.28501274980814806
0.26308173533169027
-0.24436801685734597
-0.2660611289762451
-0.20723591348357132
0.2811140129605268
0.08432661584694763
-0.030974849221497222
-0.11200541108471174
0.07525094503060945
-0.05630270671948469
-0.30920722931215006
-0.08234573429353018
-0.004517023631109347
-0.028465051153243347
0.185224403196177
-0.2843223829991177
-0.3190734628734648
-0.12013283956257521
-0.04303530503009968
-0.2705871691422903
0.05651473099612793
-0.08164268093742535
0.04663557243068681
-0.04223685439938649
0.0992087332966452
-0.11846435705751403
-0.048446679016313984
0.158461282271685
0.16550783920350587
-0.0862560006226506
0.05157331054903668
-0.08739513767659103
0.04208412243532972
0.023722569983735793
0.013429971878028446
-0.06092461135301318
-0.1509335603210837
0.07080338191626484
-0.13614617909892285
-0.03989810016301439
0.020796122910842492
6.803074780127518E-05
0.09180825602272233
-0.08664554172616079
0.044263717528693486
0.052186481224579834
-0.06311139679524456
-0.05670036938797473
-0.055174601676126166
-0.11115999615373456
0.05040960518215667
0.23889905678294163
-0.14219054704400222
-0.0189299496161852
0.04655115664347614
-0.08812233438931923
0.28399082199874487
-0.12999981774477723
-0.12096222636396363
0.025773792770351734
0.12322929022655763
0.281448238251401
-0.0879288851739348
0.07536193510160112
-0.09852455670684973
0.028639037181934713
0.06615434190332384
0.0017888488121500787
-0.13126221922331968
-0.019148192901387126
-0.005375289302591705
0.01722467883166846
0.16881727219121698
0.10301800327553802
-0.23902862472205627
-0.0828067832427784
0.02413063123510982
-0.14460707308290874
0.25367981114992144
0.017757628152043743
-0.21339582413910635
-0.06740013785935117
-0.3263033422546251
-0.19229041109081005
-0.08864828349292843
-0.15725207559738918
-0.11765308198129619
-0.008034745436471724
0.0690978714436424
0.09106186974358234
-0.056655826219782594
-0.12518125129868998
-0.06603132685328929
-0.19718254661252607
0.2058083926319661
0.1722185696353867
-0.041128912972019795
0.27829766432363107
0.10246209102238203
0.03572761042990496
0.16540214665624733
-0.040849242598064994
-0.23919371187736885
-0.014567673963161297
0.10098155790593813
-0.036707489364674495
-0.12084602561705729
0.1981562264385371
-0.008811318096054796
0.11668163964951123
-0.1416764385207404
-0.15845394420795245
-0.02571353944307824
-0.04435599452996952
-0.3120940707064942
-0.1493040774881633
0.08676534596238294
0.21263266238386827
-0.09908076804409739
0.06591634291733833
0.07433206433604965
0.08481525623838156
0.0662136188484023
-0.2046490137353232
-0.2180365122576558
0.0014366800237615672
-0.17479526804616616
0.047621593543111046
0.12144140995310186
0.19198439228966335
0.15554854916930477
0.061378271439035084
-0.11157602722244622
-0.013124764993640263
-0.14314913847006833
0.2755436373676364
0.20539763803187858
-0.025527587474803562
-0.06434870716191368
0.08050498278702152
0.3070682136266106
0.16535132210931394
0.03052035352544188
-0.11344810354582086
0.09369256410008059
0.24567569470997552
-0.006521859442342124
0.16396408411373375
-0.06434568330724283
-0.18307189375684962
0.04503453837878888
0.07697011947142537
-0.16559044417546803
-0.14733034569841708
-0.2400286838340683
-0.07169459795449903
-0.2104321507756138
-0.11824223535076317
0.23904697817268436
0.20044665628442648
-0.1659003574458292
-0.16191015852803825
-0.22839662654387283
0.10439996604744267
-0.17117944026014445
0.0770126660734036
-0.06575746813614759
-0.09822854355990766
0.20232127182277357
-0.19266395015069654
0.12487083830070708
0.30695723833852506
0.32151125720279056
0.05796182490423732
-0.09724366507723742
-0.19780972132555227
0.03916894783983697
-0.10388512261111583
-0.1439748360966476
0.1489652323895849
-0.05045312452798628
0.0905562309624486
0.1541797700739769
0.10165440969531293
0.030347973470139147
-0.1327221073134994
0.05753586515775906
-0.03285944424603256
0.20876126561785885
0.24354280375072532
-0.14646425330921609
0.014434436266865037
-0.40850175867744815
-0.06721043209036395
0.03294104263484089
-0.009946594850422097
-0.10077385338869847
-0.00696055841397509
0.08934218541258532
-0.039239528497747256
0.037483351482131055
0.08322817602891118
-0.020707407520418615
-0.16798879376571718
0.105510881535837
0.2715187447039489
0.10791007968553888
-0.2529433375848441
-0.11346834894798061
0.09065012969638175
0.073340105223892
0.03170670285876395
-0.03656672806253704
0.1837932352010585
0.05153968358279449
0.244196239025258
0.00850162226419838
0.1623052137335403
0.08381531768328017
-0.02867803160869512
0.1313097325403317
0.18255370644663707
-0.1050470060141344
-0.044639635448515465
0.30814799279314947
-0.28666960850485834
-0.049784080344518006
-0.01377682635207265
-0.28202471443208516
-0.04210134627606527
0.05730457215266494
0.22416951324830284
-0.0668996253835082
0.06680925180380422
-0.04001141018534091
0.045080255746326445
0.0577796546054604
0.12220874101140503
0.16415781768896048
0.2602139590367258
-0.023608367237429987
-0.0941499831134394
-0.004260215191826691
0.07845938580476375
-0.07768495347586961
-0.1791376717648639
0.1135551315612353
-0.17243980232818262
-0.05810534454984208
0.04582688616301189
-0.10551619517652307
-0.0786735692590587
0.07235955739432491
-0.09187462204628445
-0.07612439294310049
-0.12307507328968997
-0.14748720270144539
-0.1560087435914538
0.00847590688696017
0.012849913818602461
-0.0343920935290964
-0.12368903660676044
0.18967619899272778
0.20947894146698937
-0.12100940666373737
-0.083600022513692
-0.19943307437127933
0.3831849569906908
0.015384823046993493
-0.2044004042564625
0.07851407894681724
-0.05506522560100605
-0.051526011711333856
-0.35232486865891566
0.060830346367237394
0.05715743915217385
-0.14097353017611935
-0.15403392845026584
0.06648969964981907
-0.1116979821274417
0.15206813448580345
0.0715836877287854
0.0422264565284915
0.04610268485815803
-0.25209473645769037
0.08950696054992509
0.06946863145985645
0.2576509942343999
-0.09512976640286101
0.01001996624312085
-0.09145147875896031
-0.0025912238064045765
-0.04679263941598959
0.02257742016928028
0.11879477697795614
0.3529614666486185
0.1570553895938236
-0.06363680238970626
-0.003905770229687593
-0.17185244926331092
0.023411255848812932
-0.03747487817521595
0.020554167818483755
0.09785906841340496
0.2796548881054727
-0.0871214023401682
0.10718062125432246
-0.05619603578228513
0.04912047480986166
0.01588175058193194
-0.06703121075253578
-0.2502996626970847
0.10076423479824781
-0.19562769515514622
0.010812124311872628
0.026325660041991963
-0.16171325553991842
-0.029892618964471002
0.04472405083599526
0.2389781926560894
0.02854744713479412
0.00985866218257868
0.18696861103814358
0.07499738897363893
0.04626757747953816
-0.1893867161734484
-0.21317774727205646
0.23582133556048024
0.09813197561577554
-0.19388625171812157
0.04073937667414225
-0.16925036750974984
-0.02851758888290965
-0.0010137787755357289
-0.1549884823637674
-0.2131140813170904
-0.18103754646110978
0.18668579548602723
-0.19089005475522763
-0.04044634395491392
-0.1337379722900679
0.1767243772538298
0.10044658190512915
0.17630520556107065
-0.2916015704507529
-0.03312443266381866
0.13321343089474857
0.02420540231385405
0.09830491966510271
-0.224687206930075
-0.1125356245239337
0.1499742527044232
-0.1892970438715677
0.2119242028289854
0.027243360638904725
-0.03240855309810691
0.10027549112114854
0.0707717271184287
-0.11433773818918211
-0.08548244089332235
-0.1655536299305782
-0.02033686735703698
-0.17161247248611322
-0.21989992808368958
0.193926663934484
0.4358614570795081
0.03505796365758579
-0.29849042438811396
-0.04323824101907888
-0.09107799331847354
0.023868469441714637
0.0311917784995944
-0.1169411045928614
-0.32119708494359617
-0.02688390747069696
-0.0046269487082327984
-0.006612439459157763
-0.06935238327555693
0.18063836338544662
0.08996253412331419
0.3578475319353813
-0.17327957954109188
0.14843757852465503
0.11463388879577185
-0.07839721948029518
-0.011976925848985572
-0.14206117929343934
0.10836550942334174
-0.14412970983635512
-0.16869069521168165
0.06757522243606563
-0.33778977337089916
-0.023030474778509873
-0.0026082380696628607
0.03157997640290468
0.0447887797940206
0.04789733510387995
0.11188667667499837
0.11929286350268681
0.0037577359646813998
-0.08611266132397255
0.005804940353477157
-0.37227801726343296
0.05808136972098441
0.09933878503069393
0.00668242824422786
0.25596456316530103
0.04230638568280928
-0.1060299574840808
-0.0253116751343902
-0.17724940713271842
0.02366938386323662
-0.05640848098816966
-0.14337184664094318
0.010025189194125036
0.07927376263240753
0.1145030274562179
-0.006347931552109038
-0.10681477816927895
-0.2466849986000789
0.039519694609386355
-0.08371370405668646
-0.0958069495235345
0.07771903154179056
-0.11162670262763356
0.13274164361129445
0.011421540632517142
0.11420522476603516
-0.10811444721700099
-0.05786739434200074
0.032610870666016534
0.0004933498533047896
0.28908512464943764
-0.14540204147896266
0.16617069612035598
0.10692597254861852
-0.059710446256341754
-0.20613783503887667
-0.2270536661175873
-0.15140271055367785
0.23154083019379618
0.15435735713839868
0.10698469633968347
-0.4189874375432862
-0.13156241520209921
-0.1367322455427666
-0.21026453364233957
-0.0677935739113177
-0.009101127108423656
0.13799588400674778
0.06749679241264121
-0.18330212147875863
-0.019139418548053396
-0.0635660399366018
-0.11054571489345401
-0.16325377061505417
-0.07086069238938207
-0.04314574554413485
-0.22093284478356248
-0.2336438168815095
-0.0889549598935062
0.12106837444754055
-0.20201594302287926
0.180944494334891
-0.0876535120714538
-0.027320335522428234
0.020482409279170354
0.08939224109795725
-0.18354565549089286
0.13268791055455734
0.03716603048152831
0.15492109468032184
-0.057302706931727024
0.07249494259693955
0.11748888181436963
0.0352902238122362
-0.16999027500194835
0.08003743677775707
0.07264278437075113
0.15513638475124056
-0.24654067818551137
0.18547987841185878
0.03225268024792548
0.22624660218498657
-0.12316843865860617
-0.18001234966327395
-0.0668533005483115
-0.19365481525730638
-0.025382149322409144
-0.001553126603117312
-0.06245686984356638
0.001510633235770312
0.02574012916260955
0.054339631596732996
0.2097704608586172
0.27261110051816007
0.013473865596470022
0.0833962394041703
0.08247404678854225
0.18002007306939277
0.17558436513459652
0.001121503784780039
0.008341824335624219
-0.047542513621232046
0.03236471441641949
0.21124908469703343
0.1750492663813741
0.36184916243514326
-0.01958178535923162
0.18197525567668962
-0.020676127420736934
0.18127419197614403
-0.017282124895983006
0.2868164394704363
0.12895777702882996
-0.2013649596558061
-0.07453803790657688
0.00513039511990893
-0.2767566643156254
0.012412543045941707
-0.2637532241516106
0.06449310992809137
0.11400297067229147
-0.07732389511345909
-0.04304276441298615
-0.14471594697135315
0.12020576679995706
0.21484466949691405
-0.06708526998826016
-0.3492879258072576
-0.15529920990756824
0.03084596264332346
0.13290390465678106
-0.021299417797861823
-0.1727396990462832
0.09015264503794537
-0.08222566445697599
-0.10821923609671275
0.1444229800346993
-0.16663889675259247
0.030037367735887457
0.174107272019682
0.22125500470632425
0.06277007803531191
0.10091363618706277
0.05019162456412207
0.18957089433580457
0.12895786400228246
-0.18127731381107556
0.2986506857905884
0.06401455426706458
0.13668796107297068
0.06045967929593209
-0.026025423044258273
0.24627310342434203
0.19543390450846612
0.16589017420105043
0.11273812089464193
-0.18484886387899177
0.09980649759472625
0.0007939373569339121
-0.08767670636721855
-0.08356649815033625
-0.1690404906760697
0.03006019346347971
0.014105972079882696
-0.026259053500688554
-0.024130496537462326
0.1921281914705792
-0.09746613138047593
0.1774938801341686
0.00657629975121107
0.090310515583818
0.04273115804693573
0.13832155144496314
-0.1799605303693558
0.009069601530182117
-0.08500819320924845
-0.2068444414280542
-0.07538866553862732
-0.20397301223478992
-0.3075207172856731
-0.046104663612738045
0.11095688378090157
-0.26063415366229675
0.09289735646760382
-0.13685379044442583
-0.30321626333956536
0.19071620610481008
0.05320772645384677
0.02643067410607607
0.02562778409375147
0.23941113569319958
0.15304329991715532
0.03903135890745556
-0.189745990896056
-0.05796698811391726
-0.05635221836276042
0.02864010556221043
-0.010441866019661461
0.06177647004414542
-0.08262662391891974
-0.0222258125062214
0.14421607261927136
0.06911788531784907
0.03143367280931379
-0.1371394595300586
0.0576690773556416
0.1392463100621754
-0.06713361727477139
-0.07717530652489991
0.1231864172770811
-0.1430744111312792
-0.1470827309118474
0.06712345489295496
0.1260567630477063
0.12646419947738716
0.1810823645353698
-0.01655553855146914
-0.19024407160780363
-0.12640579057356188
-0.18515887538654177
0.09561118227054734
-0.02933389263913916
-0.031008976250517604
0.05713857284637337
0.1336510860023365
0.05803768554313863
-0.0022638670947774117
-0.04543502977779748
-0.1692369933097561
0.16913616630325876
-0.360155371368543
0.09133072817223807
0.03875943679285377
-0.10250013954259209
0.030195912065436533
-0.03375451566278242
0.08593431240104435
-0.3780445941565306
0.07564212592702163
-0.023182097820229623
0.004479319972871712
0.10678615392066355
0.00175431309601126
0.012598979552632533
-0.11137189537766273
-0.08650870247802238
0.14714289381666873
-0.3092283016071804
0.3050467628484108
-0.005538969686023168
0.20353497998827172
-0.12406074951824182
-0.026027052935703725
-0.12067500616772513
0.09323942340758323
0.042654942418652954
0.12193817338444785
0.006169889607811217
0.08735008029258227
0.02199335156608855
-0.06734356704287375
-0.12916796875262634
0.22320532974592483
-0.20076234046532426
0.13465020086930568
-0.19303831766975238
-0.016562730649847278
-0.24682043491824673
-0.1579933046142301
-0.264702870844108
0.17442320714470838
-0.09985735141634602
-0.11892116335506717
0.1453506701534321
-0.05637540104463151
-0.08965256217559729
0.08069299082356927
-0.0765681425515366
-0.12398323202492871
-0.08014812647882374
0.0013867703064116288
-0.019663143982960343
-0.09448778756905399
0.1574447749582951
-0.04065760541216819
-0.018688716861983336
-0.17218392907590865
0.13988091554319174
-0.04851946924507049
-0.05601208137957133
0.12787408851545587
0.2516943684887521
0.12892923877072576
0.02542952596925317
-0.09920000298882606
-0.059820471059912006
0.040918812002619744
-0.1490801282211549
-0.16025056534904963
-0.09845671157358934
0.23927026237160468
-0.02818872605846407
-0.024071556824133797
-0.13159198218201526
0.1142789612060971
-0.13768496135128858
0.23821250846341385
-0.035857393259747794
0.3617971505146687
0.02281127548032661
0.18954070834380737
-0.10471626970719702
0.12540241929336723
0.15888341643966575
-0.0479104466951339
0.15251746767084753
0.07408987515168332
-0.010575411920099573
0.1788153550891321
0.039555641681315486
0.06096624533680427
-0.1012696822865531
-0.01289696341768316
0.043995970916839204
-0.3090462767287215
0.027586326768118893
0.2489630018176247
-0.06830976220287799
0.12315523480574746
0.003228234514224186
0.0727963549311072
0.0792644828367241
-0.13572085675407367
-0.015540581254367851
0.035839726033065074
-0.04312322927972393
0.023945541586904023
0.10537168564418023
-0.29825977339268384
0.16640844378068018
-0.013391099724165042
-0.08192660673139969
-0.026090101451425048
-0.07899703846288961
0.07462387777234038
-0.033434646280893376
0.09776840649633008
0.11686414869571314
0.019357861434472875
0.004371567766895866
-0.017796378495949592
0.07437944890498477
0.35149197802254317
0.12969358225436536
0.0256171850370694
-0.2113772891920552
-0.22520762509013595
-0.11841279313509977
-0.15336198116984734
-0.13204383434803726
-0.15327285214121814
-0.3803367805033903
-0.10667249641849948
-0.12596524912500776
0.11669746783719724
-0.07329961723460164
-0.007186496610088447
0.00974020061594356
-0.06707101849722918
0.08368635346032866
-0.01903926512958415
0.14119628719215135
0.21617585798432823
0.12564749144569987
-0.02455001910319441
-0.04602695530850146
-0.0945374850815421
0.016451970446545398
0.1665762108630021
-0.04647050962534569
0.0757419645524898
0.1758946790962631
-0.03678770686399059
-0.07113311133835368
0.20169273873667298
0.07759762763306097
0.22549320499531056
0.08316131962774947
-0.027187939517032467
0.09838186751927992
0.08625405092057488
0.034869055904885135
0.30632688191458335
-0.02249372440245177
0.04357863626931629
0.13902216851569657
-0.1067449270629931
0.08731309897878711
0.206497448864078
-0.024176625497050706
0.08604381841782187
-0.07521319450083049
0.10950832304682126
0.057606736297697206
0.09850801298106683
0.16342312007261806
-0.34953572767804764
-0.044913731506360105
-0.3116097652538435
-0.01865492987419158
0.09772185593785711
0.30595344881904085
-0.08355807000997847
0.05285199700830711
-0.0169580683730638
0.19086317373963677
0.04411467919153735
0.030681235817115057
-0.23703700282575998
-0.09714973455895878
0.016494751390158366
-0.043069601928279515
-0.002023681307633018
0.05657332241712412
0.14755234898400182
-0.06566869973223398
0.015589455658296277
-0.17303076095210798
0.3104585370038373
0.20339092165929892
0.010730003825121303
-0.02753347171268452
-0.14038791610871673
-0.04410025899827038
-0.08755674349793646
0.054126223424039215
-0.05078327854577523
-0.10981388189464336
0.24841930775223284
-0.09535931416466566
0.21328802507012418
-0.3169912563347678
0.20579092437867097
0.008019253692905702
0.01457187341750089
0.1783127996179424
0.10372272663075316
0.17933817817367376
-0.07488830505257205
-0.12026594145692637
-0.02252614634340572
0.06262208293791666
-0.12658854335674435
0.32319139883062115
0.01982429304468184
-0.07299657267107802
0.07458275493069823
-0.19095090917435334
0.012538120331677047
0.09547220663732618
-0.054267740096072485
0.1328320971896227
-0.12911132395547378
-0.45549620046248784
-0.3986733757027069
-0.1356991222050154
0.029729889587836747
0.032047002081041776
-0.08259389747054385
0.06345099941464416
0.0901437642263613
-0.1208215536746347
-0.08468846442752355
-0.33262863957196653
-0.07494403894231434
-0.027369520773866104
-0.16579876878443217
0.010640949978490709
0.029025373665172875
0.05128175211590019
0.30479661274105896
0.09015809769755548
0.024546003753699124
-0.09268935499143259
-0.1125417729430963
0.11559677397247349
-0.06434382727418757
0.18407236964899368
-0.1512368346907175
-0.09977470447756616
0.20924380612680138
0.021638695463029097
-0.1399197079892992
-0.03236055386222947
-0.08485882325721754
0.5280917995988438
-0.07785357974825231
0.03326992289275809
0.07993349842033995
-0.06618581913395258
0.15575863164049267
-0.042721173171620636
-0.09948517827291649
-0.3648977281445005
0.07045535004856182
0.1545664009794726
0.25427504552750924
-0.1474008017621135
0.1622115083703975
0.2833220387258654
-0.3062646075142246
0.099817769249626
0.2266174251032054
-0.14895913027435886
-0.13109995790402013
0.14351470531051752
0.0909292420028605
-0.39107295784882523
0.0879038056860875
-0.15496071395949362
-0.041194637229392504
0.0043774469557963935
-0.3168023553668467
-0.07229657759254861
-0.03675580718938848
0.14974258488893025
0.10310668653263107
-0.06783646548854336
0.035987396827161414
0.07397716284544857
0.26768738912444373
0.08228794344089028
0.09768277206385992
-0.28192601878289314
-0.11359575992062007
0.3399228094270601
-0.07328460656748688
0.03574602385212766
0.03963639312835304
-0.09087936849055102
0.26641350907748185
0.008535939759037792
0.20031792184278602
-0.06623132602863603
-0.0018931224556782986
-0.06841823586131615
0.09755488092437607
-0.12445561024223915
0.08264000594946533
-0.22104705515703713
-0.20903921204657233
-0.10212996479848521
-0.19152449767512766
0.1698145325733454
-0.23428385927075807
0.06762748035286095
0.19028846790610274
-0.09359102698106267
0.07153541029843372
0.27447990099888203
-0.07872974281617375
0.1436221096206147
-0.09425450463915805
0.1386691348868769
0.05422331577874657
0.016073959673925012
0.0901099877079384
0.07016237809293799
0.2509131774994761
-0.07995708264761854
-0.0436970259951796
0.21869017912324332
0.02548718356885038
0.24030440455402508
0.007187354444812673
-0.05615498531461504
0.06331542930661142
-0.07482929062552628
0.18021642176482772
-0.13166445060995458
0.052022692101659454
0.003505692129162059
-0.21570267270850488
0.031014795945711226
-0.19309206385078084
-0.09900175908265832
-0.0028323771430024502
0.3072088043304404
0.08623022828200928
0.00414085026544361
-0.007222237253742499
-0.18334638027013997
0.09618761861942463
0.027995427171902166
-0.02635981105464102
-0.24118276330158028
-0.2352466378028062
0.03131879904665638
-0.31550340240063507
-0.08923752479191839
0.01938811000750496
0.02888946472562463
0.009002843898883565
0.1832283999549893
-0.03236425942791354
0.2538329787938297
-0.09010598668987994
0.1252075836835354
0.06333265501295936
0.024096884580554517
-0.27614314363911224
-0.11409720108186393
0.04800546881620592
0.200222308669642
-0.0633423039761746
-0.0730979535744831
0.24382827392940454
0.03287177436009522
-0.009578711525951125
-0.2357187202852446
-0.12642685385381044
0.09663378582886809
0.002277972063312191
0.10616043915995406
-0.04288557993063303
0.0971388317167382
0.2512993682286772
0.2233830803696075
0.08204328182509328
0.11864078365220855
0.01493018887595495
-0.07780753745067791
-0.048011488551946514
0.040593698915463466
0.1908241470120419
-0.09317235549590223
0.03170345993951309
0.24944248047320483
-0.02165887513584005
0.00018117921150806175
-0.09500656389138068
0.017513561037490116
0.03953101876792198
-0.2532755313246982
-0.09046161807551686
-0.22862945728758166
0.01848503728443272
0.015650533476130442
0.09182842861404818
-0.2466207753882882
0.1725158076377423
-0.12389601347746919
-0.14781866365423216
-0.09407121035132587
0.002175299529537617
0.16213658301517392
0.02550489709954322
0.13835159600401878
0.20197631176275463
-0.06370476861495401
-0.29652832837271303
-0.23973219655867553
-0.1636191180499018
0.19448731956401527
-0.3175213782514801
0.18548157978010762
-0.04604781144986435
0.0439222016205591
0.09959401860536114
-0.1726275653978978
-0.056782309896674134
-0.1342703483575875
-0.033437897735787966
-0.05777477715655869
0.109203810979676
0.33888792703685333
0.09943784192901585
-0.11930612991809672
-0.113352262611937
0.004043039024675198
-0.030633368196978344
-0.04027091911358305
0.0679205614188918
0.13437841518673369
-0.09041049215801307
-0.40955427157248975
-0.1715488527320539
0.009868078786041467
-0.07493332738806649
0.006290123086934309
-0.16695880897227602
-0.023574933733598213
0.25578551719465864
0.029842376391302036
0.15942211635551098
-0.039791745675591225
0.03744537058486831
-0.20351205860224092
-0.18468745660124522
0.02037483235867442
0.20174768783525235
0.34558085919689124
0.01827647663132464
0.02658268412680826
-0.10160356670483404
0.14180391390766778
0.2180967040748817
0.19701538580308725
0.03977661218826887
0.018177501915730518
0.00981330087383425
-0.12428153512384167
0.1798355508429198
-0.1656233348722829
0.13780847477451744
0.1447927346081332
-0.20292227702632307
0.0638649524354607
0.2535222276239462
-0.16638182610438115
-0.16264537551671676
-0.2771928654425247
0.04069506397323331
-0.21056897349272513
0.000626967872781972
-0.15416963266809744
-0.056589981431668344
-0.33093673871100554
0.02659779475921968
-0.1954162125448539
0.07052573104476974
-0.013333129014919952
-0.032058080730363495
0.1012838661182135
-0.1624007868933242
-0.1958202950457356
0.019756003347921224
0.18832030641211064
0.05373767232567429
-0.1448664648201948
0.1681243523128208
0.1481297215022881
-0.12650856975513952
0.08838323376518759
-0.2813182902807437
-0.14047252860975196
0.021126371913442955
0.06910117112146504
0.16183002852996067
-0.16423615602265557
-0.16452536906126958
0.1786563349506205
-0.22359591501587942
-0.011633865316244728
-0.24125405472108769
0.15366670996246576
-0.20149699388872225
-0.018593566783505634
-0.09384817438119765
0.12953553515049426
-0.031331469320530714
0.125394572789514
-0.10843234544259718
0.07508273718785184
-0.05624413618007864
0.12459205424147013
0.0012965691764290467
-0.05670828443737412
-0.17496423366130212
-0.015404316051326939
0.04445153308353314
0.04789374097003303
0.07643198106238949
0.10480074802024884
-0.05875024650740905
-0.01869317453506899
-0.04876879959214331
-0.11527788298934781
0.13002442780978132
0.025961016601136724
0.0015272324167368721
-0.020013086057871998
0.1137327603001523
0.06804859880691373
0.029868618006826112
-0.15655278150040441
0.03349843726072549
0.13361045130454838
0.08916139437175022
0.03787880770295599
-0.19339720461699333
-0.030575728677139754
0.04040946072774583
0.04273017953732391
-0.4690724150611437
0.11341737087237545
-0.08475148929436839
-0.09455701511835082
-0.12647035802806775
-0.28916604548765346
0.31978650597749514
-0.024753857405061946
0.14073671078075758
-0.03338851555430275
0.339853533372318
0.08350047141960075
0.048667808890447875
-0.17343182669081647
-0.10917354505823555
0.12387555640348158
0.10070114530031031
0.01398863841982512
-0.11690007090505423
-0.10842137601976537
0.06446552042526896
0.03813195860790647
-0.02066595642523914
-0.04365005688739609
0.20320107921499692
-0.1490853687709427
0.06534031781816337
-0.08631071666988153
-0.04007981273026819
-0.08500476378850055
-0.2348377991504391
-0.07261998175407368
-0.19361944191020056
-0.22975014891447113
-0.06871055585365919
-0.04590090779973232
0.04535821444088613
0.03352718902739981
-0.04298255184742951
0.11413601974777858
0.061195777679188955
0.29206988279579615
0.1966835147301002
0.05874565490460726
0.028938710243554416
0.001785197115957527
0.09517184536954554
-0.026853347731772243
0.08884882059206786
-0.02931688747740824
-0.03461450191959483
-0.2267833573631629
0.26372082392757357
-0.009699643088964044
-0.12067482573168432
0.11973851541288617
-0.2647466355673216
0.21989978765785662
-0.06496451024665695
0.233816677794743
-0.052972542504135106
-0.18000536184794566
0.2885961868242586
-0.13776491189683837
-0.13873209359785205
-0.0007671852658708043
0.08693658716427621
-0.1658372530478931
0.049111582064881386
0.04219906764701174
-0.06758559065472888
0.15518655478526946
-0.001998286375152074
0.03473267341010208
-0.2584899898693844
0.2092804634535157
0.10310057459209486
-0.11030887898489607
0.1838407500021838
-0.05013527684692041
0.10799166433073627
-0.0517619845556166
0.1240815870254127
-0.011486066162268738
-0.10098518688210643
-0.1227669790575991
0.18120826430275386
0.03382818653581754
-0.003547554912153398
-0.12035969559577879
-0.12577848401335842
-0.39761955688202344
-0.2627043433574028
-0.15191449116454406
-0.25551469326734605
-0.18342005839825798
-0.2184514804379546
-0.32366709907191443
0.006890862662258085
-0.1534718883893816
-0.1902659810453762
0.005129348612537258
0.10204657798664517
0.13304197568566092
-0.06243450335801762
0.23101030931370126
0.1129423882505842
-0.12784397942929523
-0.14515087372251118
-0.07564194945900105
-0.005853413222412077
0.17308907425331926
-0.07717144434732152
-0.11741254007856394
0.07277107533159156
-0.09297167256492427
-0.15097499082458465
0.15845138598687805
-0.12914943883342234
-0.1660544331730827
0.008144574840577795
0.03929245753392484
0.007169262923938033
-0.015404897990815689
0.03826495783896747
0.09630146852410823
0.08721973363555671
0.13401468817237774
0.07941862435992522
0.015330426724505335
-0.016608757917944028
-0.059670424203894346
0.07923178531083505
0.13695526641636885
0.021553267968225043
-0.3684108133528808
0.04540978624565345
-0.1498910539624191
0.06195788877097649
-0.032175232793580734
-0.10125042023059534
0.21296120460437704
-0.014334312324495689
0.05438483852538047
0.23427539945646297
0.1444498676405548
0.18483780514566622
0.19181521873533305
0.22763288261842993
-0.03930835513050377
-0.05516719265628535
-0.176781907750273
0.08814024535169517
-0.050318847585224445
-0.05918817321633409
-0.24254679196178888
0.07787569916660309
0.015884348904028657
-0.013624114760838255
0.20344978946722586
0.09062038671506545
0.005197439699702087
-0.11484780179121541
0.32095890540252575
0.010295960936913968
-0.3881382735491821
0.01911710442955116
-0.3534045459426541
-0.053619638791707856
-0.06892329919417416
0.14955926440380782
-0.13304721826935006
-0.0244330858277013
-0.0241283065000856
0.17039757710935657
-0.09331096894125841
0.062009034446439196
-0.116566573867397
-0.0876884914198787
0.004648674029219248
-0.07627040479382151
-0.10197556121128085
0.15049022430134407
-0.1752735541837421
-0.04390583177732286
0.025775008194178398
0.1560674067272564
-0.21727171299298392
0.4040597725310431
-0.2501160755902853
0.047338523007682494
-0.20639214997758487
-0.12375698668482556
-0.026063120735673455
-0.06966737924748954
-0.30670438083003326
-0.12683644435124153
-0.0014962116478221491
0.05093860546016524
0.014000222715464774
0.07717226393193652
-0.053292861453216184
0.0786701267599195
-0.07766072510312869
0.28031313983924405
-0.16132272129605418
-0.3366782518639681
0.017815589749541304
0.05520716380814632
0.10062226767098535
-0.05597718509238824
0.011303838532606112
0.0013318446865842944
-0.2730847373958422
0.004385868852055307
-0.26281235771082107
0.021910001580337093
-0.013027029682558672
0.10064253281746656
-0.17234903916200603
-0.031463573096163
-0.01758059177004894
0.13578135269395245
-0.26588257466761456
-0.2136689243345105
-0.03192034199909024
-0.04715947400791034
0.017382198554471248
-0.5070389683114733
-0.14543806551419192
0.162903828381337
0.10106101258281418
0.1659061834199375
-0.004471849815950218
0.05839925824581014
0.2551448873467357
-0.2269969610739835
0.025509621194512513
0.08123314460097683
-0.00038666848259685934
0.0690523710003448
0.04543854105971521
-0.08931235487114884
0.10421757026065345
0.13349143519015502
-0.06892598582752632
-0.04143521913582964
-0.21762296074927648
-0.0035922736216642197
0.06470393979570567
0.2364499216295783
-0.10215999165847621
0.435405389717097
-0.06138394712202842
-0.024498832277736735
-0.17135975636031878
0.04312665670207967
-0.04316106313439293
0.23652598177618717
-0.10130132826272029
0.30575816771957415
-0.25852306226936955
0.113258994861482
-0.13783176273304976
-0.2280065609280682
-0.12521124710761142
0.06509941758279288
0.06345249964534858
-0.0810957357216752
0.04822617005736835
0.08095998354193211
-0.02934708642115809
-0.11097548230098372
-0.01622556761237756
0.2561512761958948
-0.1577028096222937
-0.04740428530583275
-0.03110578315942632
0.14545182487830846
0.04330867349826884
-0.07743386241496247
0.05271805831485907
-0.018143601828817715
-0.06917876728207746
-0.021182785240032292
0.05348649230644168
-0.09928643340284246
0.20902355385031818
-0.08215772245314454
-0.07961770082774815
-0.01637487455843591
-0.05281262826514995
-0.006251010845528036
-0.08161576935554965
0.09963346834083399
-0.2865830154322823
-0.32318218482972383
0.03867868422956543
0.16323296096729706
0.25859188924027643
0.07009267091910173
0.24727421427669827
0.1935466345630251
0.04466583201577576
-0.1424370575620033
-0.05084196839884202
0.04526815882444117
-0.20909976530283433
0.1859363612575744
-0.08714130256909822
-0.0917513490605992
-0.21262461888854706
-0.14382963999640616
-0.18502697787937028
-0.022193582140757655
0.09058200014834777
0.0644991793227441
0.056570386427100834
-0.04896163763909183
-0.014878547731438957
0.016160031528290257
0.0021324918928226654
-0.0006778470726197347
-0.31021378954790124
-0.10362653780221928
-0.15776679493363394
0.1181004335372081
0.17250114867860383
0.17453198874683856
-0.060139135898951215
-0.21484486069209896
0.08475779252385203
0.10054300631537325
-0.013028994328263509
-0.17934612434435185
-0.020555899344819537
0.059544898614310775
0.05634502555208434
0.17359879524663566
0.10900674158711099
-0.12393547442981347
0.17560097300961455
-0.15272057231637426
-0.11788632873756627
-0.002045113866488427
0.14668921710368157
-0.16539926401568206
-0.034313225255586936
0.3397986663970048
0.08671732573510978
-0.20803997502794266
0.015511936577604081
-0.12718172016341067
0.15504716718967504
-0.1077664261469649
-0.11089158854825576
-0.08071816676757726
-0.056625078696153436
0.01016777452569526
-0.004956409910656074
0.0419081092752925
0.21936149093637738
0.010727658097477432
0.11302201096884669
-0.15297703163568102
-0.08881432255030078
0.12424096472759229
-0.04799836554017291
-0.054601002730610346
-0.25408474844902407
-0.00403392801620386
-0.2881604088488512
0.07801758688193662
-0.16355945198505725
-0.10388433028541474
-0.0842257341855744
-0.25550136919613364
0.14808270974291393
-0.39470255301204404
-0.1627961664841371
0.05076338160213646
-0.1371754828643796
-0.005564615211865596
0.023296105024719006
0.2780595707391376
0.11977961557217594
0.0008089714919421952
-0.06841171472380055
-0.12458293551357953
-0.24745204552235167
-0.2696166256525704
0.0494017566726468
-0.05134268602373961
-0.13883006233424133
-0.22558296610436518
-0.3348270507936364
-0.017900110088657963
-0.060812659153837136
0.16195051437491165
-0.15043628830406564
0.09061160866342531
0.1191656898206312
-0.19121030616785256
0.13350755991162314
0.2622735023785445
0.22753135586600526
-0.004411549869028193
0.021262228962820224
-0.21292677187597028
-0.0721707049314748
0.14158156390112095
0.09518366209490094
0.04448499364812998
0.14498669819131282
0.0666623781486322
0.07704539142631746
-0.02143545776153964
-0.11438626296262455
0.10550914083991948
0.035588753987333376
0.07567232254008377
0.17019125382587233
-0.14787306788814236
-0.01496351182655677
0.30592209110721935
-0.36789355842943045
-0.015213454848838093
-0.06487141131787451
-0.220295462982678
-0.21012321598443684
-0.16472252806197804
-0.13150828396761308
-0.04943850105093523
0.1577971269561727
-0.045712058678745615
-0.10617296186004846
-0.20983614037740572
0.46199546533366465
-0.019817590613922402
-0.09411826213363407
-0.30797172964084907
-0.10631532705176748
0.1720547994680513
0.032415712659104756
-0.19540238510740973
0.1605328974987037
0.06884243831988342
0.24378994349213476
0.21003026504454309
-0.11543389330140223
-0.008345502532750907
0.009991278965490914
0.001967152754564739
0.01633729376125282
0.21804054861076777
-0.1624926995395997
0.23096918949324016
0.0070709544877200995
-0.029824363987078235
-0.09891412389612839
-0.030378834127549405
0.1643924290352024
-0.1054125273741467
-0.12963744866592128
-0.06688579946092403
0.11452908323312613
0.2095473620081882
0.06195917897908353
-0.16830495088025255
0.16238355779230124
-0.06980830873728144
0.13475659700403683
-0.08951482267303291
-0.02474506966405687
0.08471724851311184
0.2473586529722666
0.23160779505257623
0.052447627481562904
-0.05600096027305942
0.1878421496970485
0.12396151379354267
0.008588512461758872
0.15260109318182202
-0.010125450285040654
-0.04137746917845953
-0.11534135315288307
0.1570273580870796
-0.13404815498251213
0.2767597937007282
-0.10065322477297213
-0.12178203225051104
-0.13835013539936858
0.23255519144844256
-0.012201284827848394
-0.12140031899062562
-0.11732486684895782
-0.015793394867748247
-0.18187969930542658
-0.07169952602328827
-0.17035711323226438
-0.2243156048807757
0.35315881968167917
-0.05295155493407491
-0.05095393578699781
0.18403945534326135
-0.16438226978319168
0.0015149086181523563
-0.04845661900682865
0.2020706379037621
0.12558115181160676
-0.057960771747609496
0.1351385932650812
-0.137102544502979
-0.08954181220811624
-0.09728928348658543
0.11369002170201001
0.11566351911340697
0.03745063479796369
0.12718361549296847
-0.08878443163348157
-0.1806637166446911
-0.040393301903361524
-0.09007271234658713
0.13820926425613367
-0.07211429291221019
0.06875332522225769
0.035837645790487656
0.18921377208449122
-0.0878249028105484
0.1873909638392248
-0.127624923077691
-0.1839934194204084
0.14657841543446698
-0.04216836147944489
0.02813090654344545
0.11879699831911467
0.11729412574083724
0.2445790627844267
0.12251135433188505
-0.16765650488396727
-0.09184052853020606
0.22332354646892963
0.30816303289228203
0.10155144130970241
-0.2112219902188131
-0.07600544230205175
-0.2693900676505499
0.013371826910149764
0.06192778185083057
-0.037435027127677795
-0.20091638224002864
-0.29193526347181825
-0.10660918729838119
0.18526668655217057
0.10178173483575431
-0.23805161572424502
-0.19067978188290913
-0.08878742080115552
0.1894313333484004
-0.06190447685320424
0.013192496749170933
-0.1491605569264498
0.21665452781593794
-0.17940281681140088
-0.12628621535058487
0.28557564891183446
0.17522628732257045
0.03435150063733983
0.14961651520802105
-0.10956510712851401
-0.13519826448877528
-0.08942497910425465
0.008794703789654097
-0.0032178885877357515
-0.029526712204829355
-0.07393413620822736
0.03042443887913972
0.07016252092310818
-0.057218968465224944
-0.1799522852598601
-0.1388030187070854
0.14511857879555204
0.06061257855470938
-0.21964301132606662
0.007776842815951963
-0.24508425052481397
-0.08070003087342018
0.16086483997529386
-0.13439809389683421
-0.4281163759022573
0.045134151428634736
-0.0695181194653364
-0.06828829231288046
-0.0866240234613519
-0.06875532034619318
-0.38141135814459576
0.09238620718365599
-0.11561568887239344
0.18978930489990667
0.31321745334296563
-0.03745349626813579
-0.005839471301905809
-0.15333409421373756
0.16483094116673555
0.26653439636549386
0.059501172653410914
0.2439857057278021
-0.22540274028302243
0.1319808609754426
-0.03592894115460412
-0.053079353862303565
-0.028434510811533677
0.13620578450775395
0.09839595458979604
0.3646594389362162
-0.10541710285483119
-0.3569181747586793
-0.24194585843058095
-0.11257118884884325
-0.15182997163110318
0.16929241094393116
-0.06174177172155884
0.2349156939415984
0.11877345156938404
-0.2924074742288735
-0.06720920066076215
0.1411078288532482
0.0148158183772162
-0.0430685446116473
0.22158929336148092
0.08982051210053718
0.1458513743197164
0.31089272964531117
0.21631800126634118
-0.3172205358560065
-0.15164315873125717
-0.08102169931919734
0.06672527228256094
-0.16440291420162037
-0.13923541042701063
0.07888200770636587
0.03057450980451166
-0.11600188926970063
-0.06906178675884575
-0.1340600732536664
0.02005385980806514
0.017803811213549774
-0.556227869316695
-0.12369084075946979
0.05653529580647269
0.02873785243914961
0.12265087488312265
-0.2395136196914623
-0.09143853215268645
-0.027093096659062947
0.0954270838921856
-0.16380232932599167
-0.20731541714662421
-0.15000012047030944
0.06817821673351503
0.13320195420810885
-0.07712105689176135
-0.03155401863805622
-0.02378442490496336
-0.16635395538646378
-0.0472775427441581
0.07957654251599089
0.026234676385438242
0.08212181501885867
0.041227972298925865
-0.07652312500351144
-0.2696282384008243
0.078527735209695
-0.003662211695455447
0.2304655944681817
0.4057742353668167
0.028906600636725913
-0.11099293163095025
0.21223491256487564
-0.13671024526948075
-0.04769698403017167
0.0391054882884651
-0.15870606240670806
-0.16346047370504588
0.2350187936959843
-0.11378185192686958
0.17934777815613395
-0.10383256418007535
-0.04458241246246191
-0.23785397451727947
-0.05054871501272987
-0.13581752252539955
0.04073769430500145
-0.029813203855457285
-0.003828500334418865
-0.12199266007271843
0.295710063648776
-0.044977805707723056
-0.09470051225122764
0.03624832511765402
-0.1042203138468486
0.03002817490233214
0.17039908786275532
0.1909317100328772
0.01962627243768679
-0.18472224579110022
-0.016539230115651504
-0.2089085781260651
0.09702965753992544
-0.1345851281728116
0.11457150222793205
-0.03481372108052844
-0.011008018563310644
0.22406748797988993
-0.12924614045597002
-0.04194102967636059
-0.21990220664766305
0.29826248166522706
0.06308172856043898
0.23450525155957627
0.06144256966072018
-0.05332810103491698
-0.000960306104634221
0.16443017762456869
0.12685317978739527
-0.1328267096824761
0.07816683772372637
-0.24212573066727752
0.05747212236636713
0.2191321165942019
-0.14108371501732314
0.062011368724342444
0.13293447454999763
-0.2780006193244686
0.13154927135001032
0.27308310495140176
0.059824577063701104
0.1067620520225106
-0.048511450999780756
-0.20619965327352419
-0.1037611555793191
0.14655795307393005
-0.3246489701652083
-0.12098873734347632
0.19183215174878857
-0.06055362364107865
-0.008110951467826132
-0.15716579421269988
0.05739301592423892
-0.29979000527939725
0.05694971935316895
0.16391310114814842
-0.09750982614673866
0.15501092286156123
0.08014187495348149
0.03930633971971643
0.09987198481894208
-0.05193814745864081
-0.025315317805949072
-0.06486788027367849
0.2726176156528972
-0.025811812688295653
0.16561173648207114
0.08472451547618257
-0.17063103654817224
0.04136934382220326
0.01877268441567055
0.1758462956539485
0.4027828116332871
0.34164340534640314
0.15138114852599044
0.2009233663358542
0.20163897360986166
0.0011075788180711227
-0.03594926872439144
0.0849370458582229
0.12180560824786248
-0.33772545492397665
0.22584984072472183
-0.016302707642857652
0.0433086453151261
0.04869095054335295
0.11348392456107242
0.12694026023063182
-0.044064819290641745
-0.3087289634759934
-0.008281428541612186
-0.03625483134102402
-0.14436328329686993
0.1646004869336267
0.08830388703784402
0.2838997788373311
-0.034950232984047445
0.03998127533538843
0.029288231676488592
-0.22117296151088525
-0.1247889620512288
0.03333194047183953
0.11083264119656253
0.22867605006642125
0.010160779991886498
0.08510671037317989
-0.011784468629572161
-0.014243543763999139
0.14160350018042506
-0.20790395924834895
-0.1167542564283992
0.12357511558768818
-0.20921134681559236
-0.07629633780731783
-0.02183468920805044
0.34695133887717394
0.06999594316521339
-0.11952794136302484
0.1369708591015227
0.03270768635952291
0.11043973067897685
0.05184837137568505
0.036443047790796476
0.1340821535763425
0.10845591561702611
-0.2836072927192928
-0.02068913969985289
0.11489573544334007
-0.07644040719471454
-0.030251983836191782
0.05818762239787269
-0.18563898658332378
-0.03162132410498343
-0.07742598625357966
-0.06358095018734743
0.19008371028625076
-0.04116527615893433
0.17571991630816045
-0.006782509773605922
0.14608260644618393
-0.2395209338116236
0.2849674720748584
0.4358613452841
0.11301677929450751
0.24753216989926496
0.09043740684587992
-0.0680175968768698
0.12244720862794209
-0.1676006850628102
-0.20625901170741603
0.03859868598642315
0.1048684923798976
-0.042778747116692876
0.21550636375320217
0.11459378202368185
0.056068177218868184
0.18238773524104068
0.4181847868766227
-0.45211493649750384
0.28114858650519703
0.12723970035623758
-0.20036222164658718
-0.1277678505432869
0.2941030497678384
0.10104875871762253
0.13528103433274194
-0.12371165340122599
0.12220163402855844
-0.08298222751116789
0.07485985992635377
0.21957146613215275
-0.2567879857082901
0.015026315895829874
-0.16473343708487398
0.04607724440109297
-0.1633092111861473
0.18530129915169627
0.0245812553569671
0.10477976534887048
0.17041856288889232
0.1219366508590342
0.21776980644175004
-0.12228393317103152
0.017748573322393886
-0.08246210552844335
0.06593428570637647
0.08591928534945198
-0.045317894809277615
0.13034144039504597
0.22884770161268875
0.025737220178714833
0.1226612273886504
-0.14374280090027047
0.06971956252784822
-0.1969850200239214
0.17542809790750546
-0.20690598334559288
0.2240372965067615
0.012169568591232095
0.06053099788270851
0.09877604055821414
-0.062264896919236416
-0.0030747956676736615
-0.02633828817957147
0.001156434863532293
0.09154645876343191
-0.18758252208489382
-0.02086087752228752
0.09721560412319083
-0.10406994254816919
0.011067127115059005
-0.14549253552560829
0.030426831591270333
0.042721873476655674
-0.0191387594487122
0.00655207774689246
0.08836639312118379
-0.08498785646399425
-0.11001159207665304
-0.05441564862839591
-0.05895163779839246
0.04985664505813784
0.024555908876620066
0.07114947321606847
0.18993601770241822
0.014427442657761295
-0.04605327040808112
-0.0891483632084065
-0.4156885566302151
-0.1625520609226477
-0.030431353290088885
0.21420271681131337
0.06559261065300034
0.045452452073352446
0.07142736285276151
0.26442055946915205
-0.03618417883207009
0.20498823810546857
0.08110887782570333
-0.16335027418050507
-0.16944787567082298
0.14655053716029381
0.06566461353417277
0.10149694200183958
-0.1422271520980048
-0.011608753780864643
0.19447140310466807
-0.16224565921497222
-0.06694749048724226
-0.08185198766908412
-0.016333017051250582
-0.13787480918139952
0.20616950090365538
-0.1536192866978817
-0.2931525482572475
-0.08814571299167975
0.023501203546055748
-0.05429165269284736
0.04462057622383954
-0.04105830670542753
-0.14723331386255606
-0.002733334209265868
-0.07360289317879735
0.06919227947752458
-0.22378233920178042
-0.10458864427416174
-0.013412260547667261
-0.1244635959014944
-0.18720632619332903
-0.09596758195499139
0.12121443572567102
0.0329536159490259
0.07544805660677235
-0.05191438620439947
-0.03657310220416734
-0.00039796665187122885
0.04538401206930532
-0.09223507640485062
0.14958711739478137
-0.11308154654121746
0.1317112623488728
0.14260278622421987
-0.14216417193546657
-0.2773292005265207
-0.01192333690439721
-0.26738741099008106
0.09478521783868961
0.12253345615406223
0.06987088579741943
-0.08160571347048098
0.11169836761525762
0.00808932622010763
0.036098841714407914
0.19008292223757292
-0.0661408897024132
0.24274398394867222
0.08758752063449338
0.18154531656681328
0.055992203904013285
-0.27541014822552096
-0.12026926085532515
0.03307680370133942
0.04997293579485021
0.37336802034710476
0.21427108635183348
-0.10123899292460364
-0.030611820396987
0.07412466923986645
-0.2768174580317388
-0.05704744423550973
-0.13618709046169697
-0.17080664337399656
-0.06738537725957526
0.13694625440701672
0.21761574549986337
-0.08788984217017354
0.060721602686019206
0.1410594792063195
0.16366563073805981
0.05320161174251621
-0.08432624282151284
0.013664726914361642
0.1185080595866903
-0.04920127209921571
-0.28254543265835824
-0.00281191486170166
-0.00861848961033162
-0.14410760234323916
-0.1710663030054024
-0.15494747837290224
-0.0890187311413044
0.05280026187973515
-0.050061044580290814
-0.016526914140385755
0.03962267592283579
-0.19611992640661793
0.0699653458625473
0.09671288409342779
-0.014549169217488283
0.27105179005377467
-0.031350322950860265
0.204722642944329
-0.02827551135407741
0.19444215831518266
-0.10044149121793611
0.3476350188561863
0.03825229931162022
0.011230834711393236
-0.04281186326895844
0.09378398696272787
-0.20941477375908674
0.11022708453319172
-0.03642965965912882
-0.009078013251254312
-0.07496555680212992
-0.10256543018376085
-0.22758298728888382
-0.0043209787955062
-0.024139808262409346
0.15237235162641996
0.0034127299142536686
-0.014181983570249933
0.07811311310817654
-0.2230137777323108
0.17381814022090428
0.11035543249855749
0.011345059377583285
-0.14281073345162923
-0.004397431652149741
0.05319943350911175
0.07582257172497762
0.18773089989765915
0.03442771179891567
-0.03524886961873559
0.046383911015759526
0.2817066534570617
-0.15871729851111877
-0.12858033046175085
0.03457572456541237
-0.11416817718970605
0.23907896501233744
0.04486529518110466
0.01336120100493838
0.08770448193849566
-0.12087801091019656
-0.018744576089482778
-0.02604656501627155
0.33950868041374965
0.054748675953726025
0.09671042502033908
0.4103363539152516
0.03943749285292642
-0.16018800714714346
0.13782195021177449
0.15534558696057835
-0.09139688066723597
0.05614978104708463
0.0735538416697251
0.05727131375169247
0.028688538045716843
-0.057780884019166465
0.02824777822678227
0.01416075245541911
-0.029325270735985814
-0.22393646063860437
0.15511823541841888
-0.2910306117488774
-0.18395675230925496
-0.03814608616506885
0.11428099131177027
0.053741319971137375
0.18956708863809785
0.03722236730044718
-0.00990637127730168
-0.10301880327831295
0.0790609996877656
-0.24068747395415482
0.046485594091773864
-0.012743018313738043
0.014383381275492498
0.05382182211165666
-0.1480180120438473
0.21637843303222223
0.10791985003302261
-0.20281574911860784
0.01996770678834853
-0.13765211906344188
-0.15181149469233418
0.035477103718424385
-0.04649435022721421
-0.1356101770635376
0.10376377899585082
-0.08244276255108711
0.06869083985369584
-0.12321615969299267
-0.19552432941556686
-0.033480314310456456
-0.010274531798016035
0.10450216125256968
-0.19426424228862155
-0.06626918967376967
0.06617214216832464
0.020316314593451693
-0.05430476369497537
0.15709975985446747
0.35823970794782645
0.03424681254441826
-0.008618494022748951
0.025215905143391795
0.015369900343249778
0.24069490911233013
0.08814798051441974
0.06939877138819309
0.2488038714947974
-0.19024796004539185
0.06738638609631617
0.18587427553742666
0.001566385176304227
-0.47336475194289285
-0.19614509947996947
0.0064898645654281086
-0.02631610961428582
0.06470168524744428
-0.04958909745627965
0.041619216869352584
-0.013040790635805627
0.17291819447371662
0.34956527090140543
-0.048789764472239726
0.07400607539873742
0.06214713283729682
-0.0005892532087692514
0.029107894937647136
0.27463347381274944
-0.10056974107436951
-0.02786294546784586
0.020248826934541612
0.2298862444716889
0.1882265091912984
-0.14281822958923515
-0.002416015276190414
-0.0006807545379141543
0.07505853676006691
-0.022758851280704578
-0.09823035753284334
0.08709596564118567
-0.13815374724435353
-0.12770420265240254
-0.023505862651882953
0.03786696169967451
-0.14825207852796748
0.1374547935692285
-0.18315646720746187
0.000547075796147054
-0.11092647787587374
-0.055261239723929476
0.010326653062979266
-0.38156613551199686
-0.09234847442024766
-0.22879077594384895
-0.04989274617546417
0.05239759563167618
0.1440462006726228
-0.045259496484697875
0.3667720397440053
-0.26425845699962414
-0.09154162796382502
0.12746951230990503
-0.02437368855719766
-0.01870596230122877
0.04048753779747309
-0.11597136277000022
0.049369423108061555
0.05311839529375362
-0.22809605952276427
-0.12336702796267252
-0.014958433554526699
-0.11289242674491556
-0.18278191701718138
0.029740084487949056
-0.12208838651827908
0.11549189850183955
0.09062406567626877
0.19701864595718513
-0.09230062937624127
0.09111978340740073
-0.11235476776634103
-0.0022510765265062226
0.0651912160976885
-0.01740996822074698
-0.2106501372125837
0.20135012123385615
0.32028284794790624
0.18445344563341623
0.03736132683797242
0.15867361916284964
0.08066629501334668
0.11517993068411397
0.19995244127122971
0.03403669882947751
-0.028513763289389576
0.315134333840385
0.006153600657422203
0.1765848541128424
0.20006610793792456
0.2762018114729942
-0.23482543836861977
-0.19966226346376853
0.23337427680380382
-0.18303593800120385
-0.02776843552069325
0.04125393785589593
0.010144350934808009
-0.12088759653172884
0.1847533897097988
-0.22450388264033985
0.13196070428635664
0.0001431164161539777
-0.24491500713431139
-0.04711456091775991
-0.017030917381937568
-0.06817402677606463
0.15508329374872806
0.12634524790479723
0.013024698640528815
0.08166723160314006
-0.014345045914958129
0.16102683693825112
-0.33238402393602023
-0.08899280918613481
0.17702194804710028
-0.08809918313244322
-0.18989694113521924
0.01717017914891263
0.02682581230965639
0.2519277026138276
0.1547243074645567
-0.06938361239460977
0.12625701244828028
-0.10758769498744299
-0.06188513833628537
0.054620594102823286
0.06307815824807764
-0.02681510148592103
0.052672947942371325
0.019934250862510633
0.08258520967599386
0.04855513330050939
-0.04214638451720461
-0.21665379577985858
0.06057956536135813
0.26555453665458373
0.002475739450449956
-0.039305922902714036
-0.16850205072735072
-0.16176894936565345
0.06526820209015347
-0.2886940729537751
-0.06257785686407542
-0.02702250663606932
-0.03938570148550221
0.08033038105295337
-0.1017760135927735
0.31190255645479104
-0.3434899654694979
0.11038580678771924
-0.05042799980019281
0.0532850774832009
-0.05546164620445116
-0.1196364875112432
-0.0564151888898432
0.20660655262310285
0.06612346860388263
-0.13854563804427214
-0.1680655027682911
-0.2538749267636904
0.15208093152469745
-0.19538421312620574
-0.05150288136004491
0.16473733592556164
-0.06963423218154267
-0.2823490893890911
-0.21560034424177874
0.07369189184160173
0.05155932033609981
0.029894070329783307
0.10954063036791055
0.0766179973336156
0.12852782711889596
-0.019660571406116965
-0.06315306473846365
0.3082625163555574
0.16899248158294108
0.22553148936916267
-0.1737469467816063
-0.06136611251191648
-0.045876707319242004
0.08752898985445981
-0.08809763072689109
0.09314551909543509
-0.08726531897442236
-0.2959489291967639
0.02296919524264523
0.07458963138601067
0.37224839483975947
0.11483959264742802
0.02821014671350159
0.22182311572111887
-0.4615487880909735
-0.15684250964011562
-0.02072170115155018
0.1537110254218456
0.18597244152883713
0.11792174698647566
0.18663199842458422
-0.10321906842465833
-0.021333433708675235
-0.23314581490256092
-0.017589315772019772
0.047754468495662485
-0.20283033450109278
0.126336274816341
0.23864340148170698
0.1671548669214076
0.10094445155262147
0.055686059904882616
-0.11844512300641498
0.031166385958545928
-0.16589079983412122
0.010263735214697135
0.025502034145833335
-0.1327935646549989
0.1583039391613415
0.07387371028472141
-0.3074817590963073
-0.033026477791836845
-0.180728958002658
0.18253027297394775
-0.13560150888862454
0.0068690704249929025
0.2900163621291516
0.33297452787594173
0.13042818608104023
0.017725960830364356
-0.1751242604250963
0.03361920763287662
0.3417866155784493
-0.09554382811719665
-0.3599214757986664
-0.19732361739361323
-0.22192824919968687
0.00440794318044002
0.019797816264515444
0.0986639686535008
-0.07853392297202144
0.09262335097556604
0.34573458741943736
-0.18064430974639248
-0.027935097252297782
0.24860868531396405
-0.1625491512719611
0.15676593249434012
0.199381371530115
0.07119882177376424
0.060512081983752485
-0.18647260930671616
-0.03475097342735487
-0.08724702591607487
-0.055531584428852566
-0.018483278777527083
0.06594477326283134
-0.13576243015587994
-0.25957829494390433
-0.21322541784799534
0.014348629681978019
0.12778228833957647
0.2979596080975709
0.16002361867672169
-0.08856754808590797
-0.14711502041451094
-0.04123295005996714
0.20861914372600943
-0.0618676453353017
0.28426930167041725
0.15998775126279788
-0.1340716372775421
0.1660102542068466
-0.03842118127490114
-0.00040291880504437984
-0.060682113344760494
0.33851755122774224
-0.25102525058025615
0.04050848563737063
-0.08626311419522144
-0.4321647159357891
-0.11575642347237025
0.28509550258232974
0.0846460605500106
0.0007026826478932778
-0.06777383050296973
0.14278874194661215
-0.20596520005057728
-0.06507765858319364
-0.2728371704398683
-0.10104612815623566
0.10712936358829124
-0.2095307650663702
0.05224544388185945
0.13081777398044692
0.14281628828908388
0.002060928578406688
-0.03862728641571421
0.01804593392774559
0.23394695061166124
-0.12367821602606995
0.1564298533330657
0.117556538760548
-0.2730244803373132
-0.1636109240201253
-0.055106911024848625
0.04680361586590265
0.26947446275359244
-0.17212914002795007
0.04853698448634063
0.09486654621034321
0.09105137040248058
0.010739924067446295
-0.077343668261211
-0.2300154174592443
-0.06748612147300188
-0.11117369366124785
0.21764128233595903
-0.32496114025328077
0.1329271296709709
-0.101332443702334
-0.020380980147711492
0.005454348216859344
-0.09213320689465967
0.046583572367193744
-0.10789191068800921
-0.20644145239780137
-0.07610350737027484
-0.015362372197397873
-0.11768912735244909
-0.03371281153529104
-0.006753569007165143
-0.005073829494118785
0.12376503666505426
-0.07608413854822395
-0.10889617949900753
-0.06663132610525671
-0.04161824459050565
-0.13013637147788398
0.006457433467582784
-0.1675965538755103
-0.17042887863237394
-0.1418407567281056
-0.05621586975261354
0.2189974361988781
0.0001569810452303157
0.020793213902644103
-0.24983713041816372
-0.23814807717097505
0.055670006338765676
-0.04822079231421943
-0.13234146265234242
0.11376795742244139
0.1030011806958467
0.10842560764189968
0.06442695721124109
-0.08046424897457556
-0.2655346015355799
0.13190265631817544
0.044211438795533964
-0.09088531598932807
0.07557829196721921
0.05633874309321611
0.19098984807877295
0.019653920114850117
-0.06339902506327878
-0.0772673930823907
-0.20960792701501726
-0.01902820104568827
0.04215406221576109
-0.11430962837146036
-0.08873226462690327
-0.1404891977659355
0.052761702382355787
-0.0049112317802251565
-0.15973257864814916
0.03217379036350949
0.09762578883378253
0.028339165366236502
-0.13513735230720395
0.03279179557095647
0.06563435054232677
-0.2583438236668525
0.058396238475035125
0.036952468841075385
0.13675784599397986
0.09332747999376696
0.18157061254796597
-0.21644702091475893
-0.07296427300679828
0.016335986174293934
0.07890966684383313
0.04690510894683634
0.033380624163277375
0.1282389398812043
0.030069611282338628
0.19495994847482429
-0.0035363056050981595
0.022407764706975232
-0.06350687255763823
0.015391782230325262
0.055090835954522965
0.21398343614318313
0.12813876864745335
0.06459658646889109
-0.15420091679805065
0.19244725806975033
-0.1805734471336375
-0.042111772845968606
-0.24347308047097832
0.03807159373490002
-0.2083663890572688
-0.22697310868426923
-0.2030957139684551
-0.004558512297052014
0.1606409825947391
-0.06037129467332358
-0.3653525332898842
-0.06863514489575073
-0.06998798548187563
0.12003980680187507
-0.0882016412441946
-0.18477766595021475
0.03366335546146557
0.030743631906397447
-0.12607093286743337
0.19800242030495002
-0.12438410797864602
0.04678155548835806
-0.05878433482907168
-0.2215283485955546
-0.10295673112631305
0.2012729359512893
-0.2248907811021712
0.10100147819407145
0.02615587948354348
-0.17769625698997335
0.13416580536578052
-0.16995732970523195
0.02743518519022957
-0.0778366718742928
0.07387642415408434
-0.03888332693496182
-0.1645182218748744
0.3556293931755805
-0.11209317334075114
0.11646596835666218
-0.06018157701394279
-0.022064104266389634
-0.02833016825740618
0.2502173940177143
0.055852355733834166
0.2893211701127442
-0.25603159010777665
0.12753384397974207
-0.007915041653688115
0.16800635904147712
-0.09175962639202664
0.11370336443046412
0.02043720632011599
0.14349483031410015
0.2270803133990936
-0.23960705075975489
0.15143513315054422
-0.15518225929863216
-0.16370308370653033
-0.20557678774816002
-0.0288670864502023
-0.17796370069099202
0.027115220449519136
-0.044755333611731646
-0.0736263559777045
-0.10005072079582304
0.15201824834489228
0.0038768813646800166
0.004600207223294814
0.46074788308520687
-0.1288412243003783
-0.002790781705718405
-0.06636856480970534
0.011434472209853096
0.016047279978023226
0.38941453577808766
-0.11433030123179257
-0.11415607651805101
-0.10729908700166844
-0.09280516705209597
0.23098661749663482
0.15297489609555515
-0.16032900583553011
-0.23124692059613913
0.216713862505773
-0.17744639899473985
0.13585745304954047
0.10611197688526852
-0.11283348403635193
0.1592127481687546
0.051775878010741426
-0.2602395898265579
0.03668762888317217
-0.02926813800212203
0.02263403656454312
-0.087925071678606
0.017972066718487764
0.1200706575488295
-0.021730706211564556
-0.011862347053810868
-0.23504430488201866
-0.07951339223215022
0.22464266270292824
0.12824159694898035
-0.012971015896457187
0.12206856953533456
-0.020517278394487217
0.25208313408419075
0.057613189612836735
-0.10810308055568775
-0.013176560489642641
-0.1461827943554106
-0.2878240569921761
0.007423628453481311
-0.19568167893354185
0.15716810858241329
0.040096282357463674
0.10744770826747016
0.03867412537625845
-0.006370227934693004
-0.13654344522932083
0.11058603665100733
-0.0406794271614809
0.2167978182765879
-0.0029089638014794285
0.08766887286970712
0.05982829957127772
0.2109854927299428
0.0018959543678391823
-0.005131412027570418
-0.04592808645516456
0.13083626653242664
0.06448828149003043
-0.20116913075100745
-0.08490588850025459
0.04664886971012774
0.17637050091798823
0.192444312562255
0.2684573376908063
0.025454908522257232
0.06978012180649268
-0.04928944494003521
-0.09276122601685197
0.08294981405958292
-0.05625810472120499
0.02935650314338805
0.03498137960382762
-0.02816708406594229
0.12323502525293092
0.07431633680283756
-0.062367745705668984
0.03913706902092941
0.13761745224717326
-0.1350036615848457
-0.19677052012103194
-0.16131565926959385
-0.04717964059416644
-0.051340836188660394
-0.06188652883866043
0.015191021683843859
0.024347257573419656
0.09578133066860166
0.17027802441923742
0.11179533684475561
0.13741043987257168
-0.06271146481523954
-0.07021670668254165
-0.21579461240119704
0.2653872064968075
-0.10814158645893339
0.1203811675441092
-0.19963230969802515
-0.1125444433918257
0.05303223109883902
0.023898600179528075
0.2603455016921938
-0.02444783254781627
-0.018530969282634983
-0.08354937830333416
-0.10092999623951493
0.2228304247357611
0.30538371584082585
0.001763626991845954
-0.0583250995166466
0.05393180023117277
0.010718971647019373
0.10880725443144539
-0.008361783903390355
-0.10163318699849878
0.14511150828507702
0.12368826364481915
0.12052890662563798
0.012394891193490722
-0.1504986418789549
0.0392325811872212
0.14459262628490546
0.028991248700040197
-0.08749360062544785
0.062445405030965295
-0.09890521531160763
-0.001285258785593614
0.03800511148740191
-0.18691488416689167
0.03389427459824863
-0.07314766161141312
-0.18578749132430333
0.203397507739614
0.07038430609748836
-0.1005015937297765
-0.20556184892897394
-0.5104432136882496
-0.04580050920195698
-0.06066141492248244
-0.012637121422712012
-0.11551627370320088
-0.0883221231414753
0.04927434877306726
-0.019709809362279628
-0.09710500608486097
-0.08388201226907546
0.051440529357785876
-0.3141375346269332
-0.18150112121209044
0.028084602529432356
0.023853211148776848
-0.222894685748247
-0.03071823927450008
0.18904068340378985
0.26366375532275665
0.00896653426793146
-0.11336894584469323
-0.11803768163768041
-0.044973437459755065
-0.06615634440430952
-0.23619477459943397
0.07168159756543288
-0.24097707486988365
0.10542535386569925
-0.11788217651828141
-0.12706059101073744
0.0096574229753441
0.029532319175190624
-0.031961606842670374
-0.043653618036566304
0.046446056539581886
-0.019296168525975342
0.03488613309990854
0.03968148087247399
-0.14274710176501176
0.035963462728171275
-0.2716312243807297
-0.2225627088042358
0.10348759872896031
-0.10033122280250593
0.01722291422883701
-0.06570665698860376
0.025925344721293427
-0.27454042851343985
-0.12289745924128948
0.10403715346490465
0.10908132385183784
-0.020927585257565263
-0.046972696264141675
0.010407828832454684
0.06471003145450525
0.13548335823373095
-0.033360976308614475
-0.012603861019185406
-0.10094302702918555
-0.13674707930972962
0.015498492151899287
-0.259730771950393
0.20117223345597265
-0.1383183577590194
-0.3258386606222784
0.25224635267867995
-0.05251371413614215
0.04820492397939611
-0.0033226337290039997
-0.08701428692730392
0.01869134050322414
0.14521693162372432
-0.11497812332989926
-0.050208503443307746
-0.0007197818194680341
-0.02018968202092947
-0.12570940652738932
0.4338773289461122
-0.053677515659753136
0.0843077663706768
-0.10909003437445647
-0.11309179308702924
-0.021843265552642547
0.05220669741232319
-0.23425203377526382
0.13874051422034936
-0.16887545945156676
-0.09597187845268235
0.03299336844394779
-0.12340136617819535
-0.10882539981740903
-0.10783445524037584
0.023213333332941427
0.0822530891141366
0.049051398960340206
0.13930890512224955
-0.008825420493616327
-0.1141611606416693
0.039815351144750835
0.04923603026739542
0.01874658435936911
0.07525228468964655
-0.04470282984974646
-0.04249642118539002
0.04028481133074596
0.05954218331004726
-0.21315148003202478
0.0787832339683022
-0.17041130284112244
-0.20258009950640113
0.0025265001985051707
-0.01915085310192472
-0.22711039475443184
-0.09217804625849313
-0.07328756351662519
0.25649351628898864
0.10215632877682994
0.07043855998846306
-0.07009716927654273
-0.006817577651706963
0.07626485071181227
0.22049017416608738
-0.3315935601292172
0.16450766510636491
0.0037181793339124197
0.3403858094212549
0.041205907694527935
-0.08204693739778758
0.04359489327371272
0.12244345686594135
0.22663979168254536
0.10969232272694014
0.02807328925969604
0.14384814256141853
0.005412961745594387
-0.21026376413498316
0.00703030649428086
-0.08459428747125632
-0.20537185691312085
0.07554969888237136
-0.018474474814310422
-0.24147607314172898
-0.23192607404391521
-0.05228981217852444
0.00252603935199046
-0.07287061298895216
0.07716823662334618
0.08109576163886464
0.08788412092760496
-0.04796658700178266
0.06029422054592556
-0.04110714699990875
0.08814236643402788
-0.0637451280506352
-0.06654706759659879
-0.013495135133873917
0.04819603640184043
0.10972389876756307
-0.12017402974675967
0.11456562989953406
-0.20600558220477008
-0.007221135117576499
-0.1448383682805073
0.049746394993584644
0.10278250246040775
0.40998546011326054
-0.1172175019361443
-0.3926735050561268
0.098869031878613
-0.09994068026017577
-0.025166686320971896
-0.13477956092253024
0.11638767423605476
0.015488737512156481
0.14450372954552634
0.22257799923004432
-0.07198044630694364
0.08927045743006307
-0.09065196839234892
-0.40512636003954994
0.09210596767525929
-0.06786361265351776
-0.01742242496672026
0.3292319509422002
0.06466214942561953
0.10378136111495675
-0.13299529764881576
-0.1478828041892634
-0.11390114322134416
-0.25992157338128324
0.2702267078711088
-0.01532448392594086
-0.12157983660418326
-0.002217457478621102
0.029146051744605463
-0.15584559623960337
0.07288557058972045
0.09370875201061452
-0.18243612661202144
0.14161320594111315
0.0416788588345201
0.08429485378259748
-0.23952739821040786
-0.10199040388578008
0.200334376128107
-0.12994740705112773
-0.14210415467864715
-0.3101362384175309
0.1705583241761418
-0.07442250606590552
-0.05676296574089615
0.026895830490288597
-0.34944120241730103
0.12415143853633914
-0.06169125579724873
0.17732754176634707
0.010271549903961915
0.21766620998857733
-0.068466996817546
-0.10523232950002187
-0.20388427507312126
-0.04229844870527783
0.06662413990083646
-0.31493613594523473
0.1773254579590712
-0.04135756091170467
-0.10356298877182155
0.2628581194846435
0.036603473170011544
0.062142760547744424
0.08512451504922866
0.07780367351430048
0.025702638518155397
-0.009248965580511168
-0.09318687553253217
0.022261971331708368
-0.08323483714421095
-0.12881654516458715
-0.22227574856819854
-0.3203769611400356
-0.19642846014799178
-0.2382945984311594
-0.06502634658627936
-0.2353747867071461
-0.12131542542712712
0.12966393988805672
0.1136569160917998
-0.044430964653827086
0.04588395454608186
0.17453032120188958
0.2645247808312872
-0.14385260848756584
-0.04200165224491316
-0.3593312125372974
0.17839105549160145
0.09736944964251666
-0.21655336389866128
-0.08668393464368726
0.0002767123141357514
0.054390474079247214
-0.08976573533538117
-0.22616168709955906
-0.08484123659684853
-0.0316472857652606
0.011657616392810105
-0.23065787397262838
-0.24469773181899895
-0.10138546077057373
-0.10822981997416484
0.09999055249525796
0.12986372193742085
0.11068124689642246
0.041372810191105
-0.1553156747995178
-0.22992887829189876
0.12424018007591799
0.1678222457665794
0.02826752832538045
-0.11264049402004606
0.1622267602755341
-0.04542481020486072
0.2177586376355694
-0.13314061991244994
-0.10665594577232405
-0.029599761380187852
-0.12492773800224588
0.10517514927454702
-0.013096112141630038
-0.08916017026913141
0.14281078132941305
-0.10006801003233337
0.0022899408038817848
-0.30178774526725133
-0.183698349829947
-0.1944926955759209
0.06833435951424839
0.09446223074806366
-0.05426916623368957
-0.07262162672460448
0.32272454320233973
-0.04075410653177709
0.18569100330545682
-0.11196344114008148
-0.1451836469970923
0.21682053379573882
-0.2689185816746722
0.0481885032034821
0.08907983074146167
-0.20355182928081067
-0.16486663781180833
0.01029026983362771
-0.12291583722597473
0.08890157905742295
-0.16895262341605433
-0.5574588527835256
-0.0425618192036532
0.05813265326989303
-0.20780593947495665
-0.2709547582211928
0.24959953274791094
0.13382637818983048
0.04560294522522828
0.05794038630039475
-0.17050941904788577
-0.11803601670618814
-0.2615886198258675
0.18982552234527775
0.06464439259347848
-0.010002796619629124
0.3258755835961494
-0.08529575043782191
0.16244274529224906
0.03851960785832032
-0.021710323848377313
0.041035419553134375
0.12007576223879268
0.15794248411959813
-0.1375966662611486
0.005201193991533089
0.013747557963795369
-0.18437032557432648
0.17097957071408518
0.13241812549402898
-0.011265201433842171
-0.09887085731277381
-0.03670805734534885
0.18248273588687702
-0.09664917456757435
-0.06469522105132983
0.037227230727521377
0.055727045365958815
-0.12774409269811762
-0.07784032926513955
0.05535095232793288
0.18140821875200655
0.15420061762221443
-0.03625257743125201
-0.07802728810506544
-0.05685769624182586
0.12861899610409486
-0.02324966744923982
-0.1482873762213155
0.03573927146500915
-0.23123992358760306
-0.026061574961214636
-0.00835425450416666
-0.09281290317779907
0.11923945126265292
-0.008699116067825124
0.14278651563632386
0.18156138336141409
-0.21803939614926146
0.12956304803660085
-0.1631612162527038
0.1902929018481074
-0.21781024306944036
-0.09056316064917298
-0.51594537697565
-0.061135953268193044
0.1607535772711462
0.1344840777905074
0.14816243259229064
0.2126965902407761
-0.16762705287558136
0.05366346219414067
0.03016860815075874
-0.2902696988243463
-0.3646842173792841
-0.3250011613272018
-0.016279980067630748
0.010259297305340118
-0.12580131263117744
-0.1794210682761571
0.04506514891648362
-0.03469559114344214
-0.11299300381393748
0.1402389423186547
0.19108432370489897
-0.08988010546221155
0.278610109582504
-0.12027140009138004
-0.17660172953074665
-0.06624858257693274
-0.25048855591235125
0.1585048460064177
0.39650642226943256
-0.0891053459385202
-0.17358191797373904
-0.1585636503643704
0.11005838673472344
0.23311346640969346
0.046147965846804063
-0.2261846401352949
-0.17142946813277302
-0.05732864287634747
0.302197694870921
0.11449126515378848
-0.14226723214069245
0.2926229194455699
-0.10402640294487614
0.023603891954584597
-0.010921408611342507
0.18947755136590844
-0.09177676127227768
-0.09776699906676697
-0.054550590596006095
-0.034921316551860926
0.00044477733503607
-0.09368766716216351
0.09490526831506317
0.06635718820049022
0.1605885559179563
-0.1236038914361984
0.050434156113670775
0.03886526371190083
-0.12038353528492005
0.1503146752625249
0.09507973750328108
-0.05784331804619933
-0.1430808017998951
-0.10333201873389704
-0.10535119677016563
0.0384656993128759
0.32815655045234066
-0.1201010923055894
-0.22700119060805807
0.05561794090875059
-0.17210587607150568
-0.02764568698057919
0.060755836044453344
0.00642055650685367
-0.1698271795861316
0.16983077692450826
0.03403118837950899
0.09725312784047517
0.14304563630067654
0.056536034192125925
-0.1292794018420286
-0.2777954417303219
0.22895991602797167
0.3284155173400562
-0.11645324225807953
0.14953454612248654
0.09772374145276272
-0.15437296445626458
0.09655970357380858
0.09619060749395118
0.012957344084212237
-0.19946378898897893
-0.01922356138914178
-0.11921617585008241
0.03244015433466983
-0.07491681425431101
0.07271241901337874
0.2085670560616837
0.28602664612072126
0.07197709238916372
0.10586206813287477
-0.0752985838757154
-0.06418454655682376
0.145330555732067
0.10360572439436211
0.1847342354651716
-0.015266129269736634
-0.2521355719139417
0.07724601507714607
0.23339326777044583
-0.14649550524012003
0.040847216551540895
-0.12491835466877813
0.05934715496432571
0.21975651353071757
-0.05675285500422823
-0.026063617105468874
-0.32279541789594646
-0.32851609414916677
-0.05056293620550593
0.2172559891382614
-0.09782748267189538
0.15298051424293585
-0.10038150551635024
0.035630237430041886
0.1419534254274765
-0.04160493974784223
-0.04059877861116676
-0.06631231292442591
-0.3604326852827879
-0.040398446506600176
0.07087116619814869
-0.1328950557778585
-0.35350485389535125
0.14566401349117833
-0.2225111099117001
0.04114736552966082
0.08649933676563414
-0.06135609756515499
0.058852588765916425
0.04625339088565193
-0.07257422279007515
-0.06843299684480751
0.12562043145331458
0.2564365483607922
0.029913477174836736
0.0036950838877218254
0.1434596935155134
-0.284770848415012
-0.03490730534688807
-0.12574417636289417
0.14076045852005317
0.016881475350561736
0.0861182636269032
-0.10168633064271926
-0.15517542783606525
0.049934000485988284
0.07940005363726733
-0.24593943214772762
-0.15168700044009503
-0.14228803206702317
0.21780761576775412
-0.1860572303549188
-0.1112686403434126
-0.06836714324018665
-0.09390726797755772
0.0200888633967291
0.10879563831841237
0.17845744661624507
0.11162792099578311
0.15427723078129438
-0.11779584189366213
0.01945690561061102
0.09548831806437591
-0.09071741222110798
0.03747796774241382
-0.09749343997080186
-0.030666451907531644
0.04782324074965738
0.16544262537164486
-0.13542148385610456
-0.11881944381936667
0.028920289054016862
0.10431988951919768
0.14226046195364977
-0.20888731237632116
-0.10750630649923382
0.11828675231042989
0.0674369863354955
-0.32130555363554625
0.12226499337780497
0.060025210053458844
0.10647685707998054
0.054577431234878106
-0.035094947767970626
0.06585357200297173
0.29887588375912466
-0.37088503043266413
-0.2487436382488413
0.012014402469553664
-0.1510785357183158
0.06939182660585638
-0.21690475572585874
-0.006761892450890863
-0.02772782205149997
-0.11301162910209123
-0.042101839962454576
-0.11748944504712656
-0.252367946025568
0.10237839725198661
0.29709799337069975
-0.0013950698104417158
0.43214439819385236
0.22311557947818322
0.030807648753675875
0.18555484775739778
0.08411002454354265
-0.06814159206512237
0.0007313810265269583
-0.08208461802594753
0.03588536335460412
0.10922808448485057
-0.11408736081865128
-0.1347496970950693
-0.030615404924097197
0.08735696259647005
0.08326358932757148
0.14898381432890842
-0.20861154218351513
0.18268706262635195
-0.17999957339182998
0.09161341353928235
-0.048503365930480324
-0.06914688629856769
-0.20335820839617966
0.018933571025524655
-0.03275861975311497
-0.13465554426629525
-0.2083352550144759
0.21926620466227198
0.2387973447465894
-0.038848853753778924
0.16141038758757587
-0.013568647403868546
0.008879040228357893
-0.10601321043589639
0.038772723206963004
-0.011292968207424156
0.11234221145347813
-0.04180667372955558
-0.1353618116077665
0.13542446405908898
0.1785017985563275
-0.2659524616705164
-0.04676226059766523
-0.10119979709589316
0.03886805186212014
-0.2247792993887189
0.09624887337901089
-0.06293620333934007
-0.012498544145800775
-0.15776443147132493
-0.0526599935974061
-0.13377311460558772
-0.04811752215040359
-0.2809687422538042
0.00893861867070235
-0.10574810052324639
0.057070935360631896
-0.1117335374936907
0.23066886601842557
0.005099721865189667
0.17735074587874436
0.12452567833090313
-0.1569651691079714
-0.1526369602614568
0.07769139756553786
-0.03973647139056412
0.08267578708762063
0.05120472230255963
0.15501591380222465
0.1698603740882842
0.094304817195372
0.16368733165630522
-0.0649866321743934
0.10462046608764657
-0.13069448986344454
-0.053585804664111086
-0.06787670191384626
-0.04688088987726523
0.0489043896912697
0.05307481963993261
0.26109502006784036
0.14499291714199994
-0.25661520368711005
0.3199347045030546
0.018288993184814643
0.2759781673952177
-0.2628981823679584
0.04898183096746108
0.40145108040150224
-0.16362543786320427
0.11602767786521453
-0.013526267161242753
0.0028644939563219674
0.04770383796444847
-0.03252268568930345
0.034656665346203507
-0.04429657511884261
-0.052484394779860104
0.0795579586762401
0.17377688550763756
0.16364104688064482
-0.16654158427960059
0.1521455139872163
0.054191072674893474
-0.3393248638846429
0.11224217934185826
0.27468798573255293
0.19619380334937575
-0.06904893912634136
-0.07851061597305138
-0.15338355089258598
-0.07722705143951301
0.0487779642573268
-0.10622463480747271
0.11329883193263933
-0.0723308196927154
-0.059315507660443315
2.7535860175080713E-05
0.11163119988397013
-0.203525614564046
0.07193558165233699
0.15178832012433946
0.06141584325056088
-0.10688648013556594
0.04258172751864149
-0.04371590268098188
0.04549102725404437
0.25367230105360317
-0.06717033242367629
-0.10211424551022462
0.3975077554379035
0.0963215318426254
0.1347704954798078
-0.002141638590357088
0.15753088770905713
-0.10165121887661112
-0.046336023735813615
-0.02402289509708388
-0.14820789433539056
-0.008793382679661668
0.2992404602713583
0.0007114921638359628
-0.02055754789501391
-0.1592894542884332
-0.024018730897467786
0.11651742770210805
-0.041565714409766724
0.22101183085272272
-0.21492074675420614
0.10456698496395252
-0.2078940029966159
-0.14302222961833003
-0.14749280723260905
0.14252863744969999
-0.06566107433251198
0.027051844438516603
0.11502513149884093
-0.0027771775886767896
0.19866711234481313
0.27594650881302085
-0.21099477304290382
0.08249457987529094
-0.13327667037402194
0.12179784980996994
-0.09534194384415466
0.06473980342802818
0.16750871846105744
0.1288511015122516
-0.02873336461817665
0.003174195763654216
-0.1792034497375623
0.11758756026214602
0.32579502106889896
0.15082739093963743
0.39893139088662555
0.23989155023709696
0.22470649301429862
0.16160479110597503
0.19395133960421743
-0.2238730280824585
-0.04454499728480303
0.09486943040519777
-0.02581483754093457
0.22917070999373
-0.1337428361159221
-0.07800493424388219
-0.02406217102269251
-0.04421741623851549
-0.092809717708792
-0.22695356515452295
0.2047414938913174
-0.14579416829890196
0.3466968918050263
0.2823952153452879
0.09366404443940898
-0.057096332639161494
0.07428403520605552
0.014756664602325983
0.271958882697211
0.04552534195923302
0.10330631156351795
0.23073411776725072
0.1296894495797527
-0.05897981659424033
-0.02798391042273013
-0.06580597251587934
-0.07050778158821727
0.2821208768991791
0.13968570031115154
-0.0581537235198926
-0.21745349551672008
0.16788273159781988
0.11002679169924831
-0.07173446621486766
-0.037245725956365584
-0.10534412865251178
-0.06247748535087974
-0.03428213386699104
0.15313969565593114
-0.20520263188289842
0.09284761991477707
-0.3555437767652676
0.04290739223146069
0.08576719731675245
0.17983259771990717
-0.07735714839789895
0.2387022177234291
0.00929982619194071
0.049754806218524995
0.05147584068628225
0.05088368232616462
-0.09011060346707259
0.033138464048919514
-0.12203338375871284
0.13065499743136055
0.1552491149253398
-0.16815210018178037
-0.016791284690739407
-0.11231333048648348
-0.17754027570904826
0.10485757584675949
-0.0958726934781088
0.17845823039710432
0.05736320334373275
-0.23288171744105673
0.08816746852252959
0.02254570247143315
-0.42170918980476135
0.17697881242318772
0.21740671707198192
-0.01780793338995811
0.15921322378385916
0.008446415886705111
0.016893817746170745
-0.01796451315442476
-0.2069487620638653
0.2432539224667735
-0.21780784462622654
-0.012914702164113482
-0.1193300727907317
0.03478673585347689
-0.35623893092693204
-0.062037640179643756
0.2914023433899888
0.12316886669179598
0.15387147387766525
0.057309837824351666
-0.24663434378584037
0.0892633171104236
0.1400964880286242
-0.058099345480056915
0.16610946605670532
0.004625735761370043
-0.0577885696457016
0.10049363209374307
0.22950288348486808
-0.015623873880295217
-0.1137765855241276
-0.00944772264552905
-0.07757544281426287
0.038587540955964325
0.06226155457958777
-0.08264493743182653
0.10148749560411117
0.11199387236825878
0.08036908992633805
-0.16446810349140978
0.07538355584472663
0.07736422815047568
-0.013579577124596879
0.010148655158818598
-0.14813842138301372
0.08789173890640503
0.05990578047493144
0.07381648503655844
-0.020394156078939962
0.08870341661698757
0.14145584883374662
0.03392014741933368
0.03784799972805302
-0.018988949195266183
0.09961922241270608
0.045361231150925954
0.0234044723380542
0.14523360522991044
0.15228898336013372
0.11144570038920174
0.10779657212622927
-0.16453132672505302
-0.15706316101316461
0.026083813055620356
0.07548161042091757
-0.059901479674094205
0.25840276048299793
0.08164931142400314
-0.07230103852751692
0.0006047398155793252
0.08217020065028358
0.015522433695631097
0.06851924275393279
-0.18098040487557238
-0.049351672677586875
-0.20056170656801012
0.07251170317026544
0.13819201335124565
-0.28020598064497415
-0.22055905068203013
-0.057820481050586826
-0.10601692047419757
-0.041379037257921254
0.15408528729643906
0.12821240228440026
0.05853016155345103
0.03456648055999718
0.3272888770629025
0.07782043121415502
0.08253994474234845
-0.104191468849387
0.1428254086375449
-0.07323894020188354
-0.030464551466378154
0.1805186744431027
-0.2305925356377464
0.11046040507539047
0.36048626993556704
-0.19029053164601942
0.19023829586003485
0.175003201296358
-0.2709288663307096
0.011083016637330353
0.06521261622260163
0.08870814255190072
0.05459370021576257
0.17198433174100883
-0.022939833139539557
-0.14058849927367656
-0.0012921622345424561
-0.2917433871494557
-0.24196537461823694
-0.1621654575192456
0.014770112541461263
-0.1154992455898192
0.15979481654961022
-0.10763418012177804
0.01368087767138606
-0.1815296478973149
-0.25100746945433045
0.04800286326427514
0.04930685686417533
0.24344461408432938
-0.05992725513835235
0.12384667059257486
-0.0998557164564459
0.12447790802476559
0.11703358530895404
0.0031091145785783723
0.010054530554617839
-0.054773980924538127
-0.09209483136517223
0.20530219159246077
-0.2995024942061992
-0.27880514807242046
-0.1948731726953636
0.12845246196585033
-0.12010057945017003
-0.11372754086240919
0.29411866444086754
-0.06110681545854676
-0.12115441405199211
0.03564622451319821
0.15388904946122325
0.13891798801105382
-0.24784119791548875
0.009724117291113242
-0.13714424052461952
-0.13520080880279814
-0.02954372981220413
0.06175440333424736
-0.12335186747006471
-0.2317064022709325
0.005095515176442508
-0.2515312221962763
0.15620127228671615
-0.026365736843417958
0.11729510279100178
0.27603690809798326
-0.07847577386013513
0.1260874475083912
-0.019501722404325572
0.04192383827264323
0.0924255881011763
-0.34896145211859736
0.051999539576451086
0.09402442213510134
-0.19226477201988446
-0.2228053761568305
-0.05164250311545782
-0.1820734088605938
0.0516920455637251
0.014767034254324119
0.1562399328434139
0.14527976877918206
0.09946051989716084
0.037602209365651014
0.020556064060942125
0.05406477885085224
0.04588041023442154
0.024993414026542694
-0.13521665325304094
0.16597691279219706
-0.10955986245005608
-0.0462292514767066
0.06406215932191571
-0.2011363179580089
0.06183436562762305
0.0933842840704377
0.07072345035544715
0.08740321685220517
-0.10124245263920875
0.06211375235487878
-0.3523871876975805
0.000837335398412478
0.09737030260141699
-0.045725076569501255
0.02080190101096136
0.060667885103912564
-0.0911736533936373
0.02172880855946222
-0.06854113332601781
-0.07147545770089518
0.06981038684779264
-0.1450313591967469
0.06388998353312594
0.13247559644756443
-0.1076528041769132
0.01989778263265616
0.16509867591760616
0.07147258285169283
0.4163754163104014
0.2355989356267306
-0.20064686292015038
-0.21462919407372733
0.11982959895670621
-0.15521352525851
0.06571579989260244
0.010044933581776638
-0.08901607944964626
0.07752659943902637
-0.13415327204582822
0.07241559905769294
-0.0516391210385597
-0.2765175552956834
0.29481831527168467
0.017260439816785753
-0.12759834775103185
0.0592226365208587
0.04067271866237449
-0.0712025878470743
0.017991983796026643
-4.882464738350373E-05
0.1178297710208956
-0.025619716140773397
0.25146150497547826
0.3076839658829795
-0.19853243247955568
0.0728907251968724
0.03651956568763396
-0.14559399601008044
0.006878022622712786
0.24238102892309663
0.14102038848528617
0.06724288114628021
-0.044407071210750944
0.23936428466718085
-0.2566750521763405
-0.07256185848659091
-0.04675816453633271
-0.17711411801521285
-0.02289053190827544
-0.22008238735523059
0.10713114511244815
-0.3154206926847096
-0.0236109373067672
0.026792164298211994
-0.028123570234208545
0.14549508532969838
-0.13902151979282465
-0.1319359244757672
0.06307847258989845
0.15723863262064713
-0.0929101218531488
-0.06299000182914383
0.05673135463499762
0.027881725847996048
0.11027872664167455
0.04540397180369197
-0.07332060737380067
0.01905786889076733
0.08207403111556336
0.1857740963233511
-0.07355006762767712
0.047464744172650085
-0.046782652470786695
-0.08587658746027525
0.18472778992227937
-0.20302904326435647
-0.11428169574462231
0.04837782148999938
-0.11704725847670884
0.2645899899219354
0.022568450679815097
-0.21926345852415202
-0.06455203956944612
0.015208149973747533
-0.15479577418437235
-0.09932745228352224
-0.05362003313604581
0.1901297449537459
0.1563433377212156
0.12249003344589197
-0.04281802589160789
-0.047497524684187394
-0.17559789028838
0.2313370559829581
-0.12291516334912131
-0.15045099691725927
0.09809776554305413
-0.12510525144829332
0.08845042199115441
-0.2055878246280208
-0.09651358466658876
0.12168420700996824
-0.035055268605587546
-0.03752801798951172
0.09407266394632648
0.10909045927787248
0.002852294779419404
0.1560276684544908
-0.14655234334449604
-0.33694869785129594
0.21547557389653735
0.2705326917163896
0.06546399319370193
-0.09438022954650711
0.3072013064612926
0.05434730461767329
-0.11442232643672999
-0.07109911716190576
0.4067739815785269
0.05148277181302449
-0.002003240384888963
0.04979527911450295
0.08454529638487686
-0.050933946871761705
0.08155316856256135
0.06461563670974035
0.027181533801436127
0.12452879488693469
0.03913001630761142
-0.37849255788186686
0.5515248700932579
0.07885265888234458
0.11914779995222312
0.17125529750923546
-0.028137579885040273
-0.03056363182455068
-0.012058208893679765
-0.05830184614442067
-0.08494239299449335
-0.01756874210004818
0.3946950050756464
-0.13044342305133005
-0.07631173935501734
-0.06199179011507358
-0.19376346039816889
0.11029510123689319
-0.08510184151090248
-0.01936075506139786
-0.1976968839960682
-0.20919794394707214
-0.009263515568927941
0.0020652290738475
-0.12525918401411365
-0.09119366749423931
-0.02921856058332671
-0.15976428537624573
0.2671920679494181
-0.21492255169341515
-0.09890865986234776
-0.07520764255431496
-0.0019388949157633222
0.11289954946833819
0.1137095247017365
-0.03845204696380733
0.1539576197836336
-0.03285296484547255
-0.12594314544656823
0.003516333676168793
-0.07191040187571304
0.06814232449769064
0.12064111873927967
-0.14602111753571317
0.2882292199547534
-0.010286215664554678
0.0772488143395283
0.005174729873003936
-0.13827074137726503
0.12058768925160407
0.10487097915853516
0.14843092261194293
-0.009107186566506803
-0.0023376945811909053
-0.2377399479809814
0.042984607481057056
-0.07871045279979669
-0.03875918135580338
-0.0357644009314821
-0.1164069478897055
0.3289057260107305
0.13067627844290575
-0.199654672388588
0.24843286347311538
-0.12027295300434904
0.16952165823684767
-0.0019331675132566205
0.32229772402861495
0.00583381703452871
-0.01698456045022622
0.08423076033157724
0.03037601469512992
0.08977880089019187
-0.016077549225491157
-0.15086401605223307
0.0038597112682712672
0.2558161333631672
-0.03626357208101618
0.1330869477039824
0.04364518726481211
-0.1853406181370893
-0.03711512881327553
-0.008293093271167222
0.022742441382610674
-0.15756852096781204
-0.27728371002712404
-0.09131720049056366
0.2766734688757503
0.34033399510995144
-0.4657346392368863
0.20146191105742886
-0.05535574498853349
-0.10448103048591155
0.03916401353335667
-0.06812565394090715
-0.24798665282818758
-0.2402099749676026
-0.04849711723910833
0.1389738877453892
-0.011301599537848591
-0.038668968981210944
0.10841325010051094
-0.0021888673521474147
0.01788631631445757
0.26140730526250766
-0.00936160255615201
-0.06690832784409603
-0.17463567860507934
-0.04459528426340707
-0.1849861777290125
0.08053178494076157
-0.2749060469172893
0.02738415991497908
0.2386729031508006
-0.104763822089347
-0.08814162941940429
-0.17961260375801222
0.02310702575019228
-0.1489158842639224
-0.06969655710100865
0.015622620898719724
-0.003233011035246979
-0.22335353129017
0.0994548870085789
0.1166442329632756
-0.17675121988632925
-0.22133228943102226
-0.08422239660945864
0.03747250635144269
0.01672967641932767
-0.034392241104254546
0.1858339615128187
0.00704968722994565
-0.14097247887236425
0.0031831798166464895
0.10159157955539065
-0.033077079208390016
-0.3171676071018034
0.29327393737936813
0.18066719952443397
-0.2722739084370439
0.04529292080802551
0.23542959675795008
-0.39979091535711053
-0.10864437796351427
-0.008155603369755375
-0.11880517641028426
-0.002798444095759771
0.02951714764195835
0.25412313236127126
-0.18327870106685204
0.2696496064502973
-0.22785263875752335
0.11989754861232967
-0.22268821877935605
0.29925737046711604
0.007543727800705135
0.03472429027007924
-0.10672731661595218
0.08338014152717703
-0.17979192932521526
-0.06857308491561269
0.07783381237915611
0.13400356894164825
-0.10130555058690309
0.05208307997736176
-0.011437333892185082
0.046897183884857356
0.27047969754340384
-0.21112182431601645
0.0012684256762495068
0.07856418701585377
-0.007463891041523048
0.21907320321791995
0.262616603971532
-0.35404464815455816
-0.11012391153300255
0.11054596874188485
0.2071476481182029
0.019798279310922692
-0.15892217770982198
0.2749818908713344
0.009704014582000108
-0.21746586559481354
-0.11445098254956336
0.040413902981519784
-0.16131293580962566
0.1818464265613231
-0.22279472930309424
0.28577607212073264
0.039312077532380134
0.2257329631268351
-0.042160122177495596
-0.1480842628047826
-0.20092582589990154
-0.02874923478243971
0.04248210108336114
-0.06694478115432263
0.06689424018907543
-0.007495523723878497
-0.10540998063932935
-0.13635898048840533
-0.042557999016267986
-0.14680836087117957
0.01243265967236155
-0.18812803867755987
-0.14108746137789493
-0.1902819454788988
-0.08891747128402078
0.1652056750585192
0.11240020755230903
0.048357176422253574
-0.09988996754475979
0.08978739484077164
-0.01289413038552981
0.013953684582000287
0.11199787896944734
-0.3117049628204388
-0.006682907065270421
-0.03744508126432533
-0.12296925990845428
0.185427939929568
0.00966952616085333
0.07689807397976665
-0.05919594819250262
-0.06936915850748011
-0.06893155559447157
0.04159800767152487
0.09913432797671534
0.11249922416535435
-0.07156026152780544
0.21542796933117514
-0.2771365176663982
0.09499122077656942
0.21504923245031043
0.13613877429656224
0.06239755926327901
-0.12003953732037512
-0.10794914858564701
0.05254323956860762
0.028682321828242218
0.10303946775366976
-0.21367541968239112
-0.10185934366142561
-0.04457288213312986
0.01989858517215982
-0.09914707321728262
0.045108413600727364
0.06890859266306898
0.17511887254288944
0.02000072383671981
-0.008885022573126025
0.055345199326791876
0.03402697988250375
0.02764888732603014
0.12971802141823727
0.3542123332372054
0.24235307045816956
0.017423664945225428
0.17389697000453228
-0.0489328968199716
-0.20112235488433633
-0.07352175470613428
-0.20902477527924174
-0.14243677877013236
0.1141911698332318
-0.04283307845454458
-0.10072729267136028
-0.22681701250394554
0.0931610957562512
0.05412647738965752
-0.07938350962929229
0.1036662445220791
0.023734978588791707
-0.32652873101000285
-0.1924434079015795
0.12824468032344366
-0.05644399090000734
-0.03930360780898599
-0.12191029931855521
-0.02513312852497395
0.15098807831427033
0.040152200541894396
0.1757632537897234
0.16435230634123424
-0.045109308716169264
0.2216186485585652
0.15846702208277205
0.09316129578667547
0.10265482076338968
-0.15400970412830667
0.19542468339687294
0.02585319477335191
-0.18296963142454517
0.13735002974273047
0.1406265579718792
-0.21955649327745483
-0.05824695990065704
-0.14826517846228265
0.0657260736158409
-0.062256386073331345
-0.14374171963751983
-0.08713656239331981
0.04702078626079753
-0.014341175679199162
0.0583401547072312
0.06762377544228139
-0.07957476545244514
-0.07573054975322792
-0.1359668102430341
-0.06254811628763539
0.2661558771356268
0.1058457580953715
0.09955265149728608
-0.10189518411628552
-0.07515071712254376
-0.0305478514259084
-0.02296550389139826
0.13685926349260363
0.042768882702123895
0.10264516076422643
-0.03168983004205888
0.03328973310008752
-0.014581978950498975
-0.019891898088479527
-0.0610040424238647
0.23622721145540787
0.012570075179904215
0.07883716322594722
-0.15431060938705032
0.024965228906642233
-0.049787107523408695
0.10267336565255425
-0.21711828140295067
0.059286857695537654
0.06497057966396812
-0.13399173431400338
-0.0169094261336192
0.06250895730436158
0.16521015726060279
-0.14780745195550185
-0.11064590015371178
0.0042116158174928505
0.04193659876910189
-0.014517373749377917
0.2073000459950849
0.18389284048207655
0.051061758487669896
-0.1814844188119347
-0.3410634686379134
0.21644390862918644
0.0972709741859154
0.04032227753073142
0.03887501590870292
-0.020851560977402445
-0.0392728413990305
0.07956705630445284
0.06898651217796713
0.11270363921415932
0.08852063648272947
-0.13693659673994074
-0.18744875241501208
-0.1547678445270121
0.18867071386057974
-0.15960653999907654
-0.03117271806086155
0.09632260264708467
0.1531821664138875
0.15889983705454577
-0.017813969195330757
-0.10308682032445099
0.0539442566028399
0.07700657465062018
0.32319406267084755
-0.027079934067436192
-0.19630801939356612
-0.16523789833758568
-0.037903560469215745
-0.19435338665431104
0.0263643335316434
-0.03426022150252211
0.18330353309483502
-0.1778022752877841
-0.12851841378052498
-0.2265728479232164
0.04163627539341027
-0.00986648877949157
-0.10578025983878836
0.2910646380529864
0.06145056510213351
0.16554950018258022
-0.19707559916223316
0.06876736311955271
0.024571498615461398
-0.07520182124182676
0.0069941838189946405
0.24912511785808059
-0.038941220619108166
0.013248035039042847
-0.1508506619242495
0.03177800401378802
0.11571463131750387
-0.1421516262740488
-0.18143433868004294
0.23818698737827187
0.035862269541011974
0.07706596133997903
-0.04051067300511094
0.0010275663137958777
0.03262883196393964
0.17660700425898337
-0.22914081653650298
0.0639839878790816
0.08991365761789617
-0.41686298806491384
-0.26505134842973693
-0.11304570802153009
-0.49371735644841097
0.15410670533147466
0.06305979042133458
0.013582541852805781
-0.126768019249886
0.25183194958334876
-0.1152271676050708
0.10940067538423635
-0.03728524618095479
-0.07946308853115623
0.1907621823393216
-0.10921281484934704
-0.17499870425700897
0.01622162050130652
-0.03995529679507863
0.04591934039885158
-0.19937055567934148
-0.0009174307130994304
0.07389575948205124
-0.08369909242858055
0.010777068638019745
-0.08510292268645224
0.11459463573251798
0.28602713390144463
0.060420821093655
-0.15205864306032302
0.1151686553487143
-0.2911228486618369
-0.11162623594737775
0.01161465234749623
0.08589524795779235
-0.14883964037510236
0.17729539423717872
-0.013435011904365884
-0.0055616476623248975
-0.04476042424987829
-0.041215711558526824
0.16421886630748808
-0.03426039734794889
-0.21185542303422145
0.1253778078938701
-0.15077196129539017
0.07779989069616876
0.0064728139612709925
0.06340273773511299
0.11650736002269549
0.13074956652106115
-0.04858339216035208
-0.05478162122011189
0.005627673425976871
-0.23678651025583256
-0.09655315082539447
0.1936353859985585
0.1543868263295654
-0.13159977516489815
-0.0661303877341781
-0.5309448949072134
0.17411657475280853
-0.11666050161318256
0.23092963877377576
0.2641283401480212
0.17273704055282332
-0.1187940607282017
0.08526763952746738
-0.061846823165018217
-0.02625993281965607
-0.12092910893057401
0.2351908979766987
-0.1572347599300105
-0.1509461933855156
-0.15467746094629978
-0.14271216780817425
0.47721518790577366
0.11392428743520903
0.2677615548164257
-0.19063586209111613
0.06898450506695845
-0.16352268460637923
0.17461732276086583
-0.07603776537593825
0.2443921712203005
-0.08097984844495144
0.031485468055217104
0.10984755393580134
0.2062396423461587
0.07277797723978607
-0.29298938827341503
0.061843904060332106
-0.01169554127219874
0.09185569846035407
-0.06784128266506453
-0.018945807039551624
0.12127506336637837
0.17349957465089985
0.1366815029469681
-0.2019343130208998
-0.24370102357598875
0.10580196164943836
-0.19745461245838605
-0.08291328376936663
-0.0502003714027411
-0.17538842814381658
0.26725093785421894
0.11358961079509816
-0.06331643541691723
-0.048664029476740006
0.23257648188776206
0.060957775668804094
0.05856746374088885
0.16828894562371452
0.1818220702630428
0.013134815300460264
-0.09053635416709685
0.4007693234301244
-0.15434091832487468
-0.14432839907614983
-0.09621072417216804
0.1688082684018301
-0.12800602756582233
-0.10666974664417157
0.11611821620250164
-0.10961688810567292
0.18726895859112375
0.2397768266026696
0.26040582422969805
0.1471245526790356
0.3282829995401282
-0.09223147412998725
-0.11008560836087292
0.03381283608780342
0.03758970270035338
-0.051487060956624794
0.054322740520022554
0.17716933473475058
-0.12706010876728793
-0.15773351303581393
0.2657119975804239
0.047497830494886956
0.32239662707076927
-0.09228603357800345
0.03240015954351992
0.13852564758266256
0.18198713476707196
-0.1160661199082872
0.06465337610993309
0.1512855216350708
0.16468838730491808
0.1361367009839803
-0.15358229119912253
0.01308509815040395
-0.29426694976044154
-0.3085383667274414
-0.07889438007969604
-0.13919158274495885
0.2815420326088718
0.08953203145835024
0.1186515512616691
-0.2103125986891871
0.22163190730324048
0.21450750222735404
-0.0001712376114562342
0.08512179947445395
0.04601926022853784
-0.37060956538611345
0.2103117802236554
0.14964326823522525
-0.00514576040585652
0.2961325472494794
-0.14241831590310927
0.04605001504275561
0.02540452548293525
0.03143859224444473
0.1527789386784235
0.10181319220483903
-0.021708296935072036
0.07224254454317863
-0.1269352066372829
-0.013660153313343743
-0.2827091310159294
0.1056794207436847
-0.1635311058358943
0.0514433952038485
-0.02593276767818083
0.04726590102047152
0.021261304014062614
0.01771931397699103
0.2661622985144311
0.11917546719207579
0.10467923952706792
0.02515046852540862
-0.0829703920367749
-0.22387029093417574
-0.33248932370958395
0.14868057246651978
-0.006531550446688664
-0.14424337277579669
0.07134363824076682
-0.1451984855133529
-0.2990589856277242
0.0533703864830814
-0.15468271069363815
-0.012929097033639364
0.15186775305458564
0.1121693149644099
0.02954889354921917
0.10501597638631854
-0.04468597877430532
-0.01593801531946226
0.006777428447452281
-0.1492093105708255
0.24625506576432987
0.14474213543965234
0.12507110085974588
-0.2297473738858047
-0.04656973346837582
-0.09066600554579489
-0.008884465521539986
-0.10509227247797832
-0.15284723302969586
-0.29667577152417113
-0.335778137756784
0.11162630178932233
0.3237013140419381
-0.1917293090834485
0.0334103749829438
0.06974091241861076
-0.08212534583506151
-0.07239782343083115
0.020663858166276416
-0.011191411963612126
0.09057686948839716
-0.04574112614764589
0.16465025661121763
-0.11954178407894225
0.1046797170930058
0.15308222216138423
-0.23502083285227704
-0.0130026101342264
0.05012810430569811
0.17731761690528774
0.23930120313775038
-0.04666598008472335
0.06725073309643645
0.12701316067279195
-0.01979832436586014
0.25151500731875276
-0.07052947872690321
-0.15745804546114783
-0.10981610935769544
0.0669982678260559
-0.24451630052479859
-0.08479945515124226
0.05328768156676491
-0.08030813031541327
-0.022027952144791793
-0.12246054791354062
0.10319433672580591
0.17921262144859593
-0.1850072450277056
0.2082883127284932
0.07334320141041516
-0.12005345403208273
-0.019306941322067735
-0.034235632894018736
-0.15532773034429873
-0.1229425882143894
-0.08359730940105661
-0.13146962629057382
-0.21699564683306355
0.33085545434613617
0.02112862002155113
0.01215906204632924
-0.012619135467711205
0.20549341067576252
0.13711245484019874
-0.0157316663476058
-0.021943157240132488
-0.34605196069188743
0.10773535973142268
0.07181861358162589
0.01959919738325356
0.08387268578823039
0.23862624228342777
-0.11931505961310372
0.06210712357708033
-0.004220732928471447
-0.008982603257500709
-0.14950760714401054
-0.09166388425529869
0.12973586270379592
-0.3275726087864125
-0.170014470594164
0.03952688975084121
-0.06066955131600513
-0.017364301399865535
-0.13002094170018283
-0.07705048028377555
-0.08148073854647678
-0.09847402989344467
-0.2681820780533444
-0.07536572632504206
-0.06622301821696289
-0.029101330049711927
0.10767526642848615
0.07621557910614536
-0.03351122698646938
0.09722159461956953
0.12099923934302106
-0.013361111939822489
0.01950403163005968
0.02126653474519208
0.0878052562170717
-0.1353067002872947
-0.32768109611765156
-0.10378442062340161
0.09792611105598434
-0.04158064061977409
-0.15675607242564799
-0.24428617987893508
-0.06682170059826596
-0.03855367767243741
-0.19137156850584353
-0.013807821603967884
-0.0785410902391282
0.08946675949280132
-0.10426720316104966
0.15020431499501075
0.17291589586239337
0.11215979710971481
-0.007942366629817581
0.004994666232570467
0.29835137659981736
0.0008253040798013037
-0.05804818472290261
0.09202151091407586
0.46492939668886807
0.018002659223049954
0.18847991959583557
-0.16792849189027467
-0.10971679097327822
0.022769652231286287
0.08019895567954437
0.14372568396861124
0.0030717054674018287
-0.10299181615130987
-0.13188779891812633
-0.09279658790658309
-0.18917200388985503
-0.03351685561992321
-0.037446007143236495
0.07025171927882783
0.2043552789605076
0.0773412147841528
0.24146124291478602
-0.01730235327104141
-0.09097863124114174
-0.05176432479909955
0.3534239077446309
0.05787688233183312
-0.192064844683346
-0.025337996532783385
-0.05675410418302572
0.2577504350437212
0.1646901880002984
-0.0598761156532569
-0.2169723411304292
-0.16952056889914344
0.01421499826904246
-0.1947377269637422
0.23659681612561684
-0.007752478298356915
0.17759736297914672
-0.03423767047427542
0.29795924139869995
0.566950358141561
0.1589890007932257
-0.04707362874722378
-0.04605943105021245
0.0855896365496488
-0.05491573504664446
-0.19180753158039776
-0.09832383579461632
-0.0470261876280636
0.23643224531363274
-0.06475160907222527
0.1412918106689672
-0.2040967707978898
-0.2284123104143983
-0.026403516028300857
0.08826462006188693
0.0990517434097612
0.03896795603973098
0.0736955702268861
-0.11106118167381386
-0.2016205004770137
0.06461026494147284
0.1521567428901603
-0.10007892170173327
0.07294114958559238
-0.012172312023661432
-0.053219229024072154
0.13292959950717326
0.023507626705334014
0.12280637634116248
-0.07009905893402718
0.29357781995123555
0.20086733531504658
-0.10234187722401339
0.034298325465002395
-0.19985781168740588
-0.016338312266939176
0.17900892312267652
-0.18216363025846305
0.01614779691007513
0.007615393441263133
-0.009343221764857971
-0.008172044647070649
-0.06307033129568675
-0.30580246901172725
-0.014861271585813896
0.022712073777580874
0.008011052053498006
-0.2247602827402193
0.13035112748973318
-0.14766094189466436
-0.1858862329586475
-0.05010632587161623
-0.28402793318352415
-0.19241897016059611
-0.2864517350993377
0.08571654966374875
-0.1344162164464106
-0.09651489114197935
0.29647585678832084
-0.004761821089524648
-0.16568999627345798
0.11419843842276756
-0.1333797593768898
-0.13690488341995252
0.1073013954365583
-0.09161228712764191
-0.20105116682007187
0.054321528714189625
0.0065817939897608434
0.07313462147123122
0.04655800557922455
-0.20852517113471547
-0.016519731033840114
-0.22493436576131007
0.2964898074822456
0.14468617619592902
-0.07534213881914263
0.1325575559294871
0.05131646008230026
0.0750273967180779
0.27881457754522937
0.006132757040630318
0.11070722943754477
-0.0033989935814534343
-0.047101766255623574
-0.2761083799868274
-0.07601523035061233
-0.11084466970077814
0.08452667645099866
-0.10510355860996386
0.12702665063576174
0.2735489074687638
-0.15288746916816423
-0.13233555075227507
-0.09804173101122658
0.029482124431715176
-0.17130551437157485
0.04939350906877033
-0.22148562030051033
-0.011838686889197673
0.09524700195219275
-0.10684875066496208
-0.06978990410256154
-0.28092931589998443
0.03006626975901796
0.039596080254349145
0.010975350189747372
-0.24591131361749063
-0.05214690693895254
0.024257217401297056
0.3597159314982077
-0.1889552621830202
-0.11562195658702695
0.007541994847172255
0.0654576403319304
-0.1747298719981984
-0.14307498631046858
-0.15838831760727703
0.1061864332991788
0.013521533738078463
-0.26672795429571594
0.12464539677421638
0.033646407617759756
-0.3316562209267072
-0.1103010915920077
-0.06507875321905218
0.11794997931774234
-0.10790357227752022
0.06858863137904891
0.1434651153979996
0.11166317120960773
0.14342404624223465
-0.02511409128325678
0.0352401889340288
0.10721482584873822
-0.13859630864874686
-0.22484559466809378
0.010254824758914673
0.25758038652767806
-0.13179729840137122
0.2806388972494092
-0.03820854855078324
-0.08701157669690875
-0.03152948196113345
0.04359103331607609
-0.1313870467502295
-0.13225052455037178
-0.09783429869586481
0.14451804146785147
-0.0967388743855378
0.15402550631480524
0.048238782061682896
0.22622900092816814
-0.01581088425611968
0.15962184442892116
-0.08336739781038288
-0.15960813136176216
-0.141263968924308
0.13801506026953891
0.027761186339528596
-0.02321210857603578
-0.013781914560330597
-0.1919893280378876
0.10728439350027484
0.1148520200388486
-0.047349208709282144
0.08878935632227691
0.04834107779326911
-0.19569388193455783
0.1790479165778689
-0.04767493068906895
-0.03130200545486122
-0.17502989247526554
0.15679347421568612
-0.056458875406618717
-0.03717260566367259
0.12015546995674961
-0.11916801035878667
-0.11499756417536632
0.08270086168836385
0.1485425973093894
-0.17382195170784676
0.08220783013391195
-0.011235867340292126
0.23113889871440113
0.20501549322428006
0.07409418676232182
-0.13647405735074183
0.030559714706615674
-0.026515139955263424
0.032554742156065034
0.38098578584021386
-0.08050091730306069
-0.010079193449367547
-0.29523730782843166
0.12498931691026782
-0.19772845780727566
0.10227829404330711
0.19858674737669096
0.07282006372511787
0.0704036416961455
0.041119576327756084
-0.0145407018751874
0.05468288141682577
-0.34944558547008725
0.11208773907446004
-0.15671275346375604
-0.38351243528107526
0.05306456381247445
0.22276454457976266
0.3262192948578148
-0.20035023183894826
-0.15819492007803518
-0.011173965782085979
0.042876083443412163
0.07262132208210113
0.07002750858021102
-0.18790370769596615
0.012188377997671113
0.05695843637999445
0.1363631138287989
0.14259723208980915
0.2193441007228616
0.003020225829628668
-0.29085033868648036
0.17221079352389798
0.03455795076229633
-0.0006052633644780749
0.17600226131150634
0.0861178674734921
-0.15686097382640388
-0.16213400820571153
-0.16780190864408123
-0.055684940164315314
0.0652608824624779
0.160542529893003
0.16140083115852424
-0.2333725099156267
0.07595309271330769
0.17913023221701369
-0.026429493964514047
-0.010357306767236184
-0.27077669036360624
-0.2052635176218977
-0.2751060927173363
0.02640124638786868
-0.20490528568482788
0.11618940679714812
0.06048387845368603
-0.20492937942116948
0.03621340582321845
0.086214113148665
0.1183161322523742
0.31873148019701
-0.11868885853436066
0.1865949521014434
0.02563677428097245
0.06340435465358155
-0.33652392833211475
-0.17652486440752443
0.08910182146338347
-0.06157207236371019
-0.127541155883208
0.03484666107538096
0.15158478338384687
-0.09070774214704685
0.010449283763794327
0.08777738649260584
-0.21886663487262373
0.14134597201978438
-0.22109316547406904
0.06514567503403083
-0.14951232140372803
0.034670226115833064
0.11047963561679537
-0.021006482925071412
-0.14843397614150117
-0.22589820780872974
0.053911746556499385
0.11497575561444902
0.07005570152310157
0.13316536692351158
-0.1102174432885338
-0.1384899162242206
0.2128481050741409
0.015346221458074731
0.03113927244843547
0.336728586974825
0.15557976609463828
0.15782751133699913
-0.0033294939278998626
0.09871977935255416
0.07574928901936828
-0.007861705576259547
0.011883534024913399
-0.04069379277571503
0.19754098635955006
0.044646412751277474
-0.03664815157071072
0.25038545211231467
0.13856132226187654
-0.12932767646456186
-0.09508485154014568
-0.08928791155559992
0.05044244028120864
0.012587506777450599
-0.0921821801176938
-0.10334946910851324
-0.03666918188213272
0.18113696128748386
0.14346215425814363
0.26021955473674874
-0.06288291294880193
0.08640842482306386
0.14035405413618784
-0.06934231073001544
0.051286769637619085
0.09624820246628084
0.06416979820064013
0.2661308429698494
0.06871933773380233
0.376116759293193
0.023980317922022484
-0.16764100721979328
0.024776677912630937
0.19021265043955066
-0.09824029655154032
0.07905245298867655
0.04402840766894018
-0.14258708454332464
0.1584873096779828
-0.04850803935414435
-0.0349017577961366
-0.11378832779417752
-0.14369068934583346
-0.09702921385087683
0.03163460913080141
0.046857063782228404
-0.10692968951297666
0.07455637090426646
-0.12823347848363809
0.14793987239578613
0.0026092477549585187
-0.6467770358545414
0.4669000330571734
0.3220209281670198
-0.08054084184835503
-0.04317612124857604
0.07514363055652595
0.18781791204853593
0.06955250460861766
-0.12234809011551556
-0.1399451352589676
0.09639030807291778
0.037159375384727286
0.14883336892117038
0.06710769579388697
0.13207512582073813
-0.11307264051050231
-0.07715565048716352
-0.3497175501677588
-0.01846040397089356
-0.19155244223334844
0.041355902385682985
0.013454527858336802
-0.21225591672232116
0.14256153412954373
0.14288984006074332
0.020298262410230576
-0.07623857218047567
-0.19235399999303354
-0.06016908257936208
0.0845870714493456
0.1539293761588957
0.02870085329372992
0.08274480062860456
0.22643799093096437
-0.07079929026704106
0.1861797650517251
0.09100225536014013
0.10463388465265264
-0.06188659928314516
0.017405480069443435
-0.04396569010322381
0.37367252896794456
0.1507552988511289
0.26004948375016634
0.2948981110890012
0.15247823854167508
0.21371700054927112
-0.2087316115402447
-0.04963942077429412
-0.24384925242289204
-0.011177006356088886
0.20796980449953992
0.08534602297367024
0.08199219285804417
0.07649313883868492
0.0977041111480519
0.12375773376138154
0.2905926116320512
0.1982788050775335
0.04160596626281652
0.010255542345867792
-0.01511428632954775
0.10715849421933618
-0.0869802309886904
-0.0454129199681989
0.12571264679904495
-0.3754981444172628
0.12873719444480952
0.001121008787350157
-0.14691231383384948
-0.052414951021441086
-0.021828928228289992
-0.044537729560575175
0.17683551519587756
0.08374672630413606
0.04957487800662021
-0.034235029540635314
0.19472649800119077
0.015824371117966574
0.07693407070131199
-0.06521432318439249
0.024611924032319488
0.18234821784777053
-0.09006262962986844
-0.08133166477242865
-0.07698560065514252
-0.20599628922952493
0.07180797933205442
-0.16493600566427452
0.1107128455283204
0.07113200481393014
0.015771804100193413
0.22551456042683882
-0.008674059770901979
-0.08184698650337216
0.2223977587213525
0.26486231178522857
-0.029826478578999085
0.13456619496556596
0.17452594389769627
0.009011099104799669
-0.039470601643197246
0.06712645672915778
-0.046289300817810936
-0.002474610455117698
0.12777610233619438
0.02105605007353257
0.005000539066851097
0.1883326947207381
-0.06730182984118832
0.008344780975528869
-0.05661639656450809
0.03315913228801022
0.06132079901504555
0.23713976187538155
-0.016059497580869112
0.16394453327229186
-0.06329622007171931
0.051231753673231434
0.09088661036820178
0.06458174560525039
-0.35393558207639
0.007884728409996303
0.205638326247121
0.025371576049409424
-0.030343029103693357
-0.11135232428051729
-0.0983468036970521
-0.17346317587307836
0.32028778569308214
0.19651777728009434
-0.05379120675008994
-0.034484342122679444
0.025642092749585715
0.1563647731444921
0.08432781263310733
-0.12828751178605532
-0.031318690401677916
-0.17193004244430896
0.060259083297513026
-0.057527089367525555
0.15122146346649362
-0.019395544947792543
0.07140502100277357
0.047733932994743426
-0.34621660498314855
-0.014829597576448136
0.08976330452859686
0.1061179168865489
0.10836531457826909
-0.06369398604718608
-0.21426588459750548
-0.044088031581606985
-0.11206610107818024
-0.21799144420772615
0.09242680616112409
0.08263117592292782
-0.08857308874983082
0.1689585922521159
-0.25974983694031756
-0.19064076658523949
0.0107077438468794
0.009233158940591632
0.031751993890016164
-0.1183701719171886
0.11532250698253586
0.18769548129332048
-0.1926071658147583
-0.007461961273006293
0.2541037193185176
0.0671867615866096
0.2703612081363042
-0.0794565768110629
0.05392330779180683
-0.11543047639012127
-0.21223189152737257
-0.06665199322446125
-0.27846092673024225
0.133342014074
-0.025186596465668506
0.06167571668376296
-0.17266825179559822
-0.016718346769148434
0.01998628205372393
0.0618827022677205
0.058196400664552714
0.11172005838776251
0.19460266843608615
-0.10848845088689013
-0.1252125601720741
-0.014499327503859879
-0.16983151247683742
-0.18531212690247964
-0.10324427733340887
0.14005191801102138
-0.1421090940225018
0.061475211210799255
-0.14508880323642492
0.1628157706508097
0.10006585476008678
-0.1053386447359617
0.08790623326854578
-0.18747771859348217
-0.11880360425142981
-0.30710404703842453
0.011341606213471531
-0.06932642546138905
-0.11695704906329012
-0.12582657906154024
0.055262323384010596
0.11812836151043199
0.1689476040081637
-0.05325327529752029
-0.19820828232169624
-0.34482836496106506
-0.15363479094511648
0.19978921707282346
-0.13919891170092977
-0.20138308872409091
-0.10296104252541974
-0.015202875401546188
-0.13560008874363794
-0.17007902792684568
-0.03568646272456416
-0.0025497013423971164
0.22142264719424062
-0.19422624438978334
-0.06474811160458359
-0.08260567480707287
-0.07685044420983118
-0.3104172049800099
0.14220028959712094
-0.14111526448593573
-0.21552206864493395
0.15938684953511556
0.021140624550332304
-0.0867392184859779
-0.14431652791182284
-0.021704215818775057
-0.215719625460296
0.08124113813387171
-0.1242856605765794
-0.04709240758575742
-0.10010870113049003
0.06364601458264099
0.2573742358048176
-0.2124676756813316
0.279719480188945
-0.02685638046248188
0.21881146729761097
-0.03712213550127836
-0.11386070420285523
0.10099949351297602
-0.30847276541886764
-0.10770379412165451
0.03830651139221321
0.08505025772723236
0.01851191771245123
-0.1506588000992577
0.06826621495856071
-0.0694065038691908
0.18011620310420498
0.0727532853788738
-0.29368916255269534
0.07922076398920831
0.37693724754456603
0.032571229776955916
0.0019483176012636617
-0.03055610576918348
-0.1775349477145624
-0.01098002909883178
-0.10911785015246729
-0.043973911355265266
-0.0014621810367442046
0.0028813719479045662
0.04330778426618923
-0.16057022024563175
0.1270465273674129
-0.12687394230486868
-0.06069821051763739
0.022930780339401314
0.09538616132872375
-0.15187163606170104
0.22210686863187232
0.16812649889051673
-0.23473823893115775
0.09928580828625444
-0.12155751504965674
-0.1350095837978109
-0.0517961359981497
0.07460670267466699
0.11653158346626129
-0.26332366048000316
0.06903252458701607
-0.15872695699013256
-0.011844646781284574
-0.06359197792631716
0.04639420651693827
-0.05103341252438411
0.15012066021034862
-0.11803723961493826
-0.01455441378830827
-0.033770660360960866
0.24728671645526085
0.011044052599851471
-0.01527276199454733
0.19541351932178883
-0.00883540279342117
-0.04278757372747999
0.05461700765075847
0.034115328674975076
-0.277841407376676
0.0802200004403523
-0.23044428642821277
-0.014765051277396041
0.15333676444769118
-0.1561158103478372
0.013141998528227219
-0.27126741745191063
0.004122173233771707
-0.457254128176398
0.02074469603713351
-0.19632680584817166
-0.10405036590958303
-0.14513182759586193
0.13601501648617526
-0.25962379144367576
0.011925668670634429
0.028857977605768036
0.05129472835182957
0.19742825423090216
0.1826297688551559
-0.024981537817731214
-0.05702950941175995
-0.03573314812251191
-0.17783206500447904
-0.11071879055738654
-0.003903705008496958
0.0190279420729335
0.08377992185619997
-0.24399553458354553
0.15359847248214664
0.049693809410989505
0.05633924042879674
-0.09138476298978948
0.053379462005475865
-0.04894017215540656
-0.087381841242647
-0.024868042489547035
0.3336359144121919
-0.21714170521314266
0.07148707782674354
-0.3895953202833524
-0.3140653141484271
-0.17756897725628398
0.006014919959562689
0.1264993431492392
0.050493078842719315
0.14861032668136354
0.11712507344760474
0.00034398901526137154
0.02425373094470307
-0.21394521431825322
-0.21137628557250454
0.15763667005070708
0.09947702420064353
0.13056160670942024
-0.05978349463511394
-0.32423294676941
-0.04229047781945416
-0.08859599286032506
-0.19467158585156288
0.23887582794132906
-0.16512989783412046
0.11817296885243028
-0.08483067649400375
-0.2536743415052112
0.07460885951918131
-0.22806475363715017
0.009540076018354637
0.12822511728507235
0.10831965803127863
-0.16663439874031002
0.19378844542511478
-0.1088715326572846
-0.11282909049660025
-0.09252864335840805
0.11910086185185
0.03528151301974897
0.10097765828349085
0.010684364449140773
0.05494111082467105
0.17444291690785202
-0.05277665623122412
-0.23585971146730433
0.3868678260007093
-0.19176150179978235
0.0038885464633283072
-0.017456540833035113
0.05872890273018958
0.017097010444737094
-0.22985205774455914
0.20855174282853522
0.12414952779511519
-0.03770148245875316
0.15945603919374401
-0.136931900519311
0.05469263812229771
0.21186222872541016
0.197982586019154
-0.019352466539030107
0.049173894708321425
-0.012644667352131832
0.37474061609358233
-0.23259175270734328
-0.009283691366845417
0.02422210899940567
-0.20366226059575393
-0.1491175037798295
0.04701944340448909
0.1414575446834726
0.13399558942097023
-0.17073030559954852
-0.28331064631636427
-0.07536018488372123
-0.20703340341780113
-0.2963443103871772
-0.014489611909740775
0.019200113756649696
0.011514729417874252
-0.020234639401900276
-0.3436096239774326
-0.18902116110876635
-0.05269262803500601
0.13077658606080245
-0.17042626659172508
-0.09921637956924932
0.333437609247065
-0.01261949252597885
0.09057518167923721
0.015704446783621904
-0.1297090000084391
0.1746783805787836
0.1417723138605915
0.2170712290400229
0.032146460952053764
0.06778717829397564
0.037823994542953224
-0.18442419328682313
-0.1291788556541826
-0.07169068590160084
-0.0996503505911624
-0.0006737700286115985
-0.21858453150089094
0.258758410066434
0.11066815701998517
-0.09726509219689744
0.029652470905284854
-0.08124573422159774
0.14002309421521641
-0.08477970175583732
0.21483209558857236
-0.12769311735546932
-0.22384739772601006
-0.22023196225373898
-0.15692670488435967
-0.040128573606580675
-0.0253866428387452
-0.3570732079673249
-0.05298996996548667
-0.047401138586050794
0.09262825915727867
0.022816776479179304
0.08284583890484436
0.006839711540928179
-0.08557113530004519
0.06202587442692951
-0.1677426594158269
0.042436512514204695
0.09239093748161883
-0.23342235058752522
-0.005806949777395743
0.13687431216469823
-0.11083857390675443
0.03182050234996783
0.029112666745135782
0.019664710239625918
-0.08077281991795782
0.14702756555083632
-0.07202322338146828
0.07250126120427282
-0.03783120491284412
-0.2493412794033661
-0.03694865073908039
-0.1275065296753344
0.028083656143842384
0.2298598679815835
-0.1105012287303188
0.11741330609285026
-0.176149430315363
-0.006234725253940839
-0.009666276715045484
-0.3218159518344709
0.018748637708735836
-0.057449900019788294
-0.026093180191263287
0.24350729268173796
0.16281531011728245
-0.11848172255492094
0.0190025946203551
0.035003227198635835
-0.07881576248518786
0.046695976145222695
-0.007238452021959435
-0.08911803926794074
-0.031645599158160544
-0.053892077021314225
-0.09966139888750841
-0.11925785817287436
-0.09624297504572983
0.05241823962099143
-0.08858621359532312
-0.1833968382775598
0.006267156542659377
-0.02801072076994343
-0.187660856194894
-0.008137649641273769
-0.07437556990128218
-0.23193309390860972
-0.2388849711064705
0.04116336720797384
-0.4198248551738986
0.03939955073938844
0.25532334248842536
0.07567505689606967
-0.11826907848291371
0.16208500202774376
0.07345139525677966
0.3270579609071487
-0.2309725020880753
0.13829228119746206
0.2574127706516396
-0.22106814628537264
0.23111943969568358
-0.10945392008256134
-0.04935542750523506
-0.4661493136704178
-0.09150023911910742
0.031343536891237665
0.4044118353288834
0.0036320297199794573
-0.03324792445255935
-0.07779627542246148
0.026583614086186733
0.23582936810916102
0.22692386409667295
0.0954869624231169
-0.03156836580675508
-0.09547249444619729
0.0963857325600358
-0.14061007685608587
-0.028381466765112173
-0.3013771925758637
0.169522669763846
-0.2441958123490474
-0.2590038942684574
-0.07308727525598782
-0.4619630048395545
-0.5174783642921715
-0.35004517824316217
0.09219107174972084
0.21679685974177543
-0.040904464776959026
-0.10828170764005395
0.1172954800757316
-0.01817627349109752
-0.14974358796048692
0.14802765607899046
-0.24584937618631608
-0.11401054675888787
-0.23751949209792955
-0.1069876150114496
0.05404829691913691
-0.17378638554362774
-0.052706475670067685
-0.07684891375861212
0.23520073435807054
0.09313425060496619
0.05661356478552527
0.0859851166256348
-0.24633586248739017
-0.0069590451434716
-0.18509029231917457
0.1851411112706659
0.14681531748601337
0.16936923923081293
-0.1681961594705118
0.18563436091216157
0.09800117618736623
-0.15494135216359217
0.1401313369883795
0.20261206898599587
-0.04360355670824589
-0.09473003746198834
0.015434168328275794
0.05579444576316695
0.03441667354791836
-0.059669504982971334
-0.05405575867040099
-0.09232984924104905
-0.3118963706656232
-0.19289396275956613
-0.09287550671128034
0.1451011096620957
-0.07183565575646203
0.018767955220984508
-0.0519782153468755
-0.14421661128197621
0.1036239744991048
-0.2026497958550417
-0.1550560316122841
0.22807560298398685
-0.04676096681116567
-0.1163290195937712
0.14991127781822403
0.23966352991567969
0.11987136574192625
-0.18164534566964272
-0.2723188915521116
-0.037864850608753504
-0.11862686908733577
-0.14322359720463393
-0.1864816051783719
0.25614163877833845
-0.13888618408083858
-0.13910283855504546
0.10217482135593647
-0.05680811281615766
0.2892611269668444
0.17302780623612685
0.13932362018404706
0.062245614588896235
-0.10027346838405764
0.20700151453458915
-0.028280082781421974
0.11227458316325259
0.12180229823135673
0.05721142804068781
0.007758133054954937
0.010873127269824033
0.0721103207438286
0.016727024892422046
-0.1491582871263325
-0.10935022838121848
-0.11203120539182755
0.1728816245080484
-0.017958383553667554
0.16704589728775954
0.10770451430455798
0.0830546673040202
0.03803112170407703
-0.03621530945411333
0.16050461930537868
-0.11971989926646108
0.012301055092001958
-0.14181545808598683
0.1253712616015516
-0.04730978397481057
0.07454268541406071
-0.14281432721652645
0.07361488318410166
0.2144133519748828
0.02460735687531278
0.013518367720688576
-0.3938503236289222
-0.08935768394137228
-0.036450212321668
-0.09856220320165908
0.32503390597148574
0.10471688607588703
0.03184003289131296
-0.11160820262463886
-0.0281644648171722
-0.01690454608881344
-0.033284708732091085
-0.03467586946000461
-0.21905521550948323
-0.10545811397775802
0.00966337789597523
-0.04320250096910919
0.013296327371106373
0.17942371751949135
-0.1477857576040546
-0.17127769649247623
-0.1379220194494829
-0.02879759713653576
-0.13573919364579265
0.11715153695084132
0.2032380315965061
0.3872636888409732
0.291531350424945
0.10267928896178329
-0.19527657737507761
-0.029731231471422655
0.011683207581735107
0.00836800711196094
0.030842951622820695
-0.08313566149109274
0.013113192977962125
0.07978806866452164
0.021376742588947666
0.10570725275604391
0.03183299678351731
0.1829752774684392
0.09718731919112761
0.04580466765471383
-0.3406355238788336
-0.15248196156759805
-0.1302671499256586
-0.11137348277740305
-0.14307953797127168
0.17649379982200808
-0.06756348373619966
-0.15461155191168457
0.02370291192112551
-0.07048327757916494
-0.20096456165968066
0.12787798847236884
0.11615328206716276
-0.04778197409130963
-0.00742934462628723
-0.004860631892127461
0.012473276549546754
0.016730931347662337
0.22657813969278315
0.04008895549126194
-0.2612074254518627
0.09631682127736656
-0.21670026413957288
-0.2297403590565116
0.08694402373988078
0.15219068369421132
-0.016667210565746327
0.14664349190911438
0.24387332056267522
-0.021046044579507282
0.15833696571056652
-0.07842130573066916
0.056032330025734184
0.0015208765324756825
-0.15969977750015085
0.0591255091426558
0.03526326457695211
0.08736615833299728
0.05528829970713837
0.08854281572801345
-0.24270741376770105
0.0016106993855823748
0.09532814893429756
-0.24223689240370114
-0.16084792412426827
0.31290871382598967
0.0869074910877938
0.3270846809610575
-0.05099365264526651
-0.0784046964247647
0.21740265781838872
-0.11352418159215964
0.2455940248754377
-0.005623854552398226
0.06272098104195699
0.04645748095098856
-0.1823670135648983
0.03953632947237167
0.06066904723767619
0.10099822864047149
0.12038435955330057
-0.014369622602832987
0.10036508260625013
-0.23790891735361408
0.015121803437117949
0.2794931903541859
-0.07874411157293494
0.023151010254846418
0.11773228821224435
0.06025077356509613
-0.1686890127770753
0.08523330835038526
-0.06906115387396648
-0.18660833952981754
-0.10150344963581008
-0.0447349645006829
-0.04376297071356432
0.04666678033729376
0.09766559933572874
-0.1899810755116106
-0.07991296097713922
0.033513454676219544
-0.09352528488850408
-0.0777999447326933
-0.13248053006610885
-0.24304631256262868
0.00806203378444447
-0.1138827093522085
-0.015481158425105071
0.07432735821795282
0.17076812285388207
-0.020908925981632673
0.015338119690813381
-0.135560806321179
-0.17986307589930578
0.061087731143621454
-0.15776194456267875
0.22029440336213432
0.20596287626315282
-0.014771755529455984
-0.09142697590823892
0.11288104741294333
0.1751055250030214
-0.13255102209502065
0.05631426959487373
0.15719358968782393
0.15287133773634062
0.08963586664177864
-0.03559626020066971
0.0073635425603798795
0.19865647590959584
-0.17063445952464673
-0.11505813513066175
0.03420498135898912
0.06563809636851221
0.1404587374512862
0.038779217779592
0.05977356411012682
-0.12536983845877225
-0.4236768765503506
-0.02941979713843041
0.23735281886349915
-0.2101764320021101
0.13415506689106596
-0.06445087438282143
0.06822163605701205
0.137106144815448
0.004201194639237687
-0.05164776974073135
0.10282452564629482
0.14883858030614458
-0.011971291858618954
0.24761118075864558
-0.0341965622718492
0.05554820370283024
0.07948065091824248
0.23475558419227238
0.16157377738082168
-0.07712158708176277
-0.3035656798844484
0.005579251689485463
-0.00762633100292417
0.06156851680429592
0.007735332158463618
-0.07857328768681875
0.18502030242437456
-0.2551662993456764
0.14899712447307
0.15902835625080328
-0.12176495073425418
-0.030847279835370237
0.11717774304766816
0.09744385816272012
0.10194730323625091
-0.08374590663022342
0.2719045177181932
-0.0901156094815039
0.23831608217956188
0.09105229564169343
-0.14149041867560228
0.04200776734510458
0.021389962368823224
-0.15144955707502214
-0.01734622068737261
-0.29049630634252144
0.022042472770602044
0.03468473884229487
-0.0107994591053011
0.005142432137976504
-0.34599716217875875
-0.06448692522872446
-0.06778802210462448
-0.09882258446873564
-0.024927851992598653
0.17723557967955916
-0.05818997446953791
-0.18543097131604627
-0.18428355471752778
0.2942753564135161
-0.12472006572829887
-0.3222847753236282
-0.005114078153233185
-0.0580752479796182
0.07316355033042203
0.06929604122382431
0.0011961840910673766
-0.14569938647058162
0.042712418474915956
0.12233339298245317
-0.04437144663401137
0.09418163917352497
-0.0460002576372273
-0.23866521730137122
0.006242920562363209
0.36735999415979786
-0.3103965696810414
0.0793281032556767
-0.3146182549521275
0.1599978290691737
-0.4334670312465466
0.14521267172593225
-0.03030240132955164
-0.34433222048388606
0.07072120543562371
0.052815105427026776
-0.24847822941653827
-0.09205983197617662
-0.11096367555122728
-0.15596773832570943
-0.24521638086690767
-0.057347695889454965
-0.04232259388000448
0.06294964716893593
0.1483066692685629
0.15460230406972159
-0.25266078899115024
-0.02636687522148935
-0.05842773422843144
0.07876678019440932
0.11787084933904558
-0.041862728857344475
-0.12751539536467502
0.3694733299041585
-0.23219919838526534
0.27983354341625793
0.006469381175793053
0.22485059316197625
0.027039725798989545
-0.1744336752262108
-0.1384170107183753
-0.20056288707242373
0.061408973538374406
-0.11455195781077139
-0.15892504130545423
-0.071338071378166
0.12398432297517929
-0.22516549541303615
0.03797432691663183
-0.13745216473048888
-0.09906827534901781
0.13327995178548085
0.002600027802425849
0.004206635570523905
0.030405325654816955
0.006867592734663293
-0.011227415099609762
0.17018941477448601
-0.0722683404123147
-0.06690035735600557
-0.12453126186537193
-0.19316874860225147
-0.0013726271388879979
-0.18751693655679402
0.026129417165918007
-0.02824894891602837
0.05393549819223847
-0.31500752127272114
-0.2671984884356937
0.037214311602821286
-0.042484049892030105
-0.09049275497864413
0.1966637926575983
0.13627326666021583
-0.123836850448328
-0.056745934240813735
-0.01119826129427479
0.036078100950262336
0.08514216302998413
-0.015194499652268443
0.1187056197895367
0.11254187665164062
-0.045526023908804794
-0.02994742284003193
-0.026506530371198198
0.10395886522574503
0.13220557115185422
-0.022650085059952658
0.12285157006714428
-0.1389723877596317
-0.13900429817222085
0.06811226295527564
0.1407932633159101
0.10736137895384582
-0.0837762875601813
-0.0578819309785007
-0.24069223161897343
-0.09752395839884
-0.18143953435320706
0.026223248123266575
-0.03000572193844757
0.04247491815276722
0.1865006268206744
0.03752472717983599
-0.38892729568973744
0.022543324846650604
0.13082720379754642
0.04375831982157197
0.05540948541878734
-0.15719467314120614
0.00946821539869682
0.01500209241488348
-0.28052855243308333
0.16234116490210362
-0.004086355383809506
0.02766941176861518
-0.12431624466485358
0.08688522481267484
-0.3501144555993238
0.1157542428036128
0.049868416221673526
0.007785680779040576
-0.04155140246357836
-0.06489047242935408
0.21018600073870544
-0.003671915491865622
-0.009996647804114306
-0.062365067541551
0.09635607194666726
-0.21852126352479775
0.2529295337619845
-0.11874864010047459
-0.3083925005498502
0.034501705125595694
-0.24239777260136125
0.06957368836917649
-0.16348327248907693
-0.13311423324148883
0.1596461128730205
-0.20527468034707672
-0.10673693028390291
-0.11293823881547754
0.09895403791272922
-0.05883304435117278
-0.11102639119375726
-0.11280512903231081
-0.07122033952836038
0.01787185082074285
-0.2911907736122882
0.1464316833401874
-0.12195122402723237
-0.13540860662994927
0.0435240678378643
-0.09333968704692935
-0.18624217339898266
-0.021302103949850115
-0.08674683172799964
0.12790404779444253
-0.0018551203559267868
0.01526259369984101
0.1953970156556051
0.2311990623865548
0.03565195211774122
-0.1384398884958085
-0.04568879383913586
-0.045254306951940326
0.18058746618565996
0.10643867264066405
-0.13210325545213666
-0.14218550129385082
-0.07978126359624982
0.16589116676872054
0.07290223992919821
-0.05096227876192296
-0.1891125837767046
0.016555960150403146
-0.25463425347336294
-0.12464647640018375
0.0380104536949879
-0.2899814865615305
-0.013067305474768986
0.05781573289859365
0.11151444503349223
0.014409575897817465
0.001866306113833366
0.0940510913738878
-0.3119835704567492
0.25169314882143057
-0.17107193536660717
-0.20503855083613823
0.14677371497422295
-0.056023265022849024
-0.027062278491522217
-0.0095344323985668
-0.20134700592597762
-0.1446196914263025
-0.04330712934400624
0.24049847186392834
0.11373477414600265
0.08054405286555283
-0.027668727239163443
0.14569505009816117
-0.27160757314476414
0.31816643814663864
0.05259693462391499
0.09735072009461512
0.1462746804860305
-0.08461993108163622
-0.03956410604919927
-0.05319867727675391
-0.03436684457557688
-0.05973955329899512
0.21424836201430578
0.1065753730425336
0.17248280428544996
0.1538689415900807
-0.20520657112791912
-0.12345771975364055
-0.09598623707043352
0.3221844061585665
-0.05885340392294768
-0.016992860808140733
0.05679082026384369
-0.05386800658153469
0.010960759345462713
-0.22025137223700397
-0.04265612748706991
0.0372004574990905
0.1965077301955376
0.05068150495716549
0.05319576634120342
-0.05577374125345073
0.1417231019907226
-0.1062207864863821
-0.2191950653852086
-0.12123362275316002
0.2075691063200121
0.18702741926878652
0.03163329266968136
-0.03330810460233493
0.020561039595912968
-0.08651654202684507
0.026909391965517407
-0.01538819336948816
-0.0031669589246955503
0.03847403461568884
0.24794189307332687
-0.047393733834851307
-0.1702600397905827
0.06818752776856273
-0.08353195687056801
0.29288112559285934
0.17224126071271437
-0.033110977919984665
0.09662363787414519
-0.17756207246839859
0.05622974108810391
-0.10188099324036047
0.18514368651076832
0.03598891098180247
-0.11240794847158005
0.12803894536863872
0.10531027390343368
-0.005346555990469558
-0.17804326151372404
0.18394154294366272
0.3356372506156079
0.001695825161696062
0.08284414888064853
0.12398186446440417
0.06292666953990275
-0.15885677514228155
0.16317530343213535
-0.06444168542698725
0.25565744834515475
0.04588030048068348
0.11251408342731721
-0.21464960584089976
-0.049059160067102925
0.026901550736654442
-0.07265559196692589
0.027229970610358305
0.15293045822580156
-0.19754091499225881
0.0495857035138395
-0.029061411649710055
0.25732939209947986
0.16602195497128094
0.020676808671875328
0.1305802523682269
-0.005620805212573237
-0.13097464569746348
0.2156121552312045
-0.08170913701705267
0.13810982750819636
-0.026354587384859053
0.11466600437545262
-0.0743343389093329
0.021468141974570767
0.14804916646088678
0.15608110578192888
-0.12794141563159928
-0.14629713424275945
0.12521808342006097
0.16071838227909455
0.19754019026037817
0.004435384083187397
-0.046312056742401034
0.11786570788064632
0.03816953813212848
0.1394220805173597
-0.011223960356188861
0.16630222245113638
0.1650973384272653
-0.09957756622305985
-0.08403890445087779
0.012042483872058906
0.1730053665759344
-0.1213064306497293
-0.009543970430022844
-0.20084231845832967
0.04609017368442985
0.04393578855263335
0.12184375901515579
0.23000523979058254
-0.01608085170983906
0.21765452124328397
-0.10330212747024442
-0.027241104075030897
-0.06390191342702434
0.06921638848396856
0.04936930919430749
0.07445313284622977
0.04395652567111796
0.24233993248856692
0.041340549196746366
0.07922826323033512
-0.23460136554454744
0.3005743063146726
-0.12500055232382776
-0.186611395294342
-0.08539481507827124
-0.08762851173512558
-0.1767610418729798
-0.04682137776065859
0.08575492391498728
-0.012504575274280835
0.004408135773830298
0.01891933359260832
0.2936381905771394
0.38179329671371837
0.073886500196107
-0.03344835092846209
-0.013347832311808385
0.05634476831207877
0.028223710129626902
-0.1396250540867698
-0.23776599453632666
0.050308996553417744
0.24489243337826838
0.05023227727885172
0.01946824091290906
-0.09189349948218893
0.08502968560399227
0.20633705143708692
0.039147131030290654
0.13289254321367766
-0.05625862006111165
0.2400855887842341
-0.18395624952776823
0.1724535758109734
0.13951007121099163
-0.2049717339953211
0.009532818593706594
-0.004151862486014822
0.08941348412701297
-0.13027463279651372
-0.08286443790219719
-0.004171741351461695
0.09877551788161335
0.14473515015933194
-0.020539331497032184
-0.05784283668028773
0.04193555744712838
0.056807074807275315
0.062053513392909765
0.06268701312328757
-0.06529337952894605
-0.09129132056778043
0.04951986425317406
0.11567437685904237
-0.09822364967740745
-0.07247337585436357
-0.14664587062478798
0.21993266321938726
-0.03477192588578438
0.37704684672611694
-0.07817298220351215
0.024904339942460923
-0.08273366992251245
-0.04659302301407141
0.14760800798792614
0.08611815365608347
-0.19911793606083372
-0.06358370267145932
0.08517364034888823
-0.003744183056062402
0.15523178432743157
-0.2936552529976378
-0.20860773307834812
0.041263646451664
-0.14323651724113057
0.033428934343179346
0.16691048446647616
-0.09107869471861565
0.11703459152553247
0.06639122724332192
0.1536245006677223
0.0910230455727882
-0.032607730512073926
-0.004874925154978942
-0.18773218115875917
0.0706302244382269
0.07809376776348369
0.05479198551211268
-0.306938216956613
-0.17038123339818442
0.14333188498228006
0.25360345293589887
-0.2565274034495025
0.1324766521088822
0.033626686128325374
0.25612947381520035
-0.194725761100131
-0.08405984838918368
-0.17433726700693328
-0.0993898009408094
-0.1187139881953881
-0.2556223029313934
0.09646086773913562
-0.040088942598378356
0.09266571958324837
0.07396151469993568
0.05615715894404784
0.1627199373379041
-0.10446715545958465
-0.01595255622164032
-0.01737194109092418
-0.14059082646112364
0.0144471052088667
-0.14570247602487477
0.3937770775540823
-0.0036999772725542363
-0.032635396262698235
-0.15534841938081867
0.04161676703939267
0.16242740753941023
0.07207069255753594
-0.07118332260298774
-0.15044014028270997
-0.2918247476031083
0.03947740258425594
0.1529986140063497
0.07924846333621081
0.08003711513191689
0.1069703624423924
-0.09580331195901792
-0.05467092127971415
-0.10063876087114415
-0.02568290122625849
-0.022312167902337084
-0.19335814983869976
0.31261254411441824
0.00024165051982212452
-0.0030144059398290266
0.029306954127656333
0.14403903700307896
0.07885210408291275
0.013361731329745018
-0.14218683045053215
0.04718319622974411
-0.13643898899440532
0.024298336922653277
0.0819951179367771
-0.011586085822794403
0.006886963868600118
-0.18226104832965997
-0.19815232043177758
0.04304398879323912
0.015171293426744264
-0.03220006502736652
-0.016578776876005792
-0.2700879352405934
0.11041260921912585
0.1662270831696714
0.04463767405358854
-0.32032089835322625
0.03378808288596692
0.1216857549639099
-0.19471441087463998
-0.21823901099489892
-0.05653213005766355
-0.2034147393503509
-0.204402605528915
-0.05164465814000222
-0.06884409265074695
0.00595126023328339
-0.10832424134446333
-0.013360813954633339
0.33812742577547455
0.002984984024628552
-0.24043508059178706
0.36567937130960093
-0.18845672688938675
0.05052737398862244
0.06611668457082137
-0.2554694201291918
-0.008875651038918953
0.042968241655645514
0.05514686931262028
0.1206162720690613
-0.23701483403856594
0.15438473786271562
0.109310942528966
0.16666424056116685
-0.07693148992313677
0.18319781114705963
-0.07193476993944833
0.16589772601168098
0.029221622285769747
0.018745477707821225
0.16472211097177036
0.0015327604051413022
-0.13836809717103457
-0.1436144912860308
-0.146197099569858
-0.048288025285872345
0.14817597521845616
0.015874915728097953
-0.11245715522932775
-0.04677995995647703
-0.0009130970089712873
0.09136993838691818
0.008613902057023877
-0.013248403022728072
0.23000541774835467
0.31430911145352053
-0.017462728590433248
-0.11551197668250095
0.041073683767186564
0.36042779211615794
-0.18510845423587086
0.08855867541816152
-0.015118843137596876
0.2449540700166132
-0.08434509916962914
0.18697848863170624
0.2002514442536309
-0.2238822522485654
-0.03654975280087755
-0.20194522734694764
0.13102927435902512
-0.07688631633529577
0.0743548787903755
0.017307540902784937
-0.21165137335203785
0.28873496588726744
0.12495517576386228
0.03370433947789075
0.10442537520785218
0.08215014314211028
-0.19843373570818593
-0.10800900744911941
-0.00661332511624306
-0.04877993042027157
0.006818861207299523
-0.13564332432377843
0.06330246433224851
0.33141250148589024
-0.1794495856491182
0.02874016896310885
0.1575588633448762
0.021355339851971467
-0.05871308390086679
-0.19205351364351225
-0.07980998477454831
0.042674696423316234
-0.0869246435133765
-0.2965161530420862
-0.0016672701140040165
0.03730073655869732
0.13322909356438165
-0.02820569917923828
0.2372428093582197
0.13765311851675782
-0.08327779249813654
-0.16393197149730107
-0.1334015472426483
0.13087698730251604
-0.16021509967963332
0.15968404153898272
0.00451075361597501
0.053501906798039275
0.059537072718147156
0.12762216728472098
0.04143777397056588
0.19624695684566068
-0.02968635519078771
0.06971072253059833
0.07187327692217726
-0.0622098531961534
0.12454274004721859
0.13771532187204144
-0.021587426260883658
-0.01966875433974966
-0.17877840158296376
-0.0035432652588217686
0.07136025384915573
-0.1265459507527482
-0.0266836124032468
0.1042318398270983
-0.47740762424542943
0.05718394218584665
-0.02497917763375618
-0.15641198143023477
0.0483116580808775
-0.2399580279586222
0.10830452713793552
0.1546827514089527
-0.13644240674858818
0.13948789658527808
-0.11301935237550254
-0.15339834183139645
-0.23155489194790885
-0.15719451967869533
-0.06507635815664731
-0.07280567798850796
0.024835464556204247
-0.2013435091086986
0.3119047646150975
-0.053287620608917306
0.15359566707907515
0.040279089400729634
-0.11989128632075133
0.06412948674330202
0.3396805036066396
0.2415845407824678
0.05676200872846083
0.12622178967846137
0.19741439392226207
-0.03755901675788797
0.0014575041544894938
-0.2680049381052276
-0.031880051522922094
0.19691534209741374
-0.032811011465258846
0.06432764325286992
-0.21067609438640464
-0.07790032662865602
0.23886745061473993
-0.06304279567009315
0.11165712866616316
-0.01801731679923719
0.10867114851386704
-0.011698872907373238
-0.06065149847940222
-0.08513237152531317
-0.12648854489249944
-0.19320410195853321
0.24762673854922884
-0.05266827421017441
0.09512967850236706
0.3583404434778125
-0.004215656884420438
-0.056773236294959915
0.03802657991041497
0.10937300629874325
-0.1892609633666233
-0.20446002942969746
0.04032868614970987
-0.035594698699566656
-0.1983688231614768
-0.02840842139967245
-0.029148884075174283
0.21427508935716527
0.0207914634600962
0.2117014631081154
0.06430909645701206
-0.16837515123963626
0.020742067811548456
-0.08006178964946913
0.10289034494257418
0.18770663930112844
-0.1433196846594558
-0.026402507021543162
-0.057652155695758975
-0.07368715457307862
-0.04267405440373827
0.08927515867972702
-0.10205702211608209
-0.2252717268591785
0.007357179548770342
0.17808220566387487
0.018369020940290245
0.027848452553365575
-0.2783937951673074
-0.15642037993942243
0.14832302482458365
-0.08783045915581186
-0.017101573991645053
0.03431125044763276
-0.1717142697744427
0.08063761522446403
-0.0012335197394998955
0.23222159623013228
-0.12138708052238113
-0.16362464954739078
0.12193910048690386
-0.14693034904878177
0.19213312921760878
-0.013916889572643013
-0.0896671377044092
0.23590413272066013
-0.02300887051912269
0.2519185988909856
0.20271252181911925
-0.20800544394334766
0.18681261954706158
-0.019661202421500452
0.13853854320468986
-0.11479029639475687
-0.30226342533866263
0.17189045076115425
0.004098012955409128
0.050272965734494156
0.04614021574924792
-0.299830033844298
-0.10884927834553468
-0.3012912913084733
-0.1626279372895032
0.27092542702921274
-0.07185194489080993
0.15969279230463232
-0.14992992955363452
0.012656000096520627
-0.009572205832475733
0.10853022306181886
-0.13250602545759788
-0.12418699611917385
0.18570966133535402
-0.17347855464575956
-0.013943071621703265
0.21350300724451865
-0.11177526397862707
0.03764452121325445
0.11175801079214732
-0.18827311434667293
0.17708447280586537
0.08100891675217406
0.10960041770419815
-0.304572206088857
0.006652135797108964
-0.10869205524636412
-0.04070649734901453
0.18232937243422653
0.0069336354051490676
-0.08835943900262078
-0.04946816581862811
-0.10357934522420573
0.1195754488093873
-0.26614857490970617
-0.09394349728396519
-0.18318215488181566
0.020248203761804754
-0.13440453535864444
0.1253297360063205
-0.23849968053361892
-0.07923794432464601
0.07261783869013877
-0.038610272619775406
0.13068358380360615
0.0009798322534039497
0.24543253827399591
0.1300391717836316
-0.1478709903287024
-0.010040003566452859
0.190721747922378
0.11299115249891481
0.13517359315953256
0.060672252115844705
-0.026050079696410322
0.23781335448041216
-0.27128418537460625
0.03191263350285241
0.10399221822121464
0.04518288242357664
0.2689343002779685
-0.027993601559531903
0.0011228450505119227
-0.1563744900369658
0.114788790678114
0.06709091154291484
-0.0598816461642659
-0.012013439000935811
0.14879205771671936
-0.013462535394753292
0.02864881301263294
0.10218350377597017
-0.0211859542956817
-0.038632028880038145
0.05910576352494446
0.07036065517766019
0.20808056468576372
0.01585804219006038
0.012663045032468213
-0.008738879093162844
0.04604691335598364
0.12733201944449538
-0.04721935159805401
-0.05488339127216913
-0.1594609185582937
-0.22827771886710935
0.004281758720159854
0.03449111442221368
-0.2327502453249537
0.1928942440392239
0.28964461977144684
0.142053016675305
-0.10541589470437583
0.07628199931103441
0.1004251443024711
-0.09685451795246847
0.0033965345443138723
-0.3627451810905731
0.2533708592861801
-0.1169349789062151
-0.22596678515913632
-0.003575047528067395
-0.023780461886483015
-0.030726751816278697
0.03886656349887731
-0.09126634814635179
-0.07414512872677272
-0.18801209916302172
0.08686315956369478
0.03211298509592333
0.0682536883307225
-0.13330045222727557
-0.25626261855455756
0.018113103160950012
-0.05754187855182258
0.20802401074122207
-0.06885077973574541
0.15935639258481055
-0.04239678328690963
0.05008879739303416
0.07037840585508197
0.03326241442831287
0.05587695344625572
-0.2977671770674768
-0.09163579309266927
0.157428487705243
0.012499392468026171
0.05431546356484568
0.051643385845634354
0.25368097137405093
-0.07352057945292112
0.1552698287595835
0.09049815379258846
-0.06040209526608763
0.03297911568852753
0.0851388775273691
-0.1538142519375597
0.016877276187467777
0.0628684363888837
0.3274921944865073
-0.07617616434739531
0.2342500516170286
0.07022212235193628
-0.11261114565519573
0.11271313253689683
-0.029242260599380288
-0.28058360492396317
-0.07664884888361888
-0.07174634574930717
-0.30409495547146903
0.009018913042220326
0.009494567218676662
-0.09730255498269973
-0.0310465506064429
-0.11507462258179986
-0.2385253949934358
-0.06190341717406367
0.057882760970128566
0.12042014276838471
0.2097114565609066
0.024219257261617083
-0.06695650510686815
-0.20355695561491932
0.10385166922155895
0.07834114405218343
0.08449749778185636
0.13367658065029314
0.07632705023255552
-0.09609761747655324
0.017019799427495427
0.19470784109857184
-0.20010461530495524
0.12128346731858088
0.02092019376623039
0.11894963260954647
0.06323829558005556
-0.021219275597260747
-0.10991117088411069
-0.2703524119787832
0.04167321075422652
-0.2950386983503645
-0.014054698616943645
-0.017162836976654862
0.2069885177645232
0.023861885290240737
0.0908920538286862
0.08600067869515567
-0.08842756857548303
0.11571803230209017
-0.0518410379165294
0.26531482750211627
-0.2161382273647148
-0.3319421206163475
-0.0630797971221526
-0.09647194158717341
-0.09752196223115708
0.04598804818807449
0.05022295739406753
0.24810300669090982
-0.18922345147742017
-0.1161209152529912
-0.055469459114673506
-0.24542692034396996
-0.15929743075766334
-0.03521396751588478
-0.024772256438103938
0.1375209677898859
0.10951147505246975
-0.2738398223440164
-0.3449995278164465
-0.06009521160127078
-0.06773835598158057
-0.14235871464953093
0.030481752396676564
0.06684683490831567
0.23623914981411298
0.1012444752437372
0.03357263963325948
0.24283912182155792
0.09448723091347785
-0.1471365263228531
-0.04490389526653113
0.09739213207457474
-0.026568367309821515
-0.03491427972081098
0.08355786939573875
-0.09702586972758641
-0.1446833507826861
0.050242683272449525
-0.10169857823526439
-0.11366417987469044
-0.09204052573239456
-0.020164481056595848
0.04805612203177518
-0.19572045930721663
-0.07893376636686139
-0.1437230004736742
0.010290310652043376
0.14073580512242004
0.10962692650887539
-0.11918731431495261
0.1469236900271933
-0.5078000134328506
0.02359687037280292
-0.003855264303726158
0.4283158415773524
0.01556210907319606
-0.03782209743679974
-0.19039850903354857
-0.12610439761973166
-0.13526808472911792
0.0631981256794429
-0.0875892657028476
-0.23491058809295332
0.22620457052254545
-0.09265408843325668
0.026501032660085987
-0.0711138775734958
-0.05628536422862503
-0.05629183013579822
0.03819613858839446
0.1264892574938206
0.04282135348378828
0.11426780657051629
0.11404044647037427
-0.19372941922087572
-0.2929152140737856
-0.1935438894813664
0.13518849899619928
0.15215910697966992
0.03697800173782462
-0.06174774530357609
0.2861675270505567
0.1648749818012223
-0.1419185800153751
-0.3736566319373246
-0.2561867638524477
-0.08851447552367099
-0.12098595911555789
-0.09725550763586174
-0.11188875021847987
-0.32350663470975244
-0.016248777268920142
0.27318642111079433
-0.07954569770613157
-0.17118642757008382
-0.09399821036946512
-0.17167750477289684
0.018961208715465007
0.08046320524128327
0.2375746494420616
-0.04728304125187736
-0.01193720444208686
0.24456845448097192
0.09735826549159145
-0.11531236603531286
0.05351113663036379
0.022887779826015368
0.0789154621030811
0.0927902438017411
-0.045476149361907754
0.24890236088800718
0.0360174724787157
0.22306599887192807
-0.10568014716398079
-0.06619428666874186
0.03470685205038644
-0.21474272063109434
-0.08007854623505561
0.012286099870941418
-0.17701746728129208
0.09598690090317302
-0.19210758011124507
-0.24249951612654816
-0.025464019382686078
0.08452549151115882
-0.03309204225888238
-0.019889703689013105
0.04534972873741332
0.06782248109997713
-0.27845330043173494
0.15450604439653728
0.1417135068592866
0.022494931577422096
0.08394561002091322
-0.054481981135008954
0.2009717877335174
-0.270599969959886
-0.21451992215482127
-0.14947696054746207
-0.0185654504848407
0.2748228872282976
0.22804062626970137
0.1495688752214063
-0.10828735011452968
0.03705202993100823
0.08876516121937467
-0.018217287031571265
0.31090480484702226
0.04251950089256186
-0.0608818668248055
0.08730716430622636
0.1022872655928322
0.1794908532420848
0.10800721364255483
-0.03450229781629101
0.08595477968825643
-0.017850412517803567
-0.10766106087709312
0.09352296306699778
-0.0963133772058102
0.011737611073424052
-0.1766948046692491
-0.11295645807176512
-0.040563971747383784
0.14725180039410077
-0.07132014548010972
-0.1466877276510768
-0.2008619641436281
0.05013844044101989
0.06282169302074508
-0.07103072413880296
-0.15972039346142988
0.023712058352328598
0.04774458136127537
0.13061554754957638
0.15692013060636473
0.010261107093089413
-0.18544824628984882
0.12357749555201487
0.0009376260097227662
0.03518992323585062
-0.12111448060089283
-0.1487731292793031
-0.059619525873085756
-0.13734210904590707
0.10138902562344682
0.07857173902962653
0.10957386391525703
-0.1724481634850704
0.19764353936124082
-0.10842555974536282
-0.28886785009249766
0.13415110445879821
0.019943824159074895
-0.07677115001365575
-0.05680197874836897
-0.04456820538702418
-0.09487756476524122
-0.050180275650394415
0.032630295463988296
0.12886761771911034
0.08538003161030144
0.3810484217475125
0.10841098621468938
0.13541729904058783
0.011375828162877506
-0.23180446197786486
0.02445473122341874
-0.09285967435145831
0.03889375019377702
-0.0075150447593658985
-0.10003325933940482
0.14217343139991462
-0.02978297572602885
-0.11334205793575355
-0.0465228815644804
0.20560370625661717
0.08018397732729511
0.11780809343672058
0.3064854334328075
0.016918865470169606
0.05024380308150284
-0.07916391504114859
0.12387815380751445
0.10722470219846592
-0.05825579630922586
0.3348419333261688
0.021956941967905503
0.12099867783997574
-0.3167054681621485
0.07266352955571294
-0.12419827343530503
0.028234329612284868
0.04246181710415711
-0.06997007989527515
-0.11138695151354262
-0.2811963621682472
-0.08904153899956892
0.05419349680336625
0.15986380184038462
-0.14190595027623096
-0.076034050845604
0.18883925930446505
0.25027373231649996
0.05238663980023035
0.08502335868526897
0.2036592388220285
-0.066993041144953
0.07914743530856243
0.07045285467166792
0.2975981972637251
-0.24491581061244974
-0.022420721304399496
-0.041478115842324685
-0.01591967120653005
0.1495251666714399
0.012504950779489422
0.33463440401395
0.04257124460244395
-0.10250750843006176
0.0512910713079972
0.033643831059517494
0.017038424652370023
-0.14878448616406334
0.15886466587550724
0.14974393533001837
0.06829217285662252
-0.04695995612020834
0.21907809537604864
0.29513304480353264
-0.14432704611525735
-0.07824088125279104
0.044556443840280104
-0.171296602391929
0.008362276816788437
0.13997797999930717
-0.02750592090762237
0.04353309878336868
0.08189634115983506
-0.027948798784466135
0.09078347773841973
-0.19894696716130525
0.23591851671853817
-0.2094259978181446
0.007791932932834624
-0.15027104316545742
-0.046065675567415754
0.04267603750714248
0.3548089207515618
-0.20164249956439692
-0.10429015969353145
-0.05350522373380657
0.027704807540583316
0.003056751744585131
-0.019238978907472958
0.1306981422678551
-0.11924719766090972
-0.04758559161503188
0.005795540521653806
0.07932045034382018
-0.06238637693441982
-0.1234789460145036
0.09476401181108393
0.021846914920416214
-0.09604546473829087
-0.07218808228761095
0.05838290269172131
0.22898038698195172
-0.009842860037721139
0.13710776415169532
0.19716460929092558
-0.04019336260732058
-0.05361119939767568
0.045433015909224425
0.07481291229344908
0.0026756398579323363
-0.040719405567521114
-0.011317153556610254
-0.15644004645198434
0.2758250813128151
-0.05035043288749632
-0.11602950205457842
0.07262182925953527
-0.10704018697576162
-0.08059428365586045
0.05607992258248368
-0.11669632220515827
0.09366423269761598
-0.09169795164656411
-0.12697488579693728
-0.03674430635043945
-0.2802764293122948
-0.1412132928069051
0.10229903907397556
-0.11673841103586305
0.1610742237012893
0.03061968682912412
-0.2304829536666348
-0.02573523650362173
-0.09677711363410026
0.08576315896219416
-0.047362391922831044
0.1883153871983879
0.10341120072441685
-0.19948425272008233
0.17387499675011958
0.06294319914759916
-0.006368899515099006
-0.1978555448456243
-0.08447155907107241
-0.12415246137099165
0.17438676361363784
0.11191067373904494
-0.18657281923521482
-0.022296036094134913
-0.06130681215987405
-0.2816463331286554
-0.06162109150492333
0.02279543041300844
0.13649536482488853
-0.06965853109919273
0.11211048210371646
-0.024854994749319778
-0.15579534078522644
-0.0855907624360261
0.36455286396051645
0.03617961419075619
-0.0377870062300267
0.011725995726626137
0.2849377664386262
-0.025991356425697127
0.06654881762763541
0.14321454213362306
0.2404063043410038
0.08350128993094079
-0.25608837164063364
-0.032604165355028546
-0.15522304013384838
0.006742596330332748
0.02250199195020273
-0.04922272770910974
0.05528103387216531
0.09284307960070369
0.18722200766391955
-0.1990527517492318
0.2261134905799818
-0.04317387016756337
0.13527472027454246
0.22295472734304866
-0.2675048427575416
-0.1204538209617276
-0.22133298356355693
0.052982661720174004
-0.2645285107751527
-0.18848208361123986
-0.15097688934458703
-0.15211058020256682
0.019579268510863754
0.015842073038500083
-0.13804421425151278
0.09283575473117787
0.27354572967127727
0.1458880906626603
0.021966962186711753
0.04892697743049634
-0.1825685538138762
0.16776960957715298
0.14701925113057543
-0.014929434587730923
0.1202849325903876
-0.18247347453451288
0.043550114701410035
0.012784395797332123
0.07611147814144867
0.2919676126865498
-0.09344116747976194
0.15309820312601305
-0.02505218740443731
-0.041949953081399385
-0.03410184686251426
0.21326090296525077
0.1282152117275854
-0.19692888914466405
0.12856222228159223
-0.0376281421754816
-0.18640194905321467
0.06206625907473269
-0.06127139195914274
-0.3004369143104585
0.016267188819647282
0.2698277911618949
-0.0507338455425139
0.12117181502029849
-0.3197734526562643
-0.042080889152169364
-0.18673588241155037
-0.06229727200883423
0.1385307630292921
0.03622320144023493
0.006421516526143574
0.11092972122521692
0.019386543562160664
-0.03629219469017744
0.19188920455224162
0.28993300257865745
0.05404604511848124
-0.030933902652708144
0.2692856324988537
-0.0706900676346306
-0.10334205294537521
-0.0023433335776587854
0.1000428709408965
-0.23715391597284918
0.002045075113847087
0.055480793886891075
-0.020082785216983
-0.05444483452333614
-0.06974916900102227
-0.013772987865192434
-0.000495779463566403
-0.07223868398450822
-0.216806306546299
-0.0009502060841368861
0.006262133420633117
0.21450787713144503
-0.11406283188417175
0.05922743008688891
0.19604843531236715
0.3722999549819866
0.11531132954242662
0.04128773705269969
-0.06727387978737501
-0.057432952713283386
-0.15572496062403793
0.06301336697048437
0.14217458616022965
-0.07545092715681803
0.1013944338508046
0.09814323251496189
0.11199490403503419
-0.1271013968207312
-0.0019072512378105224
-0.08618835990561141
0.14027038763452102
-0.2771830675296316
-0.22885297357361956
-0.10373623117169871
-0.05536657374506418
0.02123886478725024
-0.040473437971475595
-0.009950818016324763
-0.1316970171799194
-0.016635447258762794
0.21528392644163147
-0.014952321832014568
-0.0803240850734283
-0.3436915095394109
-0.26000420481076036
-0.0492564781104944
-0.07244374502701852
-0.09631787457459468
-0.04768330208737436
-0.11826866271226051
-0.011484428131056847
-0.07282299297940963
0.03761821098846938
-0.11502897057422329
0.07336395773009681
0.07488097907569416
0.06497097190831046
-0.2639133308325402
0.29549033535321984
0.026532753321067727
0.054777553644166845
0.13515468731172833
-0.007909932764366173
0.15344499427267927
-0.39369524403869255
-0.004022974256894965
0.030723369496849416
0.05318474816924561
-0.0689491294304314
-0.1102939945916047
-0.15818880965900095
-0.07599392579395342
0.15406499487019865
0.03652094249911799
-0.031783618022512616
-0.37347743559730273
-0.020667556663127713
-0.0025751162770440246
0.07344384467587488
0.01837678432757779
-0.11203925601126151
-0.06966360760460405
-0.023071044121114655
0.07306624801552924
-0.17945294776183662
0.012413977280006617
-0.23865554682862983
0.07477028934847428
0.059850106148622594
0.11159993933864389
0.18012428586784685
-0.11164098095922491
0.29938806911255184
-0.1453402029528885
0.20820068327119498
0.20165279698419575
0.023244129495865466
0.031068913785878127
-0.028130860656317824
-0.41636000360126346
0.06272024750707546
0.2826843423612699
-0.012351434639530475
0.12079569664856328
0.1239798201338386
-0.19603475504546478
0.16509782243520316
-0.12984166997622856
0.18594095836498942
-0.028750701039743917
0.29763706020142605
0.10893286787555972
0.17398128848363006
0.010841253318521767
0.06652376588792314
0.05334036597467191
-0.05548072735612146
-0.11328586495573138
-0.047072268828366945
0.058458783704516376
-0.0998525473012926
-0.1057021949617551
-0.0040365027099526305
-0.02145093720648429
-0.2657085639682406
-0.25825749270187387
-0.2225294645650515
-0.30162955254519996
-0.18771976108548138
-0.08282898381929893
0.13572131578372834
-0.008813135692025067
0.1075615151532563
0.25813927002401665
-0.2831016880994789
-0.08117616832944799
-0.28619757074893143
0.18768280791304603
-0.04413560810176072
-0.07149980854884791
-0.05660540295543417
-0.2488745211360046
-0.14881122774462852
-0.084784890454671
-0.17794366956645363
-0.0040873550298113105
0.10956943063074437
0.2577464669194971
-0.04465767291200931
-0.09751899099818198
-0.1214800559267312
-0.013040893969462649
-0.10651996134621498
0.21298338595241006
-0.009201643991699485
-0.13674095568286207
-0.11100292440749131
-0.23282713930305982
0.09587382656685513
-0.12793876163704737
0.21817411364846492
0.22135327445155326
-0.1633870024371691
0.026912409441017165
0.09702493304661641
-0.22882495195404048
0.07861476065859785
0.06565783990195795
-0.1000952157771052
-0.14163801229821155
0.10777041533985814
0.11080590319375248
-0.02002620201220509
0.0029092516647301492
0.06417652495217575
0.25250671684827625
0.18605086775395757
0.10740261562390828
0.06751185193385435
-0.004745639760126543
0.18557924541554638
-0.10349846439285577
-0.2327257616243097
0.002493145588013368
-0.02790599853128867
-0.03424246388482039
0.30054858293978737
0.03961187126253716
0.16115195543450053
0.15208451815993843
0.1475892546640126
-0.032295108113568276
0.02062973957572163
0.0676890007343182
0.15412125204347754
0.054605082793072586
-0.1183168282741531
-0.08587607332757678
-0.017474002834150897
-0.09583689777738122
0.10034762366688056
-0.011723907739028486
0.2596320410339145
0.02934639690459405
-0.05532200059999558
-0.09289800591958529
0.17513990246824945
0.03335695752643426
0.008125303529167209
0.10253826158398985
-0.19499354382257572
0.16363106477462544
0.06326578525213063
0.03015369641598132
0.17920891441845974
0.09023445729077859
0.28010140292333985
0.09156411789303984
0.017590480607738358
0.0621672363188835
-0.08799074608235855
-0.04263103358493937
-0.11110884656934265
0.1250479322088432
-0.11038237780922772
0.062373880532128355
0.1000400674805432
-0.014965651009892209
0.3741351029039598
0.25817119927336224
0.08477395335830286
-0.12153829417915736
-0.19828048835399695
0.14811898633205545
0.07172236158137861
0.14454794783421604
-0.14563927625714268
0.04439505589680494
0.015551386319777247
-0.01655506140310932
-0.2602313340021266
0.06114034296025918
-0.3946790198187869
-0.039276974680113104
0.020104003251439084
0.03296789966629009
-0.09450633278119018
0.06628271480711016
-0.004742398100298537
-0.023637650445981265
0.18097247972241004
-0.15599988643634594
0.09160965912965753
-0.025657555482019333
-0.03198908011942634
0.04474991935123052
0.03350005678075048
0.09262381614690407
-0.013876150888473633
-0.21973094239265736
0.05651669847951892
0.01361576536915879
0.19320117750799806
-0.06451116604848216
-0.14087458613575107
0.13436898446723866
-0.15304479209078542
-0.16301845745696236
-0.083153631556095
-0.15142450598441695
-0.00598011926504794
-0.17096049906847022
-0.027414861870149326
-0.09073562860869328
-0.04278065871594402
-0.2037750371613282
-0.034795607792865904
-0.1350926345365365
0.21149553042451186
0.1497225637606735
0.05217652582092452
0.3098250474285255
-0.1373625705349192
-0.1872269107110394
-0.09071294650667025
-0.07353472099045603
-0.0960988032011108
0.3921774622258993
0.01697555140470576
-0.0007417880538211587
0.10805035015647547
-0.12172088593610493
-0.0017327321492931968
-0.21560726706062058
-0.2402022558951751
-0.33308842981130987
-0.024054065911869642
0.04725710502228125
0.05275918175735453
0.038340574065920424
-0.10608877200792002
-0.10089899489742218
-0.028482620783677276
-0.2528754242945847
-0.060378333161883756
0.03891646145343857
0.06376825548465082
0.15289240618661987
0.4241481203105616
-0.13262916832182856
-0.11110242972357988
-0.24902516080791676
0.10246744476984859
0.14501386397435315
-0.10397819112205375
0.19814500354952147
-0.10964846664114804
0.10975160719048978
-0.06174784165760062
0.13488896642980033
-0.007293001755519258
0.11245717055031293
-0.06591480719853397
-0.34999205175896353
0.012472782690602197
0.06523053453637068
-0.2383750012169201
0.05029242603404708
-0.22352150851973585
0.0407951361892733
0.17952167442224168
0.08992723914328495
-0.09458135253613599
0.0016680709355828592
-0.05099974838648264
0.03084579151315037
0.016371472909354628
0.12812270061986789
-0.2793644667287135
0.010412380635062592
0.06685194320918605
-0.04806637903033818
-0.07846396777042172
-0.029643587897674174
-0.0056231587261899325
-0.14349143071440482
-0.09331998851170725
-0.17390971286383103
0.12019301910760632
-0.11700245290972341
0.026051834377150196
0.3076568320425314
-0.023127980249805617
-0.027322062561427017
0.10671426961843802
0.07653987213724722
0.11086430950110608
-0.0536244321451417
0.06934739004853796
0.07526586471643568
-0.12880460794370305
-0.09556331955687757
-0.08011077479452677
-0.3531591036875199
0.05754260121924598
-0.008869380017018919
-0.019425736108352198
0.22864079503168747
0.04668559645389477
0.09229659051084131
-0.20590336078361526
-0.03635809191348834
-0.0227167963597586
0.0796688672697031
0.010602462878848374
0.15270205885423996
0.08266096351171644
-0.04646374597478278
0.023400450409826152
0.27441482834255737
0.07544784978240052
-0.08674927787058628
-0.3164209522554868
0.17715997683768642
0.00022475013809157763
0.008434695467234368
-0.09303933128976599
-0.12250354131510659
0.08559098224840826
-0.052210637181458734
-0.21150891801297017
0.34985767796357836
0.08948300429148486
0.015189373787440058
0.14549435109767045
-0.10343709135104943
-0.0494330487972569
-0.12990080221690747
0.21357772222683896
0.34791650172311883
-0.11025633119122956
0.11389504465068341
-0.2333141546349079
0.0459692310296815
0.16985824347442874
-0.2436277889156954
0.31294454918381215
0.10868610313806121
-0.062002633259911136
-0.0927430886022352
-0.09959527782029089
0.16515187679878043
-0.010477159670257575
0.20339388501155284
0.1287904033316873
-0.15514968923021769
0.2169796090433552
-0.24409594413240035
-0.21129410578723967
0.2263202988685537
-0.0795949364240263
0.09759675748524836
-0.031641294336468256
-0.14237775829239346
-0.014835801105205432
0.02684435762123772
0.3596842444655937
0.23345018241505247
-0.010635633455221807
0.046413812307542705
0.10557686675097927
0.22810713830514764
0.010443861726050075
0.03035102953009107
0.2513563560433971
-0.3550243827291167
0.03160588013568277
0.05471343958726745
-0.003157663264895713
-0.3214049955796128
-0.08622500708198619
-0.1521866815669158
0.01513290997034796
0.11702832575522401
0.08934306944880295
-0.1765774173959981
0.05868182280344109
-0.0958165952780872
0.17714803753824993
-0.02274635855748732
0.09719747347379536
-0.007654207098435174
0.08104874869436529
0.0016234212952604078
-0.03348165396164555
-0.13500161222215165
-0.03951952626608032
-0.2540606964717667
0.004342121865454833
-0.20314751039559903
-0.05206640721936864
0.20051505813433657
0.15097298987172442
-0.0806314985195236
0.0020930323520551076
0.003804904076178181
-0.06493162195156132
0.013666267816183542
0.06360645837982201
-0.01122124679420492
0.04155903175328804
0.051906692248820434
-0.0463647387254371
0.12290886504116713
-0.1425199599462726
0.1537000690458649
0.13273681593310788
0.0810350182066729
0.05301214745293477
-0.16477322679648454
-0.05721667591018362
0.13357241179157292
0.25778243742706924
-0.0455661340315133
-0.18978956478286238
-0.09424178752911752
0.14627074642693041
0.19855812619255533
-0.17724561632550742
0.18809751111596024
-0.17629043956347196
0.002961161918786665
-0.09980836203732633
0.08119100737260516
-0.04360551073733737
0.07977343225432083
-0.139558003028947
-0.01448089727067837
0.0014251299592116001
-0.13524982701938948
0.26964977391619077
0.12506709331113688
0.006568802925766922
0.02609345291654426
0.1607354104027649
0.1237938321861694
0.011275788365969415
-0.033241643979288374
-0.002901786261390804
0.09264212451682305
-0.01396018208199257
-0.07350093624165657
0.14964631073660753
-0.09474601735845713
0.12806296910806791
-0.04520691847184274
-0.02823979183705106
0.0007396142303483432
0.09315960810794559
0.11871396082924303
-0.05750529671216241
0.04074718809817743
0.10928737062093004
-0.020324567273893944
-0.14913811609710936
0.026591128464115675
0.05542538584387588
-0.025795496678308535
0.2277627849671792
-0.0877736846376541
-0.23269476342045198
-0.06800443787505975
0.014501712982650905
-0.19760630376176488
-0.1370989142988311
-0.005855821116898399
0.020469516364982603
-0.05914636270318592
0.08507113225836635
-0.25247528594790025
-0.06881816354082604
-0.035017551648005976
-0.07998424327981023
0.021587621102337053
-0.08147500115077008
0.1288875283916284
-0.15004691821914304
-0.05383285476761705
-0.0787958440622057
0.23519606838425025
0.020416719107605646
-0.1553627054778504
0.05410444887724728
0.007478943973406334
-0.0141905002494381
-0.12414432837033358
-0.03365070899025357
0.030882332312523617
-0.016568158321935193
-0.10300948410265162
0.14337939943919664
-0.058417555920523806
-0.05214028101767036
0.025477405532745287
0.011574463580399383
-0.013375783001028511
-0.10948987171943933
-0.15489922694418187
0.055136042159969596
0.05967392123645227
-0.268693901495282
0.17820570331260258
-0.11253656882662541
-0.12915117791930872
0.12712005465489043
-0.17542627734233068
0.18071942058612356
-0.06645058809888385
-0.01136005143205053
-0.17444072950199788
-0.18350763108682666
-0.004086895065179287
0.11647824259784716
-0.03482065133700252
-0.06923030120998336
0.12903074586971058
-0.026896567179712328
0.17352010622141953
-0.33563342517254335
0.19684427986969982
-0.027013465501053137
-0.13225714945511174
0.07493215055703606
-0.08672978682760042
0.08091146081513655
0.07320054277434863
-0.11694415484066568
0.05261727723457865
0.07012814767918658
0.1968436953710964
-0.059356206660883426
0.04924428398323436
-0.007818363228252403
0.02644187940698658
0.1337528827658765
0.18548526528398548
0.024587406803194597
0.07431692614822602
0.07394698824963856
0.10373328591123593
-0.07438848142303855
0.13793652915652202
0.027069008628136465
-0.05827427297251302
-0.0036002614095435466
-0.11953817786703264
0.000969341847022799
-0.07154113663017764
0.06342845709979243
0.2441585374415562
-0.3146605670973002
0.11938490851822589
0.08335310010918637
-0.2680940784626523
0.09142562756515339
-0.33767800960829025
0.01916936291382762
0.0803594261632487
0.14965856618169418
0.08187275198457125
-0.07646623042261821
0.05457116945974864
-0.5618999793918545
-0.01790289574113609
-0.08644705249693428
-0.14567237183609144
0.0422521983757902
0.018677535391351578
-0.03615009714319319
-0.3712649269963958
0.17962089281259097
-0.015901928685265444
0.16571916485229393
-0.018936405428301054
0.01009018816594967
0.27502858437544914
-0.03983309860844263
0.012445556209870692
-0.06510346254518738
-0.021771936828255345
-0.24132669619360175
-0.05623986257835036
-0.04817402701132613
-0.13233930971816918
-0.010335167967357292
-0.0452094718493102
0.03319977545264893
0.182135584105814
0.015745259196468426
-0.21762484069859925
-0.16062972103112869
0.1624449430723258
-0.27066168751553865
0.17942139914546898
0.2795599447744625
-0.004061866048976746
0.08923629647424668
-0.0371712288012323
-0.08789942555940806
-0.02861229821136856
0.10576025367527613
-0.17176192731505413
0.031818310964773326
-0.3537275670552423
-0.15042851058758488
-0.004861163197270882
-0.10491495125486411
0.015030671483788394
0.12185609118512078
-0.07042430372776934
0.0030651302280428594
-0.19837456359668787
-0.020048877717137686
-0.18590641546777992
0.1543789825062376
-0.2543027129761358
0.04704578849666788
0.09144940754533658
0.11374937828587679
0.12246312881969731
-0.22487405392196133
0.028294428115178065
0.0504259409252612
-0.17974232647870161
-0.14249656202905353
-0.09484037860369089
0.0847829778902342
0.02002088678615884
-0.021321367436079527
-0.09796083786494611
0.025901025793819334
-0.06148731778756602
-0.07675638702677645
-0.053514653146175546
0.02522803373828421
-0.2010755006827285
0.0370641222634695
0.15760910379622728
-0.16810297915985717
0.11677322955917566
-0.20706246149749968
-0.0660684096119282
-0.1768379214161444
0.12573651112906742
-0.05468325292619131
-0.2717515355553917
-0.1823982384086606
0.06345040309567973
-0.15063054643850238
-0.061684468712458404
0.21414073920702886
-0.043767199659686486
-0.06906882711851771
-0.21477427560399698
-0.07246878544085335
-0.03282522933762773
0.2791655715466701
0.19542527773098833
0.011401416667455777
-0.03418821415727222
0.10505215977434372
-0.005361840663065143
-0.09255469075124395
0.025297709043941796
0.11444143780778149
-0.20095568531472272
0.14218130320177594
0.1658699455282247
0.11529575924432545
-0.18113300823930603
-0.11129872814498752
0.19781220655278
-0.07081997001533052
-0.060834238721982375
-0.1631882329028351
0.08791419396414665
0.22863453663979022
-0.2088486374304842
0.15813416268755373
0.045671492078489036
-0.21364379988153176
0.11111930377458246
-0.0003744498464984873
-0.04233628830700765
-0.049163292119539695
-0.05308606646332648
0.044736589022659055
-0.13982623313842796
0.11139384201830059
0.04270231772135171
0.06861691523004
-0.08059723290665377
0.008273826252516523
0.12624443002143576
0.03819251310649659
0.0641052134302736
-0.051785129243290026
-0.021906419185951428
-0.1931485542183697
-0.07986571922853736
-0.14610967205878855
0.062364725317532815
-0.039266460460211976
-0.05355309281068017
-0.0010534722259106294
-0.1021951835342496
0.1192282680047163
0.03518981443355187
-0.11901413204678718
-0.1398899293383438
-0.22428269404643245
0.17916292519259175
0.027704198191978353
0.0822761258948072
0.07560741516144223
-0.009795789147981416
-0.0998733152410796
0.22250254962959193
0.15555039704629248
-0.27277477286153
0.11581729051344686
0.15154227104565737
-0.018627334503605087
-0.08272217087604163
0.07524959227645332
-0.14219627578438482
0.15735175402311893
-0.3127186833595729
-0.1587178737878718
0.028254305702932643
0.07716290054192468
-0.03295819229705305
-0.1745208164646231
-0.08956833463379406
0.1459836477621074
-0.053372814840995104
-0.29943790960304617
-0.027866012216177703
0.06996201510229075
0.03898414915658413
-0.1691085960209121
0.11650961210891117
-0.12568663538159383
0.023233540436670714
-0.4098595098151425
0.314144897222189
-0.016547386876350968
0.11407507947099103
0.06603662227133891
0.16859399532591243
-0.015317442817428018
0.13996399639269952
-0.2125080036661697
0.19229159847203744
0.3408330367524747
-0.0899247441621422
-0.13636590173285812
0.03887184135636633
0.3000509960314538
0.12547504380402222
0.15673353176907992
-0.21601504312164352
0.0072377987462079775
0.031935994645036596
0.09137737405927548
0.3400930022953314
-0.04555650334970207
0.2946303820657013
-0.0027999307617714683
0.008984946753396396
0.05668732350994378
-0.05313855034373954
0.0451893324851809
-0.01782494484258855
-0.055840305526394976
0.10003334854305732
0.0559618595791048
0.23499728115928875
-0.13612585132292307
-0.08536638583553036
0.1898188372534804
-0.23678134051046607
0.0795028028442471
-0.33067258762717033
-0.13175350747180564
-0.009181322748289259
0.2207639602268915
0.05883454631436456
0.04923042613447874
0.25575191607895836
-0.1531414113155817
-0.1306220028611137
-0.1130025102352883
-0.05069182437489314
0.10231420023065288
-0.28202488749101867
-0.10237981326552772
-0.2086472565292796
0.10974355278780429
-0.04299541194026847
-0.00954200139000325
0.11703223502049344
-0.18351960521480323
0.07670189088869585
0.04885832644756646
0.08206424724881037
-0.026299024356696996
-0.0451149944839726
0.05277495405150839
-0.08925298876991658
0.016072697084737183
-0.1485239647702983
0.4791477910905168
0.24787349591194735
-0.019604406735578735
-0.004764950636847816
0.04354054851547117
-0.038365251876827544
-0.04253290719062002
-0.1603761615940778
-0.05565313832631556
-0.11918535388142998
0.10250302205346727
0.04528726373953363
0.0038174377480864235
-0.13243260029644272
0.2661625232523004
-0.23276023510199076
-0.01781025580862172
0.035355697999141705
0.19955233291133187
0.005749239707192174
0.024687094310022428
0.011012706596896646
0.18263118175583418
-0.11283867350480659
-0.004844066622425611
-0.017303475760996927
-0.2521435379452279
-0.13952612940205789
-0.17322384155119303
-0.013323469060494017
-0.0742442030990272
-0.3045560108984692
0.05163045068663361
0.35641712056604635
0.11208555377340108
0.11283724936559687
-0.1643065711123947
-0.2590116475214279
0.3484907062310445
0.03543035384085776
0.15607832201998248
0.0841739512760373
0.1438551752083525
-0.05969945455812719
0.09574602808943676
0.31817385864902326
-0.2036581931357598
0.11032172295710954
-0.20788777361987198
0.09869171223470531
0.037808052548025405
-0.07162663704774197
-0.2686101726815188
0.25855562372615754
-0.15973175222379513
0.3342373619787286
0.10035314681597922
-0.18085969082696723
0.06566774206836808
-0.07344016821448235
0.05142327597263972
0.1443441808929073
-0.023717317672765175
-0.031296968971217067
0.3589202872232192
0.0643698961230675
-0.01678813610460816
-0.22338492821776432
0.16570902788062683
-0.07246525520298516
-0.1858871600100324
0.009117761773093222
-0.11738449747699387
-0.1251759630027179
0.038279465509582555
-0.1310811766566745
0.17045244827222683
-0.21608780083181392
-0.08356760940359323
0.0709375556006071
0.08456541756259947
0.010988426889035471
-0.03190601642334555
-0.14515498931364637
-0.037639061091130493
0.08782628177382396
0.20163293403039606
-0.007158129085017206
0.006183932720674728
-0.12886735671982996
-0.05661833916773405
0.033154324509241856
0.12747621928333716
-0.23026462295028094
0.09243681210224033
0.056496826403667856
-0.13885072089115388
0.1816603371613159
0.02563462474476519
-0.0015999175540236247
-0.03224952991587858
0.003264143690962896
0.31314773756498476
0.12710357811904457
-0.0460363466609476
0.010784359978755851
-0.12124027719189807
-0.04626493799371404
0.06160707304899037
-0.11046875548514443
-0.22368325024011548
0.024821321449769364
0.16394490524016092
0.04231452404718576
-0.0007845048049766058
-0.25876077933636593
-0.3056710220664934
0.005312477962265372
0.0010057882299474245
0.2002291072510247
-0.0033782677176145957
-0.058403337434438214
0.18727349858756148
-0.06295094991207538
-0.04204285858123984
0.019556546366953136
-0.06798742541443033
-0.10314744229358383
-0.024369532244075787
-0.08301912496101133
0.11211402567639714
0.1282208941524626
-0.25608891339446893
0.04294974886513525
-0.07710259990675157
0.0987165314613271
0.20707021713501358
0.20063232142658896
0.015340792446433986
0.11848647018402855
-0.11785645791007848
0.2023299840953007
0.08479622700340216
-0.44688804718580166
-0.16545423829504563
0.09574512095159898
-0.07364980545177831
-0.15394855243878774
0.0158177511945546
-0.09243761830211947
0.01115435573285737
-0.1261124608289866
-0.18580059864137238
-0.13329411122419757
-0.16739623581337743
0.13676505009931175
0.056107318903530996
-0.0782661215585171
0.17926395554046975
0.055523089651551866
0.047670436957255306
-0.058241393174730156
0.1952699400950583
-0.10866584883924418
-0.15713162704880068
-0.005429526643498711
-0.32172480786498137
-0.19256516395978446
-0.17635830089052046
-0.01682564014279884
0.2980303443736121
-0.09081592039919521
-0.011446493318073197
-0.08746899171882877
-0.2231312146742881
-0.05446034992644434
-0.08499825673574982
-0.05629033879006507
0.11069018615360182
0.013414969683745372
0.1371004601228739
0.017524912347919957
0.032313128672112064
-0.1348169598076237
0.03127992336380345
0.017332759901834634
0.06420074603163203
-0.1578799162051795
-0.11122582447846041
-0.132144248913468
-0.006338818458352112
-0.11312990156655081
0.009586856206228258
0.024642039945397806
-0.12925545532604238
0.0597199858044902
-0.21825205730180358
-0.10015321323343761
0.16056174799531062
0.16631604554378476
-0.029856869533610313
0.23796770931382724
0.029225563717358523
0.037686264038990294
0.022622599518596978
-0.2287821285381848
0.04045678774235413
0.016003431639422274
-0.06129052334253408
0.1350500210166232
0.24836806365762049
-0.0001109505980046424
0.009158755479203175
0.004050120549982963
-0.03904627142654081
-0.2934446521862028
-0.2039325526493645
-0.15509440361956897
0.011267687608570661
-0.10932389483892045
-0.2137188982133836
0.13994263369623078
-0.21851668930339072
0.16300854007871626
0.1508912361724558
0.11453837734126926
-0.11664684109244604
0.02034346745238284
-0.18880914542237626
-0.007785116734103998
-0.19231430857499338
-0.1872139067529351
0.008945221141576162
-0.1555209706112244
-0.133651690874169
0.0031092937112762718
-0.10576522379375607
0.04081050315847582
0.060079617440531474
0.026036734638702753
-0.06549402491688305
0.15256379588500144
-0.2183788127491546
-0.10574981138049386
0.04471934136649339
0.21402801837364638
0.027226465861122973
0.03411647913989311
0.0067968998628223625
-0.13379315693641014
-0.18776612921101024
-0.0395977632207299
-0.0841992566681609
0.1560299549108837
-0.09163333131032814
-0.1635458154088425
-0.17839566721611766
-0.3860412689827578
0.06708560398133019
0.008199764689423066
0.02314500513987763
0.061207582072143656
-0.24831884089481
0.1411185646492399
-0.044261137862568745
-0.12669035091754946
0.00638672449043927
-0.027378303725931585
-0.26007261968994994
-0.021700281917933197
-0.17717817247492146
-0.16187975220330786
0.017602794557939977
-0.37265235527018903
0.3063625290517477
0.00614452811331053
-0.01678047122291419
-0.04197691676872892
-0.008822492681417706
0.034028829113019896
0.23115153930810411
0.10344026308890457
-0.22670184495626708
-0.042457116937550055
0.0801507287025888
0.21847993435598317
0.11141076191978885
-0.19676656857376026
-0.36500838632111443
-0.09568678268568274
-0.016859296136139956
0.00025332271365363244
0.17727039426748872
0.28737810001007674
-0.12373997221711877
-0.08597210756251936
-0.2798216447876232
-0.17842269809184516
0.08347396267418812
-0.09127304436403588
-0.01385734210895847
0.07314521767242739
0.2860189115438821
0.037502692253750795
-0.04673283425139867
-0.06423240304332918
0.05941323855459787
0.0017688435573305823
-0.04879371893148948
-0.19789044636219819
-0.1280833940731041
-0.007859406143588394
-0.06026346830257033
0.0015153760954462528
0.023626737054817555
-0.005030001388621099
-0.12549994259356434
0.04032325600541904
0.094428031116845
0.05127854274762498
-0.058179212997372595
-0.01727793330050375
0.0023325439827737017
0.18678893359655094
-0.004774152865262045
0.06321621371511768
-0.19995405458019
0.12464289234672823
-0.04165024904391025
0.17132101900807528
0.10131854793191486
0.11365514662674987
-0.2191760987407654
0.004491615324593034
-0.010387210952139608
0.23682685019719205
0.053189498560293376
0.16793316398162825
-0.0950336170603017
0.18784995655878298
0.2576701723591318
-0.1836897098399164
-0.012130330737278686
0.07467031195547306
-0.11740832104209867
0.15579520209744754
-0.24740563829599055
-0.29745410921914595
-0.08952450409239536
0.011845683906556655
-0.3510581364105983
-0.17749255456554075
-0.3347046909718982
0.0031809207902874586
0.054733010078596156
-0.010848237751971556
-0.10907746950091131
0.08416647444334673
0.18038923318861466
0.129947697050879
-0.028195378832264608
-0.009644606609794392
-0.11733973335261945
-0.07943931866140672
0.013784353936125019
-0.32210376181269507
0.10671008754795927
-0.01100975250315448
-0.30055388205189654
0.00011382718918562216
-0.20626603441270125
-0.12794872704671684
-0.12522691418508378
-0.018700414591806366
-0.05702929512179835
0.049097254148127684
-0.18827483553784988
0.04872201097313719
0.07941187849112821
0.04500992526490243
-0.02356577171126293
0.0743134932711872
0.2158826358243539
0.22455046748383942
0.13860703961137896
-0.18923317153211877
0.013972738269111608
0.009715613879417053
0.20385334566290358
-0.15394996192061386
-0.03204509688790493
-0.07886668280390265
-0.4006935171278808
-0.25459434742062
0.34965600383746986
0.045738042737857164
-0.011693121593130015
0.006748596313402153
0.08602423271139686
-0.14651955279909515
0.11518753853314492
0.023338923869189215
-0.07592621828931569
0.19823007473513585
0.07688304558507744
0.01901675932515974
-0.1491812851029779
-0.006789915574436047
-0.052217538369449944
-0.05202567747084609
0.10935962305118382
0.09307847419153849
-0.16258869830080847
0.11675651969457324
0.13395450487496724
-0.08301606790807903
0.07262936449179724
0.25263556060852116
-0.0623708172994178
-0.21445940109217598
-0.16387614709869533
-0.1894650514335366
-0.04669982834172511
0.022093824843727464
0.14339962809692758
-0.06816718324221509
-0.036331570292031795
-0.08404325796944405
0.009104021812081562
0.17222733630834489
-0.3786274184712031
0.012583266422450267
-0.13960983756161938
0.19639437164937767
0.06557543644235005
0.0010747432585563367
0.029958128940133194
-0.30208768823275817
-0.25178206544416887
-0.08040954155897559
0.28317779089017586
0.2998939074958696
-0.0027051814323120664
0.05320712376058604
-0.03634742655977799
0.06899675457965175
0.09510598860807025
0.23072554187828964
-0.27294953443416503
-0.21807096751851823
0.062574945639949
-0.13529648551100174
0.07435898894123197
-0.1423577347439347
-0.20208888942772996
-0.05112592106166484
-0.1016345797087686
-0.404572204144023
-0.1522054066099901
-0.19389633098966977
-0.019338375580395206
-0.07257765516265546
-0.23042843099632646
-0.12638860383319656
-0.12256071388667591
-0.061167303236276165
-0.2621585274883249
-0.12183653748517387
-0.1415479311069466
-0.04935429451098194
-0.1356174052931488
0.18923482834756794
-0.009417297853580838
-0.1232375092649678
0.08007613958950624
-0.0935649699515467
0.39775015416920234
-0.1369404620233474
-0.009217296077800226
0.09484654902923521
-0.04025667380622441
0.08073325326411952
0.05734046940631797
-0.12375864341099722
0.11537855530888816
-0.31959293078905116
-0.034270865708342035
-0.014878794147629895
0.09489599621049113
-0.05033798063381663
0.0628341462425497
-0.09353198358486485
0.012295127230727556
-0.12132604679521095
-0.1259482566302466
0.18255808988829494
-0.20088304456001307
-0.022273419218415358
0.008859403152698803
0.09800175455960794
0.16277919774485064
0.12932091829137024
-0.07585434882924513
-0.03789529683202746
0.013818843751242954
0.08512591826659487
0.05701616337910941
-0.23704837068717788
-0.09044520048480241
0.4099972942886099
-0.030026510056323296
-0.17668643128113776
-0.26284626656118937
-0.03180050920614148
0.06841942362948857
-0.058922462383367076
0.04719328264019551
0.04363395898399901
0.027619887109390694
0.04509430412034318
0.05032754747474883
-0.01774858199817253
0.15222960802649596
-0.12878938659330358
-0.02528390466819791
-0.330663762745282
0.2785787712380433
0.294492989294207
-0.2526511355984133
0.09365427405334036
-0.1640651933527999
-0.0387561941294008
-0.10301780175675193
0.1938358008971815
-0.14388840069657644
-0.21630330158546549
0.04359878856020084
0.20621952523397843
0.03149984800799812
0.1188476674285483
-0.21616162639428704
0.10275540368819197
0.25654889899049566
0.06792242513569949
0.13203377627051618
0.07155556449682801
0.03418907445276842
-0.06866115858060286
0.01971956194274945
-0.0753289795202455
-0.015240723315201762
0.03812478664506127
0.2550185054371404
-0.01173394071944373
-0.04241923468339833
-0.3902230351002157
-0.050343132602680016
0.09041856068322525
0.07927559818266539
-0.11129127678421186
-0.07088515795070822
0.07101507909220156
0.1859694716353886
-0.039667164422532694
-0.1396502092336026
-0.07849495222059776
0.12887915426031385
0.060489090672711354
0.08952935842746484
-0.04802316576090274
0.21346342724588208
0.09660629079249165
0.12563042630721444
0.13580758659781428
-0.10712856459477847
-0.015180322825784914
0.15612167333516822
-0.03778412674539518
0.06277025629165545
-0.01891891326541525
-0.0809418662175572
-0.0231236762810052
0.03235429690180386
0.18230316776651018
-0.03222131968081028
-0.13236340202626237
-0.0622721939749417
-0.025491833364991508
-0.007246794711219492
0.1672477556134391
0.2103190817782321
0.027665304773702302
-0.13120700041741748
0.2800923998602745
-0.2747088377411465
0.18811195125803967
-0.055159083954631476
0.04881586566919504
0.24545743248672666
0.2748194827552626
0.4121536047774051
0.02764791468665182
-0.15373129101530889
-0.09804509368107113
-0.1332819528595029
-0.024276000545106858
0.11926723906920182
0.07029750817718913
0.12424486121396307
0.10816258190999704
-0.05012762913526072
-0.06166886301130595
-0.3432156480574072
0.11604125537869894
-0.058616225407036114
-0.29812433737506977
-0.10458864822607815
0.060813129218241016
0.0865563909612995
0.16809797611158286
0.1003619349575335
-0.01684332288866915
0.02733123836403612
-0.024970693990960528
-0.13366463040156495
-0.03754863463091919
0.06123847383325376
-0.07956900398388718
0.025417293388875925
0.2952231414867267
0.006640671609005395
-0.05583041556977133
0.12257712965927405
0.010393730956715898
-0.12675731795635062
-0.05941453133010751
-0.20666367980464762
-0.05103005670735846
-0.08980534978492014
0.0030041202316138955
0.009549419663849796
-0.11068875072703548
0.1130890273777143
0.07760632820332725
-0.012547367998357825
-0.20994309502371206
0.010146295366448614
-0.13346495604754924
-0.14054180185162776
0.06560703054227206
0.22833153604200038
0.0023284059155635616
0.18964247415624277
-0.0860997605118467
-0.07890660409981429
-0.17848916925606698
-0.07146515666928838
-0.06895643438785505
-0.0066809914129126536
-0.14787755335517902
-0.003384557079798642
-0.09772693586306687
-0.0014696307280774134
0.11250012250245281
0.14228486197798088
-0.24050984137884554
0.02912835509483707
-0.03216299550671783
0.09089145905202384
-0.04913714484618072
0.12711637159908162
-0.016489037205724824
0.11519224023586935
0.15417009546382027
0.058431779128078974
-0.2703035354949804
-0.22227903693035442
0.035484329025739746
0.03462645156751679
0.3223036727404123
-0.215788155868585
0.07292484879031468
-0.27433854687349196
0.34841316443442977
-0.15549893448957736
-0.12385522282703684
0.13827596759816188
-0.15912046786240425
-0.11806716442710484
-0.041355925480474995
0.2673829016609452
-0.15326412021048272
0.17605450270129
0.09564963920958545
-0.07538478569520089
0.10259299133087109
-0.05604608171104911
0.09908904821716212
-0.05248451945989486
0.1295178898118818
0.031305905943018124
0.18947005049102872
0.19033079773876557
-0.1518175337300013
0.15241249721985956
-0.02328782846101205
-0.05542021852284272
0.1657816143611885
0.1434758547504224
0.26957545816587825
-0.3163777805711678
-0.06488564401028445
0.16460800581070273
-0.05576164579494499
-0.16059740079563942
0.03911261346236624
-0.02236982307254587
-0.26629467188167727
0.02036519031786104
0.028262503209168517
0.07099029189126897
-0.034335906711196976
-0.02516478570877282
0.05535047596067664
0.06684101053880404
0.14268673114904673
0.25810052787612
0.1541151346507165
0.229212286449564
0.32800649567157536
0.312700543857931
0.09463812214368071
-0.09260299565800599
-0.20541490585029637
-0.07417893702011537
0.3394576600836505
0.00862144810337772
-0.4928951610550284
-0.0039000589649489485
-0.18215966581250898
-0.14960563093226417
0.17264638057891113
0.3622268476369244
-0.03690982866421732
-0.10616778792174178
0.29432280042080755
0.001745916676654914
0.1145356139183704
-0.040796699841827225
-0.0036094632556645987
0.34606826335110874
-0.10790522181425312
0.04078949931734641
0.08327832097090379
0.00793943102858467
0.21272448980853736
-0.14860718879269333
-0.018477986659147683
0.01267632043676404
-0.20203624486661576
0.16731040292657648
0.02978655687300027
-0.16346024469113307
0.1604840679418258
-0.2041568275591959
-0.06021614164461063
0.2830711643240749
0.0030718073329347225
0.13615982038119864
0.0766521087813369
0.026038082934452745
0.1619826719102963
0.008259620682888621
-0.09800947175916573
-0.03575720160519022
-0.08115561408997249
-0.17034129708795795
-0.05141015816408151
-0.03635409739722085
0.0838138733279989
0.09384936437339117
-0.058254931350278885
-0.10630722739966109
-0.052127080609914125
0.16559669855377745
-0.09924486385992805
-0.15381120438234247
-0.1031966477925923
-0.05157637963949648
0.1257461127322097
0.04999553553533324
-0.18593165538979003
0.07412185584558471
0.05116310142803086
-0.05283782554676203
-0.42959884367686385
0.2336096085935639
0.24166891947435473
-0.023223283390648997
-0.041322857836805324
-0.00959189769035817
0.0225289426351861
0.22519219440400715
-0.22455363389061292
0.1050713419849362
0.2066448574908266
-0.013220121649697427
-0.47947943734998416
0.19223620848763553
-0.19143976583202768
0.03568014005979413
0.007469817829268474
-0.06150463369666623
-0.18687903583735543
0.061652407597215256
0.1362652724619777
-0.0727533336145249
0.08766469415293097
-0.0913957898105348
-0.054810562712616945
-0.155080264764842
0.2632182587411901
-0.15948166401592404
-0.2353629814171611
0.1134926864603464
-0.12993539149567662
-0.1578208184083832
0.13351393913843776
0.15941157414044765
0.01675767491043078
0.05541715116797689
0.07776681822433426
0.268418676558679
0.19161577209546718
-0.06321103250457388
0.17938214463944294
0.40432044165127606
-0.10457501142160727
0.02248970919961886
0.2024748848567424
-0.2252739563063089
-0.08192525966043551
-0.111569905108718
-0.04645511586719447
-0.0011570214398583455
-0.08981656449489607
0.08160912364310122
0.3401091322577972
0.03686893171997114
0.14395718393537904
0.09035969165485823
0.0579838272250269
-0.008306945098155607
0.15158824913607505
-0.10470351204017185
-0.1375999528374134
0.26573737217049803
-0.0035753935290801543
-0.05636290436261892
-0.014507341466556495
-0.058807687707655064
-0.07502914657674857
-0.060742892172054065
0.019520842832210908
0.06596231233334371
-0.025798810930695998
0.09632069250447543
0.0599601309563689
0.01594127128649882
0.20599951903717806
-0.015021033604606679
-0.06716077039608369
0.06723494418108036
-0.040916300112508276
-0.23363836287197384
0.06731364049372626
0.07469303137866748
0.07866023393559995
0.01004237232385956
0.04681044644681296
-0.01627532210329593
0.24190513332062544
0.020502544128444242
-0.13097509012865477
0.015353515754308116
-0.08034211094686473
-0.05168632174245423
0.29080638010423376
-0.22242984600570725
0.07552230067217125
0.29571257050518945
-0.12740044953147467
-0.14782615372146135
0.03311281156995913
-0.13120755121652694
0.11985757758052681
0.12876729626203082
0.10101554460460706
0.06696136338673488
0.11496330635421474
0.1561419401809082
-0.2584637226905564
-0.016310573158137973
0.07008030236615402
0.056134403500586454
-0.21486099632558195
0.3751477127174117
-0.09997962176438951
0.06657975264109837
-0.13051377414123888
0.16615690043168357
0.21030496737350957
-0.02479234744444976
0.038508870696140986
0.013819091455733077
-0.008163153623620084
0.1080104803537941
0.030195754703335523
-0.14078430139038553
0.07622712228006367
-0.143313840261222
-0.22545870236817178
0.07233492115724947
-0.04974143967428968
0.2751395674374554
-0.0006547275834759515
-0.1542260173899104
-0.0004627718225708855
-0.33443654125733624
0.03423814383157081
0.21638046144005443
-0.08904755171420287
0.039885397158529734
-0.14307498643428782
-0.09398079426197085
0.06586010879237934
0.03174835249278844
0.0038966271073032667
-0.018980838545820482
0.1721644779132908
-0.2518307508148305
-0.16954452613019344
-0.07685310082250492
0.04694429638752079
-0.15413112831896406
-0.2004400787496359
-0.23242848720365994
0.12746033499066584
-0.049823707462409425
0.11228882598186697
-0.07119180578775258
-0.0005243698802021736
-0.1690573432481654
0.011800101970195181
-0.10273910052123307
-0.09180872938142572
-0.21347438416991288
0.2524962938352473
-0.09318262424000011
0.18991330147254615
-0.10150818368043989
-0.07301018500243944
-0.014047228390780361
0.0037592142439528235
0.15400352375983778
0.057139978743962226
-0.16005436338184
0.16328112258639316
-0.047399548760470436
-0.02916157699252942
-0.24718968109014305
0.07903058049680746
0.12048409708604836
-0.010281923170950644
0.006103990808796893
0.18230290605304786
0.08220434927196382
0.3591159526559179
-0.03697097002431316
-0.2790944525493397
-0.08418424015866191
0.1853833144082643
-0.09442117504443781
-0.047206301364129705
-0.018551368039830395
-0.023220452631740402
0.15448305671855422
0.09094997829613873
-0.017731699972952538
-0.05062300371418656
-0.19256212737055947
-0.08049628662803598
-0.16354168827111312
-0.0072733860614694
-0.2862233187336126
0.19913330518638903
0.07615757820749179
0.27346869920278216
0.12044633875533083
0.08853828673468014
-0.01398710545008258
0.04515995713963991
0.026183030502716975
0.09036052838835987
-0.10765878282474697
0.12474596249237842
-0.05894873461824416
-0.012779352814978492
-0.17377266311385905
0.08085207107647485
0.04016814594855973
0.06010842494762536
-0.04568962322020673
0.0381142244830795
0.09439859200383259
0.11049630362984844
0.15396903468708859
-0.30392225213300533
-0.07642131801209291
0.2194811797025966
0.10070489442749968
0.14636076540249304
0.19373360963711872
-0.23057357076046628
-0.20854718876595765
-0.04425515623752146
0.22572281864905283
-0.11441977641960789
0.26323708689717806
-0.019236432252388604
0.010952892795517451
-0.2452150927366921
-0.08759553821231038
0.23755226273674934
-0.10647359386287454
0.271634433915123
-0.03225176618923276
-0.16505477398386442
-0.11947628691190347
-0.14561601847984754
-0.38663162863144757
0.2750445032531389
-0.21881459940277942
0.013241580105904335
-0.016984664632725757
0.022630325123053192
-0.0296124320960224
0.1008613088313995
-0.024660801594315652
0.11117588892833234
-0.16248903656006888
0.11990109798063778
-0.08026333666279761
-0.14894441306324158
0.1059494065426804
0.10744801277381064
0.10984694858648199
0.1536255521009573
-0.0357692147284022
0.10721723975865781
-0.027363157413873098
0.08273423103828803
-0.08024021173588593
0.061118908995843664
-0.19498360509531784
0.08236042434863705
0.1459854456326578
0.1211762867650339
-0.046642608477047744
-0.12463207109250722
-0.0766434101710707
0.18121906931999546
-0.2883954046759723
0.0018072426855444618
-0.10333615262058315
-0.03709461246515097
0.18446524440150847
0.027886960817549298
-0.04211101920354967
0.30031858946469503
0.13829223452328723
-0.04062678224740887
-0.28647742117612673
0.0928490604471435
0.3475743680160544
-0.028687589451261993
0.25418437249950215
0.17710754782807792
-0.08837858524557739
-0.10900607559596284
0.11398625229006912
-0.18966620826776148
-0.04461494294043421
0.2061716044314421
-0.07150050596032885
-0.1534509449623321
0.017966570638524117
0.007500586992339243
-0.16723766887741057
0.0774182007407247
0.15217478085380381
0.1270771033122591
-0.062083044683701676
-0.01422951491963616
-0.23665642251881946
-0.16674103520102318
0.019861554357240813
0.21910464818108094
0.07819848348305397
0.15149331285922663
-0.0022394633119019835
-0.005915323378457616
-0.030932693504550347
0.30778347856992033
-0.43105241378192205
0.08680360853615958
0.31384725906540994
0.11810332774882673
0.04325370568003363
-0.1046076204105911
0.1994312654029261
0.10600134616782593
0.03748219826445918
0.20321897894064175
0.0007250689709517714
-0.01788664376125957
0.03650056390776955
0.10407174226441128
0.07848952874089576
0.07924817788298726
0.0917264866943825
-0.2831415901075318
0.016919407509021902
-0.21947333238916433
0.0033295680012791883
0.013568668920804246
0.3420849803323968
-0.08775269752158653
-0.039111529710553046
-0.08745684547526258
-0.26692019571958536
-0.2209678766429013
0.23432800627743428
-0.417100726118376
0.06615466603946427
-0.3565186152739241
0.024685644257277737
-0.0492936004130137
-0.27185033722191454
0.09126874434343217
-0.09713072163817284
-0.24374528080057725
-0.16109871988082036
0.14050503828172867
-0.1292471714200506
-0.21695464805347314
0.09694715561304784
-0.12053090746298473
-0.13661818295324593
-0.30315917666774417
0.03971177055152852
0.08451728237913565
-0.49713619244880314
-0.23201508788631087
-0.4437911528801401
-0.018807257001598618
0.17931985522228638
-0.04162768368794382
0.11583549063043515
-0.0026071758480221683
-0.2398424096620142
0.04879713442200612
-0.21987884773705174
-0.29401641858171707
0.04479566619146776
-0.22992971470229473
0.06682988857483545
-0.25413215962370594
-0.23521393605524868
-0.39450745242305707
-0.19152311660034527
-0.13173816879020853
-0.1372041652275411
-0.11057727335866248
0.0917456375960749
-0.06726922882881742
-0.30639568335538875
-0.030966832147139457
0.20727669635659682
-0.04386800276127253
-0.1025089318918204
-0.21384359184173501
-0.1328155129225575
0.1666311466251036
-0.09644516962200587
0.15858569810721432
-0.027033801952244137
0.010615270556123104
0.003122492152505388
0.04266716292201352
0.4425784384242567
-0.07353686043116936
-0.0452310144155488
-0.03812323883197708
-0.05030799602981168
0.06115375177359702
-0.17538500366062332
0.25298514906569086
-0.15228009805956194
-0.07741933439820403
-0.4312396238226678
-0.004417299564041439
-0.21826239163524144
-0.3212574493573059
-0.02455545616728253
-0.0981828578667592
0.17886130194548394
0.04330006448383359
-0.0704720048413134
-0.15976544483839564
0.09633851925110096
0.0945937189480987
-0.03744293994172007
0.06369924501894961
-0.2330365219354873
-0.0232844555988903
-0.0656503839535877
0.12075594397277344
-0.28883269660970956
0.05946454564111226
-0.12685413167762272
0.08405089810163482
-0.34569660441275046
0.06963478196913683
0.24258865571998672
0.31891721390984207
0.24049932905021423
-0.14250172286571233
0.03618956084630487
-0.24180768644179818
0.3693764354264697
-0.08859191580800956
-0.15267962923015557
-0.0892822256615483
-0.22466988567083318
-0.1876511729252673
-0.13059421690384995
-0.1085040700240882
-0.02918315697769174
0.08368257238007608
-0.17232529479503614
0.16034017232880068
0.1758253685461873
-0.0610751386145012
0.1251168942463894
-0.26501503410451827
0.20162307936466395
-0.19372856640077896
0.047497156615861603
0.13048335624384105
-0.3727267743437641
0.005578901909382365
0.14187137412958278
-0.18805729680063116
-0.06760757241112714
-0.038900067990950686
0.0860229556986024
0.022311130952011052
-0.039012729509699445
0.0987065511581477
-0.10183958918419123
0.053544483182752
0.2822278054488987
0.3455018290139129
0.029198590917248968
-0.16981760371987908
0.2423603319145249
0.04090287827396128
-0.17139004903736355
0.2911711859334648
-0.10697571552307424
-0.022615538632722428
-0.1265161787381432
0.1202956227217124
-0.032185467560203136
-0.09671627398363337
0.06854931008019428
0.2232666842827735
-0.05729620316001884
0.08941989420028498
-0.06786174668213825
0.1460870475557266
0.23699692586312976
-0.04357195254075105
-0.12633603110344196
-0.1283169503958261
-0.049511465051839856
-0.03329816487178824
-0.027931139185313026
0.27345583399443407
-0.05123002647367012
-0.023608275063154802
0.060228019801592286
0.038570820317904625
0.17545234983351368
-0.3614787708136795
-0.1304809315986718
-0.04833613634685002
0.15229239226210003
0.022309469606230935
0.043791603079480185
0.10655234793434636
-0.11991633963764323
0.05988319558833137
0.23698942638052103
-0.07159938112643711
0.02272401580883653
-0.07600988820317416
0.07255304634863906
-0.1305727370752731
-0.25577397950241243
-0.12170206192132081
-0.35758367601669294
-0.10024805252102777
-0.06392696675580671
-0.09781432365980303
-0.021953039242505988
-0.10187903431993404
-0.029156669428420486
-0.02842494770675176
0.017479560102660698
0.17532958749619937
0.08392779353985523
-0.2375587748490256
-0.1759066961224847
0.12706425423727244
0.17736632598226207
0.04062421983273999
-0.09095518966752239
-0.09486502767174018
0.04529340118499937
-0.07155053586227406
0.033416233734804755
-0.13673377109121598
0.09904569368470763
0.10067222321991416
-0.005620699712675455
-0.035918799454882765
0.2594842993811282
0.1467634068378562
0.0727687589545354
-0.02385721909168503
-0.11020239370649272
-0.011854869357863293
-0.0036338317987397897
-0.07783452168120114
0.0834328794644069
-0.14869107442656743
-0.04507805003258128
-0.26915254916580184
0.023574256487369747
-0.05869752958738827
0.13248206105355267
0.03182573465140596
0.09822554990356565
0.00072751162598155
-0.22596244147172181
0.09878643446062399
0.11348050498178057
0.04902953485504597
-0.08529690675406722
-0.041118384807293205
0.3304969046051295
-0.024637773930735386
-0.0010159936042199033
0.22695460245498839
0.0602846172760631
0.08730032855376386
-0.03604680522464671
0.16535349270473493
-0.017255648731459287
-0.07506258309902582
0.09663643866522012
0.11973577811199432
0.4114690141702818
-0.08907321506298134
-0.16461738542760618
0.0466257446369414
0.08985309574880805
-0.1031862567620188
-0.20523239712262348
-0.12193712078405615
-0.21209093149149372
-0.19441460877191513
0.14214330643736364
0.07968770067815913
-0.14702618459582026
0.23655125263350674
-0.08217115185999989
-0.06203805841393613
-0.005250801019047484
-0.18962908215014046
0.10835428835397694
-0.20128204032008495
-0.22198922066139604
-0.10834043338297308
0.11478363200161439
-0.15244990791749236
0.08919330855526607
-0.11449759701267599
0.11843216998551573
-0.06790481208646588
0.01937679574541272
0.18494844069582386
0.16101664271572097
0.1960637163520873
0.042040559340875146
-0.16364481607431955
8.181833671576717E-05
0.011253666077397032
-0.04830275247308713
0.08990882526772506
-0.018702238861476362
-0.20239806969035948
-0.10977932009477391
-0.14230748290899026
-0.16089293601449495
0.13565157335805175
-0.02875429679757959
0.029651757459637967
0.3052530031184196
-0.006843306181533782
0.08855235808508305
0.16668131581804627
-0.2547567669000264
0.17984159143379613
0.09010196956447906
-0.12831073434469695
0.10309594108890739
0.1254307915921591
0.0978499307722913
-0.12154958825452003
-0.1294652883997759
0.20841251680019848
-0.12905819955996622
0.057494053397680475
-0.18807596682170996
0.03460710853108887
0.21976100057315245
-0.43509870108963133
0.01321359830326427
0.016222853144290582
0.03878697925497822
0.11636189231003324
0.1497643946177793
0.12288791185584447
0.17473041221788085
-0.17341969278951105
0.027368687535693974
0.27514491199370056
0.044821395770232086
0.20582552828481374
-0.09137773245477565
0.065663478447385
0.1292756547376338
0.0015527221838684691
-0.1119380650457536
0.13721732979819484
0.045702667337049835
-0.1268757203183923
-0.10223875898836682
0.2262965371855465
0.15928724429247323
0.09761806154988152
-0.10846874459186608
0.10868286031258297
-0.07938874651977679
-0.008662034413214273
0.05291528360762992
0.20367897235126917
0.11360484758952977
0.048568990462738
0.11176756649638123
-0.0313190651112162
-0.2691683026056502
-0.02489758652395571
0.3442197097696671
-0.16822698479185266
-0.0432539972552011
0.2290082621901397
0.10288961287834571
0.015430194555916222
-0.06601025451471734
0.22437845625800235
-0.08626128409893596
-0.12467211938234789
0.16301658750257286
0.014674438486526257
-0.14620455454334652
0.3300098369624499
-0.08892229443666634
0.1023239795109257
-0.04921222130805368
0.04210925526042443
-0.410284562073348
-0.09916284300577201
-0.10474379134042913
0.0979880848273796
0.1525742352073036
-0.21974885475767275
-0.06389387970111644
-0.028044412234746303
0.14413929384069993
-0.16358304852512526
0.039411773919308245
0.05550852421510631
-0.13433461444511682
0.03891481729736452
-0.004868923541235106
-0.11405802434316135
2.4954451386146443E-06
-0.012906487991375285
-0.07507709071835121
0.10922125618950927
0.019401955255227386
0.104200091340943
0.3276308268983848
0.2957746528878134
-0.08304372404944871
0.009814748015032357
-0.17552593084240137
0.006541740096347512
-0.12043285013214908
-0.2613686071140857
-0.019262198540460965
0.10963253850455686
0.09181703661800934
-0.048617602182884696
-0.24635436387014994
0.19321751424568842
0.010812266192821591
0.08182347740897687
0.12183283437493571
-0.0187722763292399
-0.23799545570122527
-0.02924180378751026
0.16310058719151266
-0.0860390243529931
0.025163974248768074
0.193193877859863
0.022699368806540814
-0.1718886304812168
0.09497650197996688
0.022745786910202057
-0.353721712950866
0.07518711345503105
0.31710407505657545
0.01100803845671995
0.05362712767689858
0.25388856387828773
-0.1310364145830296
-0.057535390750493555
-0.2286552228767676
-0.21055470596561798
-0.03749076858959073
0.10239783220045887
-0.10084795608110014
0.03517868727543412
-0.014421830199148323
0.13529847415306137
0.12383480498430632
-0.023642098505189862
-0.0448885705529178
0.185478741485465
0.11236843681291654
0.039496673438768524
-0.03536677804225757
-0.059959672913540776
-0.18615721053218812
-0.08019228315048021
0.089597978044219
-0.17799952944040295
0.16786411681862834
0.2654458231722419
-0.15849532656437199
-0.11666272325473916
-0.19135642626620963
0.10794152594125339
0.30963050546148013
-0.2632231329809372
-0.12093936241207576
-0.023228673145369385
-0.23825607007595526
-0.05027855077055178
0.07017142565674356
-0.03960488124175075
0.028386865831763725
-0.10560983791433004
-0.008128892513997218
-0.024251731372446635
0.09458017330255793
-0.1581160742169097
0.004498347930855872
0.042239929738939225
0.13406003500382344
0.06905134826468648
-0.10179093207122311
-0.020769910586303057
-0.13865785282330176
-0.05195385573748285
-0.0014826980399909348
0.0380575144107514
0.21130992878959132
0.08156836596647055
0.03619799232978528
-0.015568581703728393
-0.12829504392783736
-0.057716815688687625
-0.13760433491132276
0.28515494795270474
-0.2069441081724666
-0.2620431948934384
-0.10545229323729846
0.12777307100891838
-0.03708479913514387
0.14477502750152324
-0.25277538215172485
-0.17452885959947645
-0.009505649291748366
-0.000824215396130287
-0.12009582371863975
0.04154618860536514
0.1809935874884609
0.1382856118493965
0.020982109396122276
-0.045109276795921804
-0.1198597792327593
0.3333585014459897
-0.03437402626685487
-0.007804120962888206
-0.05786585412174541
-0.07836345519301101
-0.24808566899427684
-0.023404213672203415
-0.29233927121069453
-0.16690668054804056
-0.21170073566158984
-0.27734020975757323
-0.161211665442716
0.2672558942193286
0.043645839692756434
-0.06018187307465749
-0.20805708263959732
0.03875607496522344
-0.29370807785943503
0.15015899880765832
-0.2019055197010185
-0.03769877803157367
0.19738382274431765
0.11830791182437059
-0.044101210183704755
0.04647648618708244
0.21220471180456466
0.07358554524529767
0.2672355767591286
0.25456802983200244
0.11928501941038877
-0.04415658599984087
-0.15440264493109573
0.04315523240327153
0.045276047033861025
0.025739729783348913
0.12627388020668845
0.10525647248489964
0.09043252116751517
0.02609888040855045
-0.14300776285070496
-0.039493858943623436
0.08689655680046895
0.16187932581790793
-0.11382361687781913
-0.06424968560426697
-0.008349228149176728
0.10519241620588796
-0.18527544341991856
0.07499804058734481
0.003091879388306805
-0.08426444295496975
0.04089951091593613
0.025633742818987882
0.09650452885866015
0.06335476863799774
-0.012708616930120015
-0.20132257432185208
0.02833621044215207
0.021369479880842052
-0.24107557376556984
-0.15155285722737594
0.021427412683351913
0.05772572732552853
0.07282954620469828
-0.009753071354430176
-0.08649872183697643
0.10685893501210406
0.07842927328564579
0.10581172323148817
-0.022353436067199396
0.23188324206348862
-0.09876902966240901
-0.050616305957814564
-0.0941724943823975
-0.0077964622593601
0.12851942808305028
0.13648806430563115
-0.27845246626428183
-0.08212694426582838
-0.303262665793249
0.002214461125793318
-0.2424626457753119
0.18487724773249356
-0.1194626394334471
-0.2394068196117409
0.1229933312462779
0.10355494656499958
0.12015663364233822
0.056867455453900595
-0.18381205939936912
-0.11797676817186974
0.10236949104029817
-0.06037098448603647
-0.12010657062963445
0.023620132671768903
-0.0518305451266236
0.07114724691223367
0.001832407809893678
0.15807789530591235
0.4301389671995437
-0.16772183028247092
0.0270068701247463
0.3031416455320135
-0.009795695808051943
-0.13142051847558076
0.03413163551785197
0.2456028684440416
0.01841644642400197
-0.19802138159414256
0.13426048046730613
0.16142391362664066
0.05189653603631751
-0.06103421366060328
0.09008658393793212
-0.14360787091748956
0.011694523638313106
-0.08495329040887087
0.0025151518374879923
0.001830146040405843
0.015038467736969326
-0.1540364461727318
-0.038129817256729225
0.06536583166138521
-0.12105910906293502
-0.10077589036190587
-0.007041168062088427
-0.07138411274009906
-0.10465370872796584
-0.13800259408305013
-0.005597247307274441
-0.18049836366814095
0.03484590996027886
-0.24744630024640718
0.31767608296350763
0.00020365407213753992
0.0452166394352745
-0.05567003961627686
-0.20987928845213624
0.2041201902946958
-0.09078398289409847
0.1173728116480169
0.0420579894172733
0.2300155588677074
0.07338103791225482
0.2198033849360544
-0.022450341267561784
0.07288379317424273
-0.28582409048343305
0.033655201768538576
0.3044613298385067
0.17947184505886657
-0.24199327986995148
-0.09790084549439135
-0.07096419941524787
0.01334951924555207
0.14933215006460276
0.09571145478062602
0.14372849456539546
-0.02617557937564966
0.21229947328470228
-0.05797937151123485
-0.1179141734910588
0.0029981267449150453
0.06803629845350842
-0.20702459032381532
-0.12661963566769083
-0.11148722944338409
-0.12041924275802403
-0.11542240978682244
-0.14514639957472777
0.1586231116307381
-0.10202794232734134
0.10171240425261434
0.004319576265659021
0.021085794828203424
-0.08322771982131104
-0.08716261085202177
0.058152756262178966
-0.03720131243971521
0.256827296728118
0.005022155610882071
0.2046728100107697
-0.0037326730796864603
-0.2571862154382865
-0.05553157587719028
-0.020022879243799818
-0.009170750941536843
0.09160997104979211
0.06650018852660361
-0.3253759392011906
0.0763562364762463
-0.014141625675131926
-0.09055226239374257
0.19547605841228954
-0.03316783108152477
0.22496939514107797
0.02293079612587536
-0.08226798271467907
0.06445031597288672
-0.15725292136640984
0.1383742535330598
0.21509255919506176
-0.12126087040006532
0.05014222557336951
-0.05805173707793788
-0.03827779969136044
-0.01823057291997871
-0.07035801130448661
-0.17386249877172985
-0.1263207720177269
-0.053390316464655536
-0.16883260957992396
-0.053145357257790064
-0.2006794574562077
-0.14837600322140532
0.17645976451093603
-0.231404526692716
-0.09321375519344374
-0.18697395563305758
0.14397504757070448
0.027738267900442915
0.06110584048957057
0.06717262177149616
0.1706798597576009
-0.0907127952788739
-0.22110450842375087
-0.0005504188450960025
-0.19991398957184126
0.22563702269737057
0.018040242587952376
0.29100948657687387
0.028212089335080702
0.008882308809696662
-0.18330886805765345
-0.06931390516834568
0.025722393043633874
-0.038260754339851655
0.10245896825374197
-0.07420948882957226
0.1737836663324975
-0.10374528366931031
0.04161587702901282
-0.028484707070859972
-0.19650789220245726
-0.04122919665478433
-0.23921731274378935
-0.07242325117723394
0.16075513077699927
-0.017946936936062533
0.014693106548220373
0.05914893837375296
0.21505588121130093
-0.22126776270824616
-0.1757310394223425
0.017947007982414918
0.04754045784390492
-0.14643672233080277
0.11715455337321036
0.11960299411003092
-0.17417338611353286
-0.029827138409394452
0.045759513722484754
-0.05001376889000979
0.06060704851811135
0.0025226870393397715
-0.04277449040003829
-0.033560657475692514
0.22055619878717012
-0.04081832251782365
0.11968903378535256
-0.04749137034547793
-0.05861840890122503
-0.12984413598024544
0.010768548010749224
-0.07002277783573885
-0.011170717284979436
0.01932508819048044
0.20358278122958362
-0.03892291468620073
-0.08655282381013386
-0.057012305747366335
0.008600589352862094
0.24114690994811316
-0.15261887352449052
0.3419024000201673
0.13901928494255777
0.29116025392155714
0.17231823298601343
-0.06818607950190325
-0.16545467371204653
0.22194619090590745
-0.023914050232793242
-0.09971580578667036
0.0024347884466854037
-0.0848009997754557
-0.06943216894975572
-0.09817102182474692
-0.13170257765233404
0.17291034911563696
-0.07145613414699033
-0.3698639788963779
0.029903244247752196
-0.17143953392649355
-0.08233682036635606
0.008229175520268736
0.08101522415695023
-0.18081354459256785
0.037886572309995155
-0.1513010734597246
-0.04243200955858934
0.1305407261209752
0.10759395813293064
0.03753952503293738
0.03456535544069504
-0.11284591387673493
-0.2361173212892782
-0.09943459401551594
-0.24773917305546625
-0.05790814531884985
-0.16300564544474408
0.04894180892001215
0.1778048420082282
0.11313976392697074
-0.05989311095417476
0.08265478116608828
-0.16579508670662352
-0.003819721980833785
-0.09269090156939656
-0.15794677931501683
0.15724368234996902
-0.15827490316355153
0.2585513841146763
0.10270126363975726
-0.45042380143458655
0.15653613414464496
-0.12404572711440426
-0.02789078130038974
-0.008873753963124209
0.0974367353750067
0.08441713803545445
-0.26402750281259213
0.06614371937282087
-0.06073282231275005
0.22261434928539145
0.15527771516186373
0.06431757497798683
0.13665349715052755
0.0984461970913536
0.14547506906816443
-0.08381413933070413
-0.035538053681456426
0.24239137551708018
0.0468081518733155
0.03043390709078713
0.025006522424712064
-0.09082947109694993
0.0702324847102905
-0.1478721154941016
-0.035104744377229914
-0.03718051259192254
-0.23986224350459623
-0.011247895818295505
-0.1740430548678075
0.06338886190495747
-0.1133995769631797
-0.03934672817161885
0.03446015693441772
-0.32683857119814635
-0.057295513410565754
-0.017232042284701165
0.041309906918061086
-0.0772338378839582
0.3983289037841916
0.37972039066113605
0.28157380694918605
-0.015735420385987783
0.040434407080539386
-0.051039936408307215
0.09118437596460825
0.3091804980251686
-0.08114647334688083
0.09507543091929783
-0.06014747772677389
0.2335918943550185
-0.11634736913433406
-0.03701566427986378
0.14332789481693084
0.006812697373195414
0.0593152231139287
0.1558014913498605
-0.01139545502122082
0.11533596005610651
0.07081661192336282
-0.1331312029317981
0.21238104079402084
0.10146022459264718
-0.3534199596551805
-0.09400302205433782
-0.07771705232223679
0.22143252652608972
-0.09137702625399727
-0.007173214734171381
0.0028547047794270555
-0.15244815238575238
-0.20818653495103973
0.20243794081237737
-0.21092824752877243
-0.14494300845155397
-0.0678131654656946
0.0980804795433489
-0.005182694593920322
-0.16687819529465983
-0.08857558414069461
-0.4126158152136301
0.08606852465713093
-0.06105299910734061
0.39066721039104374
0.1386862208029444
0.330386849090966
0.3024040252784075
-0.036414302608636304
0.15456642722068797
-0.10893057913471167
-0.16176089181569353
0.2220295240346029
0.09741650096989096
0.1861947013364034
-0.17738466617227414
0.0756473647471258
-0.07792800294713904
-0.15437721579961625
-0.32821231173300647
0.16325730421268259
-0.10813827975283238
0.10397123697191855
-0.03224026933077986
0.19253823591754993
-0.055883548146227924
0.06335597843007104
0.2168966281833444
0.35571741096862214
0.01081222417433269
-0.2177799346167542
-0.0633941789893799
-0.23700510147646184
-0.07122924071549622
0.07154437567480483
0.06523746675239826
-0.02161912570637394
0.18091645102379592
-0.008741741934935736
0.10052875858236912
0.028905711320786797
0.1401572015722185
0.005451372278239798
0.02450535935193785
-0.1485996672491264
0.18818921730346513
0.13592751654379132
-0.4157133280427124
-0.024449148781068908
-0.49651465479780504
-0.05673182878627831
-0.06730121135799737
-0.2459317566822256
-0.003700551785642108
0.07360958476471849
0.023247390744046137
0.24553134867902762
0.08636646004622285
-0.08112682145617095
-0.1503868219531487
0.1314138877840293
0.3429171310707693
0.11403334122734529
-0.014546282835644079
-0.10231731403668769
-0.0121550186206221
-0.4026769416975492
0.1547519395183708
-0.0402435309822034
0.004183107188224122
-0.043679116118153456
-0.14470093765934863
-0.3971024090561232
-0.002643217961513343
-0.5514737536705022
0.18009284704390832
0.09709409394313065
-0.1848874154640077
0.21778174218479734
-0.06541762226838575
-0.14516953514233882
-0.11315310575162507
-0.02905984471354417
0.033714676398700114
-0.31003657720352373
0.13256371799246758
0.003736120015070964
-0.1509395534350116
0.02295791818928271
-0.11075479958437584
0.21517155586700576
-0.057691661002106154
0.06703345700579208
-0.09182091558659787
0.02279716628425886
-0.08198663729109024
-0.20781095075322464
-0.28840855388890846
0.18690492888502352
0.137689422225668
0.267801061618151
-0.04666715125311208
0.3027094316481236
0.026639352594470637
-0.24556083208796328
0.06649335783759315
0.06645093944138561
0.211915258125773
0.200409689426136
0.03116225643706486
0.11040645212998948
-0.013497476899350422
-0.4146976326470065
-0.04901472233958787
0.0003921669011501208
0.04183112967794055
0.08117484359889034
0.20566076819356216
-0.046714617342953034
0.024017727641571177
0.06330564645827516
0.2863859891292927
-0.1487059419511863
-0.10275896850804324
-0.0750308668390749
0.06148425790980997
-0.14438560222419694
0.13915808520186537
0.06384329472899897
0.03406253942029463
0.2710348024583016
0.019085176340816943
-0.15877091442201047
0.04659743731875631
-0.028802303869806166
-0.3996196540966805
-0.15636253690327143
-0.005851393187376822
-0.17404933852148097
0.15752737457105
-0.056690464882772074
0.1731483153686067
0.04007758511012939
0.22605453469149733
-0.2650662347084074
0.08596313014911602
0.20704808339739186
-0.0837616237756686
-0.06996349089027439
-0.21936977129353843
-0.08110518066016811
0.01728569606386234
0.027106136059290766
0.1196591324418062
0.13166459552351278
0.05872193629067169
-0.1626069430215712
0.06564989291396249
-0.24725480429362326
0.03231901106913217
-0.24637864968987735
0.09708534076246429
0.000749512134029731
-0.0066549592037807625
0.09155685025180935
-0.09027586416303182
0.06011690249942228
0.07281735854269153
0.04873610905271752
-0.19457661896085762
-0.2813298095514855
-0.03083605417385789
-0.29301803661939496
-0.2884114926293934
-0.283855275303166
-0.47302739658265275
0.23344442848853997
-0.028446959066925178
0.10542183698084605
-0.5048945821722456
0.28795543777471944
0.21872434370717933
0.2950965869260341
0.15627983672756668
-0.04609219295504564
-0.1288914312605128
0.057637956615325406
0.04412756792065453
-0.06318637765757004
-0.11385320032353545
0.030930054224081245
-0.22091910977537987
-0.10249833951147126
-0.035404736012072655
0.015786081461685513
0.24202607943615298
-0.09515111825285347
-0.08807042381005428
0.21719995736067965
-0.017439211602384
-0.11019675372139055
-0.22289689600017418
0.19869143734257463
-0.11033316929269024
-0.05633386035060923
-0.10555077205386963
0.26816213142452955
-0.040008897629140415
-0.13487134376576235
0.40173391210389403
0.08099384601665847
0.07738671501431127
0.30774897669271156
0.16182542919811607
-0.09425181040845743
0.31312597751200305
-0.21529028042443304
-0.014972570169085993
-0.19174196528108586
0.1013261638347575
-0.023883067436479655
-0.08692318078090008
-0.006859739819750779
-0.3118530389659079
-0.049349539129711004
0.2374746425971825
0.059208424204373535
0.17747102438954832
0.033652401710035536
-0.0103225293611382
0.19622787448210946
0.1817637209323133
0.4403586440990305
-0.08203347280647201
0.20570934146119335
-0.038584810385720925
-0.2263923742146892
0.03176589288169524
0.18081583485268277
0.07390300272178064
-0.07193363300186364
-0.10336754028088413
-0.2879540410017847
0.0016781663389593068
0.16681685237401697
-0.25599334825457987
0.10978460445311254
-0.11253519908433647
-0.1655834170023922
0.04244850565093457
0.21924045088850883
-0.045369790048358456
-0.13088460137425365
0.137998189114003
0.04225571534443495
0.10797551377564539
-0.07191831223065541
-0.09889433886395259
0.04294357856549037
0.06645412588973305
0.19537465884437946
-0.19875124911829808
-0.14153074665888243
0.08166650788575477
-0.01806206447570595
-0.11654258019131682
-0.1964098239066111
-0.05786405966031944
0.3141938638606827
-0.046936230806542904
-0.059784760471845264
-0.2770076767751595
-0.0719630766518131
-0.22095782710889736
-0.019714951487715262
0.19126783314100518
0.0004975894768131047
0.05263976498463248
0.17071848171728843
-0.0795932873548301
0.16321090196168067
-0.06346940251941197
-0.17978457778605594
0.09908636656608068
-0.00704829312146647
-0.17177187352982018
0.07261968242910237
-0.19022270676194786
0.05175927161683989
-0.20570127787299156
-0.09697962675786458
0.06077088236162978
-0.04112011372089462
0.1387831911069338
0.23643799217785136
-0.06497335860997144
-0.07240431012658728
0.14432581986618723
-0.06157435709777871
0.2521239450545771
0.28275266856752
0.11575600469042756
-0.006953630435674615
0.06066286834416512
0.18134451994549577
0.08249641298378013
0.07867463656575328
-0.16129157911116013
0.17514485387318118
-0.1801736299823406
0.1199594147066107
-0.03249759661051066
0.126847267091644
0.07034195469591678
-0.09799563867023169
-0.12903605841319266
0.08098896100026602
0.12106009168726806
-0.0034307846907218327
0.23392232048939055
0.1678712322743793
-0.07433368668684066
0.06981497828663367
0.1065122968756525
-0.030186843133972338
-0.21549621892359408
0.08091796003916672
-0.08596954480628635
-0.15556041816822347
0.011789509922450078
-0.10743756241471558
0.09882494677962309
-0.1398921106243496
-0.05970317658408204
-0.06126318484524835
0.1835416800114336
0.10651528607716862
-0.10003632007608029
-0.03579870660341752
0.27688267296677893
0.05517645303247559
0.031037427992349282
-0.005288464793730675
-0.1612028517228217
0.28062873550429535
0.18028121909905656
-0.2445313256295951
0.039694159446770474
0.05404030643903907
0.18317114276617244
0.1729862862883511
-0.0038790529432258538
0.2798327587676744
-0.03360241405323724
-0.03993439289583267
-0.14695499538741155
0.1397503008161865
0.25464524994609483
-0.1041942677465798
0.010762946406960855
0.026000478884402344
0.008271733336528234
0.09814816023720103
-0.2233652493157894
-0.10212579365256731
0.0010953673557276586
0.01971983955176723
-0.13130554929708393
-0.1348702083555073
-0.17133847525205925
-0.052735953045447516
-0.17729318550089554
-0.18469755970828045
0.05634766409625722
-0.16933587669845226
-0.021425978647068224
0.10719107116007762
0.061290791678318975
-0.07205450917606669
-0.30302858394049453
0.20343618960096482
-0.08352554834114666
0.08940356051835595
0.19133195319427915
-0.06843174269154564
-0.003269855456142106
0.04412101093037241
0.022718156937109293
-0.003272122795313713
0.026194931101842504
-0.005250439882115005
-0.11869634262923888
0.12728317907603592
0.1087264003930118
-0.030793517197468718
-0.2651077014375364
-0.18962677219264665
0.14904238357219904
0.08760502721608603
0.33003395913165917
-0.041329330904939794
-0.006281387900563364
-0.16921757282277783
-0.346966380858114
0.09813228624491761
0.05486543958387426
-0.2839615115616166
-0.21651757435231633
0.051186989300901944
0.009569233790533581
0.40579230030946245
-0.09972977668390956
-0.07669186978577167
-0.13838395001626594
0.25427294304250897
-0.018259298775141194
-0.11097043231480162
-0.15276736794591755
-0.10541912639569744
-0.12625364541148196
-0.06174012831242308
-0.26977099369369884
-0.18149506925276207
-0.17697423965237363
-0.22795422458757228
0.032484630255003484
0.010700580273166395
-0.1286168043626813
-0.20875451519195906
0.14871708724632618
-0.0775953573411459
0.02196489319919692
-0.06764672328690569
0.22733974163470894
-0.14824864824026873
-0.06091441586781919
0.17037133247360764
-0.04652597633720982
0.05485966708372979
-0.013233542555184857
-0.03937772778409927
-0.20517013879501175
0.12765611924209702
0.14787776062607275
-0.008806897296001585
-0.1523648835979165
0.04821651360485897
-0.20717131818739057
-0.2482262699049946
-0.06738184760125897
0.10902066721020405
0.03337289629248136
0.08820589865284896
-0.04276359070737267
-0.1962942483458607
-0.04583494958425049
0.05802974010966464
-0.09933615994370473
0.2661423747737436
-0.22722773706778987
-0.11194144000577412
0.026055123640773337
-0.04583720372501267
-0.022447140351667012
-0.15315353226306344
-0.3016877229545874
-0.15432420812287526
0.2785818236717781
-0.0295833206332407
0.16101835467669828
-0.007512206441402182
0.052628656862368006
-0.22049847939599082
-0.038622541686462265
-0.10238571901164228
0.04721544337641288
-0.027699070496571575
0.030787733301610047
0.025888613864321758
0.21918337142555352
-0.16968160809744548
0.11937762506870833
-0.27094393068173633
0.11139533375359587
0.05807787338836437
-0.003413382593657276
0.1262368011185762
-0.033050604714017454
-0.12894479288403102
0.09776643107705361
-0.09190894155864063
-0.1717352248685632
-0.003503141231131486
-0.10468380221917323
-0.14467508256945355
-0.2628603661879185
0.0678014450464284
0.24763325620104173
-0.026248292823027864
0.11276928458264172
-0.07674855837966936
0.07971672007076472
-0.12762484964158172
-0.037077483609639396
0.03280715188395778
-0.007101932885820191
0.1384974056208526
0.09484423413066632
0.1872503480435829
0.12112785059430589
0.021267001841358994
-0.26154747486473423
0.1406424683460223
-0.06440689914250615
-0.018871500493478664
0.07336112836589355
0.10493478504350233
-0.03496906542570091
-0.07221183330070381
0.0580811612903993
-0.12661273315885047
-0.018219637286433
0.04576978328098989
0.16473091103239101
-0.07728851393527199
0.016427771109353038
0.038682517386665276
-0.017547263127509698
-0.2686543390838165
0.09931046602563087
0.020914187919412464
0.007315025997604339
0.10966086102355535
-0.053449660786778465
0.05485161889146634
-0.02856493047877215
0.06878309810153964
-0.12796972894565553
0.01467100832570408
0.09132342068675055
0.168172425674002
0.06138127316060608
-0.09175450076053401
0.059291869678986746
0.11307326536266939
0.16476034801897269
-0.08988192803484746
0.04158986084431556
-0.02478215975095561
0.02053652979158007
0.0680007273234417
0.0615659289002442
0.0861756256452611
0.09254674292952852
0.126025724179782
0.01369787974140431
0.07804994643970053
-0.21227696518521408
0.18486953081955704
-0.1450653942070124
-0.017156140919625865
0.04688526229309167
-0.17255345454166734
0.22021170877880075
0.013195288167143963
0.06621233157456852
0.16178213218239354
0.31251106103314163
-0.2665468645424197
-0.22959077177806125
0.09045369952856383
0.007338605530387666
-0.03494647309816559
-0.3197696428885494
0.14252498927041438
0.19979704242240476
-0.16745639339935328
0.04339396055179208
0.04679530976056794
-0.229788587133167
-0.15720169214529192
-0.33817627849627924
0.048289716210430676
0.03408803834020567
-0.17861719184644984
-0.1470273590719531
-0.18611138563080917
0.019903859563231423
0.19746688082042066
0.04072097448363792
-0.04593642203239594
-0.23929550513501885
-0.18075773550885862
-0.30249220618722933
-0.05362003570804132
0.007781900667989416
-0.023992903500982266
0.00549093948624686
0.04267285654409985
0.017380339558374088
-0.1318133975960433
-0.07219654453986143
-0.1855338782264297
-0.0602966593626904
0.04193087555765379
-0.01467257099783562
-0.12102627672748864
-0.15063850190305483
-0.024292413464624
0.3130603764776171
-0.12042677004993053
-0.0420089411531898
0.20585577697135854
-0.18098125365400725
0.11742728634298082
-0.016726927984392143
-0.1782849648529618
0.3082060368128329
-0.21258877939509022
0.08659172662061329
0.059291806776473686
0.11750568066593749
-0.02096267056715844
0.004373988467260251
-0.062123232091872066
-0.07270393002100131
-0.1895625563736366
-0.04856929825644822
0.1346886923913424
0.16286888877650246
-0.3055269968326161
-0.15257638819867497
0.04357670266590039
0.13628790398160878
0.1311980231689263
0.29313953761877243
-0.2773335999457575
0.26878643493701426
-0.08003061609431941
-0.02850536659793452
0.04928613281928695
0.2941332152569722
-0.021837144870338093
0.09362196058797642
-0.0007819150778986795
-0.09094167005885569
0.19169836667943435
-0.08217225816684837
-0.3495326690813195
-0.04083285548087517
0.05013441722996618
-0.1643921164996783
0.003940026539818297
0.05376738681958308
0.12978836507031807
-0.18917179335898196
-0.015866666830338643
0.01623151822059954
0.04897308284345761
0.12975876852992455
0.2913532346922077
0.15798350541790387
0.055719948628730594
-0.19944891398408415
0.07331366625858327
0.0440316021333161
-0.028172389270087292
-0.2006890741124256
0.4080002185652814
-0.09354064207509472
-0.2794179722561787
-0.15966798700763032
0.21655948658804364
-0.18551035626067638
-0.29750724840287696
-0.16392248526534406
-0.008918362930309006
-0.1704320237885957
0.17011036558762757
-0.23227165745578118
0.21467958342077728
-0.23779381344664513
0.249969848513734
0.1797387561698433
-0.013078370317888752
-0.12932326805866193
-0.14825165872478316
0.09246447290018883
0.026788736495531037
-0.12679233386099298
-0.15224285824998562
-0.25271002301875733
0.055400309559518496
-0.06463713448747159
-0.1636864717077076
0.23193863129317902
-0.28766692810529504
0.0075938259719675405
-0.2333417944971865
-0.17706363433555697
0.18229484540830582
0.15744627755636312
0.08638080858456547
0.0636859204958768
-0.3887764121180965
-0.20493943502348486
-0.05335837103815063
-0.28145790597068515
-0.11692802419591788
0.028356190340030188
-0.1354281819736186
-0.02168130671958325
0.16800162044098155
0.0404709440746044
0.062340125029755
-0.11098397917165392
0.09825171589065891
-0.3221555611315019
0.06607967677677516
-0.13063403439397273
0.039297187279524415
0.09847754708820686
0.2671366359214797
0.0733112117037351
-0.18057781685247304
0.031000979708410707
0.11343399733902651
-0.19954478683629293
0.2789928428756525
-0.16749004762836828
0.16343315124408433
-0.013403174148068544
-0.11135785347273501
-0.11874415742839006
0.2662543067576391
-0.20496012323902885
-0.08950756120388234
0.030251475940134512
0.16607970661011523
0.01330711704749456
0.01677717800685908
-0.04808261902613831
0.0893689195764168
0.033985922712731154
-0.0345506236374565
-0.20076249156558526
0.004164657724295337
-0.07317202493823283
-0.19299171896227613
0.1538493686885449
-0.09769401150539248
0.14331859015519624
0.13063067254167784
0.05808571662057331
-0.34488815262327677
-0.1593844571998788
0.13945121240198977
-0.14687426033133394
-0.41042834977145237
0.06337677264922384
-0.039744956033643676
0.047229721645566165
-0.17811742216989263
0.24710445252288274
-0.20466316409563123
-0.15615966380809723
b1
0.0018454043288407746
0.014657239050787292
0.02546273296544779
-0.030041872791052103
-0.030035270032454035
-0.025018379753024764
0.023034530711002213
0.011117415205254715
0.015433770430008537
-0.009190744650078552
0.004747580538099317
-0.03810486676041684
-3.7117289884666216E-05
-0.012338519960057186
-0.042387600319447036
-0.014513103844189305
-0.02175098089586697
-0.003081368491478819
-0.054655669495419
-0.018044548200913967
-0.027159024364026528
-0.00974850549338828
0.03400471734361815
-0.01774456771994647
-0.022722583408419376
0.01730740207432806
-0.0051872498866686375
0.002864328653212952
-0.03996686828511891
-0.02149076206870525
-0.0061603532663416
-0.001927843528479651
0.01468589271733833
-0.016966403433999924
-0.00027079016379017774
-0.03240355734716563
-0.039005482828822796
-0.03466766616593341
-0.003851980903454337
-0.031571955792287006
-0.02413896114749291
-0.012305601028850859
-0.004655322333582134
0.002012803696183214
0.009956091511206508
-0.03147890699643607
-0.010994521658006923
-0.011606171503149602
-0.000711451611660184
-0.01340917753840702
-0.013088373818485417
0.03375676790589821
-0.013014717568258425
-0.013592429718791946
0.003801955729746578
0.004268824201921056
-0.01364810574664722
0.005680405749994479
-0.015260566404087891
0.013279846358294366
-0.017942070331007847
-0.021337284073323998
-0.04247388777209057
-0.015202096623321738
-0.00695187999165842
0.0018661184364984905
0.006404461267843224
-0.03159329153792725
0.009926707522109926
0.012224415850506636
-0.024626370505239536
-0.03585932689839569
-0.03854750443160799
-0.029944070578501188
-0.010003965792179817
-0.008679374780181923
-0.009369668463499216
0.00614768043052845
-0.005914670959835888
-0.022131643298876697
-0.014085040753320692
-0.02647354027561774
0.02487071919178015
-0.010434869423501197
0.006228872955471856
0.03734384130494482
0.009479959729029831
-0.01199297570201816
-0.039511064015317426
-0.038710972985276405
0.03191723037503454
-0.028063545533579714
-0.0016964174301281217
-0.08510846428593065
0.0031600881714738756
-0.024196175224498025
-0.001829203641870521
-0.02241035139505993
-0.007422013580989384
0.003707457118835523
-0.03499564960428649
-0.03267170625695686
-0.011053376221530862
-0.017331913263642026
0.01521198263556994
0.023323101397295064
-0.03259735738447048
0.0060506494235735815
-0.021060772053957365
-0.023371043595114153
-0.0222431801812618
0.004326310014977312
-0.0031952988103381903
-0.011336885757479218
0.014540713309315953
0.00754957328715141
-0.006319695085159492
-0.031968574147261286
0.017389944109724
-0.0042908689708423845
0.00577067337934294
0.01769857802303018
0.027775926770987704
0.0030531018277118616
-0.02190463680841434
-0.02311730898532227
-0.054229659376315624
0.010046136475769855
w2
-0.019357152627405803
-0.023429354721718844
-0.06603133883022323
-0.2055278435929684
0.08489759507230452
-0.11310649404098035
0.17990559875684378
-0.10357232943285859
0.07050896798723322
-0.16249389137629572
0.008519821950160619
-0.05079242276840491
-0.03692939274691496
0.21491972208864252
-0.08007599626859568
0.014622110065010274
0.016211043662756344
0.27779767439195807
0.09572316633542303
0.013534247031864323
-0.11614442572773839
0.013972002527325911
0.0351204883690676
0.03636401673377201
0.1357995652678134
0.2272417448672434
0.22522342071586166
-0.14267966670076254
-0.12123571198504914
0.11477499546693135
0.03417366900229434
0.10967892367959432
-0.05632761698882714
0.11759895484450375
-0.03392226274971984
0.004122695757569782
-0.11104770556367029
0.017331212540273373
0.13899298373609117
0.039212540786580784
-0.24042142235717356
0.12275378231953264
-0.17755133673576193
-0.087977789038966
-0.16295566388397378
-0.09363442712123446
-0.09347617502232769
0.007973001976764399
-0.02335377972454733
0.11918290557644697
-0.14833438071034058
-0.2978205785424203
-0.11127884691113035
0.07706031377957928
-0.309602173013028
0.017223297505687327
0.02146866671309048
0.11425426167569154
0.039575914359993865
-0.06370598283818962
-0.08667628640986261
-0.07871921530983952
-0.05351328458497982
-0.26309161163941397
-0.20473405369234185
-0.1693555343568117
0.00302485244876663
-0.17614993081701585
-0.3077019117403184
0.19421952349564017
0.1743978306681196
-0.2547534397261926
-0.05985917189666095
-0.23444384739569846
-0.09886037056289378
0.033029540388414456
0.17961750708502128
-0.16547690323123992
0.1346552008470139
0.08241324850931825
0.05800334041463578
0.14985555467797446
-0.2712814636525217
-0.26001856630557274
0.04083605655171753
-0.09256234140325016
0.11011704490531066
0.10878873449652808
-0.19132185172880337
-0.07829595531843149
0.13120070402335404
0.16608089212998317
-0.19759363991089565
0.015205318374675097
0.04559392629894223
-0.17799355452389973
-0.10163915200214461
-0.13676747603930806
-0.08304836954376435
-0.11926317465755816
0.06735587806915219
-0.1483945358449026
-0.05649054420769368
0.3256253001457184
-0.12469768374650489
0.14219622310908134
0.019249882571133727
-0.054123322066929144
0.18324794808549738
-0.029227032940156578
-0.19053130368278004
0.2732774399413424
-0.20135991833800365
-0.18796258792866852
-0.15044013825375258
-0.08122131645026225
0.20808450253439284
-0.21621142794592785
-0.15551704592140883
-0.280480274537737
-0.2149863057064047
0.08248045737193402
0.06785973663761478
0.025896295506202344
0.15946360904594764
-0.062406857956158635
0.13408900967195697
-0.05652257073169123
0.07712570057778553
0.040091824805113044
0.12737854872597967
-0.3502658376937221
0.09867435467000585
-0.008139442423035138
-0.07817735456038542
-0.10226194549320519
-0.11427748498395063
-0.12834295431649756
0.05361367388311405
0.05987535025675264
0.13023543113514696
0.11926759998890936
-0.0908758820693134
0.14002683298423252
-0.03858477522722573
-0.007724267616821252
0.05745240631766449
-0.35355649335171857
-0.3516799235852687
-0.052825233198176585
0.13451916717327195
0.0633729409778217
-0.0012155009293381824
0.04238240953086305
0.05610797006272383
-0.06656093682046209
-0.12134830197537838
-0.26897439293487596
-0.0056860956661099185
0.07446836988887466
0.09171985613065226
0.3422006619660111
0.11258216563212799
-0.01896849060656039
0.3344763577544739
-0.06486560816740702
-0.010668029462017269
0.023412183272082738
0.06315950743335534
0.03677689479225654
0.1604034024061584
-0.07715433769234893
0.275307618254197
-0.1317521002153877
0.16639103246372958
-0.029309117884953693
-0.13156480503051105
0.09575659071270798
-0.07838481451088744
-0.2333192110829819
0.017637296328788965
-0.13450970862833642
-0.14253929313794234
0.02614222648204106
-0.12746541625021332
-0.04164600972417314
0.09274170288600692
0.00575271822519717
0.05399421564859653
0.13274921969738293
-0.21830333239567948
-0.09222542688919308
0.20438251080212436
0.000237764967889684
0.02824402856147334
0.1338529089149299
0.15538128183338204
-0.06603529010153657
0.09798770730887192
0.044771103609852786
0.10315555027440046
0.02332414665818075
-0.0054477186677988655
0.059862550685036216
-0.04091652627974121
-0.013285046810222
-0.08321081708319464
0.03463607435271685
-0.045246441147977934
-0.021971194477919617
0.09332387167865355
0.021973145273905616
0.052700977759102555
0.09059013244626947
0.0027034020623223163
-0.23302617748192275
0.04156972700553573
-0.1357435725058077
-0.0442249526666597
0.07733647221052482
-0.01092760516061217
-0.11013982264121443
-0.26613749374808043
-0.011540039585439955
-0.081906099259053
0.09059996287179045
-0.023861042386236177
-0.04344368826282783
-0.12339599982979005
0.06765277604141708
0.054991161749914676
0.020105922805687952
-0.14580267314630765
0.12583139795411338
-0.045524702845374965
-0.08570104474054191
-0.10366215536833863
-0.0709957078361579
0.16937225268526102
-0.00569729856305933
0.08507482289234702
0.07590649553627105
-0.14783714748377133
-0.14142547117889806
-0.06877337465745315
-0.06453037362584146
-0.11258978239016475
-0.059219627711076576
0.24997383699373657
0.2308930001311464
-0.04313017730869721
-0.5250123510172633
-0.004633224162121356
-0.2857542392717475
0.10555728787746416
-0.2754498610606223
-0.05228667279703401
-0.2746621239261608
-0.06420777928300878
0.07488459307209962
-0.042872936586619566
0.06175134078240468
0.0013623708149887279
0.00594479449097952
-0.08041527659931179
-0.06977084255937878
-0.02914924686370038
-0.0982676454401578
-0.05698608323424847
0.05069067177635673
-0.10104863096503063
-0.10212276176630192
-0.13378797959595182
-0.3087900891641822
0.12405557061117396
0.03796961917109431
-0.245148602478611
-0.2103129318470965
-0.13054369338329833
0.068871420966956
0.06562284202465715
-0.06043795531040531
-0.10155849914196213
0.09527594913009864
-0.019268760057596142
-0.09957563573125577
0.03994789794624605
-0.1843016879364513
0.01342163931085119
0.10272317716565998
0.18138806495443974
0.06301299403348443
-0.18474073011218786
-0.14073904924316907
-0.2835657167863938
0.025026155737440946
-0.11984844246882287
0.14723398065644275
0.055140261970419706
0.02188758809159975
0.030609113025191693
-0.06847315605690958
-0.03908284280140452
0.0423902024838719
-0.05137815642423561
-0.2617615861387728
0.12371884854931749
0.1470920166705921
0.04621811896530882
-0.15684792358408958
-0.03909547839350768
-0.13804634032690402
0.03304094264231869
0.07528792637406076
0.12839510945627097
-0.1231532255673487
-0.12214036760816732
0.1321936813622091
0.045608849071413736
-0.00686652229428996
0.11980761341682536
-0.2558877220568257
-0.3032707231150052
-0.2069952960122342
-0.03166219221548556
0.2423917755634653
-0.1595827699377473
-0.0754184019052575
0.06065739433159125
-0.12073335490207912
-0.1266392816012007
-0.11347802726516679
0.08538094886622753
-0.08838666640597295
0.17100229188238056
-0.15122562638037593
0.10954857002770027
-0.04928337458436778
-0.11432274781153155
-0.25322485269608247
-0.13958986390949282
0.24684876707621026
0.0548639266133985
-0.23093794821688995
0.015675586330872814
-0.09510084048114673
0.23775229064868364
-0.10565644488915132
-0.06194097705378772
-0.07193961227019117
-0.10153336407963225
-0.2886015109963386
-0.0008396866279935169
-0.09335401622021028
0.08056419850664974
-0.09059887474705851
-0.19172139388273077
0.030413477979061233
0.059074590024952175
0.1331439567506447
-0.047721708442646824
0.06824069029641347
-0.018794963971030712
-0.04544333535478958
0.1249260054530737
0.13112981314923622
0.14814014470933212
0.00789938597468358
-0.16578965549447125
0.07223897665465309
-0.06032386005032979
0.05214831790562266
0.02068770805347838
-0.03914302270701831
0.11263362440001003
-0.09738090779514195
0.005308325835117182
0.004469460302027661
-0.07851110899775292
0.1804480616842081
-0.23469831610883332
-0.0071603667469701095
0.08716610779995686
0.0570255763892489
-0.09451538347295263
-0.1523147457431259
-0.062274978621147344
-0.10821710597871463
0.11318751423706876
-0.027473320993762058
0.032562003661479155
0.130676011551453
-0.1985846543687351
-0.26233385185108865
-0.028673929630941047
0.14486166845145745
0.019629109718505462
-0.09550849948131514
0.13461857852996972
0.17029612878427935
-0.15300052005437284
0.0958446769827425
-0.13959685572582772
-0.2243720815492156
-0.07728453260065167
-0.02234604893901692
-0.003724238948576761
0.018677509925782976
-0.07288351431061516
0.018094318518034544
0.03452270332382996
0.04513268079945737
0.2639556510435952
0.2808637040330636
-0.1273431372828917
0.11899859984540773
0.08415693453962594
-0.011439214185036193
0.14960712661259615
0.03590543439654568
-0.21502728181906597
0.05999229753707382
-0.2858862131056168
0.03321138766347649
-0.1459055107603608
0.11490682858342317
-0.1268623961965106
-0.18332006164060963
-0.05376644302342994
0.08141143649784409
-0.06060438718255934
-0.20432645869812388
-0.3089355904451312
-0.078407352807516
-0.017476454711798827
0.0885730657755707
-0.003265323066701294
0.04716125869101595
-0.05472780429721997
0.013003509355606036
-0.014357536903234113
0.15024452949816425
0.02538336590339918
-0.17242725374738044
0.06835804364098653
0.1385684084920398
0.06965468652169773
0.09205681278315699
0.07249517180806075
0.08334143153299177
-0.028333002316533705
-0.005509009632995754
0.07306970935012255
-0.19798517249000633
0.22707926495015318
-0.05067281882814516
0.007239943823021592
0.09237138125948435
0.014369778047590029
-0.07926773150680318
-0.033089031456154716
0.044554270346525204
-0.14735342384425432
-0.020663285299750308
-0.21269724476491195
-0.018001594093181115
0.02309384058153894
0.06656703403512382
0.14629350045018044
0.10468039891047479
-0.06891984604600464
0.07346603305062462
-0.22955333820235913
-0.04520817667392496
0.30447364579349845
-0.006255622767689997
-0.015845011308525232
-0.06021429681150174
-0.06542174186215849
-0.07778572463264599
0.05095742444640828
0.09290398690905531
-0.19594536997726797
-0.0406084695864865
-0.14270879453916527
0.026197626207035002
-0.06833593398198094
-0.03732130540830792
-0.0013795082298616766
-0.1777113684268791
0.0017774102350616395
0.15483179024669477
-0.17138966141977047
0.14634415552009808
-0.13801822202847622
0.0904757597257926
0.037338650981029425
0.1287794119391664
0.04579012560686144
0.023210089442769595
0.08226599986926471
0.11241652324585626
0.006820372596757044
0.10716822328695162
-0.20222863134233768
0.14785747592892096
-0.07163054284008256
0.0060183234306533774
0.04167110313183968
0.1347072632202567
-0.11912085161887712
-0.13240755666173384
-0.2103833160170787
-0.019459435469871868
-0.030977326672656076
0.09453887904840251
0.17736479583283446
0.05122371275216996
-0.10707683401805186
-0.060582125048708226
-0.1464559182726949
-0.0014477432972243894
-0.10165768780511661
0.04984149200236817
0.009407254280940028
-0.10849738658380301
0.0790312986356663
-0.06466813991988812
-0.28028165060585747
-0.09442364599540434
0.2530633139888655
0.17990075110270537
0.05853113320640605
0.2667181991229997
-0.10139845358135534
0.16753369268384533
-0.06568586630318606
0.19869810236120544
0.07891000705214625
0.06839783140618107
-0.1489364977282612
-0.011075978997587948
-0.13064058841269446
-0.034125722414428475
-0.2032920107237875
-0.1305229733126541
0.0934373676743705
0.09376122319145323
0.18708817377385117
-0.17176784649327398
-0.08265234598473065
-0.09762638279089819
0.06850250548604679
-0.20063120061333903
0.03299766475790533
-0.027538557769621764
0.22676245117025398
-0.014608237197905395
-0.2860213095544821
-0.0576021774100541
0.1606518461675274
-0.19638656538416996
-0.15694129934598597
-0.02604543705500509
-0.04990264186150059
0.08595367364792293
-0.11300006005073877
-0.14466409282149675
-0.02537954220883569
0.010432193575648981
0.03411147199299984
0.10420930860958103
-0.0570633771147063
0.23418845599176805
-0.21896838943083358
-0.06550749467425998
0.02017403002617174
-0.0028140469492504098
0.10900660082504894
0.07901152784161618
-0.11397941643429092
-0.018210886397050808
-0.07201722287447583
-0.03289060388561386
-0.10463742817767502
-0.320218125116711
-0.18099578008090558
0.040454424740013914
0.014558209040743232
0.039657056011487536
-0.04891421908667524
-0.03988410634219828
0.0416152696593624
0.08109561124793438
-0.1289789792248579
-0.08637329653185159
-0.25077642376199755
0.19937246024397554
-0.14218478763666825
-0.08237491926287836
-0.1302572646970906
0.03874696755872613
-0.07844095501848834
0.07537788188895798
-0.0858781722679935
0.11520599927135046
-0.2887712720652399
-0.11853609531424626
-0.15500843362600122
-0.08934654856415403
0.007466886820908038
0.01749131427368101
0.040480023595668733
-0.005263220306977578
0.20036598444779607
0.2179011815761136
-0.34034000049936713
-0.1406452289877825
-0.1622382347532862
-0.3810436596298388
0.011404856813421554
-0.02962513926277426
0.005390423133856926
-0.03590149332490113
0.0823496070156227
-0.19347134129731725
0.06908579308479233
-0.257289210551345
-0.07672021627609509
-0.18196528096767062
0.15731370849326015
0.009879302474835676
0.04085708413289536
0.08471178201726047
-0.13708422890425026
-0.09376655199311226
0.026549860643725158
-0.22357624356507552
-0.06517686015413794
0.01020720033397499
-0.030286744429155223
-0.13412028873096246
0.10287653806966114
-0.0805205265156337
-0.02258230277122156
-0.047108194440099935
0.08838503331729611
-0.1938725288406928
-0.03605342006739654
-0.11619794580979133
-0.16956162659005253
-0.08184536909407383
-0.2622513971463283
-0.08484835441586369
0.09079224400981394
-0.029371403067529615
0.10468796370690044
-0.08018318757954686
-0.15260309385212545
0.015282053766610399
-0.08838893101689903
-0.1391285957119863
0.02930830726578143
0.024097812964191927
-0.03292437424538128
-0.12435970622591251
-0.008961324996734979
0.2828454808267719
-0.21558113078512856
-0.24059581843195862
-0.08676165722086679
-0.2500207901139868
-0.13630525818074313
-0.19058920066912197
-0.21640200432483023
-0.3254184032289083
-0.328494503376368
-0.014941701475273128
0.1585299626175258
0.12946110050779186
0.0758159572497982
-0.02340819422452936
-0.2697527634033097
0.13602603371058472
0.06249451586044491
-0.15375799539640622
0.16453424242780795
0.029818804582401822
-0.07638606157396433
0.09932477071983062
-0.08268719892413619
-0.0843618866909397
-0.02807047323404013
-0.08477813678747362
-0.23959885544070864
-0.1382000545865123
-0.2366727141228018
0.18159535346104738
0.11923093941909624
0.1478870461712426
-0.20139975000383487
-0.07545149371904046
0.06290839766282952
0.021348846048653964
0.16793742979584741
-0.04549279200189517
0.06676821259802097
0.040083957942175875
0.11618926259635151
0.19737664149437553
-0.059850440691362236
-0.29845555450331657
-0.08205513444012684
0.18842515104435628
-0.08720625136530356
0.05409800414949253
0.08186951296370519
0.10012630785274645
0.008981516311057676
0.07386943421671491
0.16428092046188453
-0.033981570965287033
-0.03694110183764842
-0.14318124411339905
0.06481831080952458
-0.21715918926869932
0.020113442673832544
0.3523714593927588
-0.2628796525638066
0.07969355595355375
-0.10161316555406531
-0.02537643385692143
-0.327506184300346
-0.049767790928538454
0.05457624045106224
-0.12952139778068536
0.12542732407150503
-0.000992106110154351
0.16962821766849845
-0.026024309324524538
-0.03388831492657124
0.09051081316249426
0.10368334122807749
0.07447241215387375
-0.14496885810652194
0.02204936766373158
0.21567112592351126
-0.17255466767044447
0.05273930578045001
-0.19984836040575452
-0.17674543690103175
-0.10019062631045478
-0.08647594516476813
0.027727206081421145
0.07819214954374193
-0.27920917377125365
0.05652704284733394
0.2165414885308844
0.09698596972735735
0.0463240340733956
0.026609287684301385
0.22669319229138288
0.11100265518275866
0.030199753317803543
0.06865461957955867
0.0017044383757012665
-0.10221015043662478
0.16319297446964767
-0.15002627596731957
-0.015774749297646436
-0.09485736974347485
0.02051099358781445
0.016319688161296548
0.0739002547927603
0.08088070770150692
0.10456700620229575
0.0794340384487206
-0.12249843947899494
0.30616659011915803
-0.03315365074883877
-0.00700457290464704
0.06371503978231718
-0.04287947483842599
-0.05641803706828365
-0.001808380797799778
-0.2062765948088948
-0.11728021262075111
-0.057156078874720025
-0.055462885772018175
0.0912889429048797
0.08809844901515153
0.04161501279039443
0.04747892243763195
0.10872511813001591
0.04443511887812426
0.15364860129429392
0.08736650897638448
-0.11510694573257979
-0.06283454663909972
0.023014047682660497
-0.2674835045440414
0.007131808656219655
-0.1216041974012153
-0.014014676779285123
-0.015779223721653628
0.1254558589806202
-0.16913191997552643
-0.08637423945695852
0.11874946050319335
0.048317738140613783
0.047907528890761074
-0.04715758952103152
-0.098818695730955
0.0576895687415462
-0.00793235666984463
0.08594865080580168
0.17078762274720594
-0.11735969269173827
0.09435125921914402
0.09138019242059778
0.14850032612713487
-0.016887226500723343
0.24544853220928314
-0.10293854129167362
-0.10485535735685951
0.0367402854190681
-0.20467110096752517
0.27287274144547147
0.06383905556950435
0.1335170362001876
-0.0599018535818864
0.005123948996731197
0.007994123377778406
-0.1903257308964417
-0.10832713648394594
0.0997538517531194
-0.1459133436923542
-0.07719266952599534
0.14021185944881626
-0.007711471623508271
0.005896443255628914
0.20028671104547352
0.05100947966720495
-0.16905887542239292
0.08843365107286766
0.17982164671196565
0.0023571336393250746
-0.18632338585612723
-0.0721524122264647
-0.11941566162917387
-0.12119862686086044
0.0374286302744269
-0.208837478212616
0.18321406880477342
-0.03859998980474081
-0.2254360299998873
0.05649863641669439
0.047547556369175376
-0.017352988774901074
-0.005092642070500251
-0.11270882537849994
0.0807300231209274
0.21594722795418902
0.0835372756198923
0.23409928566994007
-0.07179215675797362
0.2751932385880525
-0.1415901813737149
-0.03978713633694296
-0.026799626237701976
0.028882980277016627
0.01801229664081403
0.005606144455899769
-0.08645396530282663
-0.14642126327440372
-0.06213305733632188
-0.12221811753754867
-0.02992458905961486
0.0464577097307616
0.1117474830774993
0.12123128869544958
-0.007688050961137936
0.00523385204769407
-0.21455534441830784
0.1375124875432255
-0.05501842251044929
-0.03956708811021019
0.09899208967546892
0.11957659661231684
0.01352016681386066
0.010296579160114986
0.04029890948709884
0.0153412328196293
0.08308831162452354
-0.18479518357283803
0.08798003340923624
0.1168080235165508
0.003593153571978215
-0.007189915806213523
0.004155650059295985
0.05182608355385107
0.09536880206174309
0.25362767676507325
-0.134078851888813
0.08450977830331823
0.02014495189116648
0.07572428846592406
0.08915923620864127
0.14875510766877678
0.03160361539482132
-0.10580060042385446
-0.30586944998834686
-0.1560464165185098
0.0017542054591897834
-0.010612484381075584
0.23377668932551884
0.18570765470029402
-0.22995014670924407
0.08598598810975502
0.03913836292203521
-0.09175862265650166
-0.04306863151138653
0.1438540342071832
0.1259465510539197
-0.22454853939476047
-0.06766066030416687
0.0705671528948591
0.03491359854775638
-0.03411449839586823
0.017390043214781898
-0.07969404180860278
-0.10792583928932074
-0.12139139055988804
0.11036187078032204
-0.05783036680096682
0.255481534004716
0.004346166650367595
-0.16510042988380477
0.1121189041952913
0.10811475323176042
-0.16480822395902048
-0.09606885463865303
0.011267173737538
0.21479093239170483
0.020748860140068853
-0.1613031328348084
0.1870643256853259
-0.16449307312708553
0.03547246049173078
-0.044295133168044884
0.04552903644468145
0.08726488833664867
0.18702952775646578
0.23626675463758282
0.1179425673572478
-0.07996777703501864
0.11114268908843548
0.012199045449858737
0.03498328649695224
0.025866206510708614
-0.1318344102671718
-0.12422699017903174
0.03567317308538769
-0.08290810366734606
0.022186111775408655
-0.07742386012982157
0.057946671379870585
0.11848614275699719
-0.09396173911924477
-0.1977197866191157
-0.07083283852510738
-0.18370005112856144
-0.05694204750461831
-0.08129655427371692
0.13524922708137987
-0.024856578036525582
-0.1063756006997335
0.27409737527528566
0.2160856650268395
-0.051565346936172915
-0.25116216041554895
0.06346650548657475
0.01994896684945246
0.04308817726351786
0.1177540780653196
-0.23192757160556232
0.0962646810520861
0.11058864515883671
0.051829131080895895
0.15394794626497474
-0.1303619959092428
-0.07885016285833832
0.200041535309089
-0.14875675914715814
0.04943860834124577
0.04910424021720176
0.09312877952209302
0.23810019965703078
0.0441010527640751
-0.004210725973526342
-0.06787164593796506
0.05543258565541307
-0.01880708440964908
0.08685342488196315
-0.096967655608285
0.0011864367122917862
-0.17948023951609582
0.21921554280634395
0.11981958658270066
-0.1736177075650282
-0.26000359801193845
0.016040201578259652
-0.10239560004567931
-0.0299947737878867
0.03179661331273787
0.13994401232174564
0.23535914336591032
0.08898835747245691
0.14010067362782233
0.09649874496867439
0.040461212366776585
0.1033468935695346
-0.057182142815006984
0.06664436698115232
0.05138699079775752
-0.06270408258883542
0.012487773091424107
0.03697727641179075
-0.0976066638561536
-0.02676024216976485
-0.1621181541753858
0.18959692841999556
-0.12813530657927308
0.05034788013120152
-0.04242444096099868
0.3247178725749577
0.120027656395523
0.12475544123870315
-0.02229269001926069
0.043342807303879176
-0.10380906529166678
-0.005059397535304013
0.018320071702264015
-0.30630295347016234
-0.16366320544052929
-0.27767352017987246
-0.1168501910479418
0.16727364842764048
0.16451327074624347
-0.04301664824208116
-0.04229794381078634
-0.13575238829760228
0.03783264844505172
-0.1315789359479783
0.14029425745664426
0.01818486477177766
-0.07105757968931516
-0.13239359552656246
-0.1935765416939982
0.15819403700997373
-0.03635696134326192
-0.09473147428244254
0.17600075102148613
-0.0823989624675808
0.11252935847052706
0.1604280514906351
-0.24734325588446532
0.06049934930738366
0.0310382047917598
-0.017175748964930206
-0.023456983120365496
0.09342960296987202
0.015997955904793765
-0.052923418011923413
-0.03271198858245027
-0.13889746948201384
-0.036405681421858176
0.024870208285929757
0.024147844943594128
-0.02792425969499751
0.0563544343821703
0.005131472737044819
-0.05991865455050035
-0.1848734522451429
0.060864735359065884
0.054327030731988656
-0.046840328822693726
-0.023002639050450382
-0.13490707259011364
0.08295063782025429
-0.10795636242850022
-0.0778869941404673
-0.20364138626940106
-0.17887700521035513
0.06403079174322938
0.003332056188106621
-0.12228039140320411
-0.10023079311760305
0.15044512205380317
-0.15590102374302564
-0.23031339188555788
0.008165812856184953
0.08731580206336442
-0.2323398447491182
-0.3220733851839468
-0.09654431344419696
-0.07371673245322705
-0.08777405959118459
-0.07892685469590938
-0.1105654001121357
-0.09715689841963307
-0.15426479177715816
0.02922392519572751
0.07890505243199539
-6.65641417324697E-05
0.11512584472833186
-0.3160107512988593
0.09006277154741124
-0.12162319882626724
0.004777030654455899
0.04959791219499181
-0.0015292692960672803
0.06339028383094321
-0.09070306647655585
-0.04347987059637832
0.016895054259786966
-0.06382006446247036
0.08923945851609097
0.04071079549551952
0.0025338398970655954
0.07319192084307607
-0.13224677178717908
0.07104462143678772
0.1456621638894198
-0.10113552902039406
0.09762254839984044
0.13774867864850016
0.16155966605664518
0.06325610292472376
-0.28841035100142237
0.042491791823249685
0.1393471757067078
0.10766940673907312
-0.09302086132071634
0.04597453300062495
-0.09485316926928662
-0.08990099949797489
-0.060243641694170624
0.0916809122404897
-0.10344323329105942
-0.2205850780532521
0.0036912051007813892
-0.025777041083203382
-0.14948338849095888
0.03632527115198492
0.024578570721962324
-0.10179962017134678
0.06849579955294385
0.037625706392395625
0.023836059787382655
-0.28947842173094857
0.07010467587605085
-0.13772972240098652
0.005171933086687829
0.15371503588003355
-0.20033240254134818
0.2578874281383241
0.23378854375932936
-0.017265860481964428
-0.17616960855878858
-0.08400012857616636
0.013327202211994044
0.16047980890622093
-0.07936916697702825
0.030946285197432796
0.01218212257881198
0.10646171696696423
-0.016066037577297618
-0.08949109653812923
-0.1538998933079567
0.03808426256985777
0.026349850251490323
-0.044782624891635
0.05974567507795142
-0.13332719883479058
0.002218564085213429
-0.22025532995070074
0.0019141999909264226
0.00733933777203154
-0.12852268640403522
0.18474094024999524
-0.06844846258384255
-0.10474966273688342
-0.10583876853058324
-0.07977133162801227
-0.1773776585654828
0.10659296667829889
0.05756907998245801
-0.05389785523608718
-0.04431519792207583
-0.02379834000326407
0.09719325889875807
0.0045561753790997975
-0.0839841908972193
-0.02108782585583551
-0.15428387118716771
0.172564807837402
0.30427691703290677
-0.17296896740331116
0.16201597431647932
0.06669705336054202
-0.21477350339272816
0.062300564910206045
-0.12313838380896071
-0.15112846754791393
0.11480388381264876
-0.0901850146715034
-0.18430436258079017
0.029449579048027183
0.11005590605574238
-0.15060076464983593
0.08311015132118346
-0.04359045211773884
-0.07310049468102377
0.003976130589530331
-0.10714438278187957
-0.16788410077271773
-0.10463321305965347
0.04548968592210354
-0.09830803580966292
0.1810997030825826
0.2442796168256807
-0.03417291885115102
-0.06578842467495678
0.12853946176982264
0.00902315301787879
-0.01982095719785297
-0.0186614255681255
-0.16663645619895923
-0.20675209237969105
-0.18356067342995508
-0.15369743031677832
0.04164899878830018
0.1412184960319005
-0.028222230884962465
-0.028394578578970937
0.005435331567239287
0.12723270916580406
0.00012899683854440723
-0.04904061549112339
-0.04386768335916644
-0.3032015595338917
0.011823815172719628
0.11580819314325039
-0.053932237336283495
-0.044581373764502975
0.06609589499776768
-0.26144662663664187
0.13234422118456332
0.058993897491029325
0.21029913662738858
-0.11097426326432905
0.044456571184336886
0.05131548729463587
-0.046990945786645616
0.282076134172952
0.055225628549375794
-0.14573096513349382
-0.18455832713041279
0.1381110338450868
-0.02613689089731699
-0.09235029128026848
0.010992510359357537
-0.05421418325024934
0.000752534835395714
-0.008884089774913026
0.09595475689744706
0.004670927882243956
0.10485578394711081
-0.10104995899770229
-0.04750875928518786
-0.2343050990314522
-0.26602706422121636
0.2075414103889997
0.08924994747262016
-0.03017669106968916
-0.24762807122381444
0.08425408328167305
0.02316058985712598
-0.14660310016381703
0.08743516019208614
-0.3019568784490886
-0.07566238096613286
0.1611466275123505
0.04398154069323609
0.000519448653484616
-0.10074778191437878
-0.08086373177546582
0.05882939094685917
0.42996589133489277
0.11687356091369423
-0.25081318652633616
-0.06696370038296236
0.07734222180214197
0.08183283670724996
-0.12530235096789807
-0.03706058091492094
-0.21473946921804105
0.23988166298801106
0.22164236556950664
0.11813538559475541
0.21650074563517074
-0.027004623592516944
-0.011020332435470188
-0.16580784261879744
-0.08724005216927468
0.2620467523312443
-0.0351280253020629
0.06617609403909663
-0.10385255987706528
0.054191929213822994
-0.04786948939082203
-0.04445526272382849
0.14817315004129833
0.117834716384898
-0.04087541714355159
-0.27236179995080423
-0.0319323730696117
-0.25353513598349264
-0.10525166183111129
-0.09007815783544583
0.08258465104149672
0.06776571156182117
-0.06700474867583656
-0.009839361869587926
0.10841418729765857
0.04177573485804913
-0.22850376307558123
-0.3736006957512115
-0.16792779165257385
-0.3660086004947037
0.30706542576906326
-0.014062389683380241
0.016301283179885665
0.022329227694656954
-0.10521106326433077
0.2174384410637885
0.29269783116564835
0.20998126291964012
-0.15642357941151303
0.17238710132053545
0.15138647234257446
0.11278708717781233
-0.27862560580161994
0.09444954494302024
0.03480204744234586
-0.32585104881672944
0.14243009341861868
0.07407384357805472
0.02756233922774953
-0.20189760568842052
-0.09738330515732788
-0.29950305546971284
-0.18317556028288057
0.026976542706147542
-0.21838457686976342
0.024399501667488527
-0.04135913651890369
-0.14068843884868992
-0.12822836900804302
0.11180819470636673
-0.273129274455259
-0.13060762650138735
0.2075166056199337
-0.17713431437870483
-0.1428791873110593
-0.07910961389492405
-0.1757808197485707
-0.27386057633389715
0.025669420350385684
-0.1865426112830779
0.12540009891267512
-0.18748494953954653
-0.2987105958847093
0.1012308944212989
-0.10587067003475664
0.15612998738883788
-0.17042034713055895
-0.07914487527461465
0.13543885628816862
0.24035859227062462
0.08419608112561282
0.06524375760281886
-0.14406151329782257
0.12329295845850372
0.06714738498000866
0.06961191055224666
0.010828868917089288
-0.10071075406709695
-0.12015890810316954
-0.1988727568708841
0.15620615237502547
-0.2504714766451449
-0.20839369138850816
-0.07706261191522788
0.21203847496765138
-0.08197018860845914
-0.02249381194329049
0.06781850269035383
0.017391467802260988
-0.15280506941977795
0.03779263147338921
-0.075644686636131
0.07704524836646147
-0.03611756243508211
-0.026026096902126695
0.06640104960778617
0.03151908813527175
0.10372071229307771
-0.2012844845001239
-0.07834301995896185
-0.008704823528884654
-0.09374995076704637
0.0252936844330352
-0.09611455907734624
0.10728897940203386
-0.2500376102698794
-0.11044971955748735
0.05686424635104491
-0.06534051612030387
-0.11025281812892439
-0.313923143866658
0.03497815687329928
-0.13166054502203933
0.02895170186066217
0.03877083375766165
-0.027610148230764
-0.03172153793597391
-0.17955906078853862
0.023220520003229425
0.05952695529320869
0.0005935108625335901
-0.04052886132959325
-0.10082697380027887
0.01947416986570625
-0.03490960673822681
-0.09095236864892785
-0.05953074916259879
0.10509929662296566
-0.08629021213451823
0.002090665437586021
0.19134271546198875
0.01782479165796044
-0.180454123448521
-0.18059719894264098
-0.09581598781078218
-0.09584488014393702
-0.037076425525533405
-0.07927081871452485
-0.11953322360859116
0.17201094292695132
0.11163501081440287
0.08802252348512174
-0.260265712604922
-0.19075303652281808
0.024212009569502983
0.12288191393140813
-0.0817988681710203
-0.1428623553997833
-0.06904194506208294
-0.23850744459186696
-0.0593659915848217
-0.08304681406719194
0.14321510890096362
0.13136912521584548
0.33291329109795204
-0.06087612370694634
-0.06346429732483122
-0.0057302247852567545
0.14976281028909677
-0.17086315054963577
-0.09986339898657422
-0.11150188691586156
0.02367321041171837
0.02477825769625845
-0.3232228267102184
0.11640575340048052
-0.19193444492064404
-0.09042665661909141
-0.31219608189012354
-0.15416019048426935
-0.05737064323180211
-0.2201200815792722
-0.06964879749554899
0.006551218304153407
-0.20054513156837755
-0.06927139419158047
0.0407892614466118
0.024878740121463083
0.03750028720983796
-0.0944156225613334
0.04228455491298027
0.026755530244388166
-0.2064157064766717
0.17380586598471418
-0.10591946249059914
-0.15204805860073564
-0.21713402178902147
-0.25854051125478944
-0.27263863018747947
0.16026329039735884
-0.0009241039291978521
0.02951591042396574
-0.0430027108541833
-0.2668734264492382
-0.10820867930964655
-0.16883072666555465
-0.06125776158234443
-0.03470954379356743
-0.095616374053115
-0.03375689313024065
-0.10602270931642765
-0.0516631802665919
0.1330057696004218
-0.22652181496486515
-0.053333812428191255
0.12863869137415815
0.13890739197580854
0.0946693594076069
0.15368310992992812
-0.15297467068688064
-0.06680470662193078
-0.011503953645471406
-0.10846145754615472
-0.14225320626675375
0.14045294915689144
0.07472946361262542
0.168548053236563
0.01903750844043688
-0.13074625770103807
0.1090247488658612
0.05356713635241903
0.14627120614708525
0.0805449274387011
-0.011511059355970417
-0.08058580026126172
0.15416800472358158
0.11237664566020401
0.16440403233657466
-0.06646372031871071
0.03011454330585796
0.0984424042246765
-0.21761140161403228
0.14672085309200952
0.058909113153168866
0.0013548847061335093
0.09833118525811158
0.14862997508870293
-0.16453891647441038
-0.13337922558924914
0.009924902202443235
-0.04183346535986791
-0.06063384869855125
0.1595690970680229
0.12887905041957667
-0.13399672460876672
0.18033627851519057
0.27154042872462114
0.1580611142215476
-0.10617698391196315
-0.12141249083163408
-0.07209688701444952
0.12792875776511245
0.13377182543924698
-0.22521416364144317
-0.02740088019262087
-0.08312161371420414
-0.13908527799346404
0.13075203727301593
0.03542260570994429
0.014599113471075426
0.09404446532359478
0.08063987065787001
0.1260543778443817
0.11773060552927328
-0.00907898261742631
-0.1266342261869499
-0.10714474436470409
0.11405830415771948
-0.03212421657106972
0.02711768433875542
-0.024481689407500458
-0.06459398386998601
-0.35993411545683196
0.14079883792642742
-0.03202891854987489
0.15248320107158436
0.07490917165044858
0.07235552287099149
0.16714969275307437
0.26958563272494707
-0.06580122638672709
0.03176818158330725
0.1021749568243798
-0.03536258366196827
-0.00566942543466945
-0.11820879449696689
-0.1649925467473184
0.3103075714421867
0.07711037732558712
-0.1430693061697706
0.11046977696605534
-0.05521365789210005
0.016474818561182623
-0.015126047193530674
0.11310814891731359
-0.0908939542149157
-1.5160903157975528E-05
-0.1092286755908699
-0.07822034037712146
-0.28698938484094627
-0.1075823734388801
0.3284122733387589
-0.06941872619805135
-0.1663877044547274
-0.13687270475107804
0.046428735134732856
0.213853035086722
-0.1236596002509286
0.21541457905130904
-0.09784115095323169
-0.026550819471616173
0.27014784546764087
-0.13721748883167484
-0.0412939687099054
0.05844541613665326
0.32682641598375856
-0.07176856780796628
-0.18919405390433208
0.06664740518218142
0.037673417759830026
0.05756506311962933
-0.020993992382598057
0.2455390139948525
-0.18775525319113306
-0.11331098707270278
-0.1823749890250938
0.22043870245373948
0.21438299295940136
-0.25274370967337895
0.14523991030008335
0.14265764752891735
0.06885388351072755
-0.18075446485854696
0.19766731977697755
-0.08262915258721992
-0.10483561380097244
-0.09399694793479009
0.0031413970015863307
-0.026361236051190052
0.1192282414742956
-0.026522675121838885
-0.047560331405349904
0.06702472794167254
0.015663777759440774
-0.2017876150116981
0.04411524968625886
-0.003510770727358855
0.11634122569761245
-0.27874635172509016
0.010269882419065382
-0.06639951105155029
-0.10812503188227456
0.21110682024678598
-0.07459994229152776
0.08438306583295797
-0.16495719507997167
0.12208088820976036
-0.046521449022016034
0.003910836184824966
-0.006036976509460969
-0.06770371959047572
0.0313110491489445
0.17768394038949648
0.09291363752816846
-0.12315996000799577
-0.20632460692587692
0.23764819918740787
-0.03668969174364569
0.14891808047626792
-0.13927465940829672
0.1779414011508365
0.018566248073037174
0.0024147003743371295
0.22764582063199945
-0.0519811985197158
0.10237968723881864
0.08245018510722985
-0.20370257326243282
0.03020081470769371
-0.16610901262817837
0.12283942064611719
0.013162423048875571
-0.0376291281383447
0.02209831213109071
-0.20499777813938583
-0.0470469592025563
-0.0031153423720151133
-0.06609285225068964
-0.06337802134197115
0.07116018550927362
-0.02116944087013007
-0.22092461463185026
0.043254443177113355
-0.09613724550244243
0.1622706521151932
0.04569146943880392
-0.07961873243447926
0.0435315395029936
0.29070434574323045
0.04380579890637691
-0.0746423055253359
0.05449941834384808
0.07032948789365004
0.039900084902980776
0.010451475442057276
0.15179888858487453
0.1259043551867942
-0.08054470200690152
-0.015156360630800558
0.30463140363164326
0.06800360371889067
0.002600351558788073
0.1688660163465511
0.08266968147548176
-0.16823575389658973
-0.07321255723504595
0.1302045725490417
-0.11152550374746642
0.10088063082178157
0.11902776686886522
0.08750640802964929
0.12004159288973952
0.0133885784552537
-0.0049346305061946875
0.15319461323852948
0.3630381350570886
-0.08005052836834851
-0.13214539131702424
-0.12818303248808116
0.004959864473351302
-0.1725690148114137
0.03363639539793271
-0.24978087049368503
0.027273837481419795
-0.3123246155216204
0.051248969232066774
-0.33148666021875456
0.19031983117248996
-0.22224640956941025
0.061123036381761815
-0.17382237038978343
0.05165117205905452
-0.2611897114080307
-0.05370640156395144
0.2953962271446324
0.02140135058373937
-0.09787884172305217
-0.06504322258223039
0.07314506307835465
-0.0612531995766365
0.1455076679523649
-0.11079069088805969
-0.10882410093473643
-0.09579248120335167
0.008775249896502841
-0.20274150288017762
-0.10973907700817875
0.09395151567604804
0.04782657640128115
0.12380392054199334
-0.08899222245418215
-0.0962794128968253
0.16139181082576623
0.16029097358943176
0.15276280189603023
0.006600809336350387
-0.11910780046251968
0.08281405550302949
-0.12064877630332492
-0.09469323488396582
-0.09382109162655518
-0.16639650324434005
-0.032781980616147455
-0.2549560703463078
0.08456990229026065
0.06183356651564024
0.02480778658734316
0.07245232351974917
-0.05775822251855876
-0.09517194286770347
-0.07453986550641196
-0.02795246347787109
-0.15778922833192685
-0.04677585658153987
0.09754197376004779
-0.01935046258803324
-0.07667630254064578
-0.20158811298076398
0.0873981074650011
0.006151464403358295
-0.01810841713038446
0.30573608961548976
0.0021288474622758752
-0.10493568569042418
0.061015568541573834
-0.02649039240651005
-0.06534145396469525
0.023423507993911196
0.05680991035832289
-0.12348603411672687
0.07659964235164589
0.031167152363469383
-0.0849761347053274
0.2389455849183509
-0.09128564374324052
-0.041855039235260294
-0.0009037467600997329
0.049022912631080696
-0.026596302823606015
0.12424679793559701
-0.018664117501953736
-0.09844377317310901
-0.07753437161488168
-0.016402819217913426
0.09619072477448452
0.0018700066375582636
0.06373471992646186
0.1252454241956633
-0.04363825757171901
0.11904951417398466
0.15177866356691008
-0.006760155564887248
-0.12038192206010938
-0.007212360923649096
0.04304115504785621
0.09327975509776358
0.14940624940519118
0.00927101563853447
-0.1037428904964196
0.15428111752399076
-0.23948784922202046
0.12979276505470344
-0.07667457822834278
-0.10915428903235758
0.1699687529775843
0.3473055266116067
0.16849131327396
-0.19508125950752597
-0.016512409375900632
-0.0750859525545901
-0.14525460935487605
0.14827996349385333
-0.04699847798703006
0.06845261450273173
0.0492026292658325
-0.18487823845872242
-0.0015434185193748738
-0.029062501024882156
-0.13725329746447534
-0.18137267388398204
-0.020143520109823686
-0.03265061501317586
0.08077026955675007
-0.2004902105849397
-0.14448508928035053
-0.20976684010218735
-0.1792034789473288
-0.16928835930647673
0.14641149984232818
0.1411507443172306
0.12492429444408838
0.18937596242149943
0.03536427753318329
-0.22624933636076294
-0.13737119339258114
0.07935910867297163
0.16619946890500348
0.13735604492466472
-0.11315241394560659
-0.08423005723891956
-0.025468502640529276
0.16859537461910976
0.21157728256971803
0.26185140929711026
-0.20363283139412708
0.052030678170598296
-0.05936792026365601
-0.06465318068818429
0.1560833795847027
-0.25603767412366885
-0.11197480381360585
-0.1346261030072369
-0.013069581139354322
-0.13179552981546647
-0.002203627060771051
0.0009737752030800386
-0.16860915022865383
-0.19883816288428754
-0.15215939470598164
0.024151860828570997
0.043082206177079224
-0.12480946721126548
-0.00707420842156697
-0.0714599922097816
0.16400746043005332
0.1626234693609423
0.06157113350564544
0.013985302989578497
-0.2317121207767331
0.06087175141142283
0.12559253792926547
-0.09486150241580517
0.049991834959879654
-0.2899015885857105
-0.005460934761155195
-0.22569037950144755
-0.2024495840893129
-0.08855880654610335
-0.19023500923962655
0.022318874613709516
0.14753018362192563
-0.11511824008954294
-0.04841690058269184
-0.05967073928277182
0.016000414040078095
-0.007069696876698471
-0.021871152352701397
0.12531198749546354
0.04152756204499498
0.005868131405767547
0.012147091043197736
0.0076189017730950775
0.013167697116587853
0.18190034431044505
0.0017811924209967854
-0.07420248411022688
0.12633272541854756
0.011215235464265868
0.09430233765618519
-0.09472966412958439
0.41669391644580883
0.028902415431042043
-0.22709838747841707
-0.19530639652375084
-0.08743751265042018
0.024454469509083785
-0.12985491100859636
0.07432302881975546
-0.08318897926204034
0.09232663573517513
-0.0966269390228469
-0.09894175801948267
0.17040458604222838
-0.07636683743250097
0.016620422499762866
-0.08920877713339136
-0.1976383902545784
-0.09111770748529043
0.03261638097501835
-0.10047018823722534
-0.1583713824471099
0.09994755316220542
0.1865422056388063
-0.077677596021859
-0.2578031103201042
-0.052345473344774324
0.137726817948215
0.022111574144489395
-0.014599694242871063
-0.06530574146607927
-0.1110540136735456
0.13150810424315143
-0.19220881195195383
-0.17772027816817956
0.053572352649866595
0.1163517320674306
-0.07731295285252128
-0.047938364061999125
0.07247641611120141
-0.0015055428270333354
-0.36504048133880335
0.007904551311134054
0.018863017670423768
-0.0030586854612023266
0.08508612313387443
0.06764790241460844
-0.27897883688244907
-0.1477317053512206
-0.08805865901857768
0.1342490024636651
0.070679383919555
-0.02234985821837366
-0.0114943758873675
-0.036232646444381476
-0.2084928158762482
-0.08398872159696016
0.1206551062162885
-0.008174065030517787
0.13483576561373517
-0.07410891562653736
0.061981434410720355
-0.03761678069721146
0.029451887827603267
0.025593585316506774
-0.05820737305897262
0.1051199737326746
-0.12548997816833465
-0.08102050886645015
-0.0659608347055666
-0.004242851452077169
0.16401693926125455
-0.24424071509964268
-0.045994788510741944
-0.10755535901301089
-0.031954683205285786
-0.020250602952349313
-0.2036041470421912
0.032574744541094096
0.006822660305960081
-0.112240614263657
0.1679275456123959
-0.17210628087948762
-0.028880437922060503
-0.07577104022122866
0.001044810067466057
0.0412336698435436
0.0496553128101113
0.03575489180431431
-0.07112979820058794
-0.24141027156352007
-0.13397669314659863
-0.10701600339718867
-0.17103167542700443
-0.138062940754066
-0.2543088171543557
-0.04835538549110315
-0.06213607402189512
-0.03718170413388817
0.08534826921315161
0.08838513407264038
-0.00927198991060732
0.08549590397774302
-0.10154734298608327
-0.0687233036188673
-0.09063632395519325
0.026846242962746677
-0.07757571626769365
0.35308637385616237
-0.2127332667171125
-0.22583393399277846
0.1128534915816072
0.2766460904835857
0.18289446138455132
-0.021413530698969854
-0.028892538924632984
0.14863902103802265
-0.03601524975202529
-0.0659732537618047
0.045744339287844195
0.03398567068515952
-0.12832096720144848
0.02408823152809891
0.14518847673432492
-0.09102806685442434
0.003605925026522409
-0.18288454888036285
-0.06339704214508833
0.03266687858398969
0.07224800621031474
-0.10565460955201181
0.4066167882480284
0.1763155669019145
-0.03522489602826979
-0.0693570823266451
0.11641215669823764
-0.07064397520404095
-0.3405523987822622
-0.03234236840046256
-0.040204859769546644
0.14747310421953752
0.2804562296299943
-0.2064200068152839
-0.2602346494684183
-0.1381257050996563
0.2682518639962147
-0.1762255983660272
0.10561066902148554
-0.04712213586734793
-0.060711833440200966
-0.05840717613741152
0.028424330271508147
0.11243410272301704
-0.08966908072072972
0.02866288442646121
0.24775610709990334
0.03610331210512801
0.18847570819675666
-0.1439498692665913
-0.07128992897156806
0.1268843409609634
-0.019524400078182815
-0.0028685203205984777
0.15261298531952844
-0.01739249843292532
-0.045148614907750566
0.008718556437823688
-0.007192317447538399
0.10644689750309907
-0.11644440024242064
-0.03709476872835672
-0.0057745602443732506
-0.1638871344633435
0.13535268672628673
0.07059258979801028
0.2267998912028282
0.06729604591264308
0.019760169757380305
0.08421072451759644
0.11296643272029618
0.018055689664498834
0.23647136987071785
-0.12005075587630952
0.3465015123862172
0.028766097755937164
0.21892218024498
-0.2269846437250726
0.027460287657292276
0.013138694371643018
0.2019305446298266
-0.03290362400709918
-0.046132894137257
-0.012784495273877991
-0.10698461572923763
0.32168391105979066
0.08746889430972203
-0.23121055816162742
-0.1017685192950079
-0.05270327583095257
-0.1850648727210214
0.13573319757110766
-0.017103008095508316
0.0017225781818011583
-0.15780993427511983
0.02507626407094155
0.16297018404916627
0.08597883528403193
0.08543096077387873
0.010911576903696811
0.1697766379720991
0.031538491787080354
-0.06659090140931334
-0.08164483220318965
0.006480767590404047
0.15201544124350264
-0.007126462513680977
0.09774442928252344
0.16208003237823004
0.131063562190429
0.10252947309078062
0.06241853183750284
-0.0328058548950445
0.19864342834859422
-0.15251954496623327
-0.2011492899171969
0.1170055566605901
-0.07132173531294926
-0.11163425514032956
0.10000247772405706
-0.1937362237749286
0.014918121572598527
0.015031822786774065
0.15790348959981476
0.07947013538882662
-0.11228705399248796
0.03974380117125746
0.19365362056906188
-0.06844641822241988
0.227507834488672
-0.10907472009214875
-0.07359643193898664
-0.09987005270391709
0.04988142624943051
-0.04624232198882338
-0.0627235645728062
0.2680583726649655
-0.014625895606114646
-0.08178555285397984
-0.15526688442305467
0.0917189380573432
0.20449053407365547
0.04455943598777562
0.0058798650449298495
-0.04460870212355527
0.004400375786144679
-0.07131473025307081
-0.04301174015587528
0.0264038044899893
0.18119864072346278
0.08486347284962548
-0.0049562123820255126
0.011113426834497817
0.235127036184903
0.07646471870598211
-0.018633988534813732
-0.005111007220352179
-0.10967683105439548
-0.03179179284456351
-0.1071448345906223
0.005780967910296024
0.008100748289107304
0.13009769223986006
-0.04582496267874402
-0.005173839531507252
-0.2710633983617633
0.10080225625880747
-0.072399990405331
0.04871073609667974
-0.17007265154391968
0.11876132169121485
0.06701852838813484
-0.050528023473660914
-0.0183092235871747
0.20424089851926783
-0.13122801322632505
-0.07365091315201965
0.18217891065402758
-0.13160514141701837
0.032966482767576466
-0.06885398589389892
0.06378188601870238
0.02757286506562478
0.027035738272063965
0.09601256733758091
-0.23248257698865765
0.015033635138799918
0.06455565295436397
-0.032500990972170914
0.03821070046054752
0.06689599128287588
0.1496214025083562
0.05595281914673992
-0.11726365376720375
0.1250495287133462
-0.002497020594543603
0.03955978310043061
-0.06580742776693287
-0.010413068854495557
0.18326452922681166
0.061019115771422286
-0.06251216332932166
-0.06789782373909659
-0.12701841616795698
-0.031157793062929613
0.03847153100981456
-0.017168024337499838
0.021494445095557025
-0.06014068019619418
-0.05720997231907579
-0.016324658907687615
0.17450140649068382
0.1498502555389924
-0.09843725833589598
-0.07399583145284663
-0.08900659416545975
0.08417591729938309
0.15849056646027246
0.04598680785116303
0.20849333880696558
-0.06930945982743479
-0.09827205656224523
0.025829357071844077
-0.016506034106338798
0.08963494454277764
0.07191404976355355
-0.17105041429623505
0.08897456760613585
-0.17060265964985386
0.030043237148951216
0.09999110651076884
-0.16100270033863495
0.02936581408973236
-0.017357934522603993
-0.04751490858098047
0.010220116465215067
-0.05692363370350885
0.21567665773858144
-0.10753652325843918
0.005179882769947307
-0.013694163500938866
-0.16344948706759366
0.20404106498005278
0.02938781201297097
-0.09724824036365859
0.10905578700816346
-0.18490096478229207
-0.252353473703117
0.19714940026104605
-0.16406399745392575
0.24961660320241344
0.10423751246508225
-0.0745835917186583
-0.17074948591077604
0.0467630595258427
-0.09866615376214666
-0.023738094519384103
-0.013717518896062455
0.14139814197734618
-0.0203810143399413
-0.09548819889220854
0.21002288560555674
0.006476874307232317
-0.046155922323818564
0.07703865746233836
-0.09691970955345587
0.038205695636406994
-0.077884493128654
0.0712442201072669
0.13156639471746426
-0.019575118465724538
-0.12708642971671974
0.06834192010040321
-0.08661402028919521
0.14790309445658165
-0.25644505989861094
0.046788208918593095
0.07680058522549375
0.11121720352043592
0.0695264264037859
0.15664694053490627
-0.047553898057248224
0.16722226858455938
0.0679284205138797
-0.009305175025359609
-0.0003553806406511985
-0.19956022385628708
-0.23055173523871614
0.05442457001690132
0.017250511366829605
-0.022931861225855537
-0.1150337518076581
-0.03935278144530562
-0.1513176854819323
0.2794105791664898
0.0848394458080956
0.056265374826710034
-0.04808890754552256
-0.027300545694193053
0.0719523531655831
-0.05370307191195755
0.059126115370090264
-0.01463955562577682
-0.11042116794445225
-0.09979514929865506
0.169547375587681
0.11821854812403597
-0.103578944557822
0.040924094214332324
0.11110135466880026
0.10280943217637355
0.1282982323476421
0.15490461360579674
0.07609204743644384
0.030310880217465114
-0.14995313381330846
-0.0654934975384375
-0.09150138861983388
-0.05417644649896333
-0.25928387338324854
-0.06952545681499266
-0.011526874623544401
-0.1352718705613236
-0.16316418891614015
-0.10020293946474962
-0.03345959019474141
0.027610315189353814
-0.03132780084308752
0.04983855074926608
-0.06739627498696843
-0.31217171898093776
-0.15558864608475473
0.06535803996413486
-0.0882869538875379
-0.07301607746358196
0.04712835355033352
-0.12422065893504938
-0.15855238954078887
0.009550878526178544
-0.09517447280708678
-0.09034186695306869
0.09157002947181975
0.02722818904208497
-0.20420104780169301
-0.24123114876040253
0.09639149978957007
0.0053915770324714195
-0.28777761594777485
-0.11587278671811997
0.06572140242532765
-0.07159079562345222
0.25858298252401934
0.03380982581787556
0.33105214836867436
-0.14135950063681293
0.012456038487447883
-0.03676978155521484
0.1587503618637516
0.040620880369878945
0.11189690178188631
0.018070637615455312
-0.01262509413250657
0.015233415536564451
-0.02139733966602872
-0.22177275435659338
-0.024494440742318557
-0.1912929743437021
-0.08714559060155345
0.23562920117733238
0.14660853422507067
0.03457433690715568
-0.03135752448777529
-0.007912489023516217
0.10751362624730533
-0.15021785116985847
0.0007038822358019596
-0.0361496914660513
0.12126276112310562
0.2688733892682418
-0.2412196091253607
0.14844006763037954
-0.07020061944991102
-0.045378853604865606
0.06069354217329265
-0.18936742826518363
-0.11168073794811761
0.10107596700033128
0.043986255325117164
-0.1003281216927665
0.08017936716041417
0.12973499067241756
0.027972077378948957
0.003878324932065413
0.07980382027159705
0.08348304525267024
-0.17419574599287574
0.05652971711421081
-0.11011415632142121
-0.05077594980591767
0.03173752574700981
-0.13616863478135444
-0.10591752884436718
-0.08482512194007084
0.048110895893909655
0.12449860553213693
0.11579531973120913
-0.13891771213017717
-0.06460617155736255
0.12520244582269294
-0.053328094778587416
0.1347615634083746
-0.19530283157118353
-0.2468208945648369
0.05618712493828379
0.13411720727585355
0.058154423007581245
-0.0707185605597941
-0.014844659774600566
0.27304117859172256
0.13902436782478156
0.021815619552334808
0.16906547718630022
0.13195315594422546
-0.050144379489562275
-0.15610722027316698
-0.13324672529266424
-0.025269347059736314
-0.2043341110092669
-0.1638723891262262
-0.08534746275986804
0.10809254445832049
0.01279356144851014
-0.0008463269127191953
-0.056040216490177715
0.055847960645249405
-0.0630086181156161
0.20964965120466902
0.05720928400214331
-0.11487907710779138
-0.12827651264459147
0.24586454048614761
0.143533893077016
0.00655504079202232
-0.10176369875407572
-0.05342744932383703
0.10424491799552738
-0.11686562375997442
-0.09094236402708337
-0.0185655193842383
-0.058289955624061786
-0.1068572305243909
0.0922076847994863
0.09005991809063729
-0.017750978810363877
0.037014325031317775
-0.05383554149109261
0.20771336847012822
0.027350854012412194
-0.21716538181814368
-0.07091579595154467
0.23473855118092754
-0.14780712073565053
0.05014953587526969
0.06633459543439825
-0.1681707375243898
-0.10106237132287448
0.12213088648018094
0.09307505342094824
0.16341274632209749
-0.06025090140118965
-0.0005785673871623822
-0.20629517461445754
0.08168061124733209
0.14273873219950112
0.162705373612635
0.149614140214938
-0.056369713784293625
0.05836030006469986
0.11989462461934518
0.06427078152421642
0.0004796505193396996
-0.00023178096926609526
0.35705025890101516
-0.10035663002442691
-0.3909104004117801
0.17403677290809033
-0.027744785629209234
0.09743823235075011
0.07609810887329926
-0.05763808345589917
0.22313435441173554
0.02148460041853092
0.046496826390298014
-0.08226964531844416
0.09509533070171437
-0.033829892884917334
-0.05331708759790373
0.10195905424836875
0.14026455520338704
0.0326038023727417
-0.2963537453951552
-0.14631920997150785
0.12947620468350704
-0.0024313868773292884
-0.03837549443755144
-0.10145947162805216
-0.16242430740017827
0.004351812503037705
-0.028183248671305148
-0.09143489347250817
-0.19385184465346422
-0.10345875437681495
0.09008833116109793
0.08317364077020033
0.5351624077458574
0.28065430605491004
0.12713054552353198
0.13139835958396404
-0.18020202605702493
0.1844599403398695
-0.0033360848117853915
-0.007556396840294535
-0.20999326038261848
0.0995813016412198
-0.023899058273209588
-0.09726770095277866
-0.029047780854393815
0.04474987731483781
-0.03192460698850668
0.0870843169078699
0.024641362435759644
-0.43932014949985304
0.08245368966289437
-0.20065939750981263
0.22739383157933613
-0.1637165725856528
-0.014513691387968784
-0.1162223577058883
0.21177712033903764
-0.06550358188618098
0.12308746541851234
0.0034054525611709762
0.0752522223508095
0.021019598854412985
0.013977470223155146
0.10256133420026398
-0.09102914505053618
-0.036873675263827205
0.06113120189020666
-0.0650262817097616
-0.011024881493228595
0.12344716178202333
-0.1658181257827048
0.07840879366427608
-0.016448075432348903
0.15303256058929238
-0.0891004176439556
-0.06131714919545868
-0.018338464450476218
-0.01387758569299366
-0.18035575860549555
0.18398076279815942
0.06938472961663937
-0.056163583773242605
0.023962437174384676
-0.06357398045025575
0.021292874417720053
-0.20148991959101376
-0.21177074310166896
-0.009787894954594355
0.016694763750242852
0.056102393603775655
0.3234345081451065
-0.10983928644653636
-0.16376964451168716
-0.001906668705602482
-0.09542041728723548
0.1048350999303286
0.08298368638772462
0.0797871919947029
0.07722934095866489
-0.05770794348768569
0.08116564706692471
-0.0909916223462238
0.03597340754813155
-0.0690793057312306
0.07474917513652207
-0.1961172792547078
0.10478023898663846
0.01813989805036379
0.029678197777991935
-0.06826049935944199
0.06525463031994048
-0.19895911815343045
0.05013172864746726
-0.0751670899677546
-0.07840070336884776
0.2762317566953401
0.19725864039137778
0.02447692339312892
-0.14424015241493876
-0.11493051190556948
0.035979927616883615
0.08652978993686196
-0.011893546121871677
-0.09062472828803014
0.10025204570684393
0.24293331728242848
-0.08104361794770487
0.1045191043082159
-0.1179118008409887
-0.044717855236401705
0.20788451799500388
-0.18229479047775154
-0.13645088575507944
0.1025700731550122
-0.1451263511708041
-0.057873654343469826
0.09016686289038443
0.03694054999705021
0.32874788651730985
-0.05460610698121303
-0.054299665585925506
-0.0847026115853041
-0.17727352852245848
-0.1422150309342628
0.029282558859566266
-0.11249596753590911
-0.2506530976364919
-0.20242051024526173
-0.057237124207981945
0.05472712345330956
-0.11679016298367462
0.2150683832281702
0.06454461526175181
0.1023621052595598
0.05411494747507428
0.08161301746062012
0.03490510290538344
-0.03292011886669766
0.17435822410402327
0.10657610949001387
-0.03641275610155878
0.07401249925802983
-0.06848132807763412
-0.31453544548876944
-0.1261050850130417
0.25554681750597047
0.13750490630794338
-0.07437023043371094
-0.23052094787626987
-0.010645449548166463
-0.09248667534051565
0.05223274374653657
0.13201390488834294
0.01956922942948516
-0.10592696791373729
-0.025681598376828364
0.037689682837644754
-0.029620381605346354
-0.2825504990386348
-0.16956216234182758
-0.07763239191477828
0.18312140522486337
0.014833280343827637
-0.16342101797275876
0.20190343732605548
-0.18232680978495575
0.09676976383019896
0.1361719383700695
0.05212042656096801
0.018561159050621945
-0.06258568236369394
0.21659692428753927
-0.12636512194969174
-0.04544109883312487
0.08051496650266288
0.034799102671779734
-0.18885629615842706
-0.0326235813812319
-0.07663618641123986
-0.09743391028598092
-0.11805427047072974
-0.18210903183707136
-0.06682648808929365
-0.06379289115936772
0.14216944600223938
0.018598835662401572
-0.17043427409073414
0.08466261203996946
-0.09674105956029465
0.13182281437171187
0.06702611538646791
0.010045362423345403
-0.09910411518654176
-0.45097188889960776
0.0649370133490519
0.17008506404131274
0.25429670700365375
0.14630186969131212
0.021814312013591967
-0.07284502570974526
0.06157843321757259
0.14177479907478988
0.0037886051432866165
0.022298983638288233
-0.1986731553852429
0.0034334218663173615
0.15615547481751135
0.02685646420859273
0.05481353794594859
-0.19766611768826242
-0.15504844394783998
0.05568079492757567
-0.06456167399564912
0.03718395601728543
-0.11117482057534668
0.15109511803059036
-0.21494473343745363
-0.13756024510111575
-0.20274867770402769
0.054311908899849645
-0.0700195728947041
-0.004039420253744044
-0.1272805856268207
0.02092228832892666
-0.10797724849129939
0.16419833905882342
0.13437044110063862
-0.1350918205525823
-0.1466864981983587
0.13445839173462307
-0.06834729183952033
0.05534346166133007
-0.11737615563609863
0.07990757782575031
0.08365225346002689
-0.13334691944011212
-0.10119798487851998
-0.15447965800871302
0.0035645106578425082
-0.12956939308274434
-0.018579448820072106
0.07725305096763457
0.11917519964919704
-0.10717420114884113
-0.023263148883001853
-0.023090259875555068
-0.38052729519327194
0.11768220442473397
-0.13057189108825834
0.023321316003796173
0.06417708971095692
0.10211953234976849
0.005001775251117772
-0.1694797885870508
-0.1307171573401882
0.13529545930377035
-0.0054405495376118555
-0.3082346512490511
-0.14309260674849053
0.1004846594589366
-0.10669005923400286
0.19054339651502705
0.16290276046087723
-0.2552194526837273
0.10621806992989354
-0.01757761875115002
-0.1092581037114212
0.012774271502714424
-0.013586102056796532
0.029527629805884678
0.06171751609729047
-0.02708480141433609
0.037279009030154416
0.007988309430900712
-0.19917261503489908
-0.15007032664571193
-0.10852468659611966
-0.14720424099224727
-0.024697953454635057
-0.059701980832958385
0.07635311532199364
0.1711281947523746
0.11014741299108505
0.28324309590043495
-0.042271365091849505
-0.1467397516710498
0.2677100128388062
-0.1355847135755464
0.1503950481845986
0.03113114988596394
-0.06535766829162239
-0.24314979462343597
0.17814713831574483
-0.025072123745507633
-0.0628425604325894
-0.15844466070763844
0.046769609844014015
-0.0670042670680487
-0.139128099226697
-0.08622863440477746
-0.13464726677002042
-0.1516261081852512
-0.08777358440293433
0.15230143287243653
-0.1529287809923933
0.034923203377235305
0.06959911469823232
0.0985232435086824
-0.10715090783266094
0.10654160838331904
0.0888542637791402
0.07221935424464092
-0.08143710749314473
-0.13230676748179335
0.06558270446543901
-0.1676280730784866
0.10624196194408714
-0.034818339701939115
0.06975601148274382
0.06657760577878293
-0.000682363236445525
0.003925450797754637
0.17821583995455897
-0.07034785005972134
-0.032709012807673674
0.06883445873435441
-0.06649185390997417
-0.04725667297666421
0.22082599270917833
-0.14002263739520332
-0.1157878458446493
-0.01483661930923632
0.038086817359131525
0.09314033383968034
0.07254532678663599
0.15409010147440133
0.11678890714933417
-0.06845113273465428
0.048151354218230406
0.14376381615835462
-0.03227437924796881
0.05322286391533678
-0.038522113270759016
-0.08407194362814516
-0.054402795126693354
0.15279380612167773
-0.06139456908757375
-0.03351943986784109
-0.09352152278022491
0.10681259091252907
-0.13237945143517232
0.10282645184269124
0.024816732480308586
0.09321556724042586
0.10962702228757662
-0.00673762521716626
0.1340465036265207
0.10024631950407144
-0.005815600300238376
0.02926295155272504
-0.09391657685725281
0.005371094804068123
-0.09251507483967691
0.004313420916613398
0.21650645976122973
0.0575390931898265
0.29073669868595114
0.05396863613023349
0.045493029776455286
-0.10765399705964757
-0.08015499316045287
-0.06490822011826
0.13798391257179823
-0.0222661362883966
0.021242522079131597
0.028687028160729204
-0.12752964475949666
-0.21908297913528507
-0.10453983461881987
-0.27268548399385
-0.05074571597051471
-0.10395448310502255
0.03539598795127327
0.10169164298681987
-0.09110722412784036
0.012316842191398695
0.04434514204688387
-0.12672871508794906
0.1300977219615921
0.2283624760112553
0.2660134707481706
-0.17225224842295894
0.060377584804776854
0.1100156850217128
-0.12411623634851492
-0.1345608992379396
-0.004425673971875522
-0.1371064647595498
0.09719215710188576
-0.16462486903694462
-0.1327930939751937
0.19683383988586026
-0.046739005587799566
-0.199797080145022
0.19380479733209258
0.11123842638546577
0.00427565600674349
0.10817461654476421
-0.07610860722488014
0.14902386254935815
0.17438462832926022
-0.10447654414069445
0.03217838570329221
0.13688988607347344
0.04607829849937511
-0.018354544764714608
0.06288735257756771
0.14650179084570297
-0.14201049349570385
-0.026901667218414547
-0.0756565797441468
0.08537608111172057
-0.20978900512830057
-0.03811277732058416
0.13625411280090974
-0.08390718846856535
0.025440468358111968
-0.01987311644025804
-0.2724273387167226
-0.08469483193077705
0.02581946863123485
-0.04731702661163753
-0.37471517771421387
0.009474668986558861
-0.0476372711594509
-0.09134573560948858
0.1997844080298844
-0.09055044664787049
-0.3043209000134969
0.025916090862701684
-0.11427100011901113
0.012669450294964808
-0.003210500416621222
-0.03836190355604128
0.23216832464676768
-0.04852591582440789
-0.0009045656849156797
-0.10218969292175843
-0.0663566409734893
-0.08433517849465254
-0.025819648625937847
-0.09584541086818998
0.02580920061304607
0.07324143920594213
-0.103903228596902
0.08098322898619151
-0.039200439029225306
0.10480572868968042
-0.07362437313458213
-0.008391667837833322
0.052750335213237055
-0.05440237080995854
-0.021809573629533674
0.03348016222134099
-0.006028606325035118
-0.007270963124407579
-0.21065741163435117
-0.01713828648448004
-0.010497934186852163
-0.17928347221085913
0.12655203243388127
0.16786966940903117
0.3004242981123731
-0.1399280961201
0.08170741855781131
-0.06788670372951157
-0.16257098911147408
0.10790988765419578
-0.035834304527613985
0.16756239784057092
-0.16758661636404137
-0.06288910455183051
0.04032614648294441
-0.12384509036982627
0.036249178866870756
0.15083553866654473
-0.003873569684484035
-0.34542751312337205
-0.05666014606524469
-0.2746005721884675
0.030599750470321117
-0.04539795717498867
0.1483147920905691
-0.06884562749350746
-0.18775669255837027
0.01186470018287181
-0.2030860999359883
-0.34680090562567734
-0.08703851058477505
-0.045477165204113656
0.04206518486163449
0.1491368111246168
0.18737890771530216
-0.13050719438070968
-0.05265380085630509
0.2154510099632525
0.0009139645484519285
0.08634828898425491
-0.006635056651081015
0.13654371516830305
-0.009099457592589389
-0.009556182975388988
-0.0726841802573179
0.02014323344200443
0.012061835365593286
-0.013877455000182162
-0.14091041941976046
-0.09780280660342543
0.009804449408027865
0.054129783474193865
-0.1686542050161483
-0.06755289000901481
-0.2077851748146505
-0.17352611454725428
-0.07667680524167461
-0.10062313479794993
0.060529110757127656
0.13600537990454784
-0.055154406101553886
0.021841233529426414
0.1488215993798098
-0.1415580707610605
-0.33075840779032084
-0.24728849167161218
-0.07126088332572762
-0.012018575653770982
0.2586812885109172
-0.053672082185765004
-0.09515375682620826
0.19690096446513214
-0.08382633821618914
0.11662989612017667
0.12919674392345012
0.03856114306840144
-0.13256111508582555
0.1249812662120043
0.07370021030350585
-0.0945849520660393
-0.10640177340097136
-0.26856142456604243
0.01111004753069584
-0.19988789907349755
-0.07810357326077282
-0.17222613698724662
0.023009183806692843
-0.19814345327952274
-0.02621146454174119
0.07933401450234812
0.0475140617794625
-0.2192391301500056
-0.07571344835284895
0.15594386881083266
0.17328135719392926
-0.19397203791820114
-0.10656666954024957
-0.07197403162417768
-0.06875248626465903
-0.13511676593577066
0.15143776003005385
-0.0681208226046
-0.06880656037836562
0.10148400724704479
-0.06484606555928916
-0.2722492542908846
-0.03241244829717988
-0.0005052990569202223
0.12854217724051448
-0.07029144105111663
-0.021561689316061085
-0.006690616586356927
-0.06693427647277754
-0.053103325314272254
0.18357830668712943
0.2074464818314978
0.1480796738939492
0.013724013982368182
0.0033971400041927016
-0.19080370255582693
0.13701361547083457
-0.08393303699053672
-0.1329194160106807
-0.034769458586774535
0.15712126241321323
-0.31394966144919684
0.08952704699792792
0.033119967961221734
-0.08363459784826477
-0.16945887974525564
0.048821168770431425
-0.1814245184317975
-0.08084063867974518
-0.022256735560697172
0.1027458549829199
-0.0993400491593954
0.02266141456989831
-0.047203960432895986
0.044415220564065695
-0.0025499183979804016
0.043934699207114465
-0.09019362135310686
0.036733645488922745
0.11935541805432293
-0.17160382390330003
-0.02415081882211032
0.17802571159929087
0.07200639297811394
0.026146867856815217
0.05216945909529035
-0.1897049865468218
0.14619797794075892
0.05428279306134379
0.06283619938953572
0.13529463744087492
-0.05034519343439905
0.04096017086875565
0.0687324850000011
-0.13406618759831826
-0.07969452498439253
-0.048753880921099405
-0.17841531293713564
-0.10652425185204423
-0.08483568894034325
-0.16335256844958676
-0.20457968210124808
-0.07393802567977295
-0.12395275694042021
-0.035533628051537
-0.11383101209438595
0.017463914826760584
0.012941711386464194
0.10167953186639067
-0.08836183003735924
0.18775175463671198
-0.002198570770970893
-0.263471269349396
-0.05910513404254063
0.056084074040099706
-0.027165437357161176
0.07316743158728294
0.11003748165227455
0.03247482088622513
0.08857990536496052
0.009747218791831318
-0.004602092823264228
-0.10193312277008679
-0.05658712570053942
0.22438477002033888
0.029116164911213174
0.028510578955942726
-0.008230589259771371
-0.10161981299231095
-0.24877910024520264
0.06899820568487881
0.070295059934454
0.3258164389716571
0.07706912361024637
-0.08138792378189942
0.07610371185274409
0.13819636152581916
0.12823523106967633
0.08822844782978352
-0.01930405805589821
-0.020638835802976187
-0.10425691485795598
-0.016720495825614686
0.12688085532074933
-0.07132283063891418
0.015631337924183395
-0.173929524295049
-0.014763223340142734
0.12172041370050177
0.0011095939046956685
-0.14360502969437047
-0.0466551239820573
0.07219524619653754
0.07772842516881555
-0.14491667248138765
0.07144384008140078
-0.08859867571597956
-0.05861782735163126
0.06442943362674942
-0.06550734578044592
0.1763594997461754
0.06290074291607431
-0.015312597353354778
-0.03935112678410512
-0.03566310150083776
0.18764926639528914
-0.09329978699575907
-0.13821993127465085
-0.2329024316958566
-0.09613709260080387
-0.12129658141652136
0.05228137763233822
-0.09985431569712795
0.040356563897523325
0.1590999596409487
0.018714310367728294
0.11344885094252952
0.03771220773369704
0.20934860259867288
0.18844375451413037
0.12095327754014165
0.3190217688270405
-0.05604557445903118
-0.169921655507784
0.1015443288103193
-0.20314151350123988
-0.09290493179017363
-0.08078785336580514
-0.26423525148595706
0.04506356020616217
0.16943526013051283
-0.11517995010530897
-0.010462520715977149
0.1250551192017982
-0.14106852853099586
-0.05683803277970814
0.1960360155604283
0.0922905266969194
0.04358662160252996
-0.03663755477160504
0.0064580934735324926
-0.08406488354617582
-0.11722941915634545
0.21005632752490364
-0.17111214987088913
0.011683387736518946
-0.052140270406565825
0.03813779535218684
0.014151420747451968
-0.06913376381711706
-0.0069624451113219155
-0.20175265822168253
0.2622346641929123
-0.0356793490348412
0.047698569227101736
-0.04617331125242182
-0.12803906267757637
-0.08814072500617931
0.09955499731521443
-0.04999042564579074
0.21397912715574394
-0.007829945451528663
0.27179591463104935
0.12524799516109203
-0.1829840690863122
-0.07268079129344104
-0.11758468259829524
-0.005038622721332345
-0.0539970030461873
0.10512369649451216
-0.012509302611803334
-0.13377306602287953
0.0816557446689004
0.17710371492528743
0.12261762756181303
0.07316764772085199
0.0728850161527626
-0.17643986985827761
-0.04320435363097854
-0.22543759562573312
0.08369276387185412
-0.040896749602588815
-0.31867369498523535
-0.26041749597351344
-0.11776860316676212
0.11148169385178804
-0.01255847053645912
-0.1199001192310896
-0.0959486787482939
-0.13889428100833887
0.032352400838565436
-0.2793356245645933
-0.18055413427163053
-0.048297857694164684
0.008550753096414664
-0.020181769461112727
-0.13647380414440582
-0.08422260410639858
-0.10637354226916473
-0.21888534118932743
0.005181654839956206
-0.05331207876788216
-0.1017658610083198
-0.07896115680543585
-0.23677771479078147
-0.0023404414576048455
0.0024917410562308676
0.1446690690246524
0.07364256088760257
0.1893629923797304
0.12847939300004083
-0.10169990635374541
0.09599990471968879
0.12925056246872701
-0.04505714287378998
-0.052970470801649676
-0.13031189904672588
-0.01305127995609981
0.02230303691061039
-0.42595436003930137
0.13083585505150164
0.22177236080309176
-0.16532987594770154
-0.0593116212823025
0.15538265752825559
0.0372907850753851
-0.30163770985749433
0.031823213156720404
0.10125502143177002
0.01516600151288047
0.06408795191708715
-0.08711619191077925
0.21101618533954145
-0.017734547266955277
-0.17508517765176407
-0.07418665660641309
0.12009663336305516
0.01592804967820073
0.0781049517462133
-0.2515381884646111
-0.11194677103408329
-0.18382930816765553
-0.0001026827331984034
-0.2767100643021304
0.14915881548782084
0.06650157928037584
0.08705664080159423
0.06487620502586851
0.04383848104429345
0.0147275587251209
-0.06190885484656023
0.014527102507015922
0.16113331141835305
-0.07093192540158168
-0.11272394721310446
0.022217074917677937
0.11978613408813522
-0.17148335360243472
0.12877465973018629
0.04231003611376952
0.01565207683211535
0.03654233988580258
-0.03209330554530716
0.06518507485854881
0.22710882698626983
0.039934322285369236
0.049288701818300466
0.06113960390282517
-0.023613412383411036
-0.004863293623064884
0.09933042023629063
-0.13410421235614148
0.151041104682989
0.21784628333223238
0.016170417825896902
0.19082129161552977
0.21662408187043802
0.10384108645332472
0.07539763155371845
-0.008509817266949615
-0.029106662876469964
0.2339275719563176
0.04151340412166381
-0.03037242030848765
0.2441845158638515
0.1194957049180808
-0.043661033554602255
0.1369842534977383
-0.17400091830534034
0.06612125826066827
0.09054102629315887
0.057777549413600755
0.15062609999969268
-0.09988474728882342
-0.09480178308058224
0.015283616488535236
0.02400647857209722
0.1496109775039359
0.13215219245519308
0.051598136703444035
-0.015241361403284059
-0.0403849418150586
-0.31453124436940927
0.0009473526195394784
-0.02837331444617714
-0.0650835238810881
0.040367138416817626
0.021794725090863967
0.19169717820656337
0.13867759446938738
-0.03720032134138303
0.1145825393331459
-0.05735543457702205
-0.05459268848368852
0.06627658730938432
-0.04798379236576728
0.07349768435679746
-0.12190816136005722
-0.23184992567938623
-0.11696814495072139
0.16290641132133746
0.1357071925585111
0.009713885630309175
0.09472370736259285
-0.024220314033947372
0.031582767284730424
-0.13369982836034836
-0.03554602807576885
0.15570873690946774
-0.04647223444019534
0.03188611214335833
-0.1601059716235159
0.0710526015658708
0.20193836377953056
-0.045869092011954986
-0.037588641492887556
0.09645611236512454
-0.027076180620542147
0.2069174782545698
-0.4415913088057748
-0.17859654833047722
0.16956583693326435
-0.23310978875364363
-0.027234558719954408
0.029193381927648726
-0.16339769076712016
-0.20709136024195363
-0.03912927975670969
-0.0060572619755323125
-0.050642904951314384
0.06804779692808569
0.150710286003882
-0.021188973689317436
0.054732259148738256
0.05653510900325645
0.00358622729375597
-0.03529967471784707
-0.06348247065317894
-0.08900377102929125
-0.03131049194226927
-0.0868558551524511
-0.07313705683959522
-0.11534816179632464
0.045999031549225
-0.27942124494184756
0.13130379826098337
0.06712892942142205
-0.12005939525899678
0.0031213173559845805
0.016777516993722034
-0.12771863941230677
-0.031828636357830196
-0.012690071625873814
0.044655273171106104
-0.04441318879242099
-0.07315271464588313
0.24045544985746198
-0.1815881193918049
-0.08604785024819929
0.003145613669774383
0.028059760277061207
-0.24600271402293575
0.06920343865429703
0.1800849105451822
-0.043690174590139776
-0.12961124510140515
-0.03484628429441377
-0.04976052467546654
-0.13926211911918104
-0.1742263801258891
0.11944894980655765
0.24927255773974344
0.2747457546983625
0.09317214399519907
0.014500043506569653
-0.0946933195792661
-0.09919860853994925
0.05243479077630335
0.1156384413529397
-0.13486144338916514
0.11491732956262135
-0.05118733495096061
-0.06802162073936617
0.08670334290354348
0.05965114691102313
0.02024119173070367
0.028425065188345373
0.16024461533579532
-0.042378561937402345
0.2895143140619891
-0.07125305401200525
-0.22680117537416913
0.04853855469681676
-0.047689501333541405
-0.10480630022157351
0.03691022101006081
-0.13023487213162688
-0.09555926799283493
-0.009171909385880231
-0.16301026870727822
0.09610980004212123
-0.18361823017658482
0.03944475617337344
-0.13246718178506917
-0.022435119990198343
0.08364059265723656
-0.03785764046885717
-0.05772238018398113
0.13401707070113716
0.004258262281004931
-0.19233682006884273
0.023707022397446605
0.07101110083087397
-0.21720214360272158
0.022954677539922235
0.13074070402428442
-0.027935585897419086
0.27020239511197025
-0.0029565496593094375
0.19824297452393536
-0.17990125467485496
-0.13594926678279678
0.014384413068734126
0.16299392823344067
0.009865431053342996
0.027356252201274533
0.16660651900749035
0.057944672650859494
0.018671722476650762
-0.11197731285417258
-0.10094671384475908
0.21662512723783542
0.06079054761765745
0.06456718185172249
0.10322551871760452
0.018414969145522722
-0.0012838271525040924
-0.056883900214031224
-0.0036352267274871648
0.024096950544307178
0.07526515200949059
-0.18748313759737942
-0.05097548891818892
-0.05045923577117184
-0.04346043453112546
0.08373713866002423
-0.06550238046110245
0.01367941244756447
0.30068825365803814
0.07717486679402476
0.084478019181555
0.010594040641335279
-0.03262098473949538
-0.054478349054256005
0.19107525225291036
0.29063067891438094
0.040536889275718684
-0.1243525228667222
-0.007533891499953282
-0.01211953721808737
-0.40452020604247846
0.04406164536537411
0.16711507041988619
-0.04691346797698788
-0.2153847834629399
0.16121477524882408
-0.11267269796334538
0.1955676435921633
-0.08072166725445266
0.20065444821618877
0.05707439536877184
0.07986741247010433
0.0013070850006193205
-0.10270454452199049
0.10000599750403223
-0.19212977829150787
-0.03510503935391932
-0.08323174374163397
-0.06602175841285911
-0.10261612233484323
0.08726836274309926
0.03431126527148232
-0.196349601516279
-0.047490284242094324
0.07145558177689595
-0.049190770290271885
-0.08431218128492105
-0.07679161531849128
-0.03058764026052333
-0.16994529783361442
0.1152387422646075
-0.07831883203849775
-0.16247235536659088
-0.08019513567072155
0.10147632372157722
-0.15559101167214032
-0.1023290543026833
0.09706604140973898
0.02387539869601683
-0.08288786760467853
-0.13236158714762286
-0.019515960323095164
0.2976533769466137
0.0573458721815707
-0.04329320689293848
0.07517108533464958
-0.053102131703364905
-0.10995816533768692
0.17738295907360369
0.028750071515481698
0.1547972374359805
0.1333115867274971
0.07024591114068354
0.059481048402270045
0.05151326601735247
0.09283496009412816
-0.11039651176051657
-0.15691306522325138
0.2045457958942954
-0.14024068591310496
-0.08436487156397833
-0.1483311627058713
-0.16248032493840403
-0.1625417199674682
-0.17221439757512116
-0.09192135601446315
0.040895525224299865
-0.03136584803370514
0.045119404314515006
-0.0076733165681114645
0.20775546040167306
0.020262221736355
-0.2570238153017039
-0.28110090949003347
-0.14960630714615641
-0.27753442654797666
-0.16411147936708964
-0.10100504195352956
-0.1958238573772895
-0.09069983814862652
-0.194106122194489
0.0830928939158899
-0.08972289442249376
-0.015894608987100923
0.07654587236666664
-0.03931829716114493
0.11124351096172119
-0.10372392394979495
0.052615175427707536
-0.0054964354531820536
-0.2769115692674901
0.0840483746281204
-0.3159596199482718
-0.020343070074379313
0.13457295656956614
-0.13358503480834696
-0.5406766530899466
0.24161578950694723
-0.11530330843235174
-0.06031695573743603
0.031074047012067087
-0.14035449424636995
0.08697762582190789
0.042605671316046284
-0.05129569612862063
0.09816697696612262
-0.07339277438519419
-0.016096837344407294
-0.13292065237480763
-0.028402650061093396
-0.21778502162519148
-0.10443928805997116
0.12306973459433294
-0.25935043927834234
0.060640334569308264
-0.16699865948873427
0.059128817027578315
-0.0731678527782658
0.06562987091667934
-0.15643278216738873
-0.1670385972570077
-0.13270490397802093
0.29118216954400894
0.046481536308697835
-0.25716539643085806
-0.11592498711831434
0.010245709805465946
0.068329549582625
-0.17059315519152754
0.16304821275571169
0.04021649763780024
-0.3468340495096643
-0.08177014804491443
-0.03036590260926514
0.002586226529902541
-0.16840726163435193
-0.2878176222889399
-0.09732975047380595
-0.24480083962347826
0.04622829993108757
0.006741940833043005
-0.045233388677753124
-0.16464365810303397
-0.19077719375812868
0.26421284308931614
-0.1460821698527179
0.06795200324375332
0.014214074233538132
0.21777857037431025
0.1354298028542019
-0.23798922976112716
-0.14301270492343648
-0.026580309209031795
-0.08191861802434423
0.2345056039418667
-0.10622957827442141
0.15589920176808994
0.11577367436708944
0.041702450655319134
-0.21674591128012402
-0.07132402974148908
-0.2207694790421584
0.056826394486635
-0.017578580669514992
-0.021409528540748294
-0.3678074552645831
-0.14804237234253034
-0.0010918487664745085
0.2892254820063718
-0.10211448124199646
-0.01632584327497167
-0.190964654517066
-0.1519525427583337
-0.12279170671919863
0.043918022000056685
-0.12873580845688834
0.08981576973304146
-0.0068852437449958975
-0.1159683139011678
-0.07207464291870519
-0.028873837975809023
-0.05638905748235056
-0.07250098598923488
0.20981546122906292
-0.0634288860492214
-0.02659287011857328
-0.10052645319150816
-0.03602852473342277
0.017667234907692998
-0.1458703456718068
0.08032854430935212
0.04350262218480626
0.14655936022181662
0.030297112577043275
0.018626654724493392
0.07236040786937367
-0.26110476250703113
0.17924575241710544
-0.16332290311315184
0.08276174584123636
-0.04706736661387225
0.203176306134196
0.20374344986414833
0.05957157227051433
0.029795852198438503
-0.021470979296037092
-0.26792475408045774
0.007634278882851701
-0.0932828874886801
0.13320569404010438
0.018890569098822682
0.20391063283285327
-0.01574048425966864
-0.07675717085435971
-0.015886313735299615
-0.022408288168413688
-0.21229722190943728
-0.1188588982684402
-0.13752630142119343
0.023895840467075616
-0.0020144756546884414
0.030707253145974594
0.14440565753406168
-0.013940872457647361
-0.00838433593224238
0.066625580988011
0.20801784835278342
-0.07137900601666038
0.18474643284017284
-0.23630907006389476
-0.06769237557261021
0.10494190386608006
0.03600949322473075
-0.1397029946390596
0.051900006959144575
0.08247902940964452
-0.09842956131389947
0.14302415983854838
-0.07641286979563082
0.24427463504114966
0.11273632922342085
0.1400071820966786
0.017304845541528006
0.04040204123513834
-0.029015854434915726
0.1389413922883528
-0.03181637671133021
-0.01427252125807152
0.17227867881146763
-0.060695874766869426
-0.2682546096958169
-0.16955721104431848
-0.07895664944564823
0.1502650965591785
-0.1572259472133329
-0.023388643788073066
-0.17023858510119294
-0.015578493866761356
-0.12256299435032367
0.0408529520350603
-0.015598683742483736
0.2806626604568726
-0.09007121823070167
0.05600107821005664
0.0713615184282762
-0.09536479133970009
-0.07201226559743105
-0.06804471087935449
-0.11000704360962307
0.11714188828584808
0.09843748449766221
0.2035002976594567
-0.14657271402644154
0.07733156418466117
0.06505142638447951
-0.3272686754884541
-0.1429337496578352
-0.027635036540165105
0.09917559834908933
-0.05947561928694196
-0.07243805148408675
0.18188505399433996
-0.02397135237894169
0.11936694787235574
0.0307884070915465
0.09833898498812921
-0.03507328956700876
-0.16309438485471145
-0.01803375405971106
-0.08743718358726237
-0.054663384479226924
-0.09419547601061824
-0.12034723378060626
0.12925285941434675
0.06874482779228969
-0.07626856289203512
0.13979827832520872
-0.09276258306961618
0.10783745036545954
0.011874585151237942
0.133648065929255
0.02208247756741252
-0.21912035452920736
-0.03963852259204958
-0.4036617677045442
0.0709154146614017
-0.10186335927589443
0.09678997196614665
-0.07383931113293796
0.29302708792098925
-0.11383361976329547
-0.09263753169906916
-0.2836817266113777
-0.21793815958785462
0.008676566485651552
0.07195515852942401
-0.10839778598557054
0.060803587001423784
-0.2371482702781835
-0.07135991084181545
0.033486490245173466
-0.004507599048067824
-0.009488963012786218
0.025204007610542385
-0.055139167138515445
0.08332539026779767
-0.009465057235754623
0.0450883860708093
0.10860548621058909
0.018167189662520317
-0.05482383364912114
-0.03603580620419318
-0.0010003454274456999
-0.042718246090309026
-0.05030245379110542
0.024680530429917837
0.18738723219940306
-0.02520828383627643
0.06197456502170696
-0.02215630783342543
0.04642688127272471
-0.18513430523166685
0.054846901783742755
0.15410511632995416
0.036792850290157414
-0.15065691671694043
-0.0198917693836663
0.030676116055182712
0.041357712140318977
0.08623231613891734
0.1917655679437849
-0.04013554371812214
0.0670586414299015
0.04395932472384527
-0.15646659324257173
0.01155703337769691
-0.01431030039854815
-0.03700264098123938
0.09304468197166907
0.08020940112027627
-0.19099349958578662
-0.19175088462002565
-0.15238823935754245
-0.09222707709692644
0.14719099014075065
-0.12560337078171582
-0.06644242550254296
0.014471724028857214
-0.06052096704505135
0.09124622079223477
-0.19126187007636197
-0.17563908463818173
0.09897602163321732
0.14435518140617012
0.10536723389497371
-0.20090132550943796
0.09487558623887227
0.11882216259782677
0.018523980094217206
0.020626901743081925
-0.19718451742954993
0.06827166247286798
0.07455312264047351
0.06521020622883163
0.08694975168973865
-0.16044196810737318
0.18479584680532388
-0.06419412816996664
-0.11015489224013834
0.004789004424573557
-0.04678460759289701
0.043522468085134144
-0.07337274397688177
-0.011784441418122373
0.01776264709204165
-0.17010426400043202
-0.016978308781205594
-0.0251366223244918
0.04211696960167749
0.13075338303386116
0.0314147734077215
0.2714935496479208
-0.028591828251385218
-0.34292084537139744
-0.15771885654546605
-0.33595551679022406
-0.023681163864269304
0.03708710428058531
0.15266044487676028
-0.2882678423279826
0.06539285998480665
-0.12807222210525038
-0.09638398804159706
-0.14436794765480265
0.1652411747821468
-0.09357226844522751
0.028036503612127596
-0.16378842547088945
-0.10699138074269887
-0.013240814763830029
0.16935467052586148
-0.06600608570228667
0.02787543296682499
0.09326462725458595
0.17783433309421928
0.0642760832287275
-0.05363111436899038
-0.3317521434600212
-0.021064037471794295
-0.01790093569295191
0.03660892161050949
0.25977752422097533
-0.03583628557711164
0.022935777900815215
-0.05500196662403868
-0.08651100160303575
0.06357754820564684
-0.0018112261436837459
0.044278577891634356
0.10762783132546659
-0.028958976467146694
-0.059955775812961805
-0.11337534361652024
0.14828117734242513
-0.07344759972970326
-0.04869575085618454
0.3080136114944829
-0.022273970784535465
0.009705111545929028
0.04005344051322312
-0.03277715689378141
0.15187071635519495
0.029530115169860136
-0.15101903863775243
-0.12382852544848141
-0.006385004477924515
-0.15201881691115054
0.0638821083578779
0.09849168300617235
0.306955344318785
-0.04164359913295673
-0.27543415005251454
0.10776115163748048
0.09538420047787162
-0.04262996859498918
0.10963788665314862
0.12773710962997445
-0.29687617963306856
-0.11036896710561327
0.044268465273898945
-0.060119634460288215
0.06158692175506497
0.12103852634015984
0.1254916738917
0.04409027256835371
-0.12764639839398353
0.09787623765342437
-0.030842721824391198
0.04316028460170665
-0.08761900106338208
0.04130779453629878
0.11139717550186311
-0.09320627795340246
0.07759218225454771
0.2897833383330756
0.030696619734419405
-0.0860280055877598
0.21699888973875261
0.026171380548661836
0.08916203963198223
-0.0756097154091404
0.060024499396187536
0.0029163914118343413
0.0413040309489513
0.09755352149431941
-0.20427348367370624
-0.0028998102057154066
0.1722824899619656
-0.03514569153184479
-0.0779379760545513
0.1867400676322233
-0.017066727371727052
0.01609821633153627
-0.2041171101660806
-0.14610499259894041
-0.06992010783229094
-0.20975441520812824
-0.03755196954813929
0.1853812614536075
0.11242512859177674
-0.11408245691868543
-0.12559951939029043
-0.07354097431879952
-0.26281377592381144
-0.13281992497695214
0.28111124759418393
-0.04474570738801536
-0.10541480406481368
-0.08359051141308796
-0.16392342016927045
-0.04168261301829044
0.023206844769556194
0.08229956898964264
0.0256703890339171
-0.07909853261503853
0.08200461598791203
-0.08178558962111762
0.06365391478382187
0.06968899300595952
-0.1339610224661538
0.07994735127451612
-0.1455542827825457
0.16155351727633957
0.06517558979820927
-0.0326659700580922
-0.1537830752875802
-0.1531988693163757
-0.009396454403655718
0.16214833327744618
-0.012810548236543505
0.0170130488164208
-0.020573195720038753
-0.057187554079472964
-0.24291435224899857
0.0013656807678525862
-0.34804578952892873
-0.1108682428879495
0.03374370678393123
0.24115908030658847
0.03128480739526217
0.2235131815345679
0.008034852901076115
-0.03641182775842982
-0.06829414496597636
-0.26233749351903896
-0.00117423528764612
-0.05814501538491872
0.12289948392490625
-0.07392766482593419
0.2003829879693315
-0.2532259363634092
0.02411356771633997
0.030938639792646314
-0.1453123699210933
0.034779542985796295
0.05737429821417757
0.1492802770996402
-0.10074033264858152
-0.15236246666050315
-0.15530831613698345
-0.08388142208871964
-0.07224311395774226
0.10420692140735044
0.03201329050518364
-0.2040214193708752
-0.048819915987958866
0.1312962385161109
0.04561411209388068
-0.12690965543165003
0.12016303029300703
0.26560997350047943
-0.08166677594271216
0.07162961813806082
-0.2590452432979174
-0.10107333592755993
-0.06760448640682344
-0.11774439827925737
0.09780318625019914
0.0034989740891491717
0.23653827594705806
0.10242509796474518
-0.1547585529733886
0.16730414787257852
-0.15352466882734775
0.043157281814377134
-0.16680420596493664
0.2232432258890564
0.03208847121173264
-0.09953140528984239
0.00770344520151445
-0.11192079252019285
0.051436223260631846
0.07460207209122298
-0.07507504276636183
-0.10459684424585083
-0.08703362234096962
-0.09693104952482418
-0.2659611956085195
0.10725930139821267
-0.06824215106763504
0.09217459022863016
-0.024397542601888866
-0.013613108249698557
0.014682359112661214
0.023142594675581635
-0.08676431099433964
0.1857420506178742
-0.029530342161469336
-0.07461785966521983
0.15079409797931206
-0.015756156134395502
0.03842830309355077
-0.1772132893659636
0.37860687544342214
-0.01332274062974201
0.015136679081200803
-0.15068356114089093
0.0038461213930066685
0.11997921343360002
0.20415090887682347
-0.05698272028865431
-0.09474233130643767
0.3022399365176046
0.10441964467902329
0.2208341813612462
-0.007588763770635769
-0.12103734474932194
0.20256521711040443
-0.011824852330008686
0.08784253775108011
-0.0774765465453907
0.16228558637903226
-0.11373403028719725
-0.010449802645977445
0.08680160312809156
0.10573048031650709
0.08010594755530415
0.2329722919852823
0.02633272280395481
-0.025766968600974178
0.0025116326022737506
0.014504403281704418
-0.04809249112222291
-0.0642916692929598
-0.018961384366047142
0.12079137379674146
0.15797886032581648
-0.038752543771660576
0.004850108528983836
0.0297280569200012
-0.09641851447428422
-0.06658225070592827
0.060832358054533714
0.051169721575517864
-0.13916129891942305
-0.013793871065955886
0.17696718337707296
-0.08872202270043605
0.061370875132497886
0.09262542155043449
0.177775552661008
0.2622172353501644
-0.07780343303305863
-0.1429144420743245
0.12251904807847189
-0.14864001335571794
-0.03709779182655169
0.0707114589524769
-0.053204975214269826
0.002795761548999546
-0.04987407266822508
-0.21059668600665962
-0.030871331178407846
0.06106047694277785
0.2263292313842957
0.17541470565279338
0.02982741868005756
-0.099834334482707
-0.16462356914457957
0.041341844960789104
0.04028381087094849
-0.2329244742978879
0.2732677264073654
0.06890233967146989
0.14138788948452796
0.12565803701830014
-0.16771920004222995
-0.05042929460257039
0.13279253760485138
-0.15455597937411575
0.10990360628448699
0.1563553623849598
0.19550438607576823
-0.1670990028852222
-0.05300217288997967
0.10755291846891743
-0.038822337341855216
0.037162734481594364
0.06533083740500936
0.04052116886319074
-0.022243442887293196
-0.20997774365446922
0.19356291791162505
-0.013764792955165486
-0.27750744222546747
-0.16624060495813756
0.06450249588308128
0.1925041043585282
-0.27351928349430704
-0.03680783421546598
-0.14072690754392675
0.12762841235606923
0.2313885174133467
-0.1690228279610777
-0.1464533857796817
0.211119808695492
0.04133329498413125
-0.03193225971277115
-0.0207754327338666
0.07459278347642342
-0.13460067100988338
0.23974549527040245
-0.21861679266046724
0.2656238744147822
-0.07346223390076717
0.1710374027922814
0.15722063024755617
-0.23790424536492089
0.07005343036373449
0.11226523617745261
-0.11926640270946016
0.03206914914867152
0.05953470263837136
0.030081186295758722
0.11974000403424917
-0.1634763375241242
-0.092010897741478
0.0705283464196255
0.13016518859327592
0.10259591658932116
0.097057840369166
0.01299210291355133
0.08454980719292599
0.011452332975301656
0.01622674073061272
0.07612813185265582
0.02427091973542988
0.2282831360785548
-0.09419923250683802
-0.08029665708948246
0.026842223995190265
0.043390322620729734
-0.0388541039974234
-0.013509518135374252
-0.15494575115798517
0.0018846806904212734
-0.08614918589734501
0.004224335277938283
0.0730534731580325
-0.21169214627565985
-0.016005073458555712
-0.05767661968580484
0.31245501340736126
0.21052572856715168
0.17118132424944318
-0.08198635882165108
-0.04290394337338322
-0.12770488737722138
0.10443453578110554
0.2236017008115449
0.09208507294146778
0.06487593659147739
0.09057067732170532
0.03599076464402037
-0.05755401508800877
0.03356708957226569
0.012241035004124263
0.007416150465342124
0.0515792445118158
-0.046318842304827225
-0.013387697615267353
-0.049428105090129675
0.05998812820420979
-0.04388463654868052
0.05583894164502334
-0.04942148989070777
0.0055633608868280995
-0.04338739323873672
-0.06964929253580193
-0.16378285011637636
-0.006910826967583438
0.04505659060641119
0.0533333853789216
-0.2209445014214273
0.0844162513492018
0.06247081400180031
0.0656716044921567
0.0770714247457156
0.13784756685629437
0.09100144494098687
-0.010176303721192992
-0.0739790597752279
0.14570047141524006
-0.05663383867023367
-0.19707165545028096
0.12408789967615072
0.14188878277295525
-0.03210237734181207
-0.17913577159923935
-0.16365547334562047
-0.0844796918890831
-0.030088633518232977
0.03279072545844009
0.08229818342622691
0.02224537769922619
0.03241880483947594
0.13154358520616521
-0.04617754562069764
0.018220361934643256
0.17427335901416724
0.20246369227996716
0.13837503616207772
0.0781017263624871
-0.1288569109206591
-0.2373041886338876
0.11362876501950518
-0.09438793301077852
-0.1737953460472687
-0.27222013144538365
0.057774010320957955
0.05712164589644364
-0.029050992751218266
0.10611184269919831
0.21989377500262552
-0.07954459898161613
0.12045458133605222
-0.010326861424509911
-0.06529782728518709
0.16839482907543318
0.0933443031383424
-0.024892666614437734
0.08989345744598021
-0.04913674641233901
0.037913188002852496
0.1578539212808279
-0.11938264027655779
0.001825185290055952
0.14753591389973436
-0.0022103826149202487
0.004481273688717145
0.0346383249861805
-0.010677049675307713
-0.05519260362114529
-0.14689867846519855
-0.01811691475506153
-0.06542208492780151
-0.09509647386018215
-0.025783391358217056
0.07489687962177906
-0.0883673783163823
-0.11177367227660916
0.22907267967190334
-0.16085110461530053
0.18504912324480427
-0.1910290570649188
-0.007384376784753872
0.12689687822054632
-0.07584035877754416
0.08989328673343196
-0.24931051829189912
-0.03539997345598261
-0.009696995299875773
-0.02128039260262137
-0.10789543584990535
0.09459700774391797
-0.18046561132638195
0.13146338672308988
-0.19525588164338636
0.1454231097863491
-0.06501574980567718
-0.06850321184599525
0.013911811182270173
0.28274905249791743
-0.0033203182255609883
0.21632259912075943
0.28554635742211903
0.0043541876427014145
0.2759689745221222
-0.04469201801114972
-0.015868662417262206
-0.09932785922719874
-0.10295057351250153
0.0988937297966325
-0.08126785604023183
0.043247849018086065
0.04179115042950637
0.10570152922119826
-0.08656854101136516
0.05509928674962131
-0.14855134511776735
0.13008935647547648
0.15683312023669446
-0.0692896431736793
0.08544829414657824
-0.0022738994351887212
-0.15936599634817994
0.044427033942886475
0.1151868932974775
0.0772305448423446
-0.0959652192624933
-0.19883211155212374
-0.09623418074044127
-0.07045321531303265
-0.25666368997400324
0.05241080723226175
-0.053906972234209795
0.24606471756700368
-0.0710689239398536
0.3452531168605387
-0.2530199094306059
-0.04168444844638627
0.00603391502739976
0.14206896705704272
-0.03800605017285871
0.11347162650743216
-0.014927000429128898
-0.29356319645169066
-0.19545839261995734
0.0357899883071427
-0.12225055433435085
-0.1031515969244339
-0.044682365564021394
-0.07834646049543235
-0.11055941355174848
0.3056439676256476
0.07867888403625224
-0.05334630115118558
-0.006498264527929553
0.043436033242766674
0.08974422953732276
0.010305102485680324
0.010218232930529187
0.00512226079156099
0.23046481881560907
-0.021741248999399734
-0.21593373533904625
0.10638318341097305
-0.05471040173858799
0.09922325735191899
0.06504827088722706
0.18470332448008073
-0.18189254668634497
-0.17354578362316747
0.08259606197308156
-0.12823958471789088
-0.18192155611804092
0.06994199657629346
-0.005578009938392601
0.19407332663623486
0.08412194498585043
-0.21911692059481802
0.11206263686987968
0.10905939013616725
0.1931012753722844
-0.10766349030409104
-0.08759192113274221
0.07743582347368812
0.11744495978893861
-0.009701247203609263
0.19777218901483054
-0.09709928192238293
0.035352161918959485
0.2353590767609314
-0.04958877398860688
-0.24855593594930683
-0.17170000973801947
-0.17573526664373884
-0.15247803227753096
-0.02864618330876698
-0.019688109699738682
0.05984692311425393
-0.0586963337312281
0.0798870490030012
0.027922262492064958
0.04878078292673352
-0.05653932826481834
-0.01673165202256992
0.10412089159607021
0.032251800789108984
0.1596821239956693
0.14402241981608807
0.006713579410718131
-0.00388112199995882
-0.2804266403571263
0.15380042071959113
0.006571889582383831
-0.06356617510946933
0.16696432531460534
-0.13509235678733802
-0.22817549894369413
-0.1176145343276815
-0.07122908586782911
0.047010156295519114
0.05334305008887731
0.09492365036953718
-0.09476289260609654
0.16874543148969415
0.03199457447965693
-0.03625990150471688
0.06202253411221749
-0.06267338460213656
0.1504629555025404
-0.10372172841624235
-0.07385967599803425
0.09453880122774579
0.08801197848625877
-0.18940490632472465
-0.027440668663246667
-0.154457128618079
-0.015802163624014463
-0.18825879365241166
0.08680319114834652
-0.21044769849915687
0.0008266563276924587
-0.14452681133236647
-0.06260063074759267
0.05874657391513321
0.10329080916994937
0.04963592746529822
0.1027100918608488
-0.19107480225934628
-0.09007919189742801
-0.01206854987005634
0.054308360197462366
0.08606404452857438
0.11510784705750056
-0.0867225592851645
0.13748169997720824
-0.024922147367423337
0.08580889041991077
-0.0022051621083412814
-0.01623807113350412
-0.12913487619797878
0.06590321499231694
0.03856475530330387
-0.25679879069978906
-0.07586932521876438
0.0538568818415992
-0.012015176398951789
-0.21115736605690355
0.07954763602976325
-0.02109764410639614
-0.057694280194505454
0.13197525111889602
-0.053573283387282226
0.10604996638374233
0.06218041587163554
0.06759021997965099
0.051661288084119815
-0.16645585908605845
0.1650259357112087
0.07602974505334906
-0.06295987074704673
-0.11555794675057174
0.04719478998426866
-0.21507262271804725
-0.016460236978370377
-0.18108885949908193
0.03933444259475954
0.1296333581273846
-0.03596280489734818
-0.07816567605960686
-0.001097741828204302
-0.1983380934499656
0.16108315608810683
-0.056440307974475794
-0.15790639733655293
0.04195879813325422
-0.15795131655511163
0.07228350503317085
-0.04130763548921586
0.3102532608102984
-0.17788513098219708
0.07096305450068872
0.17793974136813204
-0.024375228698392884
0.17471863667918555
-0.14212093579713356
0.15496036147476736
-0.22966715437831928
0.02285960057950462
0.17323103559304287
-0.05049173713411542
0.23933720847271137
-0.03362330626438175
0.0998775964760151
0.014594653524121455
0.16703432860914524
-0.0697946889568525
-0.209631872003911
0.05311742329692854
0.020906941899496018
-0.06170424482201911
-0.10718494243811488
0.1809419233725837
0.08802840939289523
-0.07650689004145282
-0.08037520563672873
-0.12677265358953663
-0.1581125376005141
0.30337875534065967
0.1575072862637619
-0.15064193564949643
0.15847291254770035
0.16926298172898285
-0.18660358189128323
0.1620283640377284
-0.14066766244520035
0.005726020279150671
-0.06862272761560437
0.140977167853111
0.1622902395578162
0.11044354291718969
0.005408016181452961
-0.04441853646804278
0.16614388495300708
0.0777773489926064
-0.17578212324882886
0.02819960508438911
0.025111764065971126
0.08460454892488115
0.031273907287250276
-0.02762250589360287
-0.13916443796091638
-0.20646181053555468
-0.08556310307793402
-0.09449814901850097
0.019417864518844367
0.002623352693537858
-0.215730328392867
-0.010594265682560673
-0.03645992005739206
-0.04441971301788592
0.06627146052839718
-0.10585349951210653
0.02890691785052528
-0.14575547211492193
0.17498274768615343
-0.051330778371502815
0.11990680277892422
-0.08258729945329665
-0.08588700849999871
0.040918595456637175
0.153751747943254
-0.10155588632529246
0.018451757908607678
-0.05986958331025145
0.1273757599300384
0.11314666434977823
0.04762270620683301
0.13250270230808767
0.08654495522297835
0.022690828083495727
0.02065900355356529
-0.04178986441007544
-0.24324753704359403
0.14676080543099382
0.07603561294443975
0.15357856916181897
0.25424883000086834
-0.03435807628527617
-0.07414110195558075
0.04221763531726342
-0.022760559282158126
0.06436301973703432
-0.017576112586312004
-0.00046290938971210846
0.02400624372154123
0.04208344436022445
0.0014010697478039338
-0.05419817827611354
-0.10722823167046645
-0.00897314749348593
-0.1517396500394238
0.23608800980090525
0.023984933462757894
-0.03381129408990782
-0.0191312925228045
-0.11748934877060643
-0.04392366780165877
0.1673765661768959
0.12546803719914162
-0.052288316687365506
-0.10881860166162767
-0.004351806872996293
0.037762826892198106
0.08355774482882827
-0.06310428459269184
-0.3960993063817447
-0.08896455020690391
0.1440074595755865
-0.019565590968846212
0.034604149730300494
0.05915697395964875
-0.028734161600099485
-0.026227941129775684
-0.026591712559410816
-0.020272331206270117
-0.16709705878442524
0.07892876900536494
0.014475356703636151
0.17779098218430617
-0.1761596188842645
-0.11850883157058863
0.05829388788246283
-0.21981362693198814
-0.029951640657949422
0.03532986837992797
-0.03189400690475165
-0.20960667777449843
0.053622882779188565
-0.09152781973091369
0.047202790310669256
-0.05288099904693668
-0.07181852845446235
0.1822102792181241
0.06954485479121768
-0.19588878223895095
-0.2704975034071648
-0.12033118889273954
-0.10138596117241912
-0.07094535307835637
0.17927214329921815
-0.16026612894369163
0.016008793543370703
-0.06163789987071239
0.0001458122493078053
-0.2895073926640509
-0.04780507413859833
0.20261943760618192
0.13992604603723802
-0.11899214494192754
-0.05695116909706884
-0.03683961929126964
0.04430207518895784
-0.054443185160382754
-0.07451179200572444
-0.1166969983871521
0.0003612278002944715
0.11727633346163836
0.18345293396047793
0.06367261018599699
0.049094056682821394
0.24610446085485116
-0.04577885087941665
-0.039093744207009486
-0.27118635535116375
-0.027248352078289666
0.06049054713444264
0.11031242669496236
0.03838086843558892
0.026001001526041713
-0.16941623614599505
0.0397064921572438
0.20233000651135669
-0.29480671795514385
-0.02223030628263142
0.2226237115975453
-0.0053804021060533565
0.09244593456005928
-0.08706258782228608
0.12469249895197601
-0.10474367051819952
-0.007656829620791173
-0.1830108899940729
-0.09253118864434298
0.005351269698517554
0.13641625999558943
0.14394554184413977
0.09815465075364718
-0.030520997233721883
0.08443065666215813
-0.04250927093443312
0.24457627418078134
-0.0058059338682429126
-0.20750893845350102
-0.044290156231352636
0.15926516033274257
-0.12717841048458897
0.022629280526635463
-0.08515568219790239
0.0940096703512482
0.07574857319295235
-0.15192591773682193
0.265916400021299
-0.10099886235649654
0.08610864664371282
0.06161717972118738
-0.12080230373105103
-0.013469097501080766
0.09267908260652268
-0.37561693374992106
-0.10603290781223298
0.22320386236625275
-0.07884124172985241
0.028091311305668273
-0.1070791617318479
-0.06732996093637382
0.03904732548199577
0.1712458785333554
0.25990711734417654
-0.13234538864982615
-0.000802213937270691
-0.1014594826861693
-0.19105663728637842
0.11281133160089851
-0.07557232343452915
-0.11915761536423204
-0.031555857344080035
0.08475596815730985
0.04748565712861458
0.3177295842810423
-0.1074981533659571
-0.060673916445506196
0.11493075283662807
0.015324998009057216
-0.18035551947971568
0.09929863750856414
0.042517903576526
-0.10643098206036579
0.06350016121389686
0.0870656774059828
-0.045572159521533075
-0.02657989419327127
0.006052349703311459
0.18853503565250163
-0.04688206981713364
0.041654515739132446
0.10599658556089392
-0.02288990177612296
0.11796251231184669
0.255195569233402
-0.17535227840297246
-0.26215984830260397
0.0331080349963643
-0.08328737334512579
0.008688685306906897
0.03666719961631435
-0.38571943568356876
0.14394804449347465
0.12653254328861124
0.24809820988413206
-0.11354541427164148
0.07040869936926115
0.16288232740001943
-0.03951968590751586
-0.002195152326197338
-0.0413424055673264
0.07154118090034661
0.02682016188351577
-0.12278244707125724
0.012786970016532131
-0.2135790387267587
-0.05881037920400291
0.03906570882347954
0.09403908063372905
-0.0789272645635001
-0.02983194043907716
-0.11684128240228536
-0.1889544996839578
-0.013843278792930654
-0.0447959282581873
-0.16791781531042121
0.3272776104058922
-0.13213209362509207
-0.03251032775968319
0.0699050534396871
-0.08940711680330632
-0.169503222538646
-0.15250281153695844
0.033312453242142305
-0.061663050339573824
-0.17307040229847812
0.014337231254098286
-0.1471125031982476
-0.06955883798799553
-0.1718085330337412
0.09712643961432922
-0.12433020800329102
-0.03258477133179104
0.19601800832933464
0.1352053395294982
-0.03385976994070775
0.370787509347309
-0.03000834847850524
-0.07366395636547536
0.0393065591988832
0.08717667650412643
-0.05708170928770464
0.02605799414248263
-0.09665595645411568
0.10443809334596026
0.17408018275649595
-0.22045960157725294
-0.019009193086693965
0.06488021859307773
-0.11199125350972888
0.08366480738791295
0.07076884322614525
-0.16576024189519836
-0.11757789585097904
-0.11213941279486578
-0.1915540948896886
-0.15770955026848119
0.10293994934174445
-0.1205552128155852
0.032448766940726896
0.005872007157570722
0.2718315055735121
0.21743280211212082
0.07784967594386645
-0.05235761722218668
0.2005167936909074
0.007231532496262789
0.06832077519697528
0.12907154950236616
0.11404506953185493
-0.12004258757071865
0.020781167703653732
-0.19755468362964626
0.10043453685649258
-0.10940000571134977
0.08570302819016123
-0.05756724961229212
-0.15689605181503868
0.005806584081930951
0.07111101093316119
-0.17968868386007034
-0.1539524395374174
0.017071371680388147
0.004586573117583596
-0.033023427536495675
0.07584880903627539
0.15694286763170373
0.12387236415598112
0.04482959151979496
-0.060821976914128904
0.044985050161302935
0.021618694564805585
0.09901149413290437
0.21734517447168858
0.04716216312422475
-0.04313862846624809
0.18423204114336245
0.00992409132580232
-0.06666250490065655
-0.05916859762865132
-0.09250973015934048
0.0764823552852307
-0.18345130644277985
-0.0995247167533048
0.04020810851094326
-0.05757646244656886
-0.01975324067336306
-0.10374758014892879
0.2827176640133008
-0.06365075619199506
0.06495851227735802
0.2756987826311192
0.04478289750572042
0.22156801012767813
0.15211738580316544
-0.10268771984596473
-0.004620768775529117
-0.19835190144055756
0.07327964478411336
-0.23950963716331997
-0.056376246058205154
-0.004718754759297226
-0.03616554292423899
0.0959742212154605
0.04940521444635142
-0.09374533371030634
-0.1393252451844868
0.02356461267638388
0.04573918725546399
-0.200578327288845
0.14153436659863355
0.0362218429323729
-0.22853977269434797
0.01799990271050634
-0.16973476711010732
0.032566505845691145
-0.11711507313116643
0.007231850477298262
-0.030116282533807916
0.030814917751834627
-0.06132815837880443
-0.2135063027481628
-0.01200967839251226
0.006532013420639332
-0.18627821388715027
0.06830830930507838
-0.22862234399316939
0.1506585160566218
0.012508956673911178
0.15823425020416862
0.08754138794334423
-0.08740432916641938
0.10325506329481524
-0.018159098320929396
-0.255710906592221
-0.11401864902003478
0.006129972357256399
0.21059994133208804
-0.09548036943906393
0.199531605631378
0.10116342091642881
0.1965916303892636
0.09979084850499714
-0.20819659547257696
-0.26021506683193796
-0.09081010944344559
-0.10771325264077325
-0.08057102080638434
-0.014756088646049463
-0.09346230317984228
0.013999103701748943
-0.1054518195054909
0.10436249132494607
0.16483083687363684
0.019679347218661984
0.05742663445431646
0.067038038492123
-0.012500896311885515
0.01591112136764606
-0.2410386028586572
-0.043233969417118406
-0.09170799878284584
-0.09693894784791912
0.03778137380916267
-0.03266563014870159
-0.14037828707236566
0.20577947229177201
0.017849872214641533
-0.013667215730130217
-0.06680912348824863
-0.08747857172750427
0.08550940150586309
0.12842545946436765
-0.06859680909675123
0.043097861842141094
-0.08266739434928232
-0.0359125308045699
-0.06299845871718421
-0.04664617377031522
-0.1495028552474403
0.05878399283790146
0.14577763039248579
-0.3022544935712545
-0.014472977167029565
-0.041757049120827415
-0.15293332188318234
0.06576900727326211
-0.1346357298693515
-0.26157725461888287
0.020799964171817713
-0.04668485536191952
0.06984144302786892
-0.15680872685223884
-0.1501283193205396
0.1453527074116781
0.12613191710412006
-0.06588509839800454
0.03964615135322638
0.012772334727948776
-0.13043461572203724
-0.17748652034596746
-0.1396127664730269
-0.0948555890628245
-0.1356585132708518
-0.13598783244281615
0.07178187961467458
0.0065371301415439705
-0.21560038416982716
0.07194099055208658
-0.023802354646725178
-0.008930861830050792
0.0065383830141139505
0.14797782899597653
0.07309309768893985
0.14737424270514304
0.08929544632342656
-0.04163283251511027
0.04295862040996861
0.005244823210631964
0.24856517343522408
-0.14402130859850348
0.10703283676922185
-0.023804776218256465
-0.14846403417091705
-0.038760415563300094
0.07637344599975554
-0.030390761908279586
-0.024143099187525347
-0.12552673293520986
0.03951535937362607
0.0755700849608699
0.0581112341326246
0.22369376154576798
-0.03682892646658367
0.0918313696766809
0.16555202073069333
0.06183166836323155
0.14664076526519507
-0.08337906842056371
-0.004505785852335681
0.1528850393680409
0.010721410723057576
0.012167706796059297
-0.10660080258378932
-0.06540075076949305
0.0022500648829071384
-0.09938847779363803
0.3096095198500046
-0.007156778778821265
0.021066031377513124
-0.22297343609923057
-0.12767468931873477
-0.1956155079122714
0.17874407547323945
0.3295144981349999
-0.09577675271291568
0.077713277249413
-0.05866904435906122
0.14695582885301248
0.19681063336433166
-0.07443147171506911
0.130423830786202
0.1041705907514715
-0.08261303723727152
0.08242379038811423
-0.11293809309494734
-0.05714248355969605
-0.17052204527892514
0.14671827442555269
0.05065102690843084
0.1313941769420071
-0.027079645437644174
0.21855793278470625
-0.1252433859973519
0.03844208552550969
-0.08333103734794686
0.10956708290250528
0.13094466432789795
0.07603177997923577
-0.09779806252711663
0.0775729283266451
-0.005201913529824773
0.10327230709995258
0.0572012920219297
0.07366683595737089
-0.07550784996099225
0.27597564477749015
-0.16993521107237247
-0.3493517956933453
-0.10115977114936855
-0.0755233234711405
0.13836776021636582
-0.20304250680767472
0.06496665231919908
-0.033601761822526416
0.20183900783947598
-0.11878363470845449
0.054537006998762995
-0.022253836482187487
0.33769777352098207
-0.002887645268208966
0.16428458194506498
-0.2235521630401278
0.15011578836649578
-0.0874820527872177
0.11796158174136766
-0.2133191615427801
0.21073305535182707
0.014154794049391309
0.2665516560150432
0.014891126339549771
0.27295375425152824
-0.08590284832149653
-0.025441795863323034
0.06370488712096006
-0.0715273902598941
0.0022149360097791226
0.2781728929999903
-0.1346680749852061
0.03479293543250731
-0.040995723877438855
-0.02696273611822286
-0.022932715489700398
-0.15736265803631794
-0.023195537616277344
0.043172029710486046
-0.06749642169585991
0.014475151116918404
0.1791873916740398
-0.09789603805211897
-0.018976017220584968
0.03747749943219707
0.007880442606556163
0.10319609844597016
-0.17520245393116599
-0.023958700574039832
-0.15346539345855473
-0.08507990532205852
0.02435571574259952
-0.11501663686609939
0.03624566505395911
0.010351153804135295
-0.006635451715615678
0.033744966383868515
-0.10289282724570438
0.11308045223578912
0.06817428586865705
0.019322307068100255
-0.07904668793491794
-0.15834697996240407
-0.31209388452073056
0.19322346023937967
-0.18166952114736565
0.12270078358401157
0.13136926525385076
0.023267712499075048
-0.07170835614151151
-0.18127478740094846
-0.08979863374919954
0.10678652156594962
-0.02762421635699564
0.022481186066090484
-0.30022246650254986
0.11213440183812484
-0.13530821016477562
-0.04154516750782444
0.21674928324604714
0.13940931304839496
-0.0798415453118623
0.0023420009838963597
-0.049519423497832324
0.04408183861129972
-0.050320440310446156
0.21522551111947408
-0.10279829756866861
-0.19138193176303142
0.10566322447710795
-0.03252852661523695
-0.00245078491621003
-0.03872496353711501
0.013785555078377589
-0.19989948921816852
-0.01707468896456415
-0.040349129062692744
0.16920667353324326
-0.04918744478885025
-0.03260329284146806
-0.09345777513855465
0.06943559165085558
0.14047051242795736
0.3718202922033815
0.032252912799981985
0.16085759889764362
-0.08627986611058008
0.003493122738547424
0.0515241028428783
-0.09218291019536215
-0.14067435057030225
-0.07615129311249154
-0.01947194415938747
-0.005759275526489335
0.11346094265960509
-0.0006392222918009234
-0.20815779322601957
0.24298182356921952
0.19230176739118376
0.0006760806178277058
-0.21375199472596024
-0.06637822802399838
0.06726689363771343
-0.03565538884770491
0.2095458090159388
0.11678702547448924
0.01587420361557002
0.021441225544107274
0.09209184748011072
-0.20854729573795674
-0.0032749072545104623
-0.08479924327394787
-0.2484262492167211
-0.09211890024959377
-0.1706235770237331
-0.006933620512378019
0.09071841522717469
0.05077569048720877
-0.08908761551760078
0.23915831405178883
-0.08262543762604582
0.04789146443407768
-0.007071817853108125
0.10162351547998238
0.09539932998884715
0.05954594807632855
0.12486752477264233
-0.09479733665330559
-0.03917741823729613
0.2742522005475323
0.1707491369744745
0.006653474801558829
0.06355370921128757
-0.022509829179403095
-0.17337312568673588
-0.008829215846725934
0.05931216848239941
0.20292969317308443
-0.2473814107068762
-0.07467238257852377
0.11927966356906287
0.014742164480448967
-0.02068017037522608
-0.059610190856233994
-0.06165386656342144
-0.07839248453336929
-0.12335460188314523
-0.02686449292957299
0.018981090551401122
0.04392385380309482
-0.1719283194197916
0.016294522051991528
0.07686945781465111
0.02815491176004687
-0.18948138512795998
0.21999531899908614
-0.1436356529235682
0.13562500436716296
0.010620155660737242
-0.1448564450885391
0.08059383058933835
-0.010905760542533099
0.09995060170510099
-0.09394693002539442
-0.3013117031828787
-0.03761891383031643
0.09370306708499039
-0.09521613469795284
-0.15465318952565207
-0.009293657245222534
0.036932006533414455
0.06349622799992553
-0.10882872904923137
-0.002174653076699218
0.19642238836374168
-0.44585494897426176
-0.1440896736184928
0.045161966359759
0.02585962535455936
-0.045507578339833446
0.039889358063582694
-0.10907240509553877
0.12993717718294187
-0.0664171267570655
0.13351496847664462
0.17371162565684314
-0.09713355709501585
0.20194364744751594
0.15198969695105974
-0.0419388807750827
0.08935713243414908
-0.04298928690009407
0.23476614694106726
0.021849596839786673
-0.08236132998434356
0.13122613006252112
0.11824650099458821
-0.3487600152360005
-0.06667041675497562
-0.1609141739841225
0.11507354856930421
-0.1668456983313746
-0.07477564084372579
-0.2181023606955891
0.09670224369872815
0.14114891708120628
0.019096906328590086
0.0003426738225893226
-0.18698243820262858
0.11087121543232911
0.0038550666095463447
-0.22928176802924582
0.1816911657848302
0.20638323351717713
-0.19540602111831906
0.05967320459468071
0.02855317406369848
-0.024801260638795723
0.1331179077479056
0.1769593033939072
-0.22227198318947466
0.010811394845222725
0.051353036399513774
0.0764442602502715
-0.09490881037364898
0.07014808313531824
0.10094499104498038
-0.017027281772349495
0.09897798252799019
0.02114411368685101
0.18634950056430874
-0.046470834492775094
0.22791978070812655
-0.21198467754867575
-0.0875580065921422
0.16490328027980053
-0.20520383028635714
0.1328636713363821
-0.26479185866336546
0.06837253074565958
-0.06038606295505411
-0.2606225508394254
-0.12786024938759838
0.1336533452932732
0.07455806740208533
0.03449136242557701
0.06455159300950583
-0.10111050111249673
-0.13500620431403498
-0.04398400821893513
0.1692436101774401
0.05760400359353363
-0.054918442646012276
-0.1439218992066639
-0.04605826590590133
0.017484957544388665
-0.18585749851503403
-0.020142668779454115
0.099216960417445
-0.028927652567487607
0.17774309462108054
0.13128989396486854
0.12263385457269614
0.033160690474183165
-0.08943922755912326
-0.09324383953404514
0.08090414982782658
0.027928079829575417
0.26145894116730395
-0.09195546612757001
-0.12565702342804125
0.07293761132544598
-0.024463168077972094
-0.024349066130756096
0.08722435643201795
0.07248062052570346
0.07182539971664564
-0.07213654953475086
0.06694346670013714
0.16522896647095595
-0.07642634205808091
-0.06608910221516043
0.19813018649036562
0.318815486212983
0.08368502244797196
0.0069524758470942164
-0.118034013914818
-0.10151771040184174
0.20379051281044866
-0.11059497304155498
0.06931704856961354
0.09207761136353096
0.2065976793442441
-0.040090646719204426
-0.026545916696209607
-0.04461183334687708
0.09705039039749556
-0.13009506022898235
-0.14497377068253645
-0.23583873060246313
0.015961717755487166
0.03577520607582309
0.053139218681617924
0.2149684309047631
0.23749911279168884
-0.16888633582264975
-0.022376373251965766
-0.18277625911883033
0.1293756886940495
-0.04127424394934745
0.012150397375470337
0.005743892139582181
-0.0384917891937745
-0.04764782178769616
-0.05260568406033757
-0.09518001329652262
0.07442081247277739
-0.061949321926542664
0.03819228913237971
-0.13209160971566025
-0.14791375629921968
-0.3922271925326139
-0.12026143213702842
-0.003209203366886631
-0.1532490197201456
0.0026380741084249385
0.14007305319239624
0.15363676651946015
-0.12202151660439044
-0.13499977237769278
0.034820165934156974
-0.061340094234099224
-0.23244116183070646
-0.08461876915008275
-0.19067614928362742
-0.10890340801097051
-0.07710208130672638
0.02875832332370544
0.0016229933046348
0.026186186360178137
0.00039113337927421544
-0.011896322138491615
0.12215863241975004
0.05373805989277557
-0.11892857036013663
-0.013809456224964222
0.15175156550538454
-0.03817504629743078
0.03744942341484701
0.22058951435692437
-0.10356221954135111
-0.17235947145526903
0.04264034722474594
-0.02529804411218896
-0.024758960829825438
-0.33604446438093555
0.09626028708254342
0.02654486305241371
-0.028903846236410194
-0.1238785077127284
0.05285136641621042
-0.09017670020578303
-0.04315964102559959
0.07670579946265442
-0.08816178083231944
0.15032722631881518
-0.07929008272697446
-0.07803553752590887
0.04564904284524782
0.18744985820206378
0.018087472869820036
-0.008920935121323045
-0.16394441879796745
-0.04160835989759972
-0.07380933995593755
-0.12215628654408349
0.08458667373873521
0.06842715699947297
-0.10797369213956333
0.006869315620473525
-0.06902889180735268
-0.12695426878487606
-0.252053860593459
-0.025451827078678883
-0.004506940491783518
-0.05165888689186709
-0.0741613603929014
0.12923559993229233
-0.01701402861149841
0.20010905183328595
0.17453091295598275
-0.037814718778783264
-0.015894571823087785
-0.06077592010967097
0.06821486938337802
-0.029730145850035417
0.1986902503367638
0.13459475513579625
0.0870510164034327
0.05510582140651562
0.03815525807869604
-0.22722246078628394
-0.16847583641071884
-0.033431029388855234
0.05833646889284384
0.06784443197612787
0.015098690222114243
0.05300142223461995
-0.06631694643783716
-0.1498411255718625
-0.08115851139305409
0.08400292725633926
-0.13465488516574597
-0.22042245225058654
-0.03183653774592416
-0.17161029194450722
-0.12240952400667997
-0.04422916165934045
-0.1398338826450888
0.09875752714030733
0.0923134184373951
-0.07292970006933706
-0.2689901440059093
-0.1525731781409482
-0.2800148161291982
0.11373938460769825
0.08040015214210065
0.3340323931656027
-0.09414249353110067
-0.05392275402050359
-0.052523009838927485
-0.14158789726127693
-0.1829820768946777
0.07039393695704464
-0.010782872624764375
-0.16872518293592137
0.05201225463953271
-0.08046531104694836
0.07748201083115182
0.08739956721788884
0.012670514261339567
0.019241498755091707
-0.01049207135080736
0.13763601462458552
0.18857030889201748
-0.11832910878395608
-0.03343276705343464
-0.018624090884527867
0.12799095894751522
0.06452329592786024
0.009857723557134197
-0.18359208277881148
-0.03525403985058092
-0.03296543099286415
0.007209536129098645
-0.2135927700277135
-0.046488329742613986
-0.1672529213071894
0.035434534889753636
0.3336085099279885
0.25750111680624166
-0.11690553917812814
-0.1629682633279098
-0.13419986864799655
0.346250233337088
0.1937848756098448
0.09177863159189995
0.04598195921126628
0.12647121512139736
0.031365271281189835
0.0849249612067104
-0.013960287600474035
-0.09044838956848504
-0.031034424978209588
0.09210131365656837
0.0575184725211037
-0.045582357810635944
0.03544119070834322
0.09353694752593364
0.06469102765118799
0.028419002985649446
-0.07031048085998828
-0.0770541517207652
0.024548929571261195
-0.12716564735841376
0.05204528620032084
-0.007994493023479383
-0.19099246167724013
0.34449755591925
0.04536539049634003
0.053796364950819194
-0.028508621463390574
0.2249943999205493
0.24606740300108834
-0.0294338396380627
0.19761639347459803
-0.004934879929528472
0.04066454700050911
0.14844396033672977
-0.07473575271003971
0.005009023031484884
-0.3205020150977632
-0.01171072544895854
0.27233379428064125
0.03386241875345984
-0.02882721254928055
0.03766746082396884
0.20570691987752102
0.025067209426110976
0.018112431782533446
0.1845883834861377
-0.24011884131953126
0.03154998944867505
0.07764330953557201
-0.07111844427129163
-0.12667546013812447
0.11527503853319114
0.0237931238844878
-0.02259327386379485
-0.19954609455614764
-0.07612797590517593
-0.028351737601278428
-0.21576646489054857
-0.03214927457101526
-0.052812218610292755
0.03825219395405953
0.056353181635608256
-0.0678835845083474
0.13086289278863011
-0.06066931745416051
-0.10745240707037364
-0.0030650113680335046
0.028698820013376113
-0.02568646356068803
0.0035895925560380858
0.030107271806373785
0.09379257419575357
0.004664159820878091
0.06305783278974314
0.2014671980422209
-0.01636746152571026
-0.14888493736367148
-0.05306394848259562
0.1537880569122411
0.15645131996883108
-0.0914931837802623
0.19476781174337648
0.05210664947617056
-0.1619034956033096
-0.12613314873689965
0.10258931709862795
0.24486012767275034
-0.09216612949685278
-0.06042025760695708
0.032171512968059555
0.1291001195420854
0.12282552888128044
-0.0020275262539315797
-0.013439428906529442
0.03116525406742432
0.025932372729388444
-0.05567448199044097
0.17539333763592602
0.051032008666472915
-0.2974076150553967
-0.07610494675964904
-0.013603101955397101
0.1031242562763311
-0.05022381737453203
-0.022211867185021213
-0.1805988505415245
-0.04492108784945559
0.09690795267901389
0.05923687383770569
0.19217085510314388
0.038861209731232006
-0.003868240124249018
0.1489817456043333
-0.011900499561720696
0.12213369467010832
0.03088546668021028
0.315924102632023
0.09200297162926095
-0.10459212208011222
0.13889400934226298
-0.09111378203226653
-0.1320000475803724
-0.07596234979009543
-0.06406291991494213
-0.0815236804618648
-0.011503231518477756
-0.10985546944993654
0.015319728742792412
0.08819156267640042
0.017414428723253845
-0.05221436316945206
-0.3338616537160732
-0.10444306218558126
-0.10588112289556628
0.09030207455223557
-0.04461082940135546
-0.17614594041965118
-0.31109838033497866
-0.014766406786775627
-0.03654516744453562
0.0023047680597890583
-0.0815624803837471
0.10067193564502612
0.1846268667436306
0.17033026435139603
0.2510557283811363
0.12909866569201253
-0.06543983838532633
-0.20479455668152233
-0.11379237486308522
-0.047053544750423885
-0.08752457803727977
-0.02698504411088207
-0.05745997313693672
-0.2211036315566334
-0.2729852695124943
-0.019955654992803575
-0.17517448111443318
0.034227891105156075
-0.053593992897877696
0.1498669253831312
0.0005662215539482645
0.12805518884158051
0.21882299031164304
0.08476086531749209
-0.05657451689809735
-0.051498606770001475
-0.14655255868170358
-0.09287685425883788
-0.2946239563953514
0.24745498301076918
0.05913155648833851
0.0866721163212534
-0.060640940661244265
-0.06310925760042632
-0.04123674678529734
-0.1384190535213869
-0.17139295124317885
0.18750122650945714
-0.12931053599933692
0.02491314984753211
-0.010656163339027705
0.0605664145585665
-0.08956881735709309
0.09135721106612583
-0.22850218291796834
-0.12710598900879982
-0.04254022241391721
0.02176080104187353
0.01715339223468768
0.009493349084638138
-0.040834387254869056
-0.024004993055506678
0.12768710439442962
-0.211650601477559
-0.03018121724257771
0.013935102276983212
-0.052943532965891486
0.06256863866809347
0.08743159673395846
-0.08120691107228156
-0.007080267252783649
-0.16246791649520534
-0.12000039169120572
-0.06305892952799329
-0.05393490485870927
-0.013193390996405452
0.20236812016388847
-0.003525416006630446
0.042453692158367154
-0.07938699780149469
0.016823103621577396
0.07331041405238273
0.16178941715102596
0.1029609059798973
-0.03533192935075309
-0.20265364975756195
-0.04039869485010881
-0.004761998024400845
0.06883054749344063
-0.1313085791199824
-0.14763051828903828
0.11186664662813386
0.0075538127322648365
-0.07588370190970116
0.16714098843555544
0.2071867564512205
-0.12355937084157162
-0.2644548109046232
0.29187334772097834
0.06123445919073129
0.052409981930430276
-0.049393698619919754
0.011013875404790985
0.2529944998195311
-0.056601598306330415
-0.11725138836157405
0.11883788066335446
-0.18649291427068648
0.1839972407550326
-0.0051579819502521685
-0.12625388822140013
0.12825432569476097
0.1757335472938689
0.07982857200516096
0.10499636714094314
0.029132469901142145
0.1008693584645665
0.13161607616910279
0.13527566690589218
-0.20861527199037228
0.04932320990256445
0.06897427909195075
0.055707184042347056
-0.0202539532819212
0.1673566770480152
-0.12274484139528287
-0.06605448559454288
-0.0686496242460055
0.3472862441859329
-0.17105084691537648
-0.050106902143602326
-0.20475348558579837
-0.027097633014163295
-0.07217749306085555
-0.06660061235083661
0.1552763892203672
0.15146574455004974
-0.1376605426642258
0.11398673421733183
0.04671946132751239
-0.08017507220348939
0.02670668696834509
0.06453427542328766
-0.16410993226863346
-0.2943212632098857
0.080286193757138
0.019824348366378634
-0.02179542020643964
0.043264023233568934
-0.01902518742280457
0.12186444670045968
0.2447802553365232
-0.10096933429734861
0.12168384637883907
0.054592342089023374
-0.11123782621424054
0.02208565974234663
-0.11721991320616408
0.10238605992782832
0.004942559249474482
0.01186353604574179
0.0339753656640273
0.05101026759322093
0.27281356036226884
-0.1506706044433554
-0.15188283253901316
0.2082286588590115
0.038212139460931535
0.126497251980496
0.2178065361650969
-0.16068707172711613
-0.04786557508912651
-0.2021186858582987
-0.16973353903990698
-0.17569325179658077
0.016889500895733583
0.03140487230258748
0.04304793336183394
-0.013737085829776636
0.3492970036710495
-0.1359422800476274
-0.06732768148674059
0.18200446959853633
0.044617814456975664
-0.02997880847568774
0.04176413247745043
0.12894765890400375
0.07720053394729944
0.08028319211343428
-0.07761294877122421
0.11251724971544162
-0.14272991924425013
-0.005092843572848886
0.07788333478006043
-0.057135555558315
-0.2048467127897408
0.001631343465414441
-0.11252524943732159
-0.13755208158974727
-0.1463864574244297
-0.12292123796918723
-0.13731520674405287
0.23910211879584892
0.14068436112494614
-0.025198726838765582
0.0462065142978759
0.173717292349989
-0.11715088861372272
-0.08547054843852317
-0.0005486466588574307
-0.194857972846014
-0.2676640267347895
0.13515261906915255
-0.13873797268332622
0.14502727235413843
0.14729179388698277
-0.030926957657594966
-0.04774733680055696
-0.015162350017984527
0.0033261450807928546
0.23119510371729615
-0.14346030801218623
0.1792302622852698
-0.08352992359660026
0.10124384589112921
-0.05079929251494092
0.08523433027280047
-0.1723615575125578
-0.2526815758158969
-0.006917261681601727
-0.07806733416173271
0.09114521313840011
-0.13823587296034123
0.1219960319195229
-0.006544066683457913
0.1156075059614534
0.11944918511602916
-0.1395556153323707
0.061281445733008366
-0.18634341588986028
0.3062291918565487
0.010295176707384123
0.061498464871562714
0.13498516495648702
-0.10934566752109343
-0.006410485781339032
-0.08149560337529758
0.13583098485513373
0.13516238014655535
-0.01000577356409347
0.10887235869519155
-0.1330765648819131
0.028695856091623284
0.3663433731460244
0.0638947403654846
-0.10746269401609487
0.012465592246298802
0.16211368808296722
-0.1489171683288924
0.14521760850496324
-0.11117160158701339
-0.007555631808772899
-0.2531445671912674
0.07771944408962492
0.08088248344772403
-0.3516703013589955
0.06685981756923426
-0.06892671829614021
0.13239762554096354
0.07060196969693425
0.05653849497666793
-0.16955719572157835
0.009197871543167303
0.07895091768891059
-0.0041234083453658855
0.09334534178973955
-0.3124648696631094
-0.00012740203062705112
0.22586144835765798
0.25548264000355136
-0.10578940075344849
-0.044198477674547126
-0.0720185205084093
-0.09780202605223448
-0.21672118843225327
0.25299332740738656
0.03726333319812442
-0.02099688876098349
-0.13310923526730578
-0.04435002830272045
0.1670898013691479
-0.011695773513586718
-0.06212119715403139
0.13912925023775968
0.3559893445320978
0.31586020398007536
0.062238135830782436
-0.13369293753801514
0.17407607158926594
0.11348701749353511
0.15939270084837037
0.18951564337025567
-0.11153561480588689
-0.12754840568000064
-0.017327392013268803
0.07777416304272301
-0.012905892672517212
0.0514983740134816
-0.10137240722617359
0.1023284956238859
0.15453616523823338
0.07405541494918831
0.008092087489041042
0.37204598996451765
0.03054455999039179
-0.0816967804046632
0.012638576718866416
-0.15567517143120835
-0.20757470640613157
-0.054816582579930544
-0.02990220322028441
0.07949988881721119
-0.08034177760286827
-0.09467544830138477
-0.19261777966292162
-0.18722455833435492
0.0014160471208804126
-0.09184256086403965
0.14639384933853655
0.1366581823259847
-0.08957317322499153
-0.10315354510435713
-0.08100578724449373
-0.0833789207142738
-0.10379840321804366
0.11037992764777296
0.0352190665974044
0.019549330605828665
-0.05097691106533124
0.05498081141112242
0.03954883905773473
0.098089474489209
0.09521630321266378
-0.1756563895150201
-0.09706880192202873
-0.004321139808748885
-0.066037796088107
-0.043044129422207145
-0.07598028411594418
-0.03496456869889928
-0.1568325706391305
0.08855321916226357
0.024718269961602608
-0.062024939259445404
-0.010641413903116733
-0.0541522680059482
-0.04907076260695157
0.04201113166888427
-0.03833585147729101
-0.1583006054899289
-0.09208448320037566
-0.07240399093406008
-0.042469292092383065
-0.007593232140339878
-0.011803747415882058
0.1686392451385292
0.012673858247994383
0.15215569043031985
0.04480313151047732
-0.24381875428812713
-0.0482140601857504
-0.014735106207232566
0.02861554719807667
-0.12330280244170012
-0.14427603225648486
-0.16644557262568532
0.2586767064357789
-0.02475109960159096
0.1413777129756378
0.04280437040486189
-0.1767076208975523
-0.0647065400082102
-0.16800150679921924
-0.03846849157305769
0.07973011521787896
-0.06049159079302655
-0.13457181388543107
0.00957067106107108
0.03782617610929626
-0.08940034158869722
0.11194138092335508
-0.17371108290120327
0.06297325068844496
0.15277666128887535
-0.12139718153256186
0.057484383571966585
-0.0019503769859289556
-0.11536007425317106
0.024447338095410952
-0.0015575043546939764
-0.10837509246456947
0.06281392330320314
-0.1143104229457621
0.1467510524800644
-0.255978318352356
0.26636740302374
0.004111658474241551
0.34047559889576523
-0.05238829170352601
-0.29579733096192984
0.07890687295107714
0.2008606634735841
0.08687442017046462
0.06420748044252585
-0.05491085550271887
-0.07267727766566891
0.2781117837525558
-0.1911863979137034
0.1089755297630465
0.08030445816599287
0.13745515068558864
0.03342099077555926
0.2724870674412951
0.23675671040930385
0.06980466227400567
0.17363169418330623
-0.1904274329477984
-0.06207789856959556
0.26838403909141206
0.15736289711596732
0.14855577644097176
-0.21036901550624046
0.09112627359842408
-0.17395762706749274
0.09154511695937995
-0.12279164951218983
-0.06838489452828608
0.13059739562646752
-0.09642074640505734
0.027202078295662874
-0.10442624924728841
0.0991190187402413
-0.07868181644969989
0.28835850405035696
-0.23970805245481647
0.20218178261574235
0.08967823141580893
0.08464253028031096
-0.0896506885713444
-0.10258482603320869
0.18019756267856443
0.31811881462291514
-0.1658532731389614
0.0556192884158758
-0.13222248794447217
0.1782854686074556
0.030002802956087312
-0.11216916837786016
0.04605406180157414
-0.10614759022849465
0.02175093006284623
-0.3031747950020363
0.17573973487589242
-0.07732141709004242
-0.21181601668982433
-0.043775491802202755
-0.12714682150824197
0.10876883519477466
0.2111836558960315
-0.22670553574703725
-0.1366399529503846
-0.1482539586356762
-0.03754428859040727
0.024935859429092447
-0.00980806156144968
-0.2080295422323295
-0.20963779437952118
0.15092392813096026
0.08728413073264159
0.1546688810036284
0.25679284354168347
0.12314026920611283
-0.04118957016091885
0.18318760114071
-0.04678047909140437
0.06284992921179279
-0.08878567575870942
0.225354198822083
0.17810323408669126
0.04962495268652022
-0.2669796908205698
-0.1463858980667346
-0.021706690820676403
0.007971758201525599
-0.010031683645885357
-0.19147124830708498
-0.029849356209430692
-0.08794451582196658
0.004219079352389198
0.06359491013773506
0.19248409402475558
-0.008310193890659968
0.009793972655529481
-0.07274514560445614
0.28244535095234097
0.08985484564476068
-0.04568492161454837
0.09329067538267125
0.07273956909318668
0.10852373847782149
0.20745442002439377
-0.3501990349923716
0.0750323073822464
0.1290116035140903
0.03761268326116515
0.023908682253303934
0.02590546718469539
-0.035571693160575686
0.017734480676048547
0.05322526255431646
-0.03959438056944199
-0.03347541280461523
-0.1282350068821216
0.24167945318052383
0.020500684922490228
-0.011683246401102857
-0.10523289849481038
0.11284281204092511
-0.007478811079087836
-0.04202521398560509
0.05549685421327838
-0.09538261701801566
0.01661718146767826
0.08514098460422044
-0.06810700928157723
0.029918210510176953
-0.0038223415178498567
0.12267309005330568
0.06209962856732544
-0.12000783854726907
0.014174692812321196
-0.23752219030718175
0.12675675331289718
0.035915619461842886
-0.040248805686391935
0.009004411713241187
0.05611941370687312
0.20780249703680048
-0.028905566749433183
0.029299098156396787
-0.2267202002869248
0.03395062402348033
-0.03412310325075434
0.07327234148249545
0.14967497938759336
0.15551375798545258
-0.10334116549600264
-0.12141889659867995
-0.03877543388728329
-0.03827183557303633
-0.2846464055506264
0.16761164227447295
-0.1332447295192064
0.044433050870033804
-0.03325994608309297
-0.09302302053671153
-0.012713623441401643
-0.003970171808211094
-0.1332733870446936
-0.09522896122728551
-0.028373132848954038
-0.1579763629403682
0.06606470302197615
0.13182525875172865
-0.06431461380793584
0.043396182400575016
0.15757278889994
-0.07788095477940567
-0.0916139690127193
-0.260713277430452
-0.053398615235220874
-0.09879851856480153
-0.011135744008429586
-0.04422286207589691
-0.02551980176217436
0.04038007333998924
0.1377819016135318
0.1745357750757068
-0.08493292703831065
0.10717901587487003
-0.15528812637260286
0.12754867659745667
0.007499745785618436
0.003805467376293067
0.07200324349832181
-0.14829963670841206
0.03266354184669481
0.11494100973084687
0.03189173752212414
-0.1830103144477007
0.042867278138115486
0.06970746948919214
-0.16662310628534296
-0.059410253644713404
0.16807984144841323
-0.12309896328918724
0.2868356421074496
0.04070435846863932
-0.018981918612567917
0.05908357450927981
-0.01991403037382858
0.0548997973946295
-0.21532681512915386
0.07626827883809284
-0.05863738443990896
-0.00675114910538159
0.2326025086847634
-0.11752467949070677
-0.0023955643397206815
0.11651927139985084
-0.00182977777861524
-0.374286124343996
0.056999604182208646
-0.14320093288123187
0.10461989830556773
-0.013884227261743353
-0.12227477882106692
0.08245308621879582
0.018435346796516185
0.03644008077456762
-0.04886841948287209
0.22465096191171666
-0.11134709226006648
-0.19483034792169882
-0.044446500971594506
0.0016444153309810524
-0.143825187984207
0.2668136283996536
0.047243899064783254
-0.07627971031902737
-0.3057892168830106
0.04513194748317457
0.22653978349774173
0.2195913860087282
0.03112690432237867
-0.06943696152873023
-0.005229051951874147
-0.25782174881520065
-0.17505074572571513
-0.009277537459445625
0.010145085602724152
-0.2036324170435476
0.10684279871365118
0.01673428982151201
0.10793017723883437
0.215751190806035
-0.06104240275257292
-0.001963052691104635
0.078624130584953
0.06075016883332856
-0.02866425179514813
-0.031039287884629382
-0.05066503750702828
-0.00797316951552977
-0.14597694104151698
-0.23079966028915652
-0.26631557137768863
0.010951469974634325
0.035160161156811906
-0.18062717636638267
0.05323821193774357
-0.008148003705687145
0.07719307831005055
0.059488358200126476
-0.09267782805161609
0.05271225450695638
-0.0837152124671862
-0.0530353043133185
0.14390800283930757
-0.1748201070760215
0.11905984471284081
0.10179184602280546
0.0294651789355235
0.01313343057301075
0.062267447890465726
-0.12623832643800012
-0.036579532117280725
-0.10654895127627138
0.06833273998225561
-0.11504120714987127
-0.28810475663910734
0.10301159580172821
-0.1098089680898486
0.16477388842483817
0.19511614389219264
-0.049997249598410065
-0.058262061013885126
0.05972894237016348
0.1211686285912239
0.10731938536585547
-0.001511669656276701
0.08058213605201818
0.07643536768631733
-0.1238184741129681
-0.11320555894515921
-0.1426520658599959
-0.1118311680591987
0.1805851763469456
0.05511544563082595
0.03427146621572367
-0.2360611915908287
-0.037008042988500474
0.19950203564182944
-0.15876545229671654
0.17881806122811467
0.18482363831432774
0.05159801070576926
0.1581538867757033
0.08388745943853185
0.25773643691889786
-0.05563017078292461
-0.04104545072253583
0.11423205530858493
0.06412151960719138
-0.0567851483821467
0.0851089132795169
0.1822045011757172
0.07012378339542039
0.03174947550086297
-0.132805609213656
-0.33260350664554306
0.1087882568772684
-0.04384732482960179
0.13734968178720247
0.042744985455347766
-0.047724756077291174
0.021987684399759774
0.022798748519229802
-0.07341086055620771
-0.05866655112664141
-0.024971942669215607
0.10170588389429965
0.05513630875079906
-0.04426340625793997
-0.09596569019426128
0.03500614487984157
0.026693520453712063
-0.012381249410908608
-0.019117298844515657
0.2302997417755268
-0.020899698059729955
-0.03298800111909381
0.18529450390965332
-0.28731499564391816
-0.08833310966349578
0.09974660591809327
-0.002847006305071743
-0.04816735121407677
-0.08547158984354453
-0.015936863444028122
0.05005355958177117
-0.040556000661088415
-0.35372594005994196
0.11872410896613787
0.16347217048082283
-0.17350995277665623
-0.24542979380691513
-0.007273565989120064
-0.215835516610107
-0.019856065755309404
-0.087291988619275
0.042044103354679334
-0.047816624671505936
-0.09163450603916416
0.01631700692492794
0.02417773814835503
0.06423953580190499
0.006350310109416343
-0.09846728223412284
-0.23156276104975088
0.034965305196242386
-0.05063083748878351
-0.08091563001115144
0.058172755727300705
-0.058741738283782034
-0.1828787523018232
-0.16255052166159775
0.05588390242221574
-0.03187512412957276
0.02614514333035274
-0.01989615287992346
0.14071038900695565
0.012894806745420819
0.06542047405778302
-0.09491227057633161
-0.12139340857106874
-0.10627881596720161
0.03763006031673437
0.07130586672870878
-0.014186218611102475
-0.07138968551061631
-0.056828790089999325
0.16615275114618136
-0.12359904463454235
-0.20702790073544836
0.32205840944770964
0.12280447270056119
0.10406445161759867
-0.11312641238865932
-0.031594299446361565
-0.010056751965669535
-8.363903872998423E-05
-0.12917582590733628
-0.0046463703082937355
-0.14874136514964184
-0.194779646184771
-0.21585750538631832
-0.03030973113646591
-0.1116499574710457
0.004729495652876414
0.20541716518835956
0.20192637496455726
0.012183938788826816
0.11540974732540414
0.10748172119940402
-0.2655069158379714
0.1148741561747771
0.11995523318288927
-0.09533292626778712
0.04058668036321516
-0.2538254998948066
-0.26734381324099854
0.03177967897199446
-0.13781898722215197
0.16392047922684544
0.04967498702747156
-0.09482596375103931
-0.11756241828882241
0.11400001851395868
0.009515725392871283
0.0837141063624797
-0.013487936682147655
0.10495977250342058
-0.10296581638139289
0.05901420104755305
-0.04664206855221061
-0.0050813447279076445
0.016287113722015086
0.1427891230303978
-0.005998832450024483
0.0628988512550259
-0.07081705556744193
0.045360811135774955
-0.03805695363923617
0.02461608949120475
0.29643474112819956
-0.11107754822576511
-0.041874748084657416
0.20423336850095883
0.16407308564720327
-0.12092243897517342
-0.22088586442621175
-0.30562513844814426
-0.14618248468486453
-0.10203180884347818
0.045549216707513746
0.09949314109838472
-0.20750786382928113
-0.012433022899001252
0.017924383570712608
-0.28696912885046794
-0.16126804667103758
0.028355533159826068
-0.23734878800826192
-0.08078212957640094
-0.1091802070095289
0.13950914556624086
-0.11367555368386899
0.008736954288681988
0.16837774122787247
0.05848801053236758
0.16783008129723156
-0.1500674560952025
-0.11616800572487286
0.05363600228025171
-0.024372823209916742
0.21840480331314718
-0.17639908936765974
0.062437788937569697
-0.11442463161332767
0.10592454891869131
0.19380590336352985
0.1324654489484933
0.2832851764610819
0.06621708721255072
-0.034536185634594437
0.10184684290329853
0.14923555654690024
0.246996117261427
0.07170111010163085
0.06656113292131999
0.12393487777285038
0.17089534976768403
0.2512517629125473
-0.14770372074839402
0.12040855697403685
-0.13839743293365714
-0.12588052783206122
-0.2618487908411845
-0.0610981951822114
0.04721766844708083
0.2578762088304527
0.06479168009033177
-0.16961017103258405
-0.0002742689643313859
0.011909053466257756
0.10088190723777767
-0.08761487925184151
0.12276176623953271
0.12358649906204143
0.04551429453926915
0.04552079856605514
0.03284288461989469
0.04748695119043806
0.1803003012745305
0.10261267463082564
0.011027477393923051
-0.14892616882627716
0.1520060752895851
0.0534236017016678
-0.002480282694307464
-0.2616021460434338
0.17114842049011503
-0.13835375531892205
-0.06701115108797863
-0.04358915087378029
0.24738498683806046
-0.1485497846941189
-0.086079074822143
0.036767986809069335
0.06495550717821118
0.023266886845579916
0.05031578547039216
0.017730198484830366
-0.21143981541244639
0.15070346722845188
0.17947816545347864
0.18929143414329577
-0.08258441094525266
0.04101153304406142
0.037040497488674405
0.010237930214268649
-0.4161954460921683
-0.11731089327169746
-0.12970347382434697
-0.06620916635074559
0.053526717293896055
0.021752567550197725
-0.347993618842083
0.050738160715111655
0.06426024937758108
0.1185874805915549
-0.08802950421887024
-0.3574560521859026
0.06112177629046463
0.14433109472894048
-0.14045661860520242
0.07837663304640961
-0.09414830556497332
-0.10106827557936174
-0.04783584042706292
0.08802530221462596
-0.08087090869262012
0.10717418090845615
-0.1976497285248417
-0.10443762313026027
-0.01430677061509689
-0.06410290344566066
-0.03622084964264051
0.2512362037644378
-0.19030079638513217
-0.021442291244714883
0.07738782251240475
-0.11766105028624238
-0.020404200325094133
0.05019454520719584
0.11268516250865147
-0.12214175750386046
-0.12466447511284309
0.055117268819751444
-0.11057816755820939
-0.01814411072886855
0.023954072716968842
0.23058203058481616
0.15273054455820917
-0.1341405247105214
0.21641457130837835
0.04146633001619389
-0.07187587179888554
-0.2278701434972688
0.1293896122331221
-0.1517948590311875
0.10549672746213487
0.12479508235556672
-0.15464924113945042
0.023379792768007834
-0.01762612354678249
-0.025094929632351468
-0.04835993470804665
-0.007844191989829451
-0.14576468889413594
0.08138780514587086
-0.06839850078205614
0.07945794240826304
-0.010521786329755846
-0.022576939785543208
-0.15168695501656881
0.12041028589528532
0.24671163249304254
-0.15116995550783005
-0.014186287951869684
-0.16905708886635698
-0.01813437780339867
0.078749552279756
0.0916253367720233
-0.028039714726269326
-0.12260932736495045
-0.06096522517433232
-0.2273701344862725
0.14116128202637152
0.023558386005071794
-0.03354464004761321
0.16543623623923853
-0.12156395104825996
0.07262072868350829
0.01064164559539643
0.04156136304686027
-0.363220686300677
0.0377131786549587
-0.05642806381529173
-0.10695485841952795
-0.05486462269931182
0.06606270229259012
0.0052546410707738625
-0.19874932738750895
0.08857692522560222
0.3034376362365031
-0.0240491258841856
-0.05974192153741526
-0.03952827326721359
-0.15036449313130987
0.024877988122240773
0.05365492879118197
0.04842961154621709
0.09750561940664557
-0.050036877224061166
-0.0648405399582308
0.19144418407790187
0.05487021822768972
-0.12414590993778976
0.24263590386393677
0.09826505827168236
-0.11596457651827459
-0.12234489582410261
-0.05624146990822587
-0.1439618893649576
0.08177370120196382
-0.05872026284816219
-0.06536367065628976
-0.21881837084773034
0.0011235187297405638
0.017255128177911597
-0.015186839615302407
-0.1153530404226988
0.15657839742335183
0.22241128660064693
-0.07620019156747654
0.10248924192138754
0.07026738545197367
0.15170109160500805
0.19961563618209083
-0.08252869187735411
-0.016319324342710016
0.0663461080956394
0.0007587623252246001
0.1257982603169205
-0.1772291629241461
-0.1124154641345282
0.1892438984146264
-0.11367972129044258
0.06148603643846006
0.07570782498969368
0.04864924795044679
-0.2274431178111089
0.050315759122743046
-0.04250719222126197
0.01705570036882344
-0.025545470923820337
0.013739123716042887
0.16163202034472962
0.008296682679167281
-0.10429475689830102
-0.005914639635622287
-0.0010554707545223688
0.21603829327402363
0.015463052315155058
0.23116704708811828
-0.044637169976524414
-0.09441671906337257
0.09972800342584015
0.016004593810180236
-0.101638849292049
0.09618396189531894
-0.01613587926603658
-0.08847683920768987
-0.09334336266424202
0.12154740560408163
0.07714944383103445
0.06196487337713392
-0.01410283448865602
-0.327965615307231
0.1395595841311834
0.09174781446963196
0.027005295502279262
-0.10646426983194576
0.016186183714233346
-0.16874802810333683
-0.2546048186076587
0.21442795785113294
0.06377425915388413
0.11326402928632584
-0.04697866809100061
-0.08522582649445892
-0.11559235337921571
0.24870578522030312
-0.06466124013676933
0.14129182106389362
0.024882449531850207
-0.14524129860600962
0.16784974159163832
0.04367474459789971
0.29565918069548214
-0.0150255807812411
-0.1350276137750548
0.059458545875518944
0.1077811050505937
0.0877411455924333
-0.037481871819636185
-0.032993556260518045
-0.03212235282687931
0.1215757095783159
-0.06575546320407004
0.12091911190562157
-0.055874775010610854
-0.0749718778438857
0.05970481316304478
0.16629876551195108
0.19916758198437196
0.08412140555862493
0.13741965530564573
0.009671906296403066
-0.009049242417217199
-0.06432211173584831
-0.17757966435477976
0.03494275956559927
-0.021130967985115306
-0.038214180961382085
-0.10036089657817969
0.27980648601519537
0.13141501649772885
0.11402483496066414
-0.15280010293149013
0.0893477026808194
-0.07142181081363369
-0.051352091040517314
0.21145605824808447
0.11859245643389593
0.04796879741636363
-0.10789814398150888
0.041245740914788824
0.09891131495469849
-0.060993784689895025
-0.02348359850997712
0.11574697789471444
0.000961878378405296
-0.015775120737564274
-0.026055722554379206
-0.13785209938623286
0.03918323410134615
0.029924924983449144
0.19996508718941108
0.1794381994998666
-0.1347114489146282
0.05878592744894615
0.14545005492635865
0.1461251865734325
0.05520430298807494
0.034506656012351054
0.13747520304072894
-0.0193361356577058
-0.1013700975698453
-0.0013827985023510236
-0.019736096441505313
-0.1184468393432193
0.09158576268559751
0.08950863244726448
-0.09186632958409441
0.10659568815149863
0.1640774164977676
-0.011670708674541478
-0.06943201440849325
0.10365779200370119
0.13887875741539116
0.2310543417618881
-0.2212990359820327
-0.0878802655764515
-0.038703230899417726
0.25359249955320323
-0.04744915533583852
-0.06631924801751572
-0.004922094667757414
0.09775349455895271
0.18118645555655247
-0.15496127834325757
0.018206435863054236
0.13375679287907125
0.12536673114157643
-0.1296669004397921
0.058492230231406
0.08289356970917822
0.2776690018129262
-0.025117750195278742
-0.21470773288241007
-0.12526097732695018
0.10117516967277745
-0.024769994549428187
0.06476425156436134
-0.11415433993397076
0.031318083702341945
0.061210563490966166
0.09665242174642487
0.08675349206285889
-0.029428806808950544
-0.12007180020533986
0.126423795689587
0.11803607765680463
0.03759756759525972
-0.2610555117412575
-0.0540702570682336
0.14252219252488912
0.2609982292036196
-0.17464937340337525
-0.06675987089915109
-0.09958632345978244
-0.15854219069056985
-0.06907512597026896
0.08374392558057407
-0.25422722805350917
0.010010287961235417
-0.0746327316922193
-0.06526532729920706
-0.013621587977150951
0.009186648921276271
0.21688374206780162
-0.10157675816535547
-0.021330865312662317
0.02496215543231645
0.12272755680066985
0.1068860958448446
-0.025833913447837285
-0.02651698942019211
0.03254085467850928
0.1198576298964059
0.02088732328111273
0.07070332566147874
-0.1824238213107413
-0.278374354338115
0.15590952166532882
0.10842326644458941
0.25889111718913277
-0.02075238678239156
0.007416465749069998
-0.15015184920238217
-0.008669838514581507
-0.1463909300030295
-0.1390783880993952
-0.06557238235590235
-0.006516936935355547
0.14790916712647487
-0.1330187945680871
-0.10621032630777642
-0.07307402714034146
0.20403190829421836
-0.07815509051709615
-0.04018830276343892
-0.007905001676848862
0.019995221654944908
-0.0026772223703054863
0.031377329021848345
-0.14161444217199354
0.05600953002504251
0.10668715010270462
0.17694867610988957
0.08170952333394478
0.13441070147576853
-0.11239974061405887
0.06373822818928843
-0.26834019951567123
-0.21494715315982305
0.06536219436528748
0.11475613506470138
0.02068084586811797
0.05697679989258948
0.06809854895906828
-0.09496619324502907
0.1694138689227912
-0.14815867337785438
0.0965679024351393
-0.2172045807087582
-0.2270714597337835
0.02579282240777528
-0.14570377422909309
-0.03536726089812026
0.06849953025641929
0.05170393652702344
0.20213652012329417
0.03581462115654959
0.12107071155843135
0.05068710935217551
0.07721371199621037
0.12594965902881283
-0.28421963662637945
-0.19389017862850233
-0.04473592258862152
0.005448071587861804
0.03337712715552424
0.35811579888665834
-0.12548559031021184
-0.11861393145685355
0.18301569355891764
-0.08405150270551295
-0.08516879880085135
0.04358625218230756
0.09175871635084841
-0.07203955796233562
-0.26833920337187206
-0.12220267223001335
-0.38370775199739054
-0.08038162216999425
-0.24912204460751222
0.1083302032863548
-0.12434795598586998
0.3109234204040623
-0.14375003059639388
-0.13261033381003012
0.009027073939096835
-0.215693764360565
0.004702353908426599
0.21528811687633503
-0.2294602894095379
-0.050709591603371004
0.17071556378488123
-0.20707644885471296
0.1637338871463914
0.0011611387584978712
-0.13800682359253347
-0.10588149289148444
-0.2528365081273343
-0.23007424726040687
-0.06647987112664633
0.03142463911725693
0.11069781535109276
0.13525932610599653
-0.13779995464463698
0.007508052752760028
0.030961479080405144
0.18440097034651437
-0.05193436178789201
-0.0027932140105303817
-0.028601934313610845
0.06485334926676939
-0.09661556467416582
-0.009113468221738905
-0.1192069708968408
-0.019276277166138764
0.06339989895197867
0.06401941314545487
-0.2613140263290048
0.02006939101642869
0.21866346649397042
-0.03541317085412662
0.22224394806402983
0.058543996596633736
-0.18145452385916355
-0.10502064564582338
-0.07980782489688232
-0.07421549861714989
-0.20140144380625863
-0.005843275008590183
0.0036978810910783884
-0.1550611642634374
-0.07388430966264388
-0.26107616197640515
0.2881615501493199
-0.10718654764389694
0.14898927644827487
-0.12409022382220884
0.3015638248115321
0.09129131207095724
0.07292679078147432
-0.14330247960982312
0.08226852956765242
-0.07804439741208925
-0.05189447698947232
0.09203938477210719
0.07811382390164781
-0.2378215260371313
0.021133622771660147
-0.1646765760748754
0.15137971577439804
-0.2065411989754822
-0.12635599815729134
-0.06231185726809472
-0.1626832686984841
-0.22119755831374477
-0.09641270531966699
0.01625047296054509
0.08559404152120295
0.0022627527838862526
0.09320676039366002
-0.07175102044336643
-0.07285759390820372
-0.37535690419219897
0.007276965691849071
-0.08608459931322528
-0.0761348730172649
0.17364648388517243
-0.13806335975216266
-0.04633044909975936
0.06166016962857941
-0.0019121225300493165
-0.03638099485292582
-0.2821839680844199
-0.19485743229744834
0.04042787044216168
0.3798237470136453
0.07754903942241735
-0.15498310666950046
-0.09678416643187733
-0.04036650585141284
-0.035493199294225015
-0.26277801087776037
-0.01899675369913401
0.09952745405653099
-0.053037068226434954
0.03199182959073245
0.2215400112630067
0.08820960008566157
-0.101826761974394
0.2743370052684161
-0.07300079338320949
0.04238358240704693
0.3171436803747632
-0.08301668630077536
0.19455188845929827
0.17041287707484284
-0.0884683995337012
0.13923930514264463
-0.01013922612298352
0.25774872158026707
0.05018636561705774
-0.16700959190140502
-0.11631328557987376
-0.08519851406656219
0.2641641178471155
0.09102598740549926
-0.22448519230678562
-0.07671521011785118
-0.31508387777027513
-0.006319874970609972
-0.0033916421257282727
0.03619385086614118
-0.06039252605511601
0.022803507558789345
-0.02692648843377922
-0.007944338812167391
-0.1907752995012221
0.128828307983382
-0.05445109141202728
0.013142673164704915
-0.22970800906791322
-0.033030106231102016
0.02017019235085586
-0.1215049846460356
-0.3990017390193583
-0.07974847186049792
-0.054745081282661485
0.008024156209307822
-0.0486042454226786
-0.10966627378291187
-0.044558673847448
-0.012000919218548988
0.17813078043010377
0.008783169256636286
0.007751955175924632
-0.005078702383738935
-0.09681185474030822
0.22313782022825512
-0.033288868760198397
-0.015184763577205355
-0.06169233146091504
-0.03498886129346238
-0.05884691797765031
-0.12864851542119735
-0.1507934166088877
-0.04156719778051928
-0.07657291668890655
-0.17339362875736636
-0.003014292067815777
-0.012950897905076243
0.0734733657838105
0.08676681166707133
-0.1284842024459824
-0.12668232976316254
-0.08193928496265311
0.20018938709247
-0.07900438511477542
-0.02427885842331535
0.037365568706222554
-0.034957503075928244
0.004529114836446215
0.02886963470597864
-0.03476335519589815
-0.09288813743008303
0.04302417073409342
-0.02192927897041801
0.13025406725935498
0.22559734340153811
-0.23890551459010093
0.07214387385879119
-0.1453013415569998
-0.11250352481386378
0.09989605933171283
0.08474320886707931
-0.1149390088927217
0.08458476160459028
0.03037880248004706
0.086035584251557
-0.12959585992450076
-0.10723042247927517
0.15343081065538508
0.061707459800542916
-0.16525526175161234
0.19365153590366865
-0.04894318597853994
0.044684614622648916
0.1653275575454586
-0.03445809315144423
0.06388208493192353
-0.2999054253688471
0.009542517269176161
0.11930011143279635
0.0356502438924424
0.201322761686657
-0.14310453647417762
-0.025469212914030547
-0.08802485884822575
-0.024585633185972944
-0.08213386102825802
0.03733504318906499
-0.07821247649780512
0.0031338847123754017
0.011079358176477776
-0.0433520396717622
0.2508087055539996
-0.0010802177069385442
0.012366641262972005
-0.20506823173914104
0.07341667518506266
-0.15523419462537413
-0.025356647460216646
-0.09322382346284212
-0.14685182089754412
0.33920130394126136
0.02277606134399584
-0.1832744976415267
-0.0008165742145834825
-0.10986504640704155
-0.022034905074048945
-0.16038123063224735
-0.19437853604873068
-0.05395791087275145
-0.23635464308162218
-0.13234547414292475
-0.0549931475269672
0.16214705975067592
-0.33715422739407197
-0.11815847332382393
0.07712331925133951
0.1304888973266262
-0.01719677218739965
-0.3698648182953133
0.2189848371877957
0.07612186929215595
0.08188379906077718
-0.12183266416683192
-0.006894240178609416
0.15521093906857342
0.051351524005587776
0.046262015778855886
0.1206765574146266
-0.03302262809040311
0.057597559176980624
0.09983494103942761
-0.030399717766444036
-0.064147908492447
0.01642407100185357
-0.18210781520245847
-0.14549728567735445
-0.24777861205324814
-0.11498980405885012
0.2823011304013968
0.3092700400737839
-0.033871759758803736
-0.027058108443434897
-0.16343861438852592
-0.10486008272575803
-0.08068506002693061
0.1644394065426157
-0.10581705882054607
-0.149543118196427
0.2054322015189449
0.015906344944702236
-0.10629014275537402
0.14101916221496547
-0.19639966998037
0.06613464863567811
0.13521574323638635
0.12757273856754273
0.06311926468885269
-0.29745163736071517
0.12719533823181067
-0.11061747773335896
-0.038224247210534225
-0.12149259585680923
0.07237275191375639
-0.0021162094951349877
-0.012116000413724399
0.031028249912139434
-0.07284001892351875
-0.15607478150793905
-0.10033556649984582
-0.1337253295262656
-0.02023067115771157
0.2797224984148379
0.0736584947946138
0.03307789778279934
0.017025894662712274
-0.10038642118957597
-0.10942728454699648
-0.24745087729828358
-0.03232672773520119
0.24340698102420158
0.17975402669418314
0.08926436895101934
-0.10306099501129166
-0.1482828400799664
-0.05048154909232565
-0.13687421480196965
0.19356782508730552
0.2546137540470553
0.1582583470906442
0.012763962057381456
-0.13339321851066932
0.09623018237681186
0.037278997047353275
-0.10568986630702243
-0.07117769595700411
0.049296979895774015
0.026701017953147995
-0.09627155904061856
-0.03168654484302709
-0.0010674494000681948
0.14067884283683355
-0.021924208117530562
0.08289113860139019
-0.06770305199597904
-0.10695487173560825
0.017742532568736397
-0.13467458228948312
-0.03456581409293089
0.0871609521078507
0.04577098475402134
-0.06832362084575702
0.11675412192014607
-0.13696147093611363
-0.06517338825336264
-0.2753717209065314
0.1474119633786162
-0.0627365549178211
0.13545969818081102
0.08076380250446788
-0.07711460843330763
0.04857813648336101
0.04195438641866796
-0.011414208917580255
-0.01934897181268338
0.09358591318224177
-0.03349685984218675
-0.05587153304387755
-0.11286942347843576
-0.05965243821256058
-0.1489545822859811
0.01841991660666708
0.3068964915552923
-0.2606009215607151
-0.3307335802773482
-0.0827900892304175
0.024362791221905107
0.01738081643486225
0.06279886320140884
0.046429212083240565
0.030110346778799695
-0.02214511110997736
-0.18368033221801983
0.2405811857128652
-0.186912974676141
-0.02837028392676308
0.040858810760423525
0.0838297108040762
0.06871034074127694
-0.01384891526341653
0.14833973735845993
0.011131817208866052
-0.16427630307605684
-0.13815864376873294
0.11057451274301222
-0.05734223488660989
-0.032573077876323256
0.11689948091106324
0.16912232279925837
0.11134141008751079
-0.12414023309953781
0.12120132558319399
0.24301250195859148
-0.007962638298737066
-0.14954218621135015
0.051997287976809435
-0.10956379655706219
-0.0871962674069571
-0.09974875722259381
0.043999896191304136
0.424048112980814
0.009672092040285876
-0.013067488829930318
0.12308364042612376
-0.11095986188298303
0.05198033099021647
-0.036462809646092456
-0.006062442939118515
0.05397526148082592
0.14583713902577297
-0.03214262330125765
-0.29797043877707136
0.14944491986735536
0.07894050399986477
-0.2865734944647727
-0.08862054259625796
0.2924642814388751
0.016739178315061224
0.20712392672908417
0.14658313463563954
-0.06312390316807377
-0.03357345664601252
0.05276256138129534
0.08048770104508816
-0.10301342453085849
0.1497210698484091
-0.0255129548686138
0.08090457186005581
-0.06616306706112886
0.16897063896490977
0.0029146753990374552
-0.09929188651487285
-0.051242038782222395
0.07657770644426576
0.10613649486915672
-0.04080559708455028
0.09233314077585086
0.03371640009962912
-0.03533559876997391
0.059902775904595466
0.22703443495044393
0.1429886815505503
-0.06164000964589605
0.0016956527683646837
-0.24866840499825157
0.007416316729950636
0.045668795299117285
0.08971145653300037
-0.2354079277287456
0.085047828659469
0.043240718891613995
-0.08686079608185295
-0.23834813457057663
-0.14759326185922722
-0.030926214872928764
0.08970422007575299
-0.2605858774194732
-0.16626571429779285
-0.08803602351651785
0.17620292393884437
0.07486596690462483
-0.07007284326229854
-0.0733275909795538
0.14393470826851013
-0.0484171781671685
0.07693920479827465
0.2234165360521015
-0.0364852247891032
0.15556374395233813
-0.04333436990263269
-0.10692281586721775
-0.106511180082101
0.037474128821957275
-0.14160746156402385
-0.05340199132452022
-0.12984031706550755
-0.04614395448724217
-0.09891070495348642
0.04760049271820511
0.02633289053218461
0.03569700242550459
-0.18269739465224777
0.005280745251836085
-0.06358620162811408
-0.16431956903918815
-0.004655118539913728
-0.01527501118701314
-0.05940181664813164
-0.096538712731486
-0.06885923088670128
-0.11763965896324821
-0.0048269789632015905
-0.17223547001952214
0.004887035807209454
0.0961532089944008
-0.0077295007602186955
0.18663085833553703
-0.02415827071060977
0.11767584927055909
0.1069735284580922
0.026355203696151554
-0.009951995771823985
0.08263138299647196
0.07558081353859006
0.11258636610874556
0.029608326156557806
-0.003646922673445762
0.14871452200703503
0.12475512106083225
0.1658593172186983
-0.010838869264620207
-0.07421254395362278
0.1823330887827594
0.1817951421712574
-0.09713656195000128
0.13907385513934506
-0.09231819101794188
-0.05940987616598566
0.017242469061414134
-0.13975967365581607
0.06725496197976663
-0.10741029216839061
0.17153550236096843
0.13721532845746554
0.09289666907269593
-0.3662533394425502
0.0832056866168215
-0.1385147660403118
0.1735187123133015
-0.08139184004831554
-0.02759068537990642
-0.0827837525295628
0.047895385843805385
0.013736819770725718
0.09494641082680108
0.05274832780212704
-0.004950884487909209
-0.16071343830154616
0.2827237665321094
0.00905404407578455
-0.2155017663246357
0.08274246825079945
-0.07340561452279264
-0.04684143252307468
0.10370070655756826
0.12498286168573218
0.009977882648167784
-0.08275954581569891
-0.044577420447229184
-0.05952238773924208
0.03729410733128684
-0.0555940138116322
0.03852479202813492
0.041012124471855184
0.07895808003100745
0.12495577902756211
-0.0549005355077606
-0.03583829890501309
0.06727133416658851
-0.2144468644086142
0.2468346074242507
-0.06722906747915867
0.125171882368174
-0.12439349861416538
0.08714089230857616
-0.06037159783249751
-0.002994732485209547
0.09268098384531
0.005942665452566535
0.024906119703210536
-0.3016020526037327
0.04106044703557953
0.12037003207306048
0.018543043222091497
0.10790320005049717
0.10922838829798033
0.13834669820686893
-0.20704585206718373
-0.20774746475935138
0.08646921694941544
0.16589545549844736
0.10284415533704137
-0.13124588692839048
-0.06874964923941634
0.07502013823034619
0.09799123033062841
0.06881094939658908
0.23735630277262657
0.02063697399657964
-0.20593095736611997
0.09563545896714741
0.13727041341348398
0.09184638689483741
0.027741950096703164
0.008950046876878198
-0.09622074767974134
-0.12950025961805006
-0.08839026572395745
-0.144431276945066
0.010442743335364702
0.07943454134690177
-0.2940217282995367
0.15844047470664263
0.04282387083131852
0.10851338075229318
0.11489942198599977
0.1399845522239513
-0.24742367751781486
-0.34062929286173554
-0.1864119098227808
0.18994609555994582
-0.27156871498373225
-0.08148921546437075
0.06130314089245917
0.20904279801968068
-0.18659623427757355
-0.006483410716263578
-0.15007168879272934
0.06807024774332911
-0.06636400899338121
-0.03805035945667753
-0.14830647966701713
0.00011773543271588683
0.17371741420539652
-0.3076164075433118
0.048112714084487175
0.020724420941133893
-0.0025236375319611067
0.13268195921340806
0.02832418756593133
-0.013480300088141186
0.10452148952564488
-0.17652100168367785
-0.031961466604418114
0.12004096554295339
0.03214057533993443
0.0754728768250658
0.11107131339548366
0.06626932456951767
0.17772094441478883
0.20564873003385908
-0.030114051961617393
0.16419009784238972
-0.2733891001337413
-0.040035937375450636
0.029059611223478304
-0.08102897402452759
0.020752789078747027
0.08434404626665962
0.03408274159675222
0.011120757445954714
-0.21006230393419464
0.11233954237136462
-0.11395447545352959
0.012763553229131776
0.08192114985170175
-0.15842913836445036
0.019678956862379516
0.08314061705692974
0.011176831447362109
0.28587680828841766
0.14518762924161055
0.18559873932261836
-0.1490705482925285
0.014294557316814564
0.13271424978150353
0.12250069368540233
-0.30494498267007736
-0.1466373209820682
-0.02183113896151693
0.10645226377044628
-0.2924325612737983
0.020824401202111452
-0.1965655134510677
-0.01063003739391475
0.1388271383244529
0.24105987318006944
-0.002686364568300503
-0.035102478647227174
0.1159998536043514
-0.005064222678778688
-0.19005532845600775
0.04681417725794139
0.2324547947064653
-0.23550400392424367
0.024420557177874117
-0.14317393900675351
-0.17713522477997265
0.13077665347663514
-0.15865308174515025
0.1700817452650263
0.028245022858405328
0.04093656841319736
0.19154585578008707
-0.1459341173199274
-0.11188440666119351
-0.040178479449416105
-0.060194839409751545
0.06349996891768192
-0.1190921830903537
-0.10796799769352457
0.06704217759557402
0.03783265407746409
0.0075012516342082254
0.06781420921373167
-0.05219241441790489
0.06966754760188013
0.08130624405160475
0.14675050566542647
-0.029704454045053254
-0.0282004732579505
0.11312014845309522
-0.03091643104608121
0.08989226347528581
-0.16379355966757408
0.17040865335571803
0.23677187336828392
0.21296631071767208
-0.11512583825790249
-0.02004418619725032
0.20190989542366075
0.0631990277934808
-0.10125508711612818
-0.06154936289500773
0.04060540300401157
-0.008096730774255295
0.06207904799347664
0.13195415665026655
-0.23949869386093867
-0.09461587658373416
-0.011331227331383836
-0.11135765761247386
0.20188531996155107
0.0008829181553616716
0.09777318959252732
-0.1603714235365462
-0.12721161914364185
-0.009349061389210683
0.23323880400917735
0.12049629255687683
0.19218690549492454
0.28200337809850756
0.18128596841327135
0.09383291206668373
-0.17182476734066549
-0.050722739644967894
0.0795619342223071
0.03009797865274047
0.15049236111560182
0.0877404291985928
-0.11691925439385348
-0.14773017259097165
0.17340852994176656
0.14575746632500422
-0.10090038739774826
-0.07378843456561365
-0.007866530427956668
0.013742699084119455
0.1397882533408254
0.031154270643577713
-0.23507859550434748
0.09915658797838207
-0.03888416925555116
0.1371285544556004
-0.1794801371812411
-0.021847819840048424
-0.2029148562167412
0.0055129565899026435
0.1281776424423933
0.11911504910894068
0.026428272084247355
0.0605691859845662
-0.03031962390740549
-0.15579492556367824
0.12809990999107274
-0.19132393607747378
0.0528965525154374
0.04886825372117915
0.0827327911417278
0.12742227743717371
0.019986294145626863
-0.2893035560147775
-0.04294670007218783
-0.03498165752334099
-0.03482882644622074
-0.027710092156475703
-0.1721218553550754
-0.20584976055093393
-0.30490047322856956
-0.023556113248499783
-0.17228921276502548
0.22896619963522866
0.01950642981342193
0.23075917033024876
0.17699348353382569
-0.17047678221156995
0.06197184312544514
0.07085820849512735
0.07364825679979779
-0.17402346486882686
-0.05982732497523502
0.2692322972158219
0.1337734063914153
0.04080350906925696
0.08576640815453399
-0.026898229424873698
0.04180817919492146
0.00445428449898309
-0.13304365688360012
-0.08773102007806931
-0.05571845986480544
0.14736944133193883
-0.05709671779961577
-0.0016708279446522377
-0.17815187202344576
-0.21570669842233217
0.043532356144367707
0.03916989972052581
-0.008004956397847677
0.02302512050760967
-0.03965159929413313
0.31354217385693695
0.3182797411050093
0.15014825210014307
-0.0026259959173214184
0.06543350324266664
-0.07777863511232062
0.04573084601380781
-0.09245256001385452
0.06386681248678976
-0.12974020414753928
-0.14219747704508456
-0.13483847028224913
-0.03648630015249893
0.17785577749538195
0.05429234882771875
0.09819103161690322
0.12811417941609016
0.010193452269238646
0.052151046240872384
-0.1937858374331763
0.027870120754415268
0.02800638976350318
0.0693292552037212
0.07463388356720929
0.08986473300502976
-0.061931093521060354
-0.01818051972839379
0.36234121642534345
0.12268448478704858
0.19838548053148478
-0.15681387588547502
-0.13558769215286023
-0.07590788150107841
-0.017406997949469226
0.049328981040337505
0.09937716467893683
-0.13150679702891646
0.03506193591358381
0.0055987723746726776
0.0030535641866498383
0.07760511272785711
-0.13632795951119284
-0.05238969612832089
-0.049153876804885484
-0.040671406790452114
0.08599316754913125
-0.08019449435759408
0.24290345658679025
0.15345761134278998
0.04897034738346296
0.08882968889294711
-0.007855198563181941
0.2125369228161283
0.08090169291242123
-0.0240222416062579
0.15565437064579055
-0.3648057460927782
0.14129387459040582
-0.06111826008994928
0.18124206789107855
0.12099799608341372
0.16973339246398872
0.21734646644926495
-0.28114484826069763
0.006209756903178372
0.0715180701209676
-0.05116302159774117
-0.12322508147841768
-0.02483574411793504
0.039126081627253756
0.006599061075739257
-0.2861782295577522
0.10771628342929732
-0.008891433670546164
0.19741763297741421
0.19043422097860144
-0.139226080094098
-0.154990066107705
-0.1804375017320761
-0.07219012772395678
-0.11792524937976966
0.0806052817993545
0.11618849097598472
0.11939626087607426
0.026974090479555502
0.022764470456469243
-0.02255380145092696
-0.06395645587349703
-0.01232513047952384
-0.01492788631744511
-0.14029602406133448
-0.10743538764899431
-0.1958205275452405
0.03482377661208242
-0.051592542969448166
-0.10110953223296859
-0.05446791488896166
0.015944092147263618
-0.07898536953493294
0.05869653129820042
-0.019064923228410153
-0.09705516364585846
0.035191474890431035
-0.10479685348242097
0.1000819839313172
-0.19443436614109644
0.13077502779181352
-0.08644849224350867
-0.3026974058449196
-0.052788815200211746
0.046384535701956366
0.05879422639075372
-0.0980354372164222
0.09811958718339614
0.05061158068907495
-0.32792853748343426
-0.08899314872083669
0.0395122218051447
-0.04642573208359835
0.06143494372547737
-0.06490158468094576
0.022585271258705568
0.06043637599673256
-0.26503334170216303
0.09231888376849778
-0.09053143410942462
-0.20904241319850878
-0.16311437505564247
0.05916295656740344
-0.07023196590502152
0.24255521735618724
0.08075338866857762
-0.07673367458809349
-0.0840775047464931
0.037829486274595175
-0.10004703987325202
-0.018443741420156746
-0.023343235143113514
-0.12778479335310333
0.07746149310299062
-0.16622177394195134
0.16384838962564371
0.06968414772300681
-0.05194782215927301
0.05798383710437677
0.00020089416239019278
-0.07777466169042992
-0.10501296623095581
-0.1375633441925882
-0.2825735162250639
0.030313634119983147
0.10210480291159989
0.08856077938771469
0.11148638919800838
0.11355337809238057
0.09521914358819346
-0.2251535131574701
0.0029711068275483743
0.11985338135800588
0.06269757227023766
0.14326352431829067
-0.14369761504360945
-0.05306240087438777
-0.025486628737746528
0.04705536431200304
-0.014928856840076112
-0.26099050844737826
-0.05999023587839181
-0.08142096778070992
0.07239557774390473
-0.18117026249823545
0.020768438707575554
-0.23869173921654427
0.0687194059509552
-0.04161773080968872
0.06886307919135763
-0.3426573461676115
-0.05870772401846698
-0.19334355838898434
0.014895544890535363
0.013780267785939809
0.028726892470382626
-0.09445512594579653
-0.07997452765287708
0.08062502386330254
-0.059642241519402915
-0.04088863444322591
-0.04766609997247288
0.01423324806137547
0.3275365104672085
-0.12147106274466528
0.10797764540163265
-0.14453320308088868
0.14004258304736206
0.16136651489528372
-0.003910761065825388
0.150366012625696
0.21639471834980153
-0.13762245948008922
0.009168641817691732
0.11211289526085831
-0.03239138261969979
-0.20145858666255106
-0.0464851091892474
0.07117310050324518
0.1148890867882823
-0.21767677745275266
-0.019621956496404008
-0.05408927332496848
0.10871596836384298
0.2394854751003086
0.050082393764729
-0.1142143042082559
-0.029658745781507463
0.12335268851041623
0.055142636756987384
-0.14282568328405207
0.14940465394668032
0.03597600109467504
0.08561206357499548
0.2429846974480121
-0.016012149662091534
-0.03631658823058699
-0.1871645555273053
0.06771750302168646
-0.10408455915310895
-0.06285962216756584
0.19028480475885173
0.08905810875873223
0.13534072834416436
0.11599595625769436
0.05291280457675585
0.21460213541804377
-0.039867013263360104
-0.15657253894579712
0.06711844416147858
0.07451021422368909
-0.17135088286861133
-0.23098282620281022
0.24864400686978427
0.05288660942991136
-0.04305152762105936
-0.012419656220848348
0.11915299435563156
-0.10781288516422374
-0.07378294555809069
0.09336132150264309
-0.17120718621806166
-0.02391360201690389
0.11468333624895151
-0.13764296992551983
-0.30750696066482436
0.09308539706400146
0.07356615562769761
-0.04886545798617647
0.11884898070990825
0.022914906032763784
0.3443007556926576
0.06432955632299439
0.06279234718131903
0.23054584513277399
0.08652119438181063
0.08123791315471988
0.026720045512561016
-0.10986069434287465
-0.02189062208952019
-0.031263709931818644
0.018421400117914506
0.029083997768658724
-0.23705779175373146
-0.034213944510970005
-0.03377405584698535
-0.4174008600789606
0.1730246783805683
0.04719117389134498
0.14966517049184747
0.15738982483407124
-0.06989907275639506
-0.03316768887784954
-0.1706050470974862
0.24946328480026556
-0.29962623447830594
-0.14203929720331698
-0.07854721592445095
-0.1268637173796824
0.2748702593682337
0.0157078365234425
0.12322965741032176
0.07932483822788922
-0.10997752206461141
-0.0960435916030721
0.20079859730304697
0.11825990983159901
-0.05690402624757295
0.06732526053964863
-0.4102456082656395
0.055030398632492546
-0.1528642174176176
0.14780469271591284
0.24707583050312246
-0.16859702447612104
-0.24355383151655652
-0.057073856147309185
0.2673252299245842
0.12393478867491524
-0.01148555339336409
0.09381159527292575
-0.03639772772522992
-0.15767237128137926
-0.21167370816275916
-0.043430798998660904
0.052655917230476974
0.10424509557996271
-0.06206972596600631
0.05538233330748452
-0.01214167815017797
-0.1455150589487948
0.18528785890858004
-0.054882672436566964
0.17342948282076165
0.10125648756952947
-0.20496520008001165
-0.10908381281642865
-0.07130209415927892
-0.10985410240816079
-0.10909678935858586
0.051673528092226126
-0.0823560867802191
-0.05204422315356287
0.07112301456675169
0.09787864469122497
-0.1408487274494147
-0.13025895082673994
0.1266455504704865
-0.16486833742097715
0.08373373819856748
0.027858737233183672
-0.055566994590117436
-0.2224385065893723
-0.056521751741444005
-0.14768181670575062
0.019879526090935233
-0.07922913821484116
0.08213445433090548
-0.17117735871349524
0.021834618487171005
0.07214781215346502
-0.01345168833160742
0.0027034158470599715
-0.001178938031921902
0.026968141343612088
-0.04212862516846328
-0.1293309614331231
-0.035120784605047695
0.10098185652126715
0.08314122317493716
0.0009147557245741038
0.052189472031654416
-0.06675578476242537
0.0006232056676930295
0.014726968259391968
-0.09489628117639425
-0.002481434971692937
0.07209725910112925
-0.31005275935372967
-0.16710459565389496
0.08654127369535285
0.04260716710543901
0.003208038805853796
0.05002202885528659
-0.06704218896536929
-0.0389412937511647
-0.20021168722127972
0.011167141188171038
-0.00942758681370786
-0.08203601792635778
0.04496222153574914
0.09089370747536007
-0.2877661151907643
0.26839200172283695
0.08821945183039692
0.07774684252738173
0.1009938137679816
-0.19709255601603823
-0.018056782578498066
0.19175179304260692
0.08493402614186916
0.04463022784569256
-0.04429903840168044
0.09202538964447904
0.16579692616059066
-0.006346360900189813
0.023000455048290656
-0.07768847406014805
0.08619598574697435
0.05409380118312556
-0.12571268710624742
-0.04754167849227804
-0.12860007767157777
-0.1245438751272064
0.16345858173543365
0.02320992976549273
-0.2525843380945105
0.12674515908108447
-0.040599980716818314
0.12337368069095773
-0.08760139251150023
0.10028653155502816
0.001045256012351841
0.2103082438993473
-0.009342563711144851
0.0715742234916797
0.2067758542103169
-0.07056495060111768
-0.08942254883573453
-0.24163790389804568
-0.04766414038088861
-0.07900655541104107
-0.025051581150073082
-0.1905007924202043
-0.12115663302423015
-0.08712699947457486
0.10975298732507227
0.08719029654974444
-0.06331841443444908
0.030497442450166026
0.05373933570434314
-0.17731895259375827
0.029725714908477748
0.07718051691938285
-0.07122736761465495
-0.028213406755800242
-0.04023715398927891
0.07228597999408158
-0.11555549483450044
-0.012926125551664914
0.1162669212993484
0.14762750342971584
-0.14095325401625802
0.08656315864342966
-0.05648741698370846
0.05451805420312544
-0.14991860174543317
-0.05760188507691683
-0.07780614825824882
-0.09666444794576454
-0.04402768754928125
0.008542428010132656
-0.2018681262658342
0.04262537501212313
0.17511026487208406
-0.026758881395253533
0.17934786910221678
0.10403280681207502
-0.1933722801666505
0.16216106141332085
-0.015810398392826733
-0.09025708402739703
-0.1548857504181753
-0.08600452793522038
0.29358262180703054
-0.05915010759273986
0.01826376367104904
0.36461106011525424
0.08336089455256333
0.05816574084498226
0.1211283865854289
-0.06491426641179047
-0.11787323283008716
0.08555306549999415
-0.17759009413849253
0.05695017185543394
-0.07701647995935364
-0.005782742751858104
0.043343467587201055
0.24799340100038994
0.13324655967079674
-0.0949067579313559
-0.3257461153993687
-0.0522773611129996
0.07250829793652633
0.19206824064046912
-0.05745937489316657
0.16184990111371714
-0.09716713128770679
0.059655027106838024
-0.05792128014851468
0.17548809769699905
-0.3347440108471488
-0.16913913666264668
-0.15783330360980136
-0.12085509086028558
0.045280346098490826
0.24964183097975173
-0.2077793677133871
-0.010273036984851443
-0.06498228942217558
0.19107884053427412
0.10862844732341079
-0.032453745364399086
0.057145844677292196
-0.045440842690460906
0.0022132392105573633
-0.18722925464221066
0.14206893859148234
0.25353049060740196
-0.24050097818826177
-0.005958536792207852
-0.023826271633596994
0.07387670335811077
-0.10969370737276818
-0.1112165473095291
-0.22138323069142524
-0.0236659780894106
-0.0195262482395103
0.03945837673381553
-0.02276433036606536
0.24561324612262858
-0.1908832728950598
-0.2534458811106131
0.09269760921138263
-0.21850145978676566
-0.057316771319763725
-0.2189263450947122
0.01702838871444794
-0.1407386325381414
-0.10126140736659808
0.1678124868809601
-0.1036827480788915
0.1987756703750474
0.0823181654403334
0.07350071715819095
0.16043913637191176
0.056643055193262425
-0.38791214173337957
0.22335947337069942
-0.028739059821233173
-0.019291376445434803
-0.030375778243056695
0.0314397788434804
0.0387761660211679
-0.17519074458930614
-0.01363114992498031
0.28227218990567327
-0.16183969328930928
-0.06542753420635862
-0.2482457004819316
-0.0756143614994594
0.0391670451134352
-0.3245975189850104
0.07135264847589035
-0.20119785396862314
0.074912405474353
-0.15174070098789982
0.11906755569549128
-0.12473513891422369
-0.03801037544183122
0.019738708899807035
-0.0872215356511646
0.01800877495439654
0.12871498529016773
0.18496206981046706
0.14664911601253058
0.008493702285942036
0.06746012479011462
-0.11550728907805531
-0.11447526718646622
-0.1942659294253708
0.02096668708183657
-0.020374358035302548
-0.11031300933919823
-0.072351328355614
0.13897273789275813
0.08446841991230379
-0.030066139031665284
-0.14656493342252075
-0.07032298803267974
-0.09480446878452337
0.13012224412960355
0.02771418587828731
0.1514900878428424
-0.07947053905924424
-0.03609365635088953
0.04715644132426842
0.2324200600211546
-0.0006160113531095226
0.008134366270804636
-0.10879646894400892
0.015907550724057813
0.09928928873824583
0.10167483775997435
-0.32960768772178783
0.06918675587940129
0.008315920604998223
0.018965374690344143
0.08665944542426013
-0.059681124498381075
-0.1709197071752965
0.003100581494430671
-0.024545804042271673
-0.06056253091555357
0.16683064982616033
-0.13103956986976087
0.24041852679173478
-0.06137378591947928
-0.14828805760875863
-0.09379567143388662
-0.23517351393060829
-0.07794373114622839
0.12651413290380553
-0.004459266523991746
-0.13933410700701324
0.023618034945338394
-0.023334619875659896
-0.1945785315092034
0.29698297220531283
-0.18400208120354325
-0.10964978415759295
-0.2104723061048497
0.09541422150738207
-0.05348193162203705
0.26888231082822134
-0.06709040612683143
0.1422453603546838
0.07572932768946929
0.10310930653282635
0.08661282983897611
0.0800785960093241
-0.005983992102001434
-0.0374161553233266
-0.018683772641002253
0.11434509493250856
0.06489723129759685
-0.12329814131451078
0.048803560913479774
-0.08812137050635833
-0.023793646990341037
0.013331844815252654
0.2165379726837461
0.053298883733181174
-0.054304943421969926
0.15711926826790015
-0.1851987969544588
-0.2866035780677434
-0.1385361437556462
0.19679546640608625
0.01249757820100243
0.23763504179245304
-0.11037602410986036
-0.07444018313311447
-0.20370439444290603
-0.05491513166807733
-0.17757207304512038
-0.21606887810482606
0.07339017374717424
-0.1356298755985328
-0.026451827588512538
0.02962395262217912
-0.04384736711408581
-0.2777883116652471
0.019312065695832173
-0.10664582139002401
-0.0188325705573996
0.02003286849297259
-0.08930676190586105
0.024621916408009738
-0.1391697537107431
-0.07292354874748723
0.004938338539750045
-0.08094182252410317
0.324933470377958
0.17501922814549903
-0.0166690437924154
-0.13463239696581464
0.0651729847518001
-0.019751180796464193
-0.11792481703731869
-0.12316246911749267
0.08839099402174401
0.14390759460907246
0.09372317537972587
-0.19033080095710542
0.30943797425755765
-0.0013104713572875493
0.08156719347685501
0.016156245562567978
0.05336333427016548
0.28276236343006655
0.11751851477332816
0.16121319184390812
0.05142039129794735
0.12724418010410377
-0.030831760919843423
0.20987807386408858
-0.03150929831850069
0.0020697026400795008
-0.073394021892111
-0.19784662192587887
-0.06885151704033646
-0.002180864324989696
-0.0681171784301235
0.04565913312540589
0.023786626417556474
-0.08849983482152042
0.1343655886984911
0.139888427537087
0.0996846350827931
0.035940479765472225
-0.031000529856095832
0.024133967710482013
0.15857638541959324
-0.10829391424785768
0.2019275677098276
0.030236960658814573
0.034393637351911414
-0.014224488981871123
-0.05833609532463652
0.015436623556620751
0.14838665665392392
0.20458610350362366
-0.05773547408594548
0.15898828994583047
0.10500428968900044
-0.07371924263610015
0.19509694491053195
-0.02087135340617651
-0.062233202374788084
-0.10038554304283803
-0.15334160340633546
-0.06761444927018645
-0.07580013958413004
-0.025843140647014422
0.13303321718443026
-0.0044234525084015704
0.09002845889750122
0.19552095766264277
0.040278510379613455
0.04849747756435828
0.13028574381360483
-0.08628595460892595
-0.23618532714022988
0.1343028642511111
-0.08610291792743284
-0.1650742188542086
0.2549050267298321
0.2399314918412295
0.04030680970204626
0.0936402128085566
0.06426539717993067
-0.06651705149003391
0.0868650816623049
-0.0077512388814284326
0.028373859024909073
-0.03879473264542152
-0.18108920444372828
0.05708742643154815
-0.10273738958691463
-0.08899087222449437
-0.00035333809928737744
0.14377541701817345
-0.10528698663363836
0.033344864560409096
0.04307176394796125
-0.02138297708305302
-0.17036342860657988
-0.1742747514043318
0.04086426389067947
-0.10801586844334393
0.16265508931617748
-0.17933795436656297
-0.16827853599753154
-0.09556047318543617
-0.0441649799921543
-0.16530372264479798
0.11463517055277497
-0.04006071249155241
-0.02481817530367302
0.11738944655578742
-0.10105901891424073
0.10120522250008948
-0.03310939438313068
-0.15989771052996898
0.0022086719781336792
-0.05244430271435267
0.17012634346623673
-0.02960106021593198
-0.014712155050440536
-0.13180336204090606
-0.0924984063764041
-0.29945685675112155
0.06075867784067792
0.02609660613659111
0.06646343146744252
-0.13608729844557207
-0.35752344797679353
-0.20803488659582423
-0.03200526371313394
0.05665719126421649
0.03711845014748513
-0.07753014911036658
-0.06311031003847103
0.17507976969089833
0.01833558689491803
0.2688111420230939
-0.22125467854481834
-0.13274339473835692
0.15630943705211198
-0.19403187059166016
-0.17329796772490885
-0.1408860819589271
0.046266281692398714
-0.03188125034161806
-0.08254261617832528
0.08348230523616365
-0.029610132567619858
-0.04180296012558417
-0.008745135230843132
-0.10083526479895576
-0.13671876943038444
0.17990807918783377
-0.027319920470471448
0.09942013034932913
-0.24491608639907125
-0.07736942897168779
0.020125103099251376
-0.07170116634654011
-0.060947587409257806
0.042067168283848766
-0.0635916916526292
-0.02069606018599323
-0.04809510448097117
-0.07809794027762701
-0.1532189072921454
0.1455947249687274
0.22744686397078054
-0.13294765925396146
-0.14187171507313617
0.0661979634776062
-0.4253231976756296
-0.07244719138905102
0.16194147535443937
-0.014913052944828312
0.019566275998256687
0.047874931592135836
-0.0032069501553874625
-0.18229912843307494
0.017239085215537495
-0.08518661472528487
-0.25626509884677273
0.029791019024084642
-0.07527275170791675
-0.02389199679851514
-0.07162079986954036
0.18337432132039366
0.05029632417638635
-0.0016266381233280259
-0.18030759235996605
0.02775736291035857
-0.07374990301477889
0.10608393022534426
0.250351905720382
-0.05922509099553481
0.0596544436533287
0.22100401673528672
-0.180943528937551
0.07510266257656283
0.0004608946005619086
-0.026266762612456973
0.0954891277611494
0.025172426045105174
-0.08315080608804885
-0.01680885868251601
0.0567031035363236
0.2534205678638393
0.04922268446937503
0.0022722372587501557
-0.1489656199194944
-0.03365804848747925
0.1917609295515494
-0.07582150945483515
-0.026745138897735082
-0.15167623115109288
-0.22536520392463458
-0.21980483872590498
-0.06636939168652417
0.08522810694997307
-0.14259743999387553
0.18429305678726274
0.04223993194707198
0.028956924652311845
0.008751355755715949
-0.023993039007925408
0.06214084821037889
-0.13688790167380102
-0.2243275236158127
0.05016829584376881
0.07373057940610034
-0.042829713325462586
0.05780696184017705
0.02436932907378161
0.05227016596511378
-0.052741633007135476
0.0888791144758045
0.05539850664877858
0.17080252819713246
-0.17947598041537813
-0.22427453640833056
-0.33833948922752427
-0.1594997939726542
0.03217039009996663
0.03161845871307035
0.02223322707005843
-0.20115513187018125
0.07130565782508086
0.11808119131935689
-0.22562749846707536
-0.16782347984240029
-0.13788417940331857
0.09282998226172565
-0.10857583807259387
0.011628177655104635
-0.20982564209714508
0.15015275883596604
-0.004664557889103872
0.05999140654101548
-0.06798922653077061
-0.2082004912171925
0.06373047157156908
-0.0541332307887672
-0.2734009799157783
-0.07783138594978603
-0.18260366211478474
0.0072031937198489115
-0.05453954556857889
0.11146184154825299
0.055970579174948146
-0.17009779214300189
0.08051474382150614
0.08069229015519817
-0.20768332992009605
0.08179854193323831
0.21144103326488636
0.03277324710557823
0.05714308238279418
-0.1110872835965711
-0.13521822921040888
0.08017725746806861
0.1571394723796415
0.07283324646230274
-0.1241009675891436
0.0958947843917992
0.008707096274503938
-0.05546187521348545
-0.328848065805788
-0.07613922905120298
-0.06922028583351336
0.2201573683656839
-0.03653419416321445
-0.18141847631248265
0.12233657089252353
-0.00654977170858872
0.030623522212484947
0.16656082407711645
0.21239337184892146
-0.002835646095373114
0.2486610073009338
-0.03188691467995351
0.06625053540348692
-0.037224179360936485
0.11192813225567066
0.013388234118112187
-0.20020465245274888
-0.16181816824497525
0.2515105452132128
-0.04209826618661387
-0.13020479344302868
0.09872779351636332
-0.025769410856532386
-0.3176943833295711
0.09684116397204853
-0.10089674850968515
0.1589903742215406
0.0007836958591953371
-0.0737092755207781
0.11350156382217694
-0.013251660384825193
0.18052521598996368
-0.00737982883168161
0.132664775918362
0.19137264512077318
-0.04095099621965981
0.05777124355710982
0.15147328043174474
-0.12993807877405406
0.29304645807046775
0.08426354467852852
0.21171975771052703
0.015512356466983297
0.0776780121841093
-0.1914441085793896
-0.059268308057725774
-0.04137796016292206
0.1098345258681658
0.012911504647075172
-0.06411416726645845
-0.015498035640113983
-0.08666912458073209
-0.019237253431192015
0.14967927238898798
-0.1897180558035257
-0.10627077527029402
-0.03310836087836955
-0.1979363764449335
0.07880346632949899
-0.07476952748342633
0.14960453251203282
0.13702624212295794
-0.007370675186641404
0.11402520862259792
0.1761499789847414
0.04592261971861702
0.1899717837231013
-0.2941810429373223
-0.11238451742754774
-0.11704573953878056
-0.07089532314886075
0.009094197821785959
0.08176460761426733
0.10076741674336043
-0.009184022621333218
-0.08438250777333374
-0.01617245231642977
-0.02625299497595519
-0.02476559337524878
-0.261092753411822
0.06634477537626035
0.10688570090148027
0.04054502434309564
-0.01826851401711237
-0.0746660091176498
0.07100156531752931
-0.0858381371585978
0.06347156343266946
-0.09280645333465494
-0.12510825480742654
-0.05518314523401422
-0.015161480278341506
0.1067503623348574
0.3345159414014519
-0.02728335178067287
-0.17000167133746213
0.3048613261396505
-0.10605010259503404
-0.003706181562252153
0.09962594913136583
0.06100325881232555
0.14405826724964238
-0.18239474131271438
-0.07311909724496561
-0.11404131132556974
-0.019734007607615952
-0.12592068939603945
0.06651418748677884
-0.08366509014244299
0.04461208136008277
-0.002036601191776908
-0.1174748435599532
-0.12248193702090633
0.08819315956676459
0.04763001690512617
0.025609576113052555
-0.025274320902887594
0.08412873088643769
-0.12480097571149196
0.01868678274409544
0.09792816509500042
0.07218224201545184
0.18388362529852317
0.06537885399994264
0.028217220840273415
0.09017158783695599
-0.05429948328455989
0.05571440070356698
-0.24104987869176556
-0.021200765844425647
0.09796001083659568
-0.10792279937125451
0.15995097248600842
0.08123910932404663
-0.06202304965324488
-0.1139028805575361
-0.13307010256226487
-0.14518637980021934
0.01209810899460492
-0.013015440626768522
0.19717837732217883
0.033686527439721364
-0.23766514089073143
0.23997522889121395
0.01916152863110192
-0.1404373214003993
0.14935759859423467
-0.02139722201467946
-0.06822892013506497
0.10257607908448009
0.03942305136721953
0.25226665556774003
-0.12144990995317492
0.10211119461087415
-0.07615997138304546
-0.06833528358770555
0.07098742830623307
-0.11127457172771509
0.0962545821291463
0.0018535748410244608
0.016163470621331517
-0.03618200193097376
0.05109375424280079
-0.11386010419733202
0.06964765546231724
0.07820487905555079
0.10005209542464646
0.002928375839734263
-0.0969530179253575
0.07752616621808937
-0.0939377767776107
-0.22406714451544577
-0.16149224838289133
-0.04634396448923948
0.01870506396260673
-0.11351143559185341
0.004642762517438417
-0.14325983413274698
0.18989479394677908
0.05035558102274681
-0.21082486960655594
0.06528695138168995
-0.04378055735595643
0.09124754132130766
0.04345320126329773
0.1351870367468577
-0.18375004957347002
-0.12334440931401702
-0.010012833344206653
0.024422208619539598
0.05404394401074744
-0.1578660501452563
-0.1283003217421232
-0.03834503927696209
0.1267309009056421
0.09515659386517021
0.039412257914637455
0.028104067602592396
-0.0907049485171137
-0.11787338762669758
0.08467747090347626
-0.09983237550921849
-0.028373918649405288
0.14236988206331153
-0.22263326667881675
-0.17935294351309136
-0.21817855486905466
0.09667586652745509
-0.04915344913134192
0.06039210943893363
0.10859289039399217
-0.06187229750377352
0.059915120501855976
0.12734339061012945
0.04119246194713998
0.04773393373880734
-0.3004783394145773
-0.040885875839322364
-0.05009052547829479
-0.048666048849495866
0.10363150803649887
0.012314270875012764
0.11326206535147826
0.08696341758503245
-0.0410385459648291
-0.32365749455597914
-0.02269481316388711
0.07187909603699824
-0.007447995720570618
0.10693798177477311
0.1519877545671015
-0.1916888954344826
0.1305751361740268
0.21258644406390245
-0.10778253224309908
0.026735035432115486
-0.08038587352418042
0.025344138830754558
0.10695492088038855
0.08982778708797344
0.12600569372306267
0.021307502201404385
-0.03720188812846288
-0.07594628163422368
-0.039144135918368024
0.0023320540283082378
0.01787348893486882
-0.0028798362648414563
0.10941246665547204
0.10072532008323219
-0.06028419928692956
-0.11661876705290629
-0.02692525935369426
0.16576939046179767
0.07930244250046625
0.2016221418013236
0.03339458351789396
-0.011569340587059896
0.07120746144541147
-0.04268140405946344
-0.13494981418379678
-0.11547052382326031
-0.030071505369249997
0.2651032557557975
0.18316674453080928
0.09342294478555366
0.15453433035089792
-0.034764306043881636
0.04209076842957045
0.18142223787886472
0.01756534658046713
-0.0176631769619287
0.06934242150416955
-0.1634853066605162
0.10822939120425065
0.1922587434668029
-0.19138177279581117
0.004788694717916952
-0.23257481403557542
-0.11393260496698956
-0.05971775564714042
-0.14131893535310786
-0.25206760777120096
-0.042628563530561825
0.04370804537259742
-0.09033133016702483
-0.12290044526485722
-0.046686030905097764
-0.12561177098844784
-0.21676543233567586
0.0985913021787495
0.15294208012789
-0.031030971917883975
0.10910804219032343
0.041385012897101336
0.007046416792470011
-0.05771772750926731
0.03454689420889579
0.0653206315491267
0.17533073445227468
-0.19529061200568773
0.05743588515629631
0.04424490125351377
-0.19307181164858037
-0.06020408336889607
0.18702545604935544
-0.08820562169402359
-0.12295800627931659
-0.017550854751656467
-0.13852094844815724
0.02442546512736849
0.09761563672583658
0.0021454829236615563
0.004083556523426381
0.07800707859783625
0.010099703996872326
0.17077487271477976
0.03507828283605527
-0.3885690092061657
0.2615066672480095
-0.20569579529462811
0.149614654012752
-0.15257308979894424
0.36678808392124207
0.14260164594774838
0.17225750130669318
0.02791889982679804
-0.005925484243263334
-0.11414797635154972
0.20538668878565156
0.054153191418747526
0.08934452803327858
0.1216173961899824
-0.052049134363677564
-0.11533465679048854
-0.2583208553861852
0.12078089606714855
0.06338333278665959
0.17048142652143594
-0.1202212541149157
-0.154063975985447
-0.025499280960859926
0.01710805970292418
-0.0960482618392363
-0.010287680934160428
0.0681991265718014
-0.011061979211825017
-0.0003629946276825525
-0.04965315306308157
0.29238725923659464
0.11978194947972484
-0.11587890900522008
-0.09128714207775207
-0.15043245496482702
-0.12485664492036441
0.14153672413603255
0.11530851085799389
-0.04989045258466326
0.07264135747029989
-0.22750882428307379
0.018540463213611684
0.09870822151788243
-0.1582552462769106
-0.17478871243784613
0.04458896781563662
0.01707569934039905
-0.17137815529391404
-0.029493341002525028
0.1679283295359024
-0.19739621090494516
0.15706875122267516
-0.18892534267156383
0.13871492339064065
-0.048382390816928376
0.08773706869045847
0.1650747716574251
-0.15110127075456894
-0.014680508469204484
-0.07252955876741282
-0.31225787549233935
-0.025374604345491557
0.20225372164434982
-0.12822082569327997
0.09635533720156048
-0.03153869892470769
-0.23044899807624683
-0.04718859126002366
-0.11520456035904883
-0.06257305863237428
-0.08933556228536955
-0.11475869203867763
-0.14101406763510982
-0.18954718173251253
-0.12708855907933017
0.004237770309779869
-0.12384082783369295
-0.04346543606078627
-0.19755149296843547
0.08391987181089304
0.008500618373359825
0.02283432167017133
-0.2565801521776507
-0.1987380196565936
-0.1680720006824184
0.13027080641880665
0.15591535956919358
0.22256690323214293
0.1103173137478489
0.19034559287091857
-0.12318196763665688
-0.10196864966531433
0.04915906626743325
0.11440130059331305
-0.030520603611697755
-0.07523775712240226
-0.1593434507052495
-0.0246361333948223
0.15395230999348639
-0.189096242432653
-0.2743813318075111
-0.0263732642044516
0.01670268040507404
0.006075957685244984
0.17740912201410391
0.129374180638068
0.12071045928673188
0.10300110976881087
-0.115022951908034
-0.21300299786272658
-0.09703272528474478
0.11339912414485596
0.09812038456734393
0.22962895054881205
0.07491121298675406
0.053913100040508435
-0.07545154344051798
-0.05429165393660162
-0.22712572241691245
0.11407742457491371
-0.04232330312095025
0.08390981632372711
-0.061259036524328
-0.054249186017832726
0.26211636572094743
0.006619908875140227
0.10228480450203449
0.09886143273628964
-0.013987562405751303
-0.014339970419089111
-0.18644429198914614
0.09358723960580978
-0.022727433632536338
-0.03570919382875045
0.21018270041940548
-0.07164649489950756
0.02386080554846166
0.14738147266033996
-0.03638205621455323
-0.05153948441024574
0.009014400377282355
0.03974443243841113
-0.08386674609214712
0.01161179393555519
-0.0939665153652667
-0.038907339632850965
-0.2045415564297359
0.15929803883717636
0.1668203769843578
0.040629180463507907
0.30285387157457083
-0.04886329392392994
-0.05850830773557407
-0.003927301634772092
-0.030988307973558605
-0.1243071478366624
0.12934371653316717
-0.14310680459335873
0.07181681513367981
0.10975818683782285
0.01135458287997986
0.01644538278880474
-0.017977043307066645
0.054237433268149456
-0.014777427576892755
0.03244114277655941
-0.08430882301322538
-0.017857146147155042
-0.1489962769400163
-0.2891624421609636
-0.23937093004838678
0.20386835089431035
-0.00774041064962968
0.25915932632874294
-0.08208879187933418
0.2721185205148332
0.05801316745456304
-0.009813444847756756
0.1757574107759917
0.10596922293670882
0.052449800792932606
-0.13122243116130766
0.053648663071921614
-0.06531328035482195
-0.10301865540547642
-0.10537678118129845
0.09050715335995584
-0.0036613995547046135
0.04266578039334577
0.03261449382535789
0.04500174841758027
-0.023455331942086103
-0.20287955254644618
-0.17763939794416214
-0.1336827631923304
-0.12524033403716103
0.012564510549474269
-0.01177956163233038
-0.0664496159170447
0.008282317340804257
-0.10140745942636192
0.09323526823928703
0.15658227420169454
0.09840575555091965
0.058144642480251356
0.13206612954375832
0.037759949163196
-0.10146652054231009
-0.26455137100070447
0.07743078693360801
-0.09254995023719381
-0.032909258150021346
-0.06724935836556778
0.012839425780737917
-0.22157861308130003
0.11399315945659554
0.0030656118678419318
0.0724819760578605
0.10446991706641935
0.009056071426267291
0.16743750535281368
0.06244593469092389
-0.35868761366348567
0.13726110443345618
-0.09817042590770772
-0.04728994151276636
-0.25870345507629977
-0.06545785428918473
-0.05821624748708013
-0.18575979782815552
-0.15864730183927941
0.08479595835042544
0.0021339603727533046
0.12355068351782625
0.10245241354083807
-0.09019856094704617
-0.15014867473168264
0.2160921640155537
0.09077850411856742
-0.27004701767175565
0.05251363643856506
0.07508812753551536
-0.1961390111446096
0.11700753830218454
-0.1757468960232036
0.12096766601370129
-0.04096054331945458
-0.21006313396767948
0.18686093151795327
0.163147392740097
0.08786551387425894
-0.16563297728850981
-0.1277075065435917
0.015663530604254277
-0.11896561775728222
0.10038526837463269
0.010930556289089146
0.09907839625553558
-0.01907923986488383
0.021132810787082096
0.13445418550575955
-0.1796929036934285
-0.08695743527091078
-0.2147211966646684
0.2551957140912137
0.0021253109672294867
-0.08711367508204178
0.1041308063072943
0.05280133849919008
-0.08306229827559644
0.14339884946998416
-0.05918279234697443
-0.006546941219840006
-0.07804025685684196
0.07170709258022509
-0.1401280117567221
0.17017780295384416
0.05814749952310368
-0.04288327300827213
-0.058097628910299993
-0.01771838622657667
-0.08465015212093094
-0.10338038203912048
-0.19849117396586521
0.16258375082438273
0.16463156841612972
0.14211901022613344
0.010395719453172922
-0.11623004330745602
0.11264538776993807
-0.03794587380071304
0.16272357942018648
-0.00408312018444632
0.12688031395722382
0.08235859242921857
-0.07283529334160672
0.04313466844643908
0.07733922334950041
-0.24018248202667047
0.13939276433662987
-0.15254047357767225
-0.09451299610201017
-0.22024206050156658
0.16660778409724067
0.0019121166014458674
0.04668017729960263
-0.009637050605147007
0.11362544906789004
-0.1983728271236708
-0.10145472972460064
0.014820027568182067
-0.06798943213174527
0.00623868262651191
0.3273287516366223
0.019919629638367076
0.08860041376864104
0.18807996523280335
-0.13337800210677778
0.17890456686636233
-0.00552159623828749
0.07578401821301092
0.052726708949884356
0.19001807660525533
0.06989285899575189
-0.029438000127372514
0.10278223524436068
0.08438537592599539
-0.08541292209113174
-0.01983737051627915
-0.14965301708828788
-0.04528104548447948
0.05812999828714781
0.05334548176768749
-0.017347949205978246
-0.09503471835456836
-0.15035705835395377
-0.019417228661540963
0.2536771462487141
-0.14388411165675402
-0.07038996156303247
-0.1820117748082291
0.014755915051096085
-0.08663047105126416
-0.04633181499322143
0.0008209250608016765
-0.0695344464173566
-0.15198038793381602
0.1278381973971989
0.05923472127740717
-0.11256798655274051
-0.030464629087601572
-0.14228204053773957
-0.1292559846207831
0.18492228235187708
0.012822445208406676
0.13283790396504716
0.06902530360426003
-0.14276133603427163
0.22431724980109047
0.13995420152771418
-0.025160132105442604
0.02083747094820507
0.09315392692184886
-0.0112745222630299
-0.054352113190110095
0.10320904980905374
-0.15719510614720744
0.03429828320106668
0.1765009862541576
-0.29270567410575055
-0.07296895247344054
-0.03284653760502473
-0.04383778187575012
0.24324265564365175
-0.1848498452789885
0.060337615425577
0.15646409927821506
0.22304197253956887
-0.08337090797980223
-0.2876397892835072
0.16867789499032737
0.0346837701202423
0.06061822537055015
-0.253710564730149
-0.09918262904440478
-0.07902556899206169
-0.012504345083764617
0.260746944538596
0.09474231834570875
-0.2684087929137189
-0.1931188880896932
0.02923094436677483
0.027512967799809683
0.15300201287721304
0.20405093507128094
-0.018104398827327662
0.06566527745983063
0.01029805475376666
0.06716292538571204
-0.07334414151143571
0.3387344958752557
0.12555559917787787
-0.06541881723106004
-0.06168538970309201
-0.11775591264053714
0.10358914522034794
0.27507517432941053
0.047063208708467065
-0.06771402207968605
-0.11437515686396235
-0.17657087745578148
0.12308137556475424
0.10844741832974154
0.08544003961030784
-0.1984204153109796
0.09924871851106912
0.19119031974300707
0.20572740965651953
-0.2326391960770808
0.17339275977399465
0.2463077970652141
0.15107833232057957
0.08841581709214201
-0.037371509410562435
0.01512577455723637
0.16386297718164894
-0.09585743133088724
0.027221152423091824
0.09156253769799727
0.18697325601749754
0.029571856817798205
-0.01150666732912031
0.0019770060030248316
-0.09142979065785768
-0.02114776070827832
-0.030630899867327865
-0.1223169184529632
-0.062220077268019314
-0.4032051520950025
0.022521014065709218
-0.06133966185444658
-0.035306464022129766
0.043741607728126186
0.10443847440774527
0.030894208262477116
-0.3322698360032368
-0.05581639520626601
-0.06868225829637449
0.12211517810765261
-0.14945407729028484
0.3571643511008496
-0.0003415815640572845
0.14091392374120776
-0.17624379097928491
0.005889708559077728
0.03853261264266679
0.020675275776379898
0.04823318362580923
-0.2036197402340267
0.07656874400815164
-0.031125823736340583
0.08997406763311017
-0.011514282794011989
-0.01875308794918058
-0.19119060998006368
-0.08544428762267064
0.2565695662357955
-0.012950208527975422
0.03918104059548579
0.10633454660978423
0.14417393774724532
0.004631039723543497
-0.040242583711235125
-0.06657897630362426
-0.17038187312481115
0.055601475751346816
-0.32343885808424955
-0.0387207190295151
0.1469424192804863
0.367531126108268
-0.13351876546549687
0.07912621553861929
0.018822007080520356
0.08219109829354683
0.09413886570222565
0.05494153965336647
0.2438254864855653
0.15405629765665665
0.22073927543486763
0.061343317092849854
-0.04324356821552061
-0.11435799448137031
-0.18999643667800858
0.24059639174589276
0.16411612475277312
-0.04001677925751884
-0.06300067135275211
-0.16146041384074153
-0.03131604887016357
-0.03503245483243067
0.06379419710422644
0.09989094384381601
0.1501305646227382
-0.1444789363126594
0.03701925077755828
0.0479210627893738
-0.044673249456555555
-0.04768517222990305
-0.023517946547713657
-0.1082778167333996
0.19522187871084895
-0.01501090830735327
0.08961699410654184
0.2159233859949964
-0.23866978619980345
-0.017524652343475014
0.02595413439092118
-0.049576795702504846
-0.05854614879689994
-0.2307125444125442
0.007388966554040729
-0.0004071706095965261
0.02993225055130631
-0.03862545046820805
-0.1662529799391128
-0.07046549172086652
0.03905698000805083
-0.04597513595170337
0.07704172359954779
-0.1777234626053681
0.02909315112471586
0.27781927129395284
0.07599942586988519
0.035338589882037405
0.07753496552945627
0.09098903366868699
-0.1966197827732762
-0.09841967696119369
0.012098814787508199
0.02941898950161618
0.14079283938186488
0.10746913804230698
-0.018633043119108617
-0.11392378818027629
0.010752565397493306
0.02644396446971758
0.13127103758315314
-0.11087077263516619
-0.03737945181130271
-0.1001606610165575
0.03079536199016193
0.029012656232533275
0.12874835286555625
-0.1825028329075864
0.15661985262596856
-0.15168744868275588
0.167569739074617
0.025882922194366515
-0.15234870113330337
-0.05725655477258985
0.20406533823446688
-0.11448738049062793
0.01927165629322762
0.024196323506858672
-0.1454382235904902
0.1186973949499073
-0.06321704818284084
0.0423237169483635
0.21800341332903173
-0.11978889585711185
-0.14139886302295385
-0.06630206268253022
0.21189778691934258
0.09414189965884766
0.25351336064897373
0.29555833808481546
0.07671138397852041
-0.33128436920046794
-0.16965483201380768
0.10408448649684973
0.011102671868048539
0.04764715971304395
-0.2267477300176901
-0.07867586260608797
-0.2593657589468391
-0.0692117933051793
0.0816103960564483
-0.03063561339257865
-0.17035424340431377
0.029361772364561053
-0.23226887375763697
0.1384369803435105
0.14972363987827053
0.08790901441203801
0.15254418982812867
0.19231143712817125
0.21740859288681558
0.1639848830217269
-0.12062138002363962
0.004276886380286031
-0.08143898629747069
0.09378555692142651
0.04036665480832189
-0.1329215065538613
-0.025444599175719396
0.05409288809003762
0.04775858219084928
-0.1336988123748432
-0.014908934227774152
-0.09077192432105849
-0.09410886440188194
0.0358013283407525
-0.0044125609840640284
-0.014623315022403684
0.19228180535848388
-0.07421700280292003
0.06724691331558613
-0.030120432017124835
0.06535857386737397
-0.017545875565356382
-0.12069781351429491
-0.031511844257498214
0.02329868721906287
0.17651300631194078
-0.1644546362062355
-0.015007008023530683
0.059751651844546914
0.07589590235428227
-0.0736664145821967
-0.013377339592231372
-0.04108788911638627
0.024350108286895055
0.14554251855065078
-0.06478780913629252
-0.000884298267988234
-0.016772797973023612
-0.14093113742761534
0.0002794240857000983
-0.19329363036448705
-0.08336167733979304
-0.046774943935513
0.09104744743806067
0.04868334051276309
-0.2116111786364477
0.04327731993402775
-0.16601006263754592
-0.08371872191939142
0.16826078061477268
0.02073388642400956
-0.0441969790396495
-0.06623883208232653
0.13834237176153816
-0.11225132980418451
0.206211368620218
0.21928152663009476
0.14696423554606028
0.07640138773306449
-0.011342356721711012
0.054348143597363084
0.047329846546071114
0.09155654969734156
0.022355638009788053
-0.2200792639780601
0.026944521159273607
-0.30783238221579867
-0.03597723434034082
-0.10907659772256358
-0.02697062807620451
-0.09275610807815564
-0.0020500274402528063
0.13452076782260772
0.005992027352717813
-0.07461181594321821
-0.012888034845367803
-0.08371387671290567
-0.12838267096680087
-0.2991058763452505
-0.029236262728703867
0.042981109000025726
0.0322029956015724
-0.16917997805692336
0.02900944278228311
0.26226966541589763
-0.17135417880901843
0.04929140957648143
-0.06470636916129235
-0.08054906476115187
0.1265060936412878
0.09339347222569441
0.10251762071673669
0.1490101669523933
0.1324843355641827
-0.0997665021436112
-0.17118766018899567
0.13338079426405125
-0.058773978228857764
-0.06681186286296918
-0.018777317208569698
-0.03034194014394189
-0.04365846979319964
0.16149136554362306
-0.03494369480481394
-0.1964259658104035
0.05523162708781267
-0.10151393608941434
0.11859097045222701
-0.12236283799058204
0.017830894617376192
0.18877219370091322
0.1592965027037279
0.1231569166685788
-0.06421838240944726
-0.0018876066631808564
-0.1666100034824504
-0.06855708735352908
-0.029966875595071763
-0.09969862547764419
0.017078584982615455
-0.026377192956041927
-6.323149198376523E-05
0.056870612137223144
-0.14129201038726394
-0.10126834347347785
-0.16610021563733882
0.12382965905712648
-0.041498115711954366
-0.0031937006792901548
-0.0831304108284751
-0.21478712402392208
0.1372833043236844
0.09767872159233976
-0.08402250265858957
0.06481916538617315
-0.02109123015852717
0.08104916055726179
-0.10203734973179608
0.20913678749413867
0.15266242114841494
-0.0037810576192071183
0.06561521359004852
-0.13362610650602574
-0.008376021198134994
0.13303029297758903
0.14850431735211472
-0.09078996048823122
0.06073337819164258
-0.002710396059135139
0.10967035315449515
-0.07217129676092728
-0.042423018239048045
0.08925976865150861
0.003276888866679696
-0.10032618560277323
-0.30406481639910243
0.10411497814640694
0.03267548082026076
-0.16805488830816864
0.155678250866565
-0.03249393312182723
0.06286125875726135
-0.05116013949070114
0.09341591152690486
-0.14713207313457657
-0.03282239712975228
0.0917649692886583
-0.10072787086194827
-0.04533938027211429
-0.030158420551829986
-0.04328866298696337
-0.061755304915472285
-0.06224006789193508
-0.2856114252139701
0.04726850258868334
0.2481288333574944
-0.05269151617867305
0.018511923232311066
0.11258729725610891
0.043237073086964256
-0.01038317327121086
0.1763964222367891
-0.030245548890845145
0.13882052886123764
0.32682223468347305
-0.06066832280752416
-0.1559391781962209
-0.22081545125552535
0.019321592373808226
0.09140458285998623
-0.18294183151291854
-0.18586320418795718
-0.037789814620938146
0.20251473967979852
0.055336681133934286
0.17277139405822511
-0.05569157078184151
0.04500265014207856
-0.13613485679461682
0.3070327348516974
-0.1948976412470483
-0.1377172687992437
-0.1107671957565571
0.07822482208042617
-0.006774462146571008
0.18898518577407017
-0.05070566750809557
0.07139855953051799
0.04272461424548961
0.0993264786551427
0.038686900028757354
0.12435211605651345
0.12638224459453432
0.15174118998340572
0.1203721081239902
-0.13052627636745517
-0.09873217091422254
-0.12214171225302192
0.06105756961594267
-0.18632364716187377
0.03752836847435507
0.016416484352438324
-0.14038363769884482
-0.11630424790147147
0.0982679998251708
-0.06409105068314726
-0.05684797484773245
0.00343173039886641
0.04036910143308985
-0.05656888795562999
0.16233370703773134
-0.11850027729742181
0.05850643310785465
-0.08184134584379284
0.16883053769274858
0.09526404630299685
-0.06536377077119976
0.10498449464562994
-0.015105293885242631
-0.11252247480333252
0.12358427668638149
-0.2099036382951507
0.0640708438431919
-0.14443373163257886
0.01963133423171633
0.2002551030039701
-0.09740754865352576
-0.06366206215924484
-0.08134969785448022
-0.057080865882400425
0.1892337489164328
-0.028750465892393738
-0.17413790290338935
-0.19083649820562618
-0.03133834149332512
0.03648699128671319
-0.14018125250999752
0.05291378610415662
-0.01760484643505353
0.1611935810757893
0.2661689119260345
0.02238965098418093
0.036543987586171216
-0.011147420345872534
0.057272352577942484
-0.1011616818818447
0.012962697804051886
0.11145739025981605
-0.04682283739439254
0.03405078709103909
-0.11717279914423658
-0.03240203270380507
-0.05205982900277499
0.07095096842201631
-0.2136557313452672
-0.050775037582475396
-0.07233994267662733
-0.11673186003920229
-0.06872143913104335
-0.04994292625458915
0.16916813594323366
0.020972468684360736
-0.11075477661659949
-0.037822544342337054
0.055479984030434165
-0.2564531461789479
-0.267261010636052
0.21100262489999058
0.08138750943121624
-0.1012331349427648
-0.08269107812576734
-0.0037146192101234245
0.10832649798873069
0.03389139435994493
0.1905359387012481
0.13329421737792146
0.18608413554865186
0.335639422641901
0.19580747038945398
0.0497099628113126
-0.0019604211268501536
-0.015074123050349901
0.060796628445713354
0.0005062308408703275
0.3494226298394801
-0.09239829067600208
0.021437561269390767
-0.1633117108261167
-0.09455626865538949
0.037928796344363705
-0.20999894378246045
0.028059661453703564
-0.08471997137398103
-0.19455609495654724
-0.1517768824726223
0.06051533555249276
-0.08052160107675327
-0.1116057036396782
-0.1817758999908993
0.07193946116460259
-0.10773182997970875
0.23409096444531266
-0.11090403594704089
0.25257615958670454
0.023619859611916847
-0.09988877688847024
0.18103254795375598
-0.17946838331941264
-0.29052129790600045
-0.14540731035076795
-0.12145403960608052
0.32758072825449325
0.027001675577852335
-0.2155765171569151
0.04863726405739937
-0.2477002415031858
-0.005947205005452249
-0.13308038157200197
0.07323261691940111
0.17647033784991903
-0.0033570904581756533
0.1280277884877081
0.0924167938619671
-0.17780640404610387
0.03128287572454599
-0.09842755264277651
-0.08365047789330843
-0.24517869065058628
0.24359631360891265
0.17361332904273855
-0.017013898050284807
0.0032454183011661666
0.3321709086458524
0.07789621434144305
-0.11091488684357872
-0.11403393137149954
-0.20470450073234725
-0.01381609286075069
-0.16364999878970585
0.028700035358959715
0.0026604356236142233
-0.14670420740146867
-0.07596712662803885
-0.04771332740642866
-0.24149777670547765
-0.1776867530563986
-0.19606288565510854
-0.0023928843841748144
-0.015410302353952802
-0.16019010725980865
0.010111107236722533
0.1286233731745711
-0.05713779081283851
-0.311396985282279
-0.28662391508488705
0.013891954268421046
-0.06683594472072184
-0.06312721302935347
0.07412364988134473
-0.07726131256826595
-0.04888603262157516
0.024736801730640436
0.04239695938631877
-0.09267156803310472
-0.009096125768877245
0.08952078616782985
-0.10739149516593863
0.05743350382958042
-0.06772610724220993
-0.0239547291549131
-0.02881528728809662
0.25312902004474913
-0.1565365407995599
0.1049413632290434
-0.013060019370076368
0.14025536804641062
0.08749789050080721
-0.1024870986535358
0.17196068774867868
0.13223666339035042
-0.2534753658577772
0.06942410271153633
0.0256890365020699
-0.12089095461577173
-0.19819262709314345
-0.04636345816490551
0.0919972533417289
-0.279312349548246
0.15506489727803532
0.10451976152655996
-0.03367931407442974
-0.17495275200144547
0.01389101511274888
-0.08121933715948668
0.06545682737642491
-0.03804757045847082
0.007003865886918164
0.0825967653221063
-0.16506556944729717
0.1716950480633432
-0.05845689486696173
-0.09898319710517668
-0.04580442030045413
-0.03718444928517747
-0.0843502327323066
0.06400017859343375
-0.08826712561252296
-0.1382871384258893
-0.12059111695879418
0.10844758496643025
0.04148976299864376
0.1114478985247183
-0.06492441901098622
-0.20049871909952172
-0.3101296889183422
-0.006770990138080773
-0.06461113832251789
0.16907458899300407
0.022364223485837477
-0.284926267109828
-0.018327263339428863
-0.20626253579134057
-0.06769442942842097
-0.15671045962059196
-0.017818119939561256
0.1500959795454413
0.14861141158553764
-0.12822886904906042
0.05038082033341994
0.2160235492723945
-0.1710295321835059
-0.22624843762111604
0.1571628115365234
-0.10839478655487324
-0.10886132470706798
-0.01793804556042519
0.15619530664338654
-0.10436223924579797
-0.1757333761794462
0.0006358696209713005
-0.007695902265057744
0.06704059191703325
-0.08103646499115338
0.04455652591958816
0.3044930759417806
-0.1615479832695284
-0.01392432520914503
0.034368125164714054
-0.1289264975077462
-0.08618413849169551
-0.10426335678878156
-0.13854849178591422
-0.08040937981877044
-0.1446829186990205
-0.055468841076838374
-0.0311979358420614
-0.022931369178672837
0.07950663509491779
0.014027344962037062
-0.20389692352045838
-0.12246242682207643
-0.27990077157883725
-0.0024482894670119133
0.10396649489797144
-0.09007463848996564
-0.1153349869743895
0.11297344354011099
0.17167512669368812
-0.168835901224345
-0.012488628788055683
0.10487980458763455
-0.07187226735296683
0.06215737538114475
-0.00878400870393112
-0.05368459994452778
0.07373252296182371
-0.04840354756621036
0.07913895656525445
0.11737305827706691
-0.03705148903080801
0.09477908685854927
-0.14483586678343824
0.17848930139923802
-0.2652297928906957
0.07399529443769351
0.007486612400629606
-0.07849335884389423
-0.02603457693185182
-0.027899830307276607
-0.21100021048118364
-0.03263502858543453
-0.06337590717569884
0.0581403724653126
0.1825134588931335
0.1633811598199953
-0.2227243478131801
-0.034424730630296205
0.0637893797563146
-0.24641296348246872
-0.08295217457074364
-0.05667627687393166
0.04885394372776954
0.21707086667273096
0.026350868666487105
-0.1805432508524199
-0.10678885037370295
0.02217695994251093
0.05854482313551669
-0.3529684735310492
-0.016891368589045948
-0.12369267255305424
-0.009982903019954406
0.09584321303183016
0.0512298975709437
-0.19090257329418567
-0.04536233218464715
-0.2666983629719211
-0.27870640432844296
0.04544366523701689
-0.05311429758103865
-0.1154333121082661
-0.04190914261351751
-0.09907042567825952
-0.036929162327537284
0.02669511593358228
0.10911103094759797
-0.11178861369440604
-0.022968965229983065
0.2747766803364696
0.14625698973606172
-0.11440428415880251
-0.17716744841120272
-0.10510873263889843
-0.04908495549344504
0.011714572884694149
-0.23416017994831198
-0.22632205878314304
-0.05845224193781777
0.46643553959558615
-0.027046649715440886
-0.04488448337015963
-0.03938729956607499
0.047660777029447716
-0.1551905929681222
-0.1530572125008393
-0.04874575836273439
-0.02644363215863989
-0.13350658443664146
0.028404249386844466
0.06489170172260882
0.17092304194323515
-0.017478501343242234
-0.09150138663919478
0.050358654277861736
-0.15045269612670414
-0.1891676533878842
0.20276893030230525
0.3698709573562999
0.08891421026315709
-0.11922153766090761
0.046858323521126385
-0.23957287713600142
0.19752792299329025
-0.14700156043329846
-0.05478178751714425
-0.13226173240205213
-0.17016128538595862
-0.027499372170154728
-0.05436638078086723
-0.10058588778512743
-0.10562046758441647
0.037238871274664166
0.10284642046763683
0.14301262492278383
-0.21678825199342106
0.022749231108105946
0.0046644108830597554
-0.33143866369845726
-0.12912550330919928
0.13111455076782352
-0.09609598711489137
0.1996602100047025
-0.18086693601641124
-0.08614818842985736
-0.12186376034884198
0.04513172273779201
-0.10557710128896595
-0.014533464370676593
0.19597975625009992
-0.013479290484364494
-0.20535315701252144
0.13240468899578847
-0.03575906358413589
-0.1113926601228818
-0.29812384398187447
-0.13469350224240306
0.08605018395515585
0.015253099287727069
-0.06727381884698268
-0.03418020613738631
0.04866204332202773
-0.02118686300740861
-0.19658215580740737
-0.05551570861210706
-0.020622742570892978
0.2112829822886541
0.09046931376304318
0.273452136338096
0.10644769721115997
-0.07685657618075765
0.252705473162473
-0.10402640327931971
0.004532435364850328
-0.023787645240624586
-0.04783144262402491
-0.04439450850758551
0.005040782019668206
-0.18187275052568985
-0.16987922783840143
-0.23842411830439017
0.16927353166297715
0.03886206673930795
-0.11938879600613728
-0.0349718401776865
-0.054458852012507136
-0.21664026482765364
0.16833403029292285
-0.189076210261531
-0.2452305787334548
-0.2849031714226537
-0.25929925438407614
-0.11198079142838976
-0.06785288148336206
0.18012626743254032
0.10802752985834461
-0.06696323220608298
0.03069998352190832
0.047201435279880966
-0.36114416730258375
-0.043019452895000324
-0.007955173189838752
0.05581076094271441
-0.07516732165153252
-0.2142090618437716
-0.0801039521056655
-0.1156234145336226
-0.2833964558620883
-0.16982868067971402
-0.19562773373813164
-0.012652908786464025
0.08272157445825325
-0.0428275765058768
-0.05521872343836074
0.1347629545861906
-0.027226506679278947
-0.14436298541037293
0.09346396778863035
-0.12252574635590442
0.0699286227328885
-0.18206888541254365
0.08232922412400201
-0.3390821447342271
0.10589612253517079
0.1361688426954127
-0.0023950681228465894
0.1878893511699082
0.19362757386177476
-0.03120532960144193
0.14919559844568037
0.1701145315581841
0.19588284462463734
-0.09065573692461816
0.008588293067543306
-0.016470880587891822
0.1323921113490252
0.07437134210936057
-0.036736011961040156
0.03704884650373984
-0.10026850897338314
0.0641708617498911
-0.04901938825623161
-0.08861819718448406
0.054206163001296354
0.006360191095248116
-0.0011079037503150095
0.04478803662023674
0.08600279852073098
0.14286603653131705
0.03886639418557302
0.011839307505134929
-0.06124950688068199
-0.27811405751754964
0.13995646146899368
0.08326578268599445
-0.14873267941322393
-0.13295660809512816
-0.11432426734767873
0.0995350722038262
0.029774187133323714
-0.10015345209104844
-0.1676073031994733
0.1156296891526718
-0.04124844036369655
0.16877122451023063
0.15905355822541964
-0.0693309005822277
0.20586436447724293
0.050035278432856434
-0.10288948915174842
0.15131246259789158
-0.10053176265318128
0.02136056182834085
0.1546839776811892
0.0876706601442753
-0.08595768168708731
0.06158516579190838
0.18150353918215262
0.04725737026977527
-0.019904371687729464
-0.07729716368162119
0.12966611155038463
-0.176413794586525
-0.16952470840672398
-0.05190636307118479
0.11915859708468694
0.18457469069354954
0.033056776680520365
-0.14238982260260188
0.030456002670665325
-0.1354292377735541
0.03429238167776393
0.032864265941415054
-0.3389876293188478
-0.06350252742368204
-0.18691160984597158
0.05081977545765937
-0.028460121642640404
-0.09432085188046342
-0.08475951926003497
-0.30227778311054193
0.001243241774047945
-0.27717236209047746
0.039206519247438246
0.04825006448849876
-0.21351940976861045
-0.13016105456751206
-0.09049349601384755
-0.007643625298559416
0.14231001460686024
-0.1206629712815341
-0.013630195264370685
-0.45475139586451563
0.05030412057993244
0.07440861942031535
-0.19314852493485535
0.05414458294319803
0.07047739879174329
-0.12177935922787285
0.020331214751156415
-0.07974268532553448
-0.04500816013606515
0.22485926552108446
0.05039197249478013
-0.05387171564314445
0.08843516620278057
0.09753980807978836
-0.07719410197566617
-0.09991813097101493
-0.05248871283795651
-0.2598511424009407
-0.14951451450459904
-0.06810492557358667
-0.1895237168120689
0.0816751754890701
0.1367259778169228
0.02414947604259267
-0.08291587523266888
0.004795281547394769
-0.08004592233859693
-0.13602101927128268
-0.05228030182566026
-0.2647526616942381
-0.004059500115252575
0.06591524245360529
0.15423770751257065
-0.05964746331172616
0.1486112785924034
-0.02521331678938619
-0.07621674147473416
-0.004659118559822977
-0.21676137420833283
0.18732613176223825
-0.16129001406737525
-0.33399663845508415
0.18690882111474283
-0.03401778476060233
0.1343395883069225
-0.02756860949906323
-0.18988543024462914
0.023352680298487156
0.02870161002627999
-0.04801723837523481
-0.03848699009268532
-0.1310753024334345
0.025523122472288287
-0.03670285258511248
-0.07866888388992489
-0.025136504421623934
-0.11564604683815528
-0.13234280543464202
-0.19805708389318555
0.03575051220201732
0.047837663218463645
0.01704275181138822
0.08301198035412048
0.06408009521741778
0.15176449425678437
-0.19322714083162998
0.24756432271180787
0.04282588672238339
-0.11611860938145666
0.06467243830369472
0.03738911168520714
0.0026069751544138403
0.04304624410255973
0.18414880077205809
0.008334163012693028
0.18899261084088748
0.07005746582240406
0.03405134806903825
0.21686594953688484
0.1004527056343543
-0.0900419476650523
0.11683376563754042
-0.29653600084660153
-0.15400820630334525
-0.11343646924405196
0.18099216477279081
0.09696182145630182
0.014749734996301334
0.009557494285850043
-0.002983146646403223
-0.05971073280939383
0.085638789485682
-0.0911604168798379
-0.11219568893313399
-0.04999826579567882
-0.1526930511058653
0.0834246343619385
0.11204403265665665
0.1115132789095076
-0.11096945334889692
-0.09546529045215947
0.034379236194571616
0.19821704468703727
0.37053164449464077
0.05186135487429522
-0.11867339604712102
-0.02650246504052283
0.02842546346556882
-0.14228265078082597
0.06639645823618022
0.04411862479679602
-0.0519637761114512
-0.06628468469693809
0.1630069599608061
-0.035801653224481776
0.019469787267186775
-0.051670346339334414
0.11523976595161378
-0.09529412528547009
-0.04879492234550829
0.21754847228499072
0.22688196665221472
-0.0474174628146863
0.008207767881369489
0.1130996949500515
-0.34177067223175833
-0.06525596745670867
0.07329105842452108
-0.005883857717745897
-0.21740637328237747
-0.11531626091527566
0.2069195500311716
-0.08838284504109475
-0.07414056126415065
0.20819451217115603
-0.03851510483441859
-0.10510502090713691
0.03405844115114244
0.045256759021601284
0.2077282499466539
0.0006609693125049635
0.027715817916406715
0.15858108356505837
0.13793067829937927
-0.03053307631748768
-0.10300597097633486
-0.14331903533442966
-0.017367412984761983
0.1080368863038886
0.008087661026718932
0.1070538721872952
-0.18841883042600324
0.05237848640561067
0.07880105967264785
0.05321297225487117
-0.1566139369217053
-0.1547097056828189
0.158944015223679
-0.29336058743689747
0.03097414267267314
0.01665364292568588
-0.21184773340726074
0.11651772216179926
-0.3010467542065742
-0.08806288052290505
-0.06523294633456744
0.06012146248894111
-0.12292917821945329
0.08522465754216002
0.10341480521952724
0.00514043836291079
-0.09296638897297294
-0.20662326353801094
-0.08162556061173194
-0.10502720242019273
-0.2699873836258396
-0.028570429232039316
-0.1492842451453617
0.008081222159162599
-0.029558660824690584
-0.005164090678650871
0.18187848967808457
0.09326359507609175
-0.011459058837840666
-0.16220407682616222
-0.12925632409826143
0.09281434522336664
-0.041954526408124956
-0.19640521321875504
-0.0016773417596724208
-0.08255328423996662
-0.4387009261981159
-0.06292847838327931
-0.0228036374403458
0.12809007362330987
0.0042129393740338765
-0.03967147530223388
-0.14399929930697095
-0.1304951149080735
0.006309736616734138
-0.08498237466205258
-0.01719068946611502
0.019563344386798815
-0.021955843343289868
-0.0914683262797345
-0.06933376108729833
0.033019423024658795
-0.08390586109018637
-0.0463694612556278
0.1583792856467727
0.06046530024516212
0.1914132798583579
0.17550876329804163
-0.09260332620044805
0.032626242225668296
-0.028770908157723814
-0.02754119581749367
0.1531298655217779
0.011130218096296848
0.06316891094679127
-0.18262966347706572
-0.002066308642426295
-0.08255389542454855
-0.07951510001140062
0.051113651417711556
0.008477242490133492
-0.10002076297182955
-0.033094261352278
-0.08059483676551107
-0.02565162665160598
0.021558665796009832
0.008144382788795338
-0.11407800373404102
-0.07255331125720921
0.013929271742873119
-0.11435150839520584
-0.004550315184851222
-0.03911623385979634
-0.043130955276052124
0.06326095144852079
-0.12403372158608403
-0.02836458226771671
-0.08176366069761236
-0.16612137448447492
0.01506384628644071
-0.18431309464650517
0.07093383650338737
-0.07253139257894299
0.01556704922431105
0.04724635251574349
-0.12013990338866985
0.17928550674712493
-0.047435845163995204
-0.06144990031900488
0.0880254747300041
0.24159304650534227
0.04749380550344181
0.052282708733838265
0.2224239175139993
-0.24329121045165086
0.017070003863439393
0.1340635473572391
-0.11848917614887172
0.3474965906139136
-0.16860785131485145
-0.14963581245409913
0.10537825831911517
-0.03997931822409425
0.1327619001966118
-0.14594816657165505
-0.06257707388716548
0.02890928801355942
-0.12540098937049138
0.00018567768762100802
-0.027672552474340847
0.151836455023142
0.06510839757840216
-0.24157682337447467
0.2731057819587965
0.016121290503587314
-0.16916482048224515
0.16203854302700868
0.1819023212126957
-0.14366859024868112
0.28188983736928436
-0.14184267181112065
-0.09409844375663291
0.10420929901017822
-0.11763118194495602
-0.038241361631266534
0.044135889069621105
-0.06744208683694927
0.2173012390746396
-0.004263155845899236
0.0056987179887989774
0.02497784783851024
-0.037769309924449476
-0.1014840908272236
-0.029551513218269404
0.10311586689715492
-0.010959112891507736
-0.1842580002677945
-0.12904691286482273
-0.11994223221660365
0.010761884878821147
0.10840160682488247
0.009006150217646206
0.04909137821592574
-0.06132056926574237
-0.05316147761671926
0.029963914768267468
0.0028650575913582088
0.09094338917543296
0.09624138059605135
-0.04730671602437888
0.030165342373975567
0.058839903062721376
-0.01835462096896384
0.1186204859519488
0.11040947829103287
0.14746656805623323
-0.04648337948612975
-0.16118014121588603
-0.15816958197147818
0.126988783519508
0.007066594116166309
-0.1900280016208945
-0.009128495581592505
0.000836857651774516
0.0559295922294863
0.011297177843784754
-0.03750998234764838
0.004004647000070304
0.09074090367791368
0.10319239424680712
0.13719607372828813
0.06363627763726495
0.081572334503028
-0.25816134785663875
0.1277329830580879
0.06501207266812893
-0.10320700562933381
0.11075212749596722
-0.2104919622471279
0.0958924642650561
-0.21707568853988524
-0.09608367878931884
0.03500880856637259
0.11190703630977937
0.00627653453366288
0.06948239344936855
0.06365198244979565
-0.12879952384673612
-0.12362012053783984
-0.006488874087296022
0.08239934392980068
0.05206243109851119
0.058551040411615865
-0.028972591764696177
0.041020979499127794
-0.021842650044800852
0.020929394533300227
-0.09442264274931178
-0.09665902519214022
-0.026366652337039886
-0.08315275359075612
-0.02330380711070561
0.04789384294962412
-0.040527220637197436
-0.1295540950332257
0.16150896465391837
0.2553418005335147
-0.08732242144087635
0.3318079885842457
0.11848064975909425
-0.11322424538269922
0.029849565993498986
0.07757858953382386
0.02765779519147227
0.07653501631651327
-0.0826609762863038
-0.10380015261530957
-0.0718615221214005
0.1993538217472515
-0.06987178147649944
0.1362568125353527
-0.21259211463090844
-0.14498099918158552
-0.07710338291210153
-0.050069667194832676
0.10357749368604983
-0.0537493792111693
0.11497518265851892
0.09689347640124703
-0.030467662768063744
0.010451496837152099
-0.05726603836161113
-0.11090461757828468
-0.007397733093645372
0.030794962367159385
-0.2079476196159064
0.05766489746906182
0.13854796622517335
0.09829872074769382
0.09207117026113978
0.23699899254292925
-0.1317800060806419
0.16072462045677777
-0.06132263575069291
-0.021469642272597962
-0.10709332836980488
0.06431214332278573
0.21973871572608009
0.07450314117301499
-0.1599079507198824
0.015917001851575664
-0.22552906322128552
-0.10287621208142929
-0.09764446550677143
0.07449421849101455
-0.00016146663281679053
-0.02736337285420192
-0.07615543900275783
0.20813182064177377
-0.14203157366499716
0.08565248636657402
0.04404682876319071
-0.020225182957337
0.046038044223581646
0.03859845012071688
-0.16629993919812502
0.1649570490081014
-0.291543086427116
-0.0891899008198913
-0.14929201622994012
-0.026064943957226038
0.07932722442014274
0.13156390990019987
-0.006302240426411496
0.0016441491274450644
0.01997128981127392
-0.06343689813670418
-0.04946144932975226
-0.16430947176389618
0.1836057633209872
-0.16528333315449598
-0.03996336759331734
-0.1689394985239971
0.032260548636530724
0.12320851857248312
0.09917845721167655
0.17468773601282367
-0.013537857047417475
0.11629223444666727
-0.09500650360784733
0.11631158110717425
0.017362901144276303
0.030828975129467202
0.07912779708647101
-0.033739626366442135
-0.059322420284785814
0.22164815443798064
0.04984620196897301
0.0171990291476033
-0.1464969428680021
0.10217427469166035
-0.06384075092966383
0.18585716506987998
0.01879376288391208
0.17415566494929682
0.020514842424758626
-0.1362672362159535
0.159561412085884
0.11054779883808387
0.029552524547201676
-0.14672078472724787
-0.08869895246577544
0.00028532613452963014
-0.009432323810045615
-0.07453208049595045
-0.20862104341827248
-0.028522175280232175
0.23584599651652488
0.24276259398442027
-0.10795621876747633
0.2520432980813649
-0.11139558786316589
0.010433227952344836
0.02346641391504494
-0.17701377393873519
-0.17557436025553474
-0.09659488690149554
0.08715695081891948
-0.3193314265428953
0.1739165578896675
-0.21205637676189096
0.11179413741650844
0.0037369977218076164
-0.07618423407656534
0.10731423027228867
0.1440180306826112
-0.03134669983108542
0.13795736214094104
-0.10745722763330817
0.14458469937945673
0.005351887144296909
0.1621459524974737
0.1169508386903705
-0.09066599259230146
-0.038197653948686766
0.03237476796018284
-0.011025619295348062
0.11942714656663131
-0.034172333367696824
0.04074633424439913
-0.038868084280114845
0.018581561197070096
-0.047260889162212646
-0.052824894720235244
0.05407269621380749
0.2514301426157888
-0.046699456458228726
0.0032579104265009072
-0.11805032995338136
-0.061820298842031114
-0.12718065945301005
0.29761943128674734
0.07126215497790311
0.05304763230832472
0.07838106315298506
-0.35658754553081534
0.14698957990539668
-0.030812026368187313
-0.08414894465888334
0.013916157502206922
0.2803105715513082
-0.17264932689285092
0.16610494606386564
-0.05489362581808193
-0.05121606596457571
-0.07008664802674787
0.08330366643026156
-0.06044909634877296
-0.006034441539756078
-0.013749102911064142
-0.1382828457230794
-0.21144927952203676
0.0696530852631061
-0.2699441379332328
-0.16480851260580695
0.08129949387869663
-0.1068918950799554
-0.09078601805259857
-0.00296198566547371
0.05917815450874255
-0.0938405376039838
-0.037911465692353624
0.031508627062557956
0.004867584647551153
0.34338511105063274
0.2990872189608369
0.14755041548043868
0.08047521549286582
-0.16361380024979372
-0.11464049511259766
0.05089034346246824
0.04437497531602781
-0.12398869576446919
0.1545947827393635
0.049509803937448305
-0.05769393394378541
0.00462274432184966
-0.0685957042724647
0.006092563433968063
-0.03974421539235572
-0.3720824597366306
-0.13729220885486182
-0.011783972716388128
0.17797709844390405
0.06214364544611937
0.19675164507849421
-0.09283044444994368
0.1767560655805186
0.10435523012114735
0.025156435737500264
-0.1880863038789228
-0.0640561210224407
0.18171480537491774
-0.009332106595520964
-0.23738560864146682
-0.12597851444623884
-0.0860586427268406
-0.0618325497185316
-0.06110943934545635
0.09507625550132444
0.1278699909623546
0.038344874462054125
0.08978148405037331
-0.14620044088972417
0.07496381632665412
0.10017545667899622
0.10928255728609826
-0.010230398542403717
0.25592117036558576
0.12581966819500529
0.05219566895545582
-0.05201738405729037
-0.09426479874086553
0.08704481296970058
0.07908625567887624
0.22641879029503698
0.10424996771569901
-0.006187487494089809
-0.1032310769280172
0.08901814745327814
-0.1916192429456999
-0.08489863219588914
0.07871565426488518
0.020347708912835265
-0.024625131963372578
0.1341788103481988
-0.07360850257210075
0.026595394941026012
0.017102463054455723
0.10971796177253056
-0.025829297348138956
0.1749533255510112
-0.10681360193213017
0.039159080032979035
-0.06337025239989645
0.1212129642203254
-0.14396621154095096
0.06820412776679757
0.202075582221746
-0.03459940238766975
-0.1242984477623041
-0.1591952872641052
-0.11739797523557519
-0.14587417491397994
-0.08495369675325716
0.16744546539580557
0.05744280266264972
-0.21288944520269765
-0.05505397837252771
-0.14751706554372435
-0.19400764929990477
-0.010785463382906608
-0.026293986134397217
-0.024839857354271473
-0.033229337304518734
-0.15288947148328372
-0.21265322204494838
0.043165687789773755
-0.08028806913545683
-0.09270214361612875
-0.02864688804447205
0.06846989310950487
0.21559862664542703
-0.29474616589414027
-0.2544094959028929
-0.1091938709589238
-0.13303778907188282
-0.07439638990360317
0.004652124494076218
-0.17149413643816355
-0.042997044963699646
0.02214446697102102
-0.1592451656351754
-0.20130586481823895
0.05651478240123382
0.07446803494204567
0.019102032860126524
0.0857607230118189
-0.018171251922788616
-0.06358029818643023
0.02074921396201664
-0.015187332526424934
-0.07482647039131045
0.004766513482040825
-0.11932780905693398
-0.19042187257995996
-0.0793284579256577
0.09001763770291775
-0.148107721451748
0.1777957752609844
0.00126973931274855
0.1706239520909962
-0.06678999268021994
-0.177629617717882
-0.05647053207499077
0.0025085601262867384
-0.09713766821705841
-0.07625962880904692
0.03135271920522595
-0.043029495023008554
0.1552776299399396
0.3142092683831251
-0.0459019625097709
0.05463529727164343
-0.23708605659905171
0.22782098273971058
0.15554376606631243
0.17561634504513546
0.12707175565853956
-0.1634966616483244
0.33425521106489403
-0.08259285648181959
-0.0715058262571768
-0.18362083229939916
0.18909258013762614
-0.07592395963672458
0.23274195373488027
-0.0835426595054719
-0.049813770972344885
0.05585846078837459
0.17899749105369508
-0.07429409742960434
0.07292400336679324
-0.15553816522801814
-0.2620278083911566
0.019867695832940735
0.2139361088707598
-0.03620669812116608
0.13383769511366722
0.10611967953070454
0.15163828765465495
-0.06999041262843288
-0.12737185720413752
0.15617856713343348
-0.07476273431799235
0.0615841039652489
0.16766735718607684
-0.3126064415683415
0.03586827055226951
-0.28856573482991854
-0.12218488811993894
0.10187932700083185
-0.05291840967614961
-0.3035466994004684
-0.008391862364024024
0.12392394449551954
0.05481081972160277
0.06708332528382124
0.15209078827748151
-0.007840186906604162
0.04949725422952522
0.2070970307687068
-0.08749362877694199
-0.07322410754964097
0.09983167789671489
-0.026127298876635757
0.06756096175479878
0.11382843439781754
0.026870982256657815
0.18047860542080937
-0.3258290253688053
0.09282100601779546
-0.1177690879422641
0.050018231041979916
0.06342989118686487
-0.06591022084372869
-0.2550007142138281
0.01633245242531844
-0.08529124496269842
0.13925140422167212
-0.07617128385775829
-0.09341659101734047
-0.04652709239254438
-0.1309383964717378
0.07029699257847456
0.2112666879348745
0.08702616508438783
-0.0034781539393452087
-0.038457234517732565
-0.10654579688770376
0.07534559593642262
-0.21695525571738952
0.025020069169417864
-0.019200103838682397
-0.09405090220342888
0.12386350625693514
0.20909691036534359
0.06870730097404498
0.10106479482997437
-0.02884727319426654
0.08953515314626337
-0.08889874484354464
0.16607952417200983
-0.3597124564619975
0.11890249888491024
-0.025576753049744803
0.09187398098743202
0.07601380815843393
-0.04283773700399934
0.1503909268651291
-0.17476134997119072
-0.22183043351486048
-0.04883523537493237
-0.04222399290939198
0.01638762828729314
-0.023212101451155917
-0.061679094783539085
-0.059073942939773534
-0.0018829389379115696
-0.03268773396199557
-0.03425600611758156
-0.15958529636502922
0.00715030026819786
-0.19925916523051854
-0.17431667277293741
-0.1831455436345546
-0.15172492698901024
-0.09514764616337028
0.08859526593602386
0.1067978849182353
0.05433911483232338
0.20272328423713817
0.34668173081417986
-0.014343456453654776
-0.2915953423503085
0.061834858655914954
-0.08467786253212957
0.23687813645684286
-0.029741238384440597
-0.10787284706012396
0.3217983544058521
0.06884464085400997
0.31371617028962645
0.008945107599233412
-0.03577589344319789
-0.08046227805849068
-0.09135919354119121
0.16065494512910108
-0.12318998767023005
-0.2032073461589991
0.017649434083169074
0.020111206425014818
-0.1274726049414572
-0.08390313045974193
0.2406872125920381
0.17254086602023358
-0.06086716512123969
-0.05056866982860315
-0.013797717319511356
-0.14031973477014875
-0.04158679008211734
0.06044787385530054
0.030136691863076732
-0.14682300610487997
-0.08182939511929004
0.182915262682825
0.03427857032311381
-0.13131524761095592
0.12781443025198783
0.14092832727684745
0.24331335425030898
0.058323350843205043
0.2776694745711278
0.010658345838168753
-0.11406540055724342
0.02260968519813231
0.11799040385454959
0.09982135017008648
0.0010741435784562142
0.20307372349900182
-0.28465919318405974
0.09001956244384289
0.1668493645518575
0.10272918349132845
0.15774638064186725
-0.09878598820168791
-0.28572615699674764
-0.04576413713462537
0.0569947199116013
0.10183425731694139
0.12957412810268218
0.18523974423364134
-0.14419559718717934
-0.0772359925306168
0.08628174922427773
-0.08811512564377158
0.11617092294199573
0.18530185744843103
0.2718057521690112
-0.09526442788082931
-0.02523444590151229
0.06509703134912014
0.15048836712508853
-0.15445486195373176
0.06760486262231398
-0.18444195350396006
-0.06168337843915464
-0.07936914753416115
0.0851060650698489
-0.1917270812103717
0.11343441817678283
-0.04546624406550054
0.06214570119683439
-0.06112232103217301
-0.06173451659977105
0.0074307958700969125
-0.18524776041395216
-0.0302787511090667
0.0344181032882926
0.22325540103395913
0.2567333433430303
0.012133813145059992
-0.036003289207352025
-0.231048930302142
-0.09659664550054242
-0.1194257972435513
-0.054071682775174996
-0.07672732361825914
0.086244108534427
0.006830195841056847
0.2520915705995626
0.04501364631549544
-0.11242753054575713
0.07308675449875664
0.22554720808167153
0.04997992986470942
-0.11189405571899422
0.3055011605797409
0.046152274405831396
-0.020471641626001166
-0.1334654172193345
0.006663275140020249
0.15320041692771097
0.0966563416789675
0.1414991732400569
-0.01955077217749546
-0.17272655772000645
-0.04844285081938956
-0.043658970412773
-0.08027637778847278
-0.301413547558077
0.10343662976128111
0.011030950703468366
-0.12379797712597283
-0.13715663603070455
0.0823453347692738
-0.1083450682162022
0.09935946829523266
-0.04527002133410846
0.10602229407647654
-0.01481048675924097
0.12122488168367206
-0.02041997454419306
0.27441847692193055
0.058122459782098644
-0.07397983223831736
0.008566989328623292
-0.028749641649624368
-0.02231775968183836
0.1616441567516602
-0.14504532918850946
-0.13499422397053526
-0.008236815835692912
-0.007451347585438782
-0.019554348654930262
0.0987176764777438
0.06088074452025232
-0.05926806242811742
-0.0849584061425297
0.022150883914726353
0.019999270276237893
0.15127989253864355
0.025503913489902504
0.05822799502589452
0.0075973550905685545
0.33538203429375923
0.05795576426028965
-0.07238457987773048
-0.09121530325784566
0.05986966593425314
0.07544720327950605
0.23799216631176986
0.06418670319152386
-0.10525162369381498
-0.07777760010203008
0.09797149396724936
-0.21096602975492654
0.006162451678729346
0.042420841842876957
-0.045351814180797104
-0.09278817298686945
-0.06209959424134519
-0.001666259061307423
0.08993350728776855
-0.0456278058479374
-0.13628760710394786
-0.23574757043956954
0.06605500099057872
0.14050319106528716
-0.0714055752320988
-0.030820724278857202
-0.039681834940812365
-0.167887888238924
-0.07814736214024663
0.12841159589888737
0.09857369456434822
0.032444074521790066
-0.18678109143282126
-0.046985937518081396
-0.06210496334717192
0.11336076021740411
-0.07884934066514976
-0.07710197354401717
0.07924506167613456
-0.01981171914569736
-0.2468616175378814
-0.002083523749238335
0.028756010232350464
-0.05081708492770443
0.10242263831185099
-0.2946547156451831
0.1118333435027007
0.08236279931170096
0.0565550012385094
-0.09314535420235295
0.028487380511584965
0.07498538542421919
-0.032312850306512444
-0.04841713605903816
-0.07616069337495915
0.08655255185832214
0.06571182312797592
-0.14910942592555135
0.043372656617383334
-0.11046021159957456
0.04501671664243024
-0.20158740849600923
-0.020005866353824432
0.08665486100623837
-0.03618715640417814
0.21028091844877847
-0.07578802234335445
0.03754101507132963
-0.15036448036304778
0.08550164918672096
-0.09959864054409676
0.20603005918853995
-0.09634129384807734
-0.006440383418000183
-0.1695354963026753
-0.01570859865950527
-0.027816912407742034
-0.022694075550565556
0.16657269104789665
0.028290774469343482
0.07051722522222638
-0.05929311572789938
-0.038187522869888225
0.0040791199413318215
0.0344876518061191
0.12230965566679314
-0.22133835531091448
0.2625188199619919
-0.09289226156470187
0.17432713359497085
-0.09893956263759499
-0.001942525019278209
-0.33068055067126784
0.2004933474924319
-0.12770230785378017
0.16172184119205305
0.17633247138601915
-0.0003958001515263959
0.18439396084388057
0.06402843763892832
0.13046933081555862
-0.1943466259072214
-0.08348536057395123
-0.013813548657544744
-0.12400401195727667
-0.00961492723779817
-0.030347339689083222
-0.058312906002820804
0.2502381966911652
0.08540756698297196
0.027915184691353446
-0.044819332877627086
-0.0021228846694084113
-0.1542023506072176
-0.051073897180294245
0.050618840748441155
0.12470729942835748
0.20373747055403932
-0.23587908060992252
0.11392240649629938
0.10833643827635882
-0.2963900078253208
-0.06703820055122878
-0.1517426751161512
-0.13695331106011757
0.12055752877412601
-0.24489344157646048
-0.03397257793203526
0.12540469794186473
0.09585565292395783
0.016408360793916194
0.004032109647934137
0.040805824956922525
0.1579926295984107
-0.0990732507908924
0.1310509703330566
0.20591903672823617
-0.10189677442997547
-0.03479534950525731
-0.043876666803074005
-0.013698771330179422
-0.12569474695033772
0.16890055181559938
-0.09267681763756647
0.026432684001978412
0.08989281373943835
0.15125999856471628
0.03712417264163791
-0.0941518348164693
0.051820646076890756
-0.009542443731121883
-0.0788285333884598
0.08810717861987225
0.007839616650274467
-0.047139004571861765
-0.12967273966281875
-0.07709400502140973
0.059107349363092185
0.04123163672454035
-0.05230675898647187
-0.0047377647930860614
-0.228098579574387
0.043073044647835595
0.022472802292299646
0.01783626867191246
0.07014154579513866
0.10760040347911806
-0.1167100935157302
-0.09823005485832749
-0.004643152779176696
-0.22392650560850208
-0.08904422665432549
-0.19948319883308444
-0.09052082876969184
-0.08850324081441767
0.01650504549911061
-0.20075064260138384
0.20874581535523085
-0.05521955403917979
-0.08239492569324303
0.10669728780484249
-0.13395583969543115
0.12062035588116773
-0.014738670870642413
0.09350196370710798
0.08234120758018842
-0.08655113841865605
0.28057917057926834
0.03156326850593349
-0.0046746847166217655
-0.02183671754097645
0.014290661087410816
-0.003791310883874807
-0.10691679234760842
-0.056012224634503595
-0.023564437273839504
0.179274713167287
-0.17158233137830162
-0.04421524413928993
-0.05734256922744695
0.08861566492308783
-0.06684026101283784
-0.03151070471268134
0.19378184867187073
-0.20450511467927307
0.0511074697496388
-0.037962050878950895
-0.10097304377988611
-0.26840302217385076
0.12011929574858864
-0.17209772502567808
0.06588104880424707
-0.07208728889376086
0.0654952379161711
0.1689912352500183
0.2508766874405859
-0.03230164672584052
-0.07925168066391332
-0.02907407492393788
-0.04221352015357228
0.09040406381127687
-0.03743567460402766
0.03053261345199522
0.1177573261957295
0.21688658083253579
-0.22962825696327932
-0.23363719748335796
0.08193998309654546
-0.09672085477945465
-0.06506145220139536
0.09425290643212826
0.012583158716954956
-0.10022502645644216
-0.1649227270386214
-0.14009842383919
0.25234615250595305
-0.08071334392171758
0.1286140353541816
0.2809773750888591
0.09282111032543992
-0.1044698992271755
0.0670360372971994
0.07809835732559077
-0.010714337914763632
-0.2969144589783466
-0.1498610988468423
-0.2625234098507073
0.11952698959745979
0.15750093873123264
-0.17643016971164
-0.027447414656449464
0.09489380228567498
-0.01852516692774962
0.14186188355038268
0.07866687916646715
0.09897927863862213
0.020819052329588666
-0.18889419074822247
0.01245174853237417
-0.006723222054881691
0.10509499702472326
0.029304428799016125
-0.0516271307829841
-0.07303187012223139
-0.131170314905425
-0.07528113681618219
-0.12824681327753934
0.11353533773187233
0.041679970508449404
-0.1228341817746878
-0.0706058887616034
0.1133063658669431
0.11836541501522756
0.13204998123775089
-0.04194563374882627
-0.08716201268112965
-0.060101452366499115
-0.18906667383534467
0.06774735334307189
-0.16056536906021845
0.04614593424715875
-0.15083309709851897
-0.16502241793212608
0.07879594632618148
0.010909664019568445
0.019968250248872638
-0.026978473649117013
-0.2084886911310676
-0.2441843058734124
-0.08819053079455105
0.07479277166597097
-0.1752343130805764
-0.10179466543308105
-0.03411627913044937
0.11677512801227335
-0.3393901387820302
0.07153159683244378
-0.12361719529931339
-0.18689746604126153
0.12723922876402957
0.14378631916780096
0.21715627508068244
-0.268118510232985
0.20761853414946005
-0.10856948768510533
-0.04024716583263983
-0.08099917339784986
0.015217585081740533
0.002856661035690961
0.014596166688150166
-0.03660347493357825
0.4541698350251207
-0.05491746980941955
-0.47074662272884893
0.08868379662571951
0.011523771908139935
-0.000577939708144355
0.05943254237957788
0.18692624576901082
-0.014831826424396666
-0.10200976196532059
-0.057072979545397966
0.05406293010860946
-0.027101138051460617
-0.40566873336205794
-0.15757582437718262
0.13510654114189105
-0.16290875717871034
-0.012036195974723999
-0.02927605579023848
0.15822254862500215
0.005914071592903832
0.18161270613412214
0.10147540248110007
0.17569005139521557
0.06771594623481528
0.05230927830450428
-0.14209086693811393
0.1455324336198191
-0.07567869621543685
0.018938474709426032
0.09275646314760765
0.11905964142713195
0.09350928781688488
0.03154837904446023
-0.2500818929661061
-0.1062006730739268
-0.10885278998820141
0.2998985097330543
-0.14442706646680417
0.009045420642353745
-0.22095375746271834
0.3574968576339604
0.015623500345366864
-0.10621519810110569
-0.054950662105006834
0.1312702385454085
0.07331061254527023
-0.0370362842887509
0.09658016277283349
0.2749755311803157
0.09073917551103185
0.024471888759833374
0.13756634126574732
-0.07515904757696508
0.216642813016943
0.037986630699159724
-0.06093626190347953
-0.013822723568079684
0.12348112133069086
-0.22419926875252003
-0.09679096971238738
-0.014952622588804738
-0.05305190591533447
-0.05405864709974809
0.03855112153711774
-0.08074873634460651
-0.0020130413574363164
-0.0326591453052147
-0.08310720107208612
0.1479885423756399
-0.14721572186628953
-0.0008457434512212927
-0.08435070873342927
-0.0675976597274584
0.050132872700077304
0.005425516822135074
0.09584480702460013
0.009687096852321681
-0.11972243495510723
0.03769484058623905
-0.07780229329492555
-0.16898473146178924
-0.2354928948234462
0.04487577424152265
0.055243006085656625
-0.12603499704424848
0.1335077575052956
-0.10162214154126173
-0.23656613880849756
-0.09259368704501941
-0.1387447135608406
-0.06528278874036109
-0.0016143166869392836
-0.08646559467888824
0.2081358518791052
-0.16914802647574695
0.004223583918575938
-0.045435405080262684
0.20251326585643428
-0.3237441557258089
-0.14131351027225927
0.15385593835622186
0.029150455085994405
0.0068341220730994134
-0.02898205230318228
0.0122400828061609
-0.07830039838863377
-0.19635143910749264
0.14349472743805985
0.13258738750039473
-0.03393422563451565
-0.08700083740538717
0.192927601993856
-0.12700118495834348
-0.15512147628873416
0.03270056711496667
-0.21140199026077222
-0.051812878211215926
0.07861549266749512
-0.03629280604721402
0.13244362259250203
-0.050733320741429916
0.017996312471479845
-0.11141571008146911
-0.24054531302157947
-0.30778910912135754
-0.2233996303026832
0.141202148203069
-0.08029372511723701
0.05435614051695722
0.07435774119456895
0.11807204245616673
-0.02746504686154834
0.01718567403848265
-0.041883135928695456
0.12956851916588089
-0.05880650432529993
-0.19581180755633204
0.08714482569529239
0.04886149898994988
-0.1716359598693061
-0.3675278458596846
0.15376841171288755
0.137278949482095
-0.02153715299375406
-0.026441675515324725
-0.060169832216660994
0.16785216578195777
0.02564227095263044
0.11466702581183359
-0.08258947586521655
-0.22393855691394365
-0.037182168457823996
0.1422701280851973
-0.03972172921415639
-0.307419015809885
0.034127246824913096
-0.14081181181528157
0.04095117351471566
-0.12134136242172672
0.023709820310681223
-0.15953877406859554
0.023174391835584982
-0.09169869725251553
-0.012193704651249459
0.11649702622489852
-0.1384250392413997
-0.09815341919154412
0.23821473714947455
0.07147089151009403
0.2608099847342464
-0.01855363684851011
-0.2520307267545658
0.03960493241622806
-0.3078768993423083
0.3153660744074468
0.19236208378907085
0.17556108467691287
0.007723616993255104
0.08261627492425977
-0.20533609258308225
0.018238523679881397
-0.15926513756655494
-0.04950054121750401
-0.20945040113704108
0.05119861875211476
0.1997083737869437
0.1851171873392088
0.11854599649893234
-0.11642380855729985
-0.0795153518035606
0.09169011736737841
0.15763910524301825
-0.021771780520226068
0.011433776707626785
-0.22063338674289518
0.37130674993519547
0.02164376818663155
0.05531075953201874
0.1741096688122524
-0.15326071054038107
0.16371734920002548
-0.09733132846820977
0.01756357830415315
-0.06535172238057889
0.03976887964317071
0.03447819594567676
0.08303025764617374
-0.14498396645241218
0.12250425725873243
-0.028119098378023365
0.11916453637427417
0.001784148143452061
0.01984970338532706
-0.06375346019846372
-0.06580616346676633
-0.24683521047800644
0.10477293664751382
-0.007232471145758595
-0.17290107494808102
-0.0487101911495577
-0.005792577827895293
0.04528697988979848
-0.23133046937329096
0.09454711367472049
-0.1281557086087346
0.051357595191452055
0.05793974379820212
0.02986508413485667
-0.033539084310784166
0.2519632172160423
-0.1397933515792769
0.06421790203133383
-0.037671476492152155
0.22127233937077131
-0.09359469068389568
0.026602059093633525
0.16565359094559898
-0.07077775727681668
-0.20790263029817851
0.09956221116936213
0.04427879740170982
0.034839536688375194
-0.100772190308276
0.21951150484003656
-0.3062407131824865
0.03152381471887858
0.0023090867966334893
0.12760356005292575
-0.04316429224221243
0.18636226226025976
-0.20432949165364184
0.1136373011437184
0.08124075478165928
-0.007474741925831513
0.1151340725881809
0.18251459280121474
-0.16593886988076662
0.2184242792062533
-0.03963576415856437
0.1839481620200873
-0.0803021072393944
-0.059497245346307064
-0.08959436802782754
0.08617183282434716
0.19109732752603611
-0.19630582310725447
0.09734605173334847
0.03229797879327563
-0.18692463657660272
-0.07093800879917406
0.11146946632396425
-0.1348212697124431
0.30104380848072665
0.14411536913806677
0.1491483697694789
0.0733511091220593
-0.10117082766417122
0.1239708969668775
-0.056596722459219206
-0.16469279967871853
0.05100416609737848
0.11385637099888632
-0.01251150148238514
0.0718479429469712
0.02964625335923443
0.05529524380247393
0.11633008401990402
0.04895575603666399
-0.22615484433212407
-0.030414135439650356
0.28144544249916625
-0.01563615639601467
-0.10773722311126742
-0.1365368866752538
0.17704955371331635
-0.2321467215503823
0.1635959550573728
0.1970338781514555
0.07604243324927008
-0.025302484661905707
0.10012005851347995
0.2384445011011265
0.06678065187523807
-0.07928354559461602
0.21120468153365263
-0.047952024874272824
-0.10171318002913424
-0.14769419606061496
0.14096594569638726
-0.04943286396304877
0.2277948750161934
-0.14755596682430133
-0.05872554507799331
0.004328716360551271
-0.09841327642423138
-0.004016962312367126
-0.11556837471889124
-0.01765711184654474
0.0618364189713275
0.2770105737401194
0.20795024781883606
0.01869763100550611
-0.1776727868852722
0.07112786079389243
-0.09254306439228643
0.06415408818957037
-0.10485916104353403
0.017606193264327795
0.06038137151595998
-0.200181023114097
-0.10923458699325277
0.03033642499470571
-0.10645355501640635
-0.17058210836327806
0.14582868779782177
0.11032590559183635
-0.008464552031276622
-0.20835076747424988
0.13731828865944104
-0.019995484170447504
0.05452253546931019
0.1399601897124058
0.0812358823588024
-0.3375633160989231
-0.1259182856912176
0.27426358355554553
0.1880131163389174
0.10089368931044838
-0.12283618629589414
0.00302650067585624
-0.09893213629994174
0.1373413703464843
0.07602547069220729
0.013352656776676158
0.25416773211921256
0.2908977448626003
-0.009166013777278919
0.059115655576471304
0.12149837240959117
0.07403159393690516
-0.26976357831306313
-0.06837577805744016
0.09804462204766078
0.006697851310656533
-0.13663128320682602
-0.20886363245878842
-0.01819406113525939
-0.038019759557158875
0.079514333541357
-0.004406552946811274
-0.032433745832197096
0.22814689658647444
-0.1797862877827564
-0.10680222360007655
-0.03999596361906106
-0.06285912797984636
0.09353914447143599
0.06142655455588198
-0.07908997987217448
0.010539558518200797
0.007703301437415875
0.10233736760630577
0.02776478781704511
-0.05052778159457726
0.1591842739957639
0.09570310078941002
0.029466722860869436
0.0068991360781900735
-0.29957863450009775
-0.20323325799638436
-0.0027228821559147735
-0.29706528014516476
0.1859887371041771
0.05524465052538622
-0.2686344691675077
-0.10380316949486766
-0.07241772368166371
-0.1345253072031583
-0.14224168893861597
-0.018050760098429316
0.11497094409501951
-0.05674141672225645
-0.009784860716153075
-0.22588717062784716
0.034654651395984046
-0.20346146998568782
0.000362430692529842
0.046585628463447576
-0.13967059661777292
0.1167627183931167
-0.0037309753829629466
0.14124917190868658
0.12790882743509194
0.04854807547234192
0.02826127226032125
0.12248682840418261
-0.004917715215361058
-0.13547711021032832
0.011595482772046459
-0.17504402152826093
0.09182462589791296
-0.25004866765214623
-0.03425616706941345
-0.1769926712362668
0.29225389186993916
-0.13041087928054565
-0.15558262846541643
0.19093061031048303
-0.06609563260541645
0.0016546987921539048
-0.1099038279153735
0.024654356826903957
0.07767351971746984
-0.01362204820333496
0.05543017705695748
0.21061388836711056
-0.10059499526071324
-0.14443432461197261
0.035112804228211746
0.06514941158102544
0.03418011852749366
-0.008400840721501367
-0.0591045547263939
-0.009561454601894457
0.037121460425169846
-0.19066883550893365
-0.2821007015317888
0.01335375475156831
-0.12824748047344567
-0.16282164292343382
0.0718190036772352
-0.14622285781758348
0.09249040992949657
0.10770937815595767
-0.048140980907145796
0.028984816971839255
-0.23071921983868196
0.1276378940948967
-0.027600421402175238
-0.04591692049916425
0.0868603850000383
0.2227380029467664
0.35101818965551546
0.038168786745218786
-0.1545877628410193
0.20061161826768753
0.024814257044736047
0.2068519493000824
0.06844567868292915
0.09249808670148335
-0.1376550685353094
0.148379438894531
0.07744361659503406
0.17542803116261282
-0.04152343777747105
0.09708652107402657
-0.21485610154256465
0.07423832738277097
0.10410643934604011
0.05054745956214097
-0.03447731250255304
-0.11199571842694434
-0.027709616171106684
0.12762575497421
0.01320006302634335
0.050748651545629526
0.023710667835800985
-0.0663378100141842
-0.10926640112417499
-0.058608752527292404
0.06880478997851872
0.0658629228889895
-0.010023708722233364
-0.09616642229298232
0.034348617036920645
-0.04722094253153739
0.011380669576242704
-0.027113206403971978
-0.023660905191771827
0.168876680962914
0.11209695400915798
-0.00478571416452525
0.07849399128410307
-0.004620778621955534
-0.09161413700136431
-0.07743988259306828
-0.09097999309856754
-0.046664784134893396
-0.04136257881846689
-0.2649399524530503
-0.041076919851434794
-0.008994750309888777
-0.1584238501710939
0.12135551556210994
-0.2060148047448796
-0.08333337901636544
-0.06717073129833591
-0.11081324851543649
0.035484960712781635
-0.11079853129881821
-0.1698011414699338
-0.07766305190103705
0.0417235799760555
0.09833956653496749
-0.07706056273551014
-0.15975727208785065
0.08794810332277113
0.017852763844532174
0.03516266503959802
-0.09588274588261145
0.01690731400552765
0.05990860226748407
-0.03914304023147859
0.10916036664941312
0.11373871974757674
-0.010418374346243871
-0.0018887895772128755
0.08565726609655057
-0.0010971527889720727
0.18603066641652752
0.08885727837239069
0.15720484086368533
-0.14156929786375372
-0.08591598372361203
0.13875133890166058
-0.15266453069170544
-0.2205821215397298
-0.07080531264909984
0.13503109359343726
0.15590956711630102
0.06861315760117051
-0.17103817874819166
0.2749683324848697
-0.13177879651454966
0.2751876592966418
-0.20496078374986987
0.1732080091079404
-0.04405810547416338
0.04010555840240664
0.08817848105296265
-0.04699157328928974
-0.019985621475056198
0.028040905902360334
0.13726030112096876
-0.19387139979704068
-0.015794426232298663
0.13678194830501705
-0.0003265523488639934
-0.0778157621427259
-0.08998220857287755
-0.07074705268004151
0.2502317511577929
-0.13776687906206367
-0.3151982803003438
-0.08951130713768109
0.1128368434486697
0.07319005083399131
0.08758673815829367
-0.1225996808662912
-0.00498815095253105
0.15071566583334256
-0.01609292547998257
-0.1757408270955724
0.039390337977922525
-0.010100434596560934
-0.1417911699754932
-0.007455829387288097
0.3698795501414163
0.28377604886018976
-0.09457808527240665
0.005371843078769368
-0.01316346866382526
0.06401584257775539
0.04582744354433121
-0.06229764681042483
0.01629594172064234
0.12108618615901989
-0.03149424139505883
-0.15055408495968356
-0.19557020544271503
-0.10660228644249206
-0.1713412947597667
0.10586792241005999
0.05073073424208229
-0.005483625537792904
-0.08811911721059675
0.10120584477332951
-0.05975333989742432
-0.029307017962577012
0.06940669768347799
-0.11749554810601567
0.10762834014317313
0.04896682117287474
0.009729048296673964
0.019321425336676773
0.1033835963795895
-0.06440649091670378
-0.049269257891957415
0.1204206894552832
0.18759971358314656
-0.08774138478885281
0.34247387886770037
0.0838184593339189
-0.010644263017205245
-0.08393837487634674
-0.150980724575493
-0.1749923354218405
0.12147218598175395
0.1489642048886055
0.11600777481228927
0.11871855415325512
0.01718745867068835
0.18021193531664567
-0.1120824002402167
0.3886250702356952
0.08280682025450585
0.08458935148920323
0.08532240369208953
-0.10899481986092255
0.04317265938060453
-0.02564546265484191
-0.2355322716749427
-0.0018734811601571922
-0.116126014063165
0.0139262578892346
0.032386028025396606
0.0676964295141867
-0.1949398526133218
-0.09826886087440932
-0.02308595102270016
-0.03198010118643784
0.105133106130235
-0.12354822411127468
0.12740923016941888
-0.06905405614352839
0.004713847401929691
0.08803109916627629
-0.12059627190342924
0.041973711035634145
0.19506375588782668
-0.11923921148891661
-0.04433342082095923
0.007494367981372503
-0.017065438169560458
-0.04008860113581246
-0.022762665837578508
-0.09324035372468197
0.22207815972795497
0.046238741173784695
-0.06721735728184282
0.30072867811042897
0.03354201911060353
-0.17263782198100303
-0.03670894454406367
-0.037418683521322445
0.03306830760301171
-0.04884606030553998
-0.04362022629096069
-0.15602272722454863
0.08383620573019863
-0.10034963221473586
-0.17369045877591643
0.0521747460045843
-0.0025852759502468575
0.017652140518712885
-0.18514897966640448
0.0613764499836546
0.009753391467656138
0.07710746671921968
0.04398948231825964
-0.14562439345319378
0.043917668379977765
-0.09337435400917302
-0.16546710316200275
0.11086556780991168
0.09547301593213002
-0.01219543383197357
0.10253455792921122
0.0770250342663676
0.14457034445524308
0.12671570678164318
-0.04799788170441647
-0.028581295831167614
-0.06395271962610806
-0.035172571445971995
-0.047047483444376495
0.023155667931637102
-0.21065476204979366
-0.06530868742146682
-0.049625209844505566
-0.05587695564464193
0.21991431506324957
0.008593959382717857
0.1410751501018397
-0.12606504658665826
0.0468116346853229
0.18751501844874283
0.18350308932669393
-0.18938455427747142
-0.11508219540082514
-0.16177835209145655
-0.08494640268304827
-0.05245383669694899
0.09067025447985821
-0.06515019296128638
-0.12935658784635015
-0.058707164765706
-0.04175112605744123
-0.05218685479376968
-0.056225723968663974
-0.18368209651767817
0.05525339710082737
0.11931545257694635
0.004676713987715269
0.0007525556804668634
-0.03229747358233999
0.003808862969792687
0.08757662144640148
0.07795984116828125
-0.3045031375531144
-0.053186802841031625
-0.07910473876777141
0.03960258622132285
0.10613950028268171
-0.043779264447907675
-0.10882667115385222
-0.10799331514668212
0.01735218564399017
-0.1335520286948253
-0.005726443349461661
0.0736175849327828
-0.05156601615258745
0.14997361420870717
-0.013132332713576132
-0.12528052182744645
-0.3319636843270466
-0.26088535196772783
0.08558945602472356
-0.1936214456069968
0.2120631732898111
0.05672559673448574
0.0938642430515532
0.014631034315843141
0.24908661281648342
0.06308655867576721
0.04619783613967311
-0.02234153576005984
0.15419922594019148
0.11709013151586295
0.06542999952029988
-0.07495726064098619
-0.10421095324539836
-0.03100990898820199
-0.07489802234646614
-0.1829614633409701
0.031027523962255926
-0.029726846342503957
-0.19305729351823273
-0.03345274169078355
0.1426113612981136
0.02854374223123054
0.030805294537438833
-0.1371561318338811
-0.022640543439454066
-0.05336521817544301
-0.24481981900561875
-0.021063890073429438
-0.14333228454375124
0.13822935274535192
-0.12584747242900932
0.1556077896420245
0.07079046976671484
0.07099016486599267
-0.051937238787563206
-0.11310545664505472
0.1382507556655278
0.12543516699209734
0.01997672311140885
-0.15080516081004802
0.07422380617283093
-0.05004588349886024
-0.11694412658246263
0.022891574251484737
-0.08226714682479871
-0.26464738460016063
0.09075534415635896
-0.061705756316030494
-0.07373459614178261
-0.15712243903432466
0.058281955629373564
0.023736141143755406
-0.09531099691652421
0.003429049641093332
0.03432831828841315
0.026514215225805948
-0.06608040996811711
-0.022891211992386876
-0.05404779587150742
-0.06958383774022889
-0.08656764110979036
-0.0026953795555458094
0.11331103918772215
-0.17438192348024154
0.016042736890387314
0.1935239296687355
-0.2268009885727606
-0.07339994273483769
-0.1360456375908245
-0.0691605067655788
0.11103744686773168
0.09068869727880927
-0.09677329437571724
-0.006249056424751081
-0.029161816386399902
-0.04039672220580063
-0.2368378665263097
0.03780307431793864
0.1569908795403174
0.19115092381118073
0.10383911787970841
-0.24745269310974213
0.010239557761866417
0.05656254808746471
0.0805173099045203
-0.05640317452815594
-0.033951906336104544
0.07663971484479139
0.14341715509750108
0.028958416155318717
-0.1369466677737786
-0.17500016972813756
0.0864153407007909
-0.059045216148578744
0.13024514002463786
0.1039078009625661
0.11078034196328809
0.05918087464919373
0.045354891540678066
0.17305244796123337
0.1012537876512349
-0.028712132430358552
0.11559699968288623
0.21054460463249502
-0.09441445600020523
0.05782465174819614
0.16424936060592155
-0.16286442783649713
0.14801584412492233
0.0739546638892318
0.04116504092302869
0.039297471120252385
0.14766089092100115
0.06471840608415924
-0.04023023907649669
-0.03167612857775608
0.06294605787120083
0.1120374022213946
-0.1228603255405684
-0.08161227047314512
0.11496661737769803
-0.1360335090909296
0.07755742327131304
-0.1632518788726438
-0.07515588123828369
0.1306480288951227
-0.2262592536855767
0.04498585586050231
0.13612919898939888
0.04473991651702633
0.04615205069941438
-0.09314167793043783
0.11901088105161212
-0.17618180919326815
0.12825421941721513
-0.05111987026817698
-0.032239775274411325
-0.0734870714914273
0.08998952706021499
-0.2363821290295252
-0.06965090465557629
-0.03077991653755767
-0.07751582001648367
-0.07437839903380004
-0.01860981177906581
0.06637038537414124
-0.11648725510784598
-0.03721978658450427
-0.018882705961250388
-0.03426488387478652
0.028139329918578607
0.016804798548791123
-0.1633920808185402
-0.11385272665856502
0.012976022724177612
0.013714226610184265
-0.006090497229288394
-0.1650983396466336
0.09676593934200395
0.04102336228295848
0.15482111089756836
0.08866023245269432
-0.08106180433337358
0.1318062482949434
-0.19623947761455285
0.10035797782923095
0.000430595102269087
0.08967060639866306
0.04907973366594298
-0.040295815943111345
0.06836746863250288
-0.04432939391761383
-0.22939598581173784
0.06976974669369822
-0.003888276607300518
-0.16065395387132578
-0.012699670860641393
0.055578749852212436
-0.02686024963248026
-0.2007665783747468
-0.054553219386794034
0.052129433683512715
-0.10627830388369242
-0.017021553414300557
0.027441098067670956
0.09050209976211188
-0.035183809502149124
0.14808154954576058
-0.1176008525351358
0.00878126077662072
0.09082863143781271
-0.015612816807619773
-0.09446205793270065
-0.17552079055697278
0.21777969357627291
-0.013530413159335132
-0.04131788204156214
-0.012620560785575854
0.14032819851346642
-0.026974072397376692
0.1067365496534246
-0.26834100228029023
0.2759565821795437
0.08654326715473538
-0.19103722313291996
0.22272852744773647
0.1987877854530358
-0.0438019995311077
-0.10021796008294198
-0.050137128343645435
0.044106429784219615
-0.126179729637792
0.018727537451727425
-0.04331166644326543
0.015918109969984856
0.04192552003930089
0.182422120096644
-0.21523849670473386
0.08404971928800178
-0.013475194222106395
0.17134408397989834
-0.0015059249355941103
0.008326939136992399
-0.06541251596978936
0.19474217792064236
0.11893389808446726
0.027221431379261855
0.07006290383692623
0.02918975909087179
-0.08108879119756038
0.26580296138930803
0.09754580408658675
-0.13233920692321655
0.09729361177951847
0.03886566872919688
0.061426831212675066
0.1583091264933287
-0.012163594209403118
-0.17369485974498408
0.005055179790113068
0.08786369540263392
-0.042620746312545046
-0.21686510174705848
-0.07691389200167317
-0.05728288011810631
0.3078688069865801
0.1419524652587819
-0.0019250975836057967
-0.11635002171754552
-0.18717174953441723
0.05996136530832614
-0.2506419110391462
0.18500778353063746
-0.2300465170913551
0.02122968066829596
-0.07428497804957453
-0.1549195306044618
-0.17165499431539671
-0.131436519615971
-0.057689242864772936
-0.14273610377977755
-0.10689209857012247
0.06589972840171736
0.12429282974277311
-0.03417922227899123
-0.024850121881449083
-0.1090831893441837
-0.117530767028354
-0.14941318209034504
0.06328910641276624
0.19077970704889433
0.031226865994769717
0.059592882065696434
-0.16960625609893754
0.19948091472242727
-0.09266363655840137
0.05311886301712567
-0.10365765765687186
-0.09531649288589406
-0.1584656524308901
0.06474218902813302
-0.0009348481233678664
0.15596058000569796
-0.0924708736904296
-0.06327430588754075
-0.09181550882522774
0.011098683843043992
0.02738671467340686
0.13767497744088936
-0.03463989060145821
0.115746907184848
-0.1425348351112908
0.052495618385902665
-0.2552999598661556
-0.10945146152300828
0.0034564117245438567
-0.031531704922553465
-0.2514933158487255
-0.07826096829117178
-0.00820279320309859
-0.0049626840125459775
-0.05823593327225393
-0.11175735095059332
0.09454206233939638
0.07683277187088425
-0.08008685289084655
-0.19413061529793235
0.14575892132256763
-0.17140021304162828
0.12408064165660182
-0.12240034787598174
-0.2107368873378306
0.036836702893902125
-0.04924682010545709
0.008285224656581887
0.07215182115546541
-0.035715078994404806
-0.02261490982073094
0.1693816932707151
0.01706817346081543
-0.04258511592092599
-0.06793934370640368
-0.036407227175807404
0.06630589293322656
-0.05766153108284199
-0.03524821125152548
-0.001416925075808673
-0.11378540361817668
-0.018160857831369726
-0.01697467488497762
-0.06771198847291748
-0.0006256238462631118
0.015211188078817613
0.013007714036156769
-0.09366661072206577
0.022532234123850633
-0.17587989400560092
-0.12022290441805114
-0.10966631051664932
-0.14293991084983
0.19559928658290518
-0.013905896354640483
0.00778938069401018
-0.3737469166852636
-0.06907375432549077
0.08301676610810071
-0.05779786815414547
-0.2799934818151194
0.04182854651705306
-0.18896489464253924
0.10845321617123237
0.010312692404489787
0.06559554219965752
-0.08986309549402445
0.02532594113598594
-0.05919798692466595
0.12403073846187307
-0.16558213040456618
-0.2169724009724281
-0.2749153513948999
0.052989016423741306
0.2091962951917156
0.11357419405023915
-0.02073463295253347
-0.1120126442557528
-0.1785912982004294
-0.0002706194055893101
-0.01766346542369562
0.007011030240799279
0.01127683662226686
0.0444441015196478
-0.18070965206722953
-0.04174700954414113
-0.1618290393719911
0.11395612688127423
-0.18229184133852788
-0.14385095423457714
0.1294893668820804
0.02492842845163197
0.13940646118641747
0.0916497896972336
-0.0317841169623046
-0.05733937558187891
-0.17334755546104358
-0.1312847462963642
0.049727418816789666
-0.14000417840453974
0.07738827963923028
-0.005936577448977341
-0.025303743112938204
-0.049824564084713814
-0.050028372320925184
-0.16056577711809056
0.11873178609596366
-0.045265999460995854
-0.14561792005291713
0.19557523655058592
0.03828352694128726
0.05978068019385131
-0.2129503717611344
-0.07665881663065437
-0.21663039070601398
-0.15475623488377094
-0.0449972000080642
0.05742449271713079
0.038891230011972935
-0.06995424186431506
0.10235093698409342
-0.16537928723240083
0.21506537504195194
0.03493246650333329
0.04516209520046506
-0.30493544603009
0.013879534055709915
-0.2351947054107633
-0.01633754850698038
-0.009050345202355571
-0.23316630382949372
0.012408602746818185
-0.028612296654963846
-0.04171923936996184
0.27788112605251664
0.004411384979486218
-0.04655966570467523
-0.11636007310493411
0.030458330148711594
0.06598659284781751
-0.1509256124005605
0.037021654123637775
-0.024747150506161313
-0.11503729790038199
-0.1423907557686453
0.0743774640974575
0.1058909646195636
-0.05365238644323728
0.03859128129771334
-0.10708653877086283
-0.17254769368415068
-0.07405077220266532
0.041188304423547865
-0.0049965134329975755
0.13083732678198298
-0.015943162365238798
-0.1680510285378229
-0.04477232793424377
-0.2486505847075424
-0.015126197641248234
-0.12042643392862155
0.2492271450787271
-0.08044891025896582
0.022779792641718
0.023849958719069697
-0.11826824479078867
0.042788964715834786
-0.12986372448803676
-0.0728948527012803
-0.11704001518428143
0.07826420594050061
0.044164268730252754
-0.03733415893720197
0.11312237073784226
0.05757203791843876
0.17608387256008198
-0.09541353929694928
-0.15184865240558548
-0.011223435222791907
0.14703419459258313
-0.04601985864739549
-0.004564918231025404
-0.2634417756352317
0.04945934874530709
0.020035125921784514
-0.11421270329426189
-0.14630019152799
0.17901497288971205
0.08725807977756983
0.05240981341741708
-0.042903043252206285
0.09415885455092263
0.06505178433971909
0.09932984501813356
-0.07318797312854486
0.1370576340760295
0.032655373769124744
-0.04283051526096618
-0.10880109558010496
0.0735043611154925
0.005482333384059942
-0.13818464172545553
-0.14026380722146062
0.2283808279378651
0.04363537135507834
0.00509924682104469
-0.22093286818140703
0.10471447407800519
-0.026443500312505266
0.027264821552280747
0.10088103483504482
0.106720814401257
0.11841027898753607
0.11179079708088682
0.055383579201031145
-0.009593918474232868
-0.19133711167650555
-0.10193860014575644
0.16293870851702627
0.26883205912092795
0.183302252112792
-0.11272724823137059
-0.029560049259968333
0.07936651139642725
0.15728370381722942
-0.07050545616206505
0.10691707731900738
-0.0575547247973677
-0.0807339326725683
0.24301845645522532
-0.2922482673770979
0.01703335865778447
-0.12969024797466042
0.1962311003550203
-0.021759375051697408
0.13616348341590068
0.087484370415958
-0.21653001301523503
0.07626366596839097
-0.13131389027071694
-0.2191240552360762
-0.032991416210640515
-0.24070668874894235
-0.14734600335741388
-0.12519492780074742
-0.23324172054274642
-0.1446801274081636
-0.01138590191698744
0.07590119380887136
-0.0706571466171073
0.026171820013476215
-0.12694496578586872
0.02376274674353695
0.23587483297759979
0.1045612108699981
0.19254533457769699
0.07682031671931643
0.13799964961627162
0.07463499038291366
0.006770257233542743
0.03555873414140727
-0.20951066138748448
0.08836874122265248
-0.11012336711559262
-0.176430564928545
-0.01361110393472778
-0.27828245062464074
-0.09053118856844239
0.0629014184439649
-0.11170156999651142
-0.2219160653278751
0.10761586588217775
-0.17367270000851465
0.1736079866821879
0.0421851955502089
0.11035086909940564
0.10891891989141572
0.150875444337548
0.06938399536572562
-0.23056739575515353
0.015455577136623704
0.011350971532343893
-0.2037307799729078
-0.04620587479704079
-0.19164340180941272
0.07421113158516814
0.06985324720967934
-0.05336231313759146
-0.20596950758517849
0.21239657714438315
0.014776822412625663
-0.21521968384610934
0.03936626573275416
0.07470993899639636
0.06734791398801895
-0.05334026272785355
0.11441601158671234
-0.20626031909415074
-0.09138447268246969
-0.0066771222341594156
0.052479588279140434
-0.08052926402662683
0.16805453324279213
0.01124643017312747
-0.0400096316605902
-0.16072574955420085
-0.01962422990541951
-0.26482098296882867
-0.09383773721424639
0.07287555636581465
0.04247505103577627
-0.06044241635458903
0.028660256379548554
0.013650579140647951
0.15580169313421105
-0.09432386724541326
-0.10811152797369146
-0.017693478763188535
0.019252767190526276
-0.11825559683927672
-0.11697242612459961
-0.01745663188640068
-0.09049358438655467
-0.1543857548978731
0.05771787793594531
-0.09683125981407603
0.20099117103191547
0.0448342881847573
0.15306770248410304
-0.1392745437948938
-0.04367790590039898
0.060755343802954435
-0.060236128245234846
0.03599794559910733
0.07958516336601909
0.13344229463570412
-0.013927609903471085
0.1416691626375661
-0.3101880219114514
0.07419978775608974
0.10240923553078245
0.039041585209277016
-0.23541272315779524
-0.040881844315389375
-0.0051684204445506
-0.029957235123713545
-0.05392813992663729
-0.05097945846319852
0.05482109896790699
-0.03552723447087086
0.05903740568638007
0.021565023907706718
0.15404394545802766
0.04850211947228112
-0.07588337913660359
0.19044522070565023
0.2806808335500959
-0.03257252862047758
-0.06701239172919238
0.0024304607274794133
-0.25819956915599024
-0.034408144984896694
-0.018225810894012474
0.09648172401105685
0.03859986786880438
-0.0509450884841943
-0.16718800113323404
0.13516407084649762
0.0965752085417719
-0.25563946348195415
0.025825590115119926
-0.012891771512496718
-0.2760995175307224
0.2803294762116417
-0.18139659705177813
0.06227403133156373
0.19558013493794377
0.17993907459679467
-0.031019083374120213
0.021463514701227107
-0.03144875123719764
0.12312902076936974
0.04213513284359648
0.01836893624870743
0.06299900255022113
0.19151524619237847
-0.12544831238220855
0.21078402254551512
-0.13172861913756245
0.034906817791733956
0.10763220183348635
0.15370119979084462
0.38727232401289174
0.00108780556560324
0.019516141963135468
0.025333452064212163
-0.02590747669370788
-0.08317710032134808
0.023979764791080552
-0.08956427364016686
-0.13350338406188267
-0.07892404419753057
-0.07057364652898454
0.13200268851265956
-0.08649142575984375
-0.30649403935660524
-0.24980913885710032
0.08764769986873099
-0.015839425943405
-0.07009832570261167
-0.01293078663032274
-0.026534188106376467
0.07233412414254205
0.07543173243613903
0.11549621270669089
0.11607757877421157
-0.11401124415147308
-0.10238143676507086
-0.2147370232362782
0.010845481213547076
-0.27989034250473177
-0.015152145565175945
-0.03799582006181268
0.15898808033401746
-0.011086647087735498
0.03512294026544252
-0.229072142690483
0.16935968331696746
-0.22447720048797484
0.057442243094174866
0.16480172077033078
0.21251085403482323
-0.06604144996191284
-0.02779934923298446
-0.08628094329279552
0.06528737045036559
0.20453278260265903
0.00976829642778493
0.043139471978308856
0.055556231737077015
-0.0713973122595529
0.08316819787205376
0.08859332717692195
-0.03520507445562576
-0.11219281193809238
0.2710923976997811
0.17227154041483497
0.03892097034824049
-0.28492697134887185
0.061485622398725376
-0.12075394696229826
0.08387765923993655
0.11922228064230556
-0.05683684581674762
0.1861740440690152
0.11508846653493128
-0.326578601303957
-0.06170182312337886
0.07181554922176787
0.24008490639751154
-0.07701934791868968
-0.15121047956707148
-0.044600240810990004
-0.10058228236053783
-0.09240604160135554
0.11582923050783267
0.04015086700564498
-0.24516123422858524
0.03487691945497936
0.1472455950186779
-0.20055280290981148
0.15690705864596016
0.01733985364679339
-0.07754705969223517
-0.0892226075572502
0.04640491470267003
-0.022975807591624597
-0.10202238109495289
0.10347810309522494
-0.07237092805305086
-0.20339658521358334
0.1298079351212211
0.2389193229629837
0.04046631270070814
-0.1894814049310672
0.195456344929976
-0.02909484693268387
-0.01816154813424528
-0.005107201204348594
-0.06465424394166268
-0.13315837522018592
0.33832916539389835
-0.06448017397861035
0.02754058637425254
-0.0001982406544418587
0.11888816477528658
-0.3087285555154136
0.11565530636416915
-0.017418420005439025
0.15053822005349124
-0.07127225977745043
0.013935802976640673
-0.2671283752375486
-0.02010266925001647
-0.12008791099883113
-0.048379812951283435
-0.17932315940604876
0.03838769863442559
0.0826741937758025
-0.07537381621482539
0.02579153137408124
0.11957972850439387
0.00636057312717546
0.11340811594783766
0.07309123534645706
0.010114112599825437
0.018209906794045033
-0.06301024333931667
-0.058612639521081075
-0.050394391983447015
-0.13443928027931715
-0.12021640254118235
0.07421490697749253
0.06935339968849621
0.11098565202631201
-0.17108475116748897
0.052498552687847956
0.017308730815637545
-0.0636937006228541
0.009946843433024643
0.01732769427383693
0.10956486806049627
0.14526158782435933
-0.07106666630056675
0.0871572253375539
-0.2556403044556569
0.025213628511715127
0.17920586474569147
-0.13128838595707953
0.2724701335800332
-0.0030579383316801947
-0.02733082422046581
-0.24858565276314415
-0.09358517214932127
0.0480631462634663
0.058227294546081214
-0.06951539707306031
-0.1654452472927811
0.14824159954114258
0.038514598761194285
-0.19231722945717886
0.049967070313491894
-0.1535602369751893
-0.1203272636286326
-0.21025011479209196
-0.1261492757978776
0.017683495705533785
0.11037143462801813
0.1396147081022918
0.06911639916571075
-0.22001812077656435
-0.08296748484016767
0.14944801616745224
0.0012958299325346806
-0.21133038579558522
0.30928480756394994
-0.06291816693146826
0.08448670960852175
-0.16877730028413815
-0.1374695602982819
0.03895896169183232
0.16860740945512862
-0.0480452098380137
-0.03365984104234584
0.20417369195552124
-0.013445333663110804
0.18043397871307437
0.16221928252119366
-0.052586092471465166
-0.05731354140468488
-0.19999753332092846
-0.01766455881993947
0.0008764538364969288
0.015707761822981895
-0.07801679373886297
0.14422403368285766
-0.15684794341417166
0.08314853720398564
0.09387669319029553
-0.05114629149001028
-0.15321004724803897
-0.04128492381411734
-0.033178529824285374
0.0436832645672554
0.2054254092553582
-0.21610667491178945
-0.11191845209009416
0.0758119742805198
0.004308622376317282
-0.12845233057170516
-0.012701854254853309
-0.23839504859441918
-0.08982537677933802
0.022339794943025446
0.1562898492750442
-0.005881613407288784
0.16000662628391255
0.1861908162457884
-0.01492620450178709
-0.10243961108915087
0.2275362721133287
0.0007422268085099807
0.23199013924961842
-0.14419552714700468
-0.02724089699530652
-0.10608572311122981
0.07095031522169136
-0.03231279842795254
-0.09100504937795514
0.04476247468925516
-0.08333669950561953
0.06894799645096168
-0.2886300736217229
0.042657100880387405
0.22844060068493577
-0.09181346796816277
-0.17848738177941537
0.18584646983227923
0.0041531936605266806
0.2268523628486565
0.03274704515235232
-0.04826833219587527
-0.01969310522289004
0.2601998078666825
0.032999406408058075
0.005639876703394432
0.09123949494214656
0.06245799642202078
0.00120870513460378
0.12682355663618167
-0.09866216339143666
0.07460255694624372
0.04007196865892309
-0.2657409817195602
-0.012902916610794376
0.18981951217802848
-0.20003750789433772
0.1809770656423311
0.1798572672349384
0.04524912206979531
-0.14563980134975824
-0.2962925482434168
-0.22271971618710676
-0.08506604205231995
-0.12149398119598821
-0.07007782522893394
-0.004202201672393694
0.01832335013705419
-0.15113889198418426
-0.10710833179311355
0.10086799375123379
0.15815450997756678
0.08876832628530157
0.01391768259776876
-0.08450243899716267
-0.13445116907582486
0.042140574052550006
-0.11892487861148943
0.2000735191637685
-0.030769490800738198
0.03444692121651533
-0.010987313535074513
-0.24389465624314838
0.021144628436267316
0.1270460171340769
0.04004707113171648
-0.17424354815135118
-0.09249701798283608
-0.1874350780337046
-0.07985093279927245
-0.02517903555057819
-0.10153837742452561
-0.0335482902225338
-0.19702769562693823
0.3009831282780753
0.0693238895342833
0.046737344203622355
0.19084762074701958
0.05995824857144209
-0.10780360530766388
0.2194947103520595
-0.1231911137568854
-0.029424121276020936
-0.15416169337752308
-0.07056254209233308
-0.19035122416541586
0.24189242847022632
0.09139511444130673
0.3070443559701453
0.1877175386433508
-0.28706134102462244
-0.014468032063986913
-0.13439030288392181
-0.029373528614350466
-0.17411926226287613
-0.1521205207583218
-0.14602384294090925
-0.09412467714179557
0.0012548134253836806
-0.06029984021709212
0.2138605380251448
0.028296538605642067
-0.16546741317009223
0.126616429809364
-0.02023370124959274
-0.07057577690272461
0.0631530391247897
0.10792878610487779
0.180123883943872
-0.021327745969172293
0.09010168457361649
-0.18864740247701423
0.13433642296702847
0.05405968379886636
-0.11106754930382191
0.017971190660451306
0.07564947301765182
-0.1926875466414871
-0.0017806642569191348
0.030379551349301457
0.16818048876616093
0.0663514757952126
-0.006093121825818651
0.12378206354588421
-0.20080559831034203
0.024318040053331838
-0.0672070538114518
-0.006106971944024544
-0.018757829111152015
0.20350600051862958
-0.05631965885292605
-0.16750991693956274
-0.11804700355052139
0.010984199715231298
0.10992901242668936
0.14185979622065256
-0.06006570905528749
-0.07322969222749855
0.11696875816408005
0.09908084782084509
0.14576894483588634
-0.1116893216673457
-0.09645576072939456
0.029280450330423927
-0.1203215506421076
0.023493716864716633
-0.07130927706379019
0.17454423349259002
0.03155718164893792
0.21104210829194364
0.06147578621669731
-0.05068956407036712
-0.025311059607460544
0.03358366631332211
0.04942761657154129
0.004687199709385122
0.170512676873325
0.06116897019160579
0.26984192220836
0.04856755296244608
0.1594669656543509
0.0023474822008396072
0.01624703994146315
0.03371455127727778
-0.046033111446009335
0.16661788035494973
0.08601659654323386
0.0768852517708831
0.11026397608730582
-0.14950463496523742
0.1129381758608356
0.08485692351714472
-0.14684782285232623
-0.08585846446763484
-0.12084871497823792
0.09066640667567706
-0.1989510961142919
-0.16431698219322463
-0.201747290929918
0.1202125604771861
0.045139115703226776
-0.2130068098741313
-0.2376345333596486
-0.019729470278781722
0.05308425825508768
-0.08835558693938163
0.06074088166329898
-0.02301647210998393
-0.14517846257192582
0.05541948923011873
-0.01800566131822923
-0.16352033017615814
0.11311196351722363
-0.05835005523823054
0.06974033320373586
0.17918956082303153
0.0977704456107168
-0.000875943145491401
-0.07874128640399759
-0.08200150023131692
0.18665509105509684
0.05976454459520699
0.026520914508587706
0.040000343827843815
0.04000663487163533
-0.09630950184202446
0.13394422590357202
-0.052911788902212445
-0.15347564362546098
0.04228019508806771
0.01742805863074508
-0.09602722271125555
0.1193012298383897
0.07791432797738487
-0.009844278833356625
-0.052873566199683246
0.05981771057959832
-0.16988481568291638
0.006907024765483722
0.2079920560278923
0.0386512902764944
-0.07822391570344782
0.05193302024867373
0.14098072407379458
-0.05336840813276663
-0.1932196805970958
0.12554604581190468
0.1594409975057355
0.002559973809773677
-0.03754323066081979
0.028597123297771497
0.15774657146802634
0.018829610909898715
0.1368350229322791
0.10430568805439924
-0.041102351573491104
-0.10181129862878045
0.13421662208553276
0.02953416312389359
-0.07788753207992867
-0.048622820238814736
0.005142172786942605
0.01516729838926306
-0.03872671070042414
0.14019675883851473
0.010171614387020314
-0.14967957317461225
-0.05204162514600934
-0.11605489183435456
-0.0014711740930329715
0.19279241318036278
-0.11951388634226785
0.09221225654017251
0.050023473963329346
0.14841181738469
-0.016051630079476836
0.1827558902031146
0.1369393454826229
-0.054330872400233245
-0.04056888811188175
-0.11499068595417632
0.13695502857606381
0.048124520034734296
-0.26289651871998543
-0.07026951856310515
0.18114681222494552
0.19555482300654592
0.06472670063035559
0.13311072828275994
-0.36108787255703706
-0.03978015879053806
0.02298658545423881
-0.04754022392712139
0.11185497968930615
0.017233593222372084
-0.13127768046948002
0.042676367450892885
0.21934795938098386
0.15344567445032553
0.04417247933825105
-0.12020572796387152
-0.042344197041091866
-0.2016116664345315
-0.10126175966214553
-0.0721469519075065
-0.176200139086203
-0.18847754210291212
0.14390785133074488
-0.005252807913421852
-0.3405952409682906
0.14316163338628615
-0.06375992442824042
-0.12448272417252682
-0.0470738581411422
-0.005719112258783481
-0.0689397259429075
-0.04415601706492848
-0.09453731527746251
0.008347010917426621
-0.014505266688032032
-0.0017630069528916804
-0.04102418711900274
-0.08716682000150049
-0.05244366678052369
0.12986447525885594
0.040275837278214426
0.14022922018096223
0.05122596139784108
0.03611389697846141
-0.04078861056907065
0.030665580560424732
0.04955637571353871
-0.2565525997220016
0.20711322881242045
-0.1202559792344133
0.021110734358601262
0.027727201427628478
0.030144076319975687
-0.04128021369003986
-0.06497189267362337
-0.24250807895208917
0.08411563598216791
0.09928959371252094
-0.16082420833162864
0.18299878132609146
0.14652915927785293
0.120816505040491
0.13333407748856507
-0.04589027695368705
0.15763608351070094
-0.03505746268068432
-0.13848680964391138
-0.08088565124885934
-0.046526296473278134
0.2523830687763522
-0.07131568850538152
-0.004737710503684953
0.06119705886013252
0.09952892554690862
-0.05915640244850781
-0.06586123397665145
0.13281521834071258
0.030942589171018296
0.21016790073398242
0.0786413559851938
0.01976247777079336
0.005728598049077104
-0.15193366977596143
0.09214854169975843
-0.09087319243951802
-0.08216650020966729
-0.09779830322123344
-0.044216900153481904
0.11614533061039975
0.13518967025024867
0.17771707126836414
0.04703117941237854
0.01662328038024088
0.11181699152774217
0.0551808119074045
-0.02593216001996229
-0.014990390437212616
-0.0057543902428047605
-0.11473037734134682
0.3220332507152888
-0.02621409028501063
-0.013244222565335178
-0.08456190929226504
-0.04264376617420783
0.0024536991329323467
0.09988223059358309
0.004688927104752936
-0.22858833018375604
-0.05561985190235906
0.2588512061217503
0.11798120340909364
-0.2680496857142646
0.03961886202797475
-0.0509266870264036
-0.06483515379779413
-0.036956745492985575
-0.15402850323646913
0.04468404100523375
0.05301164301848024
0.021899427218684236
-0.1320560807168434
-0.023688642512215734
0.007079888525669435
-0.19976526125400512
0.24157167929091358
0.03425180846331992
-0.24239954744528214
-0.1592911514876955
0.06985497483029013
0.3497822128954175
0.15112551745090724
0.03225435089224411
0.03301759234692758
0.042417019417535784
0.04761262445432918
0.11699263035565718
-0.024783075916887456
-0.0005026906489761587
-0.031648546557385845
-0.04730235947590637
0.11491935683747075
0.19696999935554507
-0.14073435581145505
-0.06021021106153518
0.0018340935741430256
-0.08337407555809467
0.09499374289036693
0.17410844312880727
0.004233983007006831
-0.07305172507649892
0.15752227546332534
0.23182137567515332
0.09886635755308221
-0.03967984682997841
0.045780380273403996
-0.09875404283250948
0.02608117215580661
-0.15483766978465358
-0.12827395502104885
0.07608650776969221
0.07045894104564117
-0.15630192830065132
-0.032505169880044114
-0.0254859907954943
0.0598703455886486
-0.134989655444928
-0.09271402354376632
-0.025737147212869547
-0.02886590833919875
0.2160107855827009
0.1769602959418679
-0.10059742582711509
0.14452621510795838
0.15010526026056353
0.06714669519673441
0.16154928417196865
0.11513462948946443
0.05682461061869416
0.03035265364006686
-0.12465297563629812
0.0604723470865759
-0.20160705255168596
-0.046069232097171384
-0.07200018896927106
-0.2039297635619853
-0.02986287249674673
-0.29562978341002993
-0.08804371876532509
-0.22594325775072457
-0.023299589996392187
0.13249345625693135
-0.09463198388833757
0.13598526735177185
0.09672199353491691
-0.0705146396509332
0.04413398514719545
0.04203089846875986
-0.20017262151799856
-0.1492007122239638
-0.07531958205532176
0.08381753064755319
-0.1354629253871913
-0.18437908429700042
-0.1429088603361251
0.013285039748694754
0.1393073012511665
-0.4349581067559435
0.10300517798691071
0.0074083386837575415
-0.19952900966032508
0.17920513038947017
-0.03352390295658296
-0.07788588873093905
-0.08982514300101899
-0.026912473051267767
-0.03380080670571711
0.135969037262121
0.16632331134737405
-0.19299710104411258
-0.17438924026167352
0.032466947437024996
-0.09142615702171546
-0.15238537936997376
0.06401880471457354
-0.06550630942877853
-0.06150299042792034
0.062190396024679157
-0.18339099860799443
-0.15423547673779864
-0.18718992930887834
0.06539177253842446
-0.09295729233573259
-0.028572972516254166
-0.11866316126395852
-0.27344669778650993
-0.1769262823427878
0.042831291966759916
0.18542405793740857
0.039400876599738774
0.03054883718944383
-0.15159667290127568
-0.02467740402605461
-0.17125570999040185
0.0855361118319986
0.12000400954181566
0.10918253672915514
-0.09489053102830192
0.37447743820752094
-0.10643512301047499
-0.08029058906143885
-0.32338896221612357
-0.07235603070066902
0.045161336786224415
-0.1071563240459055
-0.08195262436592202
0.32540540717600486
-0.32273696013440695
0.11591443499269913
0.027225823092246443
-0.3470831268863415
-0.18615875856380878
-0.05559727663349597
0.10186709361898147
0.25263317614995084
-0.029923164053485187
-0.17659067915266766
-0.3515776449711725
-0.07575960195488865
0.014462664227397256
0.08725862956106978
-0.05561925233108662
-0.03459323836175554
0.09927129029163997
0.11919345517213373
-0.1267738380007399
-0.022600065068796894
-0.0384757080791583
0.17209762071662768
-0.10356624275861212
-0.1670365764701271
0.1585430120873047
0.07315260818071137
0.03192124517743982
0.08749588654120612
-0.13677183122934697
-0.06636301725238627
-0.010002161027105811
-0.22617286790748406
0.09820576633727046
0.05071223148663279
-0.03604607241828876
0.14214074328751747
-0.19330372775152888
0.1441707766906144
-0.11945855192268008
0.025542676565931934
-0.06450664469299001
-0.22849616260406946
0.020949580858040738
-0.028044584404578573
0.0316054113297632
0.05314895734706604
0.013773816689715584
-0.3135554386137221
-0.08018140680060439
0.1941985417574379
-0.1494219490536107
0.01648806405992469
0.15933753641603088
0.035948999523583276
0.02959831906043182
-0.1032865036448703
-0.07448907243729955
0.05557946898203134
-0.2350461883117858
0.09337480889456397
0.08569101628969436
0.024789825339104954
0.010496302325722715
-0.025762392250320038
-0.0011856587003118647
-0.11896496120371286
-0.4232690797288364
0.044221482147276746
-0.1346630153716701
-0.0913135775456352
-0.023259725934361812
-0.09124712292299922
0.07516059362124841
0.19279025442638978
-0.20430443933803022
0.14639454951344552
-0.4346989723061981
0.00030828759597104896
-0.17067545737763548
0.15127901463230659
0.0567112225910618
-0.10899944046286508
0.13930410639221505
-0.28924465626035134
0.2593498704010064
0.0979146060930035
-0.07651441778217831
-0.07296840929824495
0.16757482131647605
-0.033118887235688434
0.1418947711976997
-0.09372541326832617
-0.07667879453131576
0.1481922899209476
0.172087107882011
0.14568672145041253
0.204469376919748
-0.10055157401588402
-0.2868059833538795
0.01822043454645592
-0.04224722474228929
-0.0629527951399285
-0.05858478597172472
0.08324785476474557
-0.061587281625468705
0.13868974607515897
-0.1970214873003746
0.05229539777386633
-0.07119279212027224
-0.06897696033735631
-0.16768439606264812
-0.29458557384408096
0.1427277600069899
0.1399618660851959
-0.15599551639059286
-0.15937011879610413
-0.10005367073613276
-0.09893614697112675
0.03554348481024752
-0.1378967506846856
-0.24133371301995266
-0.23239781710200508
0.17099026706983947
0.11521729183028286
-0.24360868076019576
0.015208914292515537
0.05954234203109289
-0.18060242747892227
-0.04274665208736613
0.19565954805179023
-0.052615364488252374
-0.12326823158079306
0.012577203986985334
-0.0033948584485812795
0.05246186856414155
-0.04703351696550362
0.02037086228896895
-0.13650022238641044
-0.01371872038223009
0.03416664094295922
0.18155015155296628
-0.10394268721987796
-0.04898985317790415
-0.0023236467736584003
-0.05721885628817176
-0.17800676900684959
0.14222024325040192
0.0640762802200723
0.13352623703336805
-0.17723477640233548
0.18490048351667962
-0.2398453315462288
0.17024181064093658
-0.10670581028965358
-0.06784274609560582
0.17937550590565327
0.05359167117334406
0.06491825319119772
-0.06367876833425214
0.014734234741225854
0.12302291712991237
0.18092206754883847
0.024551294670897915
-0.11672645293664982
-0.05842011772552104
-0.0895233426803017
-0.05585478622880527
0.135162347043863
-0.09493480949836709
-0.01621349341053261
-0.05994794677136937
0.07463380867253315
0.00693305940836109
0.04482746151333248
0.1232866914985257
-0.0725529711501428
0.043850494939195614
-0.09202466936762214
-0.09877558805414834
0.050143985996037546
0.08713791917895644
0.009245112361681804
0.32482689288398187
-0.18813481523137596
0.295318987626341
0.05528538034838649
-0.015590210901979538
-0.055786794952393956
0.029573065395085602
-0.11075690653955039
0.014764765112669163
-0.07134424605935026
0.006264342791993737
-0.05944885072006324
-0.12270138113396267
-0.22481058792064484
-0.15886188517169453
-0.18331453995108937
0.4126915040650196
-0.13641378074528254
-0.14375379560208446
0.03828674991177348
-0.1339965924605531
0.031134977787993783
0.05221661701381674
0.08099495620031728
0.10595490495374452
0.1105986922501939
-0.06863342142326398
-0.08643005617969986
0.23477479665985096
0.08392411244893527
0.10810927828753267
-0.16867459239310656
0.12041117269693588
0.08662554607742164
-0.18961573003466578
0.11557404064696729
-0.0879655155403827
-0.02130670197603227
0.26095933057867254
-0.07987959267644781
-0.13917960740244154
0.11704952680090158
0.10086165835366097
0.1993109388489491
-0.03707075009517143
-0.035430053493650436
-0.08508865762345513
0.09952649034264432
0.31076898514501133
-0.16712197624238495
0.17586253470150748
-0.044760981056938626
0.07153836233634159
0.18978192445764341
-0.14506765206099786
-0.2543299623996951
0.1538537856442693
-0.18344822765603935
-0.03045865932134726
0.11924963138641036
-0.06607970093242281
0.34034332455800653
-0.1392543760219364
-0.062353510466173184
-0.19816861912975905
-0.15418576121556613
-0.21143545863556343
0.10080760900755784
-0.10229630419626888
0.06049433290278597
0.05699702246013192
0.14131896228235033
0.16028175234972736
0.2866503125369872
0.0550542706577388
0.07604927236244578
0.17272707873060977
0.02286320616052037
-0.0727615768632649
-0.12419532980807266
0.15838304571574932
-0.12314259776827452
-0.0015464279325073686
-0.08680167828692036
-0.01723311120592022
-0.09948729054704111
0.1449509781234724
0.26975521945607767
-0.059396251696213
-0.15140840364121844
0.1536852558710149
-0.07302498832011012
0.05221979786177776
0.1732424830479989
0.18219031918062453
-0.17722023374344834
-0.05653232962765231
0.16023539288892855
-0.0027056464854024586
5.3977344722001434E-05
0.22728676443392876
-0.0807632245953738
-0.06452225675512002
0.013355624000778851
-0.147894401084246
-0.10627461142201823
0.08015827485556799
0.20043052161075445
-0.1711817948331238
-0.048984231887867866
0.10120475140763294
-0.029713657765660713
-0.17600306234369195
-0.1519561609926707
-0.16715695596281008
0.09874391919077202
0.060419903936176744
0.10644413367346388
-0.21579645790191518
0.2803013457601394
0.015410919782904996
-0.1241189695392704
0.15532610325930607
-0.07228450661407683
0.14039596248981095
0.04742919090533788
0.21621174865796275
-0.0426886569014136
0.03490214800600772
0.46664718518683335
0.04977242742098142
-0.25881513265352557
-0.04841652746748584
0.12976209271801978
0.021876990231562216
0.10188306108903457
0.1655459512048891
-0.18502011028764542
0.13302253094369823
0.035338607307903204
-0.07740559101071372
0.07843888731308395
-0.11594681801807608
-0.10075312513072054
0.1488551886957799
0.0019137511820523654
-0.1646183618074167
0.007865807960454146
0.013259932500550412
-0.10280762642853429
0.19797713830316535
0.1199691446405599
0.2093999200983894
-0.20329263190019378
0.04924015317893078
0.012453192233023894
0.03279047990564104
0.24676498566214974
-0.25430281582993974
-0.07403400306244985
-0.03699243474940598
0.0813047068675564
-0.014137243120051768
0.047889977259275525
-0.020604747587287746
-0.012598123560724293
0.25182337543643163
0.17262259617574738
-0.0674765614369808
0.08527044114524483
-0.0022360246996151996
0.05689520891017597
0.33942975225718086
0.04945587186784774
-0.2198310707678363
-0.05487398978143743
-0.03531126318455553
0.11396288876830064
0.28916100295014535
-0.18599039976111645
-0.18795118821638013
-0.07414544749009275
-0.060052674198403926
0.09418714542769722
-0.1654381588429459
-0.05504047817232327
-0.03679241097443745
0.021585881146725147
-0.05927776207983939
0.018665767416331816
0.25761446829140355
0.061682678613539654
0.007753936601131286
0.18245493268881527
-0.3017500982145376
0.06133473319822027
0.010745203980935352
0.14373305187751942
-0.0448800343153781
0.13275311740165358
-0.004781455604047687
0.08941765408439532
0.23545226237595113
-0.15749283105636822
0.014244840221190654
-0.013979044057189822
-0.0312081033546907
-0.020035364309982963
0.14806491931035523
-0.1658747425983148
-0.3773226271772554
-0.23158194161477375
-0.04159417213405211
-0.19736690869999696
0.14180723705693257
0.08548962388560655
0.055941921296090054
-0.0679807320268365
0.14294922423189932
-0.10793222701408302
-0.11054051672394727
-0.10535939917823942
-0.012306317764386954
0.05661991421078882
0.1063904083119556
-0.04623391522451423
-0.13121488068256007
0.07612168246947593
-0.020980995932069698
0.11453022616027693
-0.11671977540246484
0.04236824475078872
-0.1290407198438477
-0.2008434459213996
-0.14594270665297934
0.1583001817576082
-0.03837597279386797
-0.1327959737112864
-0.15241832409676745
0.011618905608379462
-0.07811503699616897
-0.07837158850514293
0.16577209133312093
-0.3632974024563841
-0.06166535436096582
-0.13243668418202967
-0.036291498804712295
0.1558090579023081
-0.08570127949310316
-0.26753680890462433
-0.11486523790815288
0.22249502046702735
0.04039650107301642
0.31471117382150854
0.06736639455157677
-0.13885981153159713
-0.12456135549489268
0.049969034542560534
0.05303925704109229
-0.040870351895476664
-0.236579132344011
-0.23079650032055687
-0.22930532105461296
-0.03765026500650575
0.08440824556148054
0.13920448008119485
0.14494836136340486
0.08710525181785839
0.02266573152020978
0.08226122644020824
-0.08254684012636497
0.16277364958857993
-0.07323791727543233
-0.014899954217436251
-0.15283662123767777
0.15238378834613914
0.14415597636146577
-0.021928342218874106
0.1578497313240282
-0.20104443117300033
0.045901173001573994
-0.08347806929181069
0.04317338167458278
0.0054781497800252535
-0.13212570005221463
0.18903448356079652
-0.3891879936521645
0.05444570718371221
-0.03796709526426584
0.07614609243405157
-0.1369784383194385
-0.2428579358045271
0.10287405124715934
0.05467702978070766
-0.11186202122863145
0.04243797260463255
-0.07838598983152595
0.03577344359915872
0.2579092134610047
-0.08528721130181334
-0.18808071181927064
0.11907400056651861
-0.10224694356992181
0.025765017499764356
-0.053450416932927736
0.12334924721928325
-0.08937713990397755
-0.1535306555174206
0.256527097906398
-0.12158372346118296
-0.23139024604144384
-0.08054587411026588
0.0695787929296521
0.029032151122808873
-0.10215565926104915
-0.33289944667365323
0.01238121290534338
-0.11088317713260812
-0.08632802777405643
-0.1069342746650833
-0.005979879539690735
-0.04598647628372396
0.22978830466169475
0.010437045678525846
-0.09868622934554441
-0.15509129123098897
0.06887778163517186
-0.2036180219070503
-0.1786739670449178
-0.11275432318586921
-0.16920005573246663
-0.08771603554190593
0.047877321690595914
-0.06795779046580613
0.05235407308822291
-0.12485205792868896
0.18150732871737818
0.160556235748816
0.14112137618392415
-0.11373850440174602
0.0334117615752236
0.017162481092269772
-0.09117616855863497
-0.1811994752892193
-0.08213729175860762
-0.06145703802068926
-0.021671741101244226
0.041775206824097834
-0.0630912203502278
-0.14257316905046538
-0.015366587994741653
-0.12809484428168716
-0.07095823011960417
0.010644726209195009
0.015626917811931738
0.0844957578145548
0.1294177421724305
0.21184031897443004
0.023122192698986913
0.054888313023732566
-0.05751602849431966
0.11523056333687823
0.01218839124581592
0.07725656827976561
0.041742007603049025
0.02001267664332312
0.12063235606544154
-0.10189116923811525
0.27116873923182805
-0.09935098768677621
-0.15079605311437447
0.18290053691076819
-0.015717544285668884
-0.017388114810266534
-0.06670518732851562
-0.20477748588163278
0.06419387890164888
-0.02963489242557227
0.2404208737661777
0.044622358336843075
-0.14554868644558427
0.2069291310323151
0.19179509171005948
0.08812532471476356
0.15217954490545615
0.07125584421824029
-0.1400257349066341
-0.03383906917508309
0.03023542303133053
0.15549199921309023
-0.0282729587910754
0.09239510690693147
0.20627386784621043
0.20278270694906766
0.10554836084992276
-0.18859890562634132
-0.1542895635300704
-0.21448052460089229
-0.04253600012834558
0.02799611769552494
0.10360185742901128
0.05645619028190853
0.10773883688713748
0.08490196339192513
0.007157253853099297
0.12559649289129696
0.054689748272918864
-0.016362409942045356
-0.1187648042933628
-0.09580339866711116
-0.032527726535917796
0.029089323886951842
-0.10266783531568166
-0.1691862864410784
-0.24131637208237386
-0.2399467716631219
0.06979007029129383
-0.2230054522286999
0.06142109881309171
0.01605710388124063
-0.031382784556036464
0.14136098492524468
0.0984973654073525
0.06459279589970429
0.05663538229236834
0.12004805088287494
-0.0763384046867792
-0.11854612124287826
0.03475184477911012
0.08673289314517295
-0.14984974569249465
-0.09584833565708713
0.01475195873466311
-0.040276008022331125
0.024121867860982506
0.11662803143903619
0.053062298645503284
-0.1701684722976658
-0.04762120999582951
0.049673316520145214
0.0656404700677116
-0.19261615702516102
-0.02358015224616888
-0.14179245266804782
0.01152852601303054
0.06689591789332017
0.021044527794114413
0.08575474415534935
-0.00031881273937319984
0.03671745757524289
0.10359288504184491
-0.29524364664923514
0.13142886446886048
0.03807054156817021
-0.05064772357811235
-0.19894362106994692
-0.05681755573290034
0.10993822712503287
-0.15167320071836338
-0.049806545980587445
-0.0939016748192576
0.18524719479412383
-0.08400229360687206
0.040083949831646724
0.11246378779816958
0.08550291088552092
0.09681239125442857
-0.14787698150508194
-0.030860063457283173
-0.0431398581324623
0.017942305247546957
-0.03873501285195042
-0.20674650978785564
-0.05132891702464257
0.21003496117498605
0.0877668913369754
-0.20479457727698877
0.1746854622669074
-0.07219865055497869
-0.08337104705867072
0.10307986389152671
-0.1258061389972319
0.22064924915490844
-0.00227405904971882
0.053945377358048954
0.013432809431954932
-0.18023165304823774
0.004626406683508655
-0.007301114521840146
-0.1566905352729917
-0.04812405242202983
0.1538524058814767
0.19147154239903585
-0.21815980775007626
-0.10037088479469049
0.01970772001523436
0.1647738923101986
0.019242846452796083
-0.23470115621852058
0.057787906882313826
0.10016004041356617
-0.11460738688413455
-0.09127706687747927
0.15548818118725632
-0.12308052230214972
-0.06204549317184696
0.061727580892306545
-0.02568749076140851
0.022583683858353208
-0.02058873815917008
-0.2193472394443185
0.03936324417813129
-0.022614527794662574
0.09782907817516695
-0.08399195846531197
-0.04324319814410877
0.08854865541892745
-0.08562675753256574
-0.12485687534523317
-0.0587758422001175
0.049141593877023805
0.04355201568098335
0.040001276383247
0.14208092762546254
-0.058268108251860073
-0.013312337980934598
0.07678968235455265
-0.11069979680006785
-0.10845255048156065
0.02303519572162631
-0.1236330156373809
-0.11057923590992515
-0.08794430619449205
0.022171593441638493
-0.1865477249354969
0.12646761445106472
0.12279604692879686
0.1491055822752019
0.16090450241173365
0.13717746492207672
0.06570361178325405
-0.1515954299329286
-0.1804153076665454
-0.15169211159947074
-0.1555339330078459
0.16319854555562455
0.14216364999069658
-0.10449424832437298
-0.1694983621488081
-0.11438722635790924
-0.044070552686729075
-0.052102700060872635
0.01871746760318409
0.047570581624546165
0.009164877303522244
0.18223564252053465
-0.05857259056389916
0.08873085703539182
0.02713733543562337
-0.22313028843321478
-0.09505996021507299
-0.009894626787786681
0.09962516409649227
-0.04736494826496215
0.023798926564291903
-0.027760874884769915
0.07773051064023428
-0.10977598528321579
0.10066362312638627
0.13095167732273408
-0.15466335984258853
-0.14713623166944997
-0.07217803766966971
-0.0020290632694850825
-0.04176780922989284
-0.0865418728021029
-0.0915870145973281
0.052907613442617456
0.33540436990767947
0.08882132536229062
-0.09921147190799062
-0.16511625515562858
0.0318985397965889
-0.23569417939428683
0.053797735806111455
-0.058573977378323115
0.037639064690006836
0.06477318847816373
0.14799673117067846
-0.28863026363113164
0.21805303161153589
0.049359333219279065
-0.15773642234348761
0.0060475653618191514
-0.2303703480836784
-0.03780238882834017
0.1298994963818626
-0.0469160100540875
0.09898912453168361
0.14359268569992173
0.08080414291322359
-0.14075191554852093
0.08489145469539902
-0.01659841291181149
0.0006754135333471488
-0.042353762066354696
0.1727005276681034
0.006680418969814263
-0.08688865091275054
-0.06231057148353977
0.15025739607770705
0.011698550797339292
-0.08517675911065682
0.05803865517469058
-0.20188695207906152
-0.049719668740839766
0.032685315262036066
0.19565873401997483
-0.20195544420587255
-0.2266212829151478
0.22742834639358042
-0.3774727306954072
-0.020394956054907612
-0.03760778642849394
0.0062406681389201735
0.07552964247532243
-0.0035005672820637873
0.04862616308542012
0.0369504694899559
0.05909887772369568
-0.3098936049285778
-0.06463175298463249
-0.027557134103847997
0.07511226466295606
-0.14698991848840762
-0.07887943731686808
0.044283532720913454
-0.02098175655706674
-0.02393591783328453
0.018412866019026034
0.0675569229116771
-0.27290404445407834
-0.1227331686910418
0.09495318525995405
0.05294105809523373
-0.042107033018388335
-0.05651582168446824
0.1815427369070546
0.003907476923094684
0.10496366174911946
-0.0732718667671009
0.07264533782476792
-0.09469020772471369
-0.0019474934859257922
-0.03199225645438761
-0.11618208458124248
-0.13244047954414725
-0.01218660214077699
0.14991814354901903
-0.037963385233013514
0.18564182642405197
-0.19140138433742812
-0.14460758964597464
-0.08962877029168605
-0.08088038484848187
0.11227852823198824
0.1373089832969836
0.0930542741406547
0.016971008808691155
-0.03553998801198723
0.22306756152480675
-0.022753006617801625
0.06990585754357678
-0.0230014584760176
0.09490582201609642
-0.04168385426278785
0.007578452114045279
0.036764889326823286
0.05429349484790033
-0.14802748618255526
0.10842424907176855
0.21034771938910507
0.02759264081196092
0.026618391911965928
0.18517918856498386
0.09441268337828737
0.025913466613890275
-0.07794879433809883
0.03492859492792568
0.1742699259265218
-0.21459598357138457
0.036272733597108885
-0.03302227951462087
-0.023390158767723143
0.2814057819087633
-0.0631676070453558
-0.1924777950005974
-0.07325846269953921
-0.040059474533606615
0.086621193884061
-0.09929046649464446
0.17188839835779215
0.11676870071346701
-0.14282748557141822
-0.06428712611472753
-0.2108749065256484
-0.24789009231741713
-0.2508142227161685
-0.20554047686123963
0.13180200247007812
-0.3041906582225843
0.14519852148629997
-0.2160883927374032
0.19245943320797618
0.19002117144427783
0.05078550212787587
0.28512298856917445
-0.0577071796684052
0.10909854182195226
0.017011856194332663
0.09599358229231968
0.03915416099082424
-0.18602705586173926
0.08153580311465967
-0.22894571071039735
-0.0029639155356043657
-0.03223364157575464
-0.022961469213130144
-0.02358079449408354
0.06421544721716428
0.09703086600405098
-0.04674933854946246
-0.13381097578203205
-0.16145354426649003
-0.12365937533240501
0.30537332577351306
0.037237663669438786
-0.04901697881632627
0.003999900518765899
0.027535968677630262
-0.2568754011926885
0.0410988854600074
-0.08627725456295705
0.14408917251834366
-0.05347957147010492
0.03584893149088464
0.007814283250055747
0.0936410548172915
-0.05316421261451293
0.04059050756156499
0.031268334215498815
0.12538829550851893
-0.05259854630789227
-0.2389397210883066
-0.019975350306328223
-0.0230312827040296
0.13400196303979184
-0.05967561247480687
0.2033433619059153
-0.034510515097169174
-0.13981089172134392
0.06257366934521326
-0.18411735039876836
-0.03225121120822142
-0.04765356372895474
0.09502088961148568
-0.20285666018948303
0.025054109282748538
0.09137722217084394
-0.09144826402681502
0.23101947428852682
0.06442563040986614
0.07358839413800888
-0.019861099080334375
0.2079429175462613
-0.07031102576055602
-0.025199717663204325
0.04132340366614869
0.015141805112439299
-0.008343943195152267
0.09779879579890201
-0.06658908203512794
-0.08431391299432264
-0.1619536940757232
0.05942469040816088
-0.1081563002515125
0.06516231786479816
-0.025895243852923855
0.1007012761538102
0.11784056731697716
0.0837686567542558
0.1653635827255753
-0.08823309183868701
0.002288076475262582
-0.03593781257180385
-0.1308982746882467
0.10471688799887707
-0.054218424918387936
0.28281860085511135
0.21137341999862697
-0.12977403702718907
-0.11472299896724188
-0.0844819841585383
0.014610774186625599
-0.1201779982176783
0.01978269840514083
0.038655588052896525
0.05151041247098016
-0.18125984376764795
-0.07814243021816059
0.2613098636026966
-0.10833451630254427
-0.026389644127498238
0.17615749179271942
0.03274897219983589
-0.03053536610225922
-0.16299323907265495
0.2697160511234202
0.11422319883126938
0.1787256396949079
0.11725471688456349
0.28277669575879544
0.0006626574738013479
-0.023219539965772047
-0.06113379016943757
0.19169284961464034
-0.07295525708196157
0.09417391403458408
0.313529921400829
-0.09590941312718644
-0.2168350138566072
-0.008131636625187934
0.02289795549442274
-0.06439731845009333
-0.09732877093686848
0.03921480509654718
-0.008736712335754324
-0.014508840946896907
0.005516026547941713
0.1133141459175477
0.06927327494260276
0.22791235304338806
-0.08709402582257054
-0.20602196954573657
-0.12824094081668833
0.10452519674957608
0.10667397359227555
-0.0006370791739098603
0.013580316395190153
0.0390186712443194
-0.011285824214986797
0.1169931428885736
-0.09728080553199771
0.3481328900547171
0.017499727579009493
-0.0005742282762869076
-0.018846864363365627
-0.234074230468741
-0.033525457961816545
0.041180420861887314
-0.048595316074249065
0.017836720895037503
0.10773055515040976
-0.05771584752106339
-0.05047212067862478
0.13581799855714907
-0.10993922984743808
-0.0394202710345137
-0.11442990604389351
-0.0028740222489977794
0.11974315092265402
-0.16034367003100733
-0.23600384246540046
-0.06457602726657753
-0.034550742236673884
0.026295170655249875
-0.16922181556916294
-0.10813623451605392
0.17047184436122928
-0.2638235858370092
0.07304063150638399
-0.11991063600196643
0.05325470525314175
0.16070358350422861
0.11844532219565863
0.10989984427321474
0.018286839706014933
0.030118804540633665
-0.1265627110581382
0.17096262045295307
0.02876752649873189
0.04403523554982049
0.009288110008059219
0.060318082583845474
-0.24059401427908714
0.24151422427083802
-0.148266715615066
-0.018407404969871356
0.021163855042547013
0.04973049672443959
-0.012629970028212001
0.12882829468941942
-0.09969776474114495
-0.061216018633145325
-0.22204766403419965
0.21313215627744475
-0.14287030629016428
0.03456087972954371
-0.1426487584203969
0.35531792265822665
-0.16805238707091694
-0.1203255663742824
0.08613314343158644
-0.17015877262626602
0.2858729945416543
-0.0723976500680718
0.14120765699696458
0.15305293507979834
0.05978446588945515
0.2726580282499679
-0.055885322630929324
0.09319105557757922
-0.18023657174661636
0.052762716863066245
-0.03318518263370128
0.08644862189320224
-0.010583111171756475
-0.18202068399546845
-0.012808014692334651
0.014551421995347933
0.013297498339609356
-0.03304494936615148
0.16736310386292444
0.17149634146307322
0.23272692738943884
-0.015660399630625235
-0.2766671728478964
-0.15940515975278402
0.06771438388697339
-0.020147712065142376
-0.06431006281685726
0.151108353350514
0.13837218551614947
-0.04197912864552948
-0.1016439690104651
-0.006383447255549338
-0.05467250802685248
0.011404955558159676
-0.27278009467668124
0.007825867976582227
0.02046929044658976
-0.02737622272103086
0.1759868312655841
0.1366791313704008
0.08548621793896073
-0.12931230891485804
0.09872357861696926
0.16050310866225276
-0.14626991126784983
0.07665062619767188
0.14155016436500154
0.1191950117175032
0.21711268849861218
-0.0800907159799678
0.10971557760790084
-0.021061492733525332
-0.12762499563521293
0.05276636077526854
-0.07721228579903833
0.12847643732746003
0.23968839690437702
0.06353054302331687
-0.11545999790575935
-0.018033219724014983
-0.07318427793236737
0.25848887920166447
0.1401852459474183
-0.2392577765751327
-0.02199292345602073
0.17315549702655736
-0.007386179014134239
0.1787070886422446
0.037455959877701055
-0.03710080606659927
-0.0393135646223619
-0.156981631188551
0.06170335620491421
0.07354104558006037
-0.2656826727775301
0.1665764063812289
0.010634785487282394
-0.13048345825248037
-0.002363440112244481
0.05209090965052787
-0.18938338877460612
-0.0335463368113635
0.059124184037098404
-0.0003442324216726132
-0.0008792187687292123
0.17460023336516248
0.13735445152710424
-0.19472720764824236
0.03221244199430543
0.07650031763754596
0.11436367486735255
-0.21855006937896462
-0.06649132055404353
-0.036128050911141914
0.04199758798076934
-0.16481434919781623
-0.035720880693623426
-0.39411431476918257
0.05297910892924291
-0.22888241355051958
0.016779085012457187
-0.18715641648623377
0.20825264661836648
-0.14596905824817105
-0.12538985982076825
-0.20219822994598807
-0.14933546572233522
0.12725596657185156
-0.26544557334733815
-0.018153664795533316
-0.003591256843116624
0.008995505020314203
-0.06298983755595679
0.027960096505090033
-0.07251371260094486
-0.25942372349927
0.1609220132393133
-0.05068585643539386
0.004823294930929497
-0.1692737511773711
0.13846558697017966
0.006280089923761653
0.11207221721180992
0.12273991501111209
-0.014613454425839936
0.22553433436352102
0.056295812433223937
0.16191388619556957
0.24913227106505229
0.1698408037624773
-0.00029227752017279077
-0.12201268563417994
-0.05388476910472834
0.08242714720357225
-0.13539922678183067
-0.11475813043372157
0.24099315598830584
-0.01184521281469042
-0.18088459430369966
-0.03211900010746101
0.012106161950556438
-0.23188263471144854
0.11576194648708567
-0.13765115626136887
-0.030162904905260354
0.10506421404007274
-0.08147924245479948
-0.2336887869351607
-0.07099066742567614
0.08854096575298484
0.11841108311626304
0.13063641219383834
-0.045966177046419227
-0.10189784912810824
-0.20745330576335877
0.1308344409556966
-0.08849709762456826
0.16288901568378167
-0.08365891288155249
-0.09138477773651492
-0.02588361341572259
-0.06916725291782336
0.0350936296418358
0.11334331164856899
-0.0022135097214054005
-0.04390280970558672
-0.08739862347146353
0.053643909239322204
-0.09640080244498445
-0.09297301005655122
-0.0990140517458284
0.09323169083041945
-0.13026435004534487
0.09478414330926463
-0.24455578879574882
0.09547077152634782
0.09932680359326461
0.02332220861938133
0.13017544777830842
-0.003973546095193674
-0.038699679565406896
-0.041762451428563566
-0.07127517511930191
0.21459149511611791
-0.30815995504742844
-0.1466042454319943
0.1160536699882237
0.04893895347307014
0.2807493227849751
0.06403475707048041
0.012629666811808155
0.029927374602504466
-0.07752427605793316
0.09132056764859833
0.06920287821838217
0.07717964486259561
-0.141161832246086
-0.03877308467632162
0.17925096266265658
-0.147642821036928
0.04907757433027653
0.13646420297273856
-0.3033666773646062
0.0038130597302680025
-0.06441802519898376
-0.1414681733648433
-0.10915871937733644
-0.1144702195671589
0.05306424512931205
-0.05430168692418533
-0.08304326287610223
-0.01722926319330306
-0.08734586839493791
-0.13691149517534407
0.07027388896873411
-0.20078899607905068
0.09557897233978764
-0.022349075161531996
0.029981109982718575
-0.021266952492156908
-0.061481837239465764
0.29858092057600905
-0.012471594114112531
0.06837306255520213
-0.07418475933322335
-0.07639604071313534
0.10277131857561693
0.03044448306243779
-0.13679520580382962
0.10610780107265982
-0.2269712281333201
0.27503128963796347
-0.0472425919513728
0.0077417798488183965
0.07889680558299635
0.2143027823043322
-0.1338250191521908
0.11220813724585547
0.16228880105220728
0.09586882804938784
-0.037756918561044676
-0.22058127192342367
-0.03643863467570363
-0.1273317718525289
-0.16782823361818003
0.08532200053367948
-0.11629941500466714
0.1773821076021469
-0.34005209878647774
0.05787971949735739
-0.048285698352741935
-0.15424740708403578
0.13705974172358448
0.07130968316441455
-0.1006033378834233
0.09919616359770662
0.005360772729047421
0.11049944866556566
0.019533455133246513
0.011749885155106509
-0.021851345758701103
0.08153692493775433
-0.35260694055163105
0.012871259319763309
0.05953784073354826
-0.05098055654005278
-0.02877765256454206
0.09651635523331936
-0.06842181787472004
-0.0338984767241595
-0.07936150415267713
0.042652581687060626
0.024906663429753995
-0.08715898069877077
-0.012642716637108198
-0.06596481170835428
0.05425405737344689
0.034729336276948235
0.03138411835744623
0.11148118828574034
-0.058540845934673416
0.018339389840319246
0.06472793211685166
-0.10525989261365519
0.09734963368534856
0.17379193635968607
-0.05473603814873013
-0.0655575602592299
-0.15673762168942815
-0.07700281461792471
-0.21482455916000875
-0.37544047384176793
0.0017003254856286958
-0.06804912818418811
-0.13840377611016333
-0.05258521946242768
-0.06086035570247506
-0.09917806176276732
-0.13309761071359097
-0.003939761730132732
0.02106866223447812
0.019590273642530357
-0.09334406228798499
-0.09733542571145103
0.014231374158662463
0.1467326535706393
-0.13097340951815237
0.003048220294430116
0.23903553033191208
-0.02041706120372646
0.2066117330578675
0.05837035198412445
-0.09576293621559043
0.0038920565498972094
-0.10694617624244059
-0.057261546747629365
-0.07597395059402907
-0.04915705916902524
-0.16274100981265313
0.009580310815829227
0.05124263652645595
0.060098184241932084
-0.03729142777222173
0.13536451496185506
-0.032112537881042416
0.07170474657405934
-0.07903114184063603
-0.0407864377094727
-0.12367137100379083
-0.09636087521457974
0.012678319970973658
-0.08742967307820468
-0.1367256682651215
-0.012895270509217986
0.17572425464512068
0.13487756588850344
0.02714099309694241
-0.07197933095650101
0.35111960107132334
0.028992841422616215
-0.11502280569187591
0.08617580995127373
-0.02545034586605295
-0.028532603341137306
-0.03137627637685093
-0.05029057006961726
0.03923048821065238
0.048675942190045285
0.08390690788372057
0.17104378871467332
0.08689445545097092
0.11828596132907072
0.11037560424825582
0.2535918784538048
-0.10475165595124328
-0.046217461895988854
-0.15667140783300088
0.10590026010644722
-0.009855284756556278
0.14786636452897603
-0.036555400555967885
0.16964323168844864
-0.08973310474909452
0.007121337629225418
0.19638756480456088
-0.08012834741292539
-0.10585333722808316
0.13140316765223345
0.0556848186328314
-0.002765069331806108
0.06431611239232977
-0.0803559332428375
-0.042234881636967446
-0.02306375760217386
0.28680768283653457
0.041727302435475684
0.1924304385041652
0.06760253371651086
0.2190966588970026
-1.0623139150832644E-05
-0.07050158972527104
0.05260748964019578
-0.01843933081899896
-0.033480868503671844
0.31059079108987303
-0.15803301929057925
-0.18609340952607784
0.03636651740803513
-0.006825310152340443
-0.0972035360687459
-0.053368120869284476
-0.06385970808583244
-0.03608886637876678
0.16980038543244877
-0.1415196249011029
-0.017885117930874113
-0.006091045181938732
-0.13137093106206865
0.1733017679950651
-0.09031555426669613
0.10019594690485163
-0.17789494037092435
0.11062544045734178
0.07647627238547396
-0.08649578486570966
-0.14556855309728525
-0.1459601997482765
-0.23556124310348703
-0.09026803861498527
0.044414140916990405
-0.009929512219193267
0.03158157273733314
-0.11593266131310195
0.21982284252123713
0.02458384903979801
0.051917601226037315
0.10263332953553456
-0.08008146933192854
0.2697718553107494
-0.11741501376526645
-0.012089558089410223
0.017011257506735725
0.03781623585808941
-0.21925763972485168
-0.198889926276078
-0.11222234565769974
0.06747001304828103
-0.015219282702197658
0.11380277745149563
0.2257776522734444
-0.013905990553594176
-0.020090044199533762
-0.2084102742049481
-0.15347443877421044
0.017195293056320574
0.21822048066891103
0.14658445008130488
-0.2778763937456181
0.04783580197291108
0.04160475399052624
0.3512706074123187
0.11545734422032629
-0.066660002120614
-0.038505931999898886
-0.18503343915557022
-0.060959616794076195
0.07267199411590765
0.044839639365216684
-0.1534923187816649
0.15125261467548215
0.24410788147553578
-0.18555695432497107
-0.038901219845538314
-0.016440452611351176
-0.11352522664319367
-0.11330373827809273
0.05815563829032075
0.025733392069567068
-0.15999193086110658
0.12893467515655166
-0.1319482831822836
0.30490310124875386
0.1798402518462421
0.1736334689900061
-0.10296737824937778
-0.035904221369898646
-0.14251227827569055
-0.1924427257463242
-0.23049039567008106
0.03792563830031393
-0.16081532374554297
-0.11251296273760962
-0.07913324744629725
-0.01933601818011406
0.23435139287064843
-0.15679398070257208
0.02789090038467282
0.09320121193806379
0.09782617954148229
-0.10310508630211429
-0.045779364101381136
-0.09491660712133018
0.01352697713030111
-0.18996267702241368
-0.21724569212416187
-0.20542272112137877
-0.03425752555078151
0.12635853172147746
0.005475464698601098
-0.05727025013458022
-0.08729312846601513
-0.10908069546041137
-0.18188847194761215
-0.02154810858445905
0.06156395965098179
0.1335496240161187
-0.009115655096643213
-0.22096282702070988
-0.07681536666487064
-0.14113599744600275
0.09465878024250855
0.036110969182116176
0.027496488935717416
-0.08266374378257998
0.16238917377207376
0.09799153996109342
-0.026707146154860282
-0.04067654941406542
-0.09460122438736746
-0.3161202871347515
-0.02758354909103209
-0.035028763571448296
0.03263633161402503
0.03702506319520315
0.13001839755537545
-0.08194909532678787
0.10778362529968016
-0.027193288304477037
-0.007262669786180865
-0.28794665237407663
0.10291765264293931
-0.0076000075438815646
0.24473379218676056
0.003484082444549178
-0.0401264951061876
0.01294332348081176
-0.3047923348204829
-0.14105879998429816
-0.2324925754124082
0.2388385118746294
-0.11447332932320929
-0.0200528235235365
0.04293436702090466
0.09847099161818
0.11825432999362423
-0.32860316698812936
0.1367627860692312
-0.09688680230368878
-0.042333073183015046
0.02135337878223338
0.1344337297299385
0.05205567899416201
0.07224121952826788
-0.42280430060028595
-0.04123997977483617
-0.06708416675631672
-0.1742053555650062
-0.238256495668885
-0.2930418470437204
-0.003811902282119608
-0.11939814376854063
-0.09981267135266941
0.06025152820035175
-0.12076609687927566
-0.11772497792334145
0.11561869080323993
-0.03615921695909453
-0.1309160678224999
-0.14350468508971248
0.12611007260103602
-0.057105886302277496
-0.05719438706726334
0.0742582287925825
-0.07227679313543131
-0.16402119902905166
0.10064191116311656
0.1185817508217383
-0.20447206977281054
-0.0786632289767356
0.07139608789648105
0.08193025574114747
-0.018149090788602634
-0.21215506598418016
-0.18377220986009388
0.24036394724060517
0.1486590310187638
-0.1291500879701094
0.01673016210388407
0.1636405463925497
0.09118820203213104
-0.004081938341522911
-0.058143319049972796
0.03598678947791105
-0.06152102517429807
0.003584095609722347
0.11038467763322922
0.08971164002548086
0.09183166592845805
-0.0845494946861193
0.12157732641185083
-0.14990359873447018
-0.09252774258148534
0.008202945739382688
0.03598063827037493
0.017764114984246168
0.3214365825536785
0.012113627619528923
-0.08834345287847938
0.10146607564739062
-0.08658039217530832
-0.143326995710068
-0.08578786534455514
-0.12321954946046237
0.10379650584336399
-0.1906082425223379
0.238168061009652
-0.13059269946280422
-0.15702006637508495
0.04384284690891266
-0.04710664465439095
-0.0652482763938099
0.09511060019298948
0.02628265624055779
-0.15388954142387812
-0.26825088663649255
0.10223264818298407
0.04752753660322107
0.049854511169516086
-0.012835991428176622
0.07514097670627447
-0.020286266781274286
-0.0293342199346266
-0.08960192501416774
-0.05779391586849543
-0.17508949498623685
-0.020817881249887937
-0.08267636977473698
0.095668265076799
0.16594865480204285
0.20933550395717224
0.18041182454150415
-0.11760581307266073
-0.0874086715084645
0.06004031930453482
0.05950789418130857
0.008533371063635817
0.15641911088744054
0.33187483191172834
0.15152780014489212
0.23700093685689927
0.069404325020567
0.2909423975535364
-0.19082193357482363
0.2486161546830557
0.24848918566315303
-0.09622934432313868
0.024368769103668864
0.08144688141875162
-0.06188475374524108
0.011768089824996194
-0.1241653483738514
0.055544749249526584
-0.08701481507509534
0.00244830876630739
0.19584941645818146
0.10920078074746277
-0.01575118136760059
0.07858034531954997
-0.029346491157944445
-0.039272968216541304
-0.0627663889110018
0.0874581927819012
-0.13757043856287945
-0.0132998059708341
-0.22282849753080414
-0.21769139184237032
0.05996286105103816
-0.07055315939566399
-0.05607953154284116
-0.21916722864732446
-0.0010737559415815005
-0.03385536297520962
0.12659248626321554
-0.0994316037269307
-0.11750580467154512
-0.21048326982325957
0.06138937903887444
-0.19108493365498988
-0.0018871576430005553
-0.05990423669720065
-0.13125835576901834
0.04807385151761913
-0.14681251826302646
-0.02299142713059053
-0.07179973622641214
-0.07526643291277682
0.22331168012116961
-0.138720626532793
-0.29570710468344985
0.029709380246897517
-0.015353661779106903
-0.09964011363323944
0.09137371895372713
0.001267806895535788
-0.24393753716984065
0.06267913313610371
-0.08324925728181458
0.11975776708480516
-0.1252632002354943
0.30189841225665615
0.022363608497494265
-0.050561997792381644
0.016876533931102135
0.08372188573116594
-0.07923530091288057
0.23870631181685323
0.2162587897644321
-0.1560279281866959
0.09715143777561064
0.05762008499601109
0.1755808147345274
0.07315148224374646
0.021599246762970807
0.029961516330789053
0.2366213747686729
-0.15144811618709786
0.050568176969370104
0.34873586710466054
0.017836283550659204
0.009501582385695
-0.13145943559383383
-0.19860611882182572
0.31516329570444807
0.05633237514135045
-0.06749386530957373
-0.13985704281461045
-0.11510595617477161
-0.15782301175502533
-0.021350806219570487
-0.28069233417911127
0.05998660370982018
-0.06869242317083796
-0.04128186912268877
-0.07748010075528694
-0.04772440294983544
-0.07174519863368073
0.09029682311140169
-0.1132606686494444
0.0751398143851807
-0.08246851733141622
-0.060844253014994305
0.20935102111737716
0.0788408525126099
-0.03557197868921814
0.16731973430957148
0.04417129342729548
0.13865136470801978
0.09793477781859858
0.0817200445682659
-0.08619833795531832
0.22617060577011613
-0.08310974011027682
0.11596549057442768
-0.02527236992874826
-0.01314298621760713
-0.10804262691053063
0.1443250806416545
-0.34500054237099503
0.15914254264496225
-0.07927108963345526
0.032658266746219924
-0.10523510824918819
0.005062742894620112
0.07193192427831743
0.28520667580650483
0.27338642566477545
0.16442328513432
-0.1881204395476444
0.13875620110888567
0.20116620975866992
-0.047567963900869946
0.06286698901901287
-0.01817969955220776
0.1955780997421304
-0.06391272678616372
-0.05956944725542038
0.26858884973589253
0.047592016100205
0.25100843019095714
0.031974635631231284
0.2434882225681999
0.12109939785395359
0.00041352688394314475
0.05254159064403663
0.11017631938394976
-0.006986764498023886
0.07963853297893404
0.14447964308168165
0.3233445322623006
0.29204469087695684
0.10747378645935071
0.2979269000919244
-0.13523716344378164
0.10435188950953407
-0.03425777116568753
0.05310364042670864
-0.01395256846421716
-0.04343822490421622
0.02128478290434419
-0.08047867939674978
0.06070039862614188
-0.19826374404882832
0.12483570155035145
-0.16852897240640982
-0.015078748167644648
-0.1091264025499046
-0.06086324094395686
-0.059862086034700945
0.10038147730400529
-0.13281125992496318
-0.14679350147643114
-0.07794352605850352
0.010507413057053874
-0.11957423128446133
-0.24192519258746578
-0.05008245051524153
0.21357153740650112
-0.1170662330129905
0.06421794185137754
-0.06906194534569056
-0.12265330894075702
0.015352116443652688
0.03377572410322689
0.020217084981142622
0.0697905856942785
-0.16309545978849552
-0.0373926605202141
-0.07478130478426308
-0.04079608601120711
0.11001024898336326
-0.13922663509305117
0.0011513190443152724
-0.14317795344076023
0.1626495912516222
0.05891908048408302
0.10115676751052274
-0.04206559182956519
-0.08737419471227675
0.041905992406178795
0.15559136184352215
0.13425193358523638
-0.04707113122281371
0.009627408344177083
0.13351441739553024
0.027079578237964228
0.18585646106476664
-0.06787032401425731
0.21696571951762358
-0.1970082922243394
0.08763228900478356
-0.08858341669255008
0.3147594756877259
0.0012436980388685313
-0.0015141261076151557
0.1742229545793189
-0.04540257966359243
-0.023692680713848602
0.1860191667024146
0.18616101680893107
0.2002631925725568
0.02974174357825876
0.09761664680572574
0.12272322374720528
0.014958153282746115
0.045899193431323926
-0.07442332069520727
-0.15926246825079077
0.06612604466913637
-0.0005105603578148469
-0.11546377615783755
-0.10768862438263223
0.10900691293259958
-0.13180584073198545
0.0029311756755400955
0.018611394248280927
-0.1451685277531942
-0.21791296595346818
0.027266799562330555
-0.12887249377205895
0.1636834798505566
0.09005862479412013
-0.2781320306790173
0.2235090832480431
-0.025264154207150967
0.2755818473824603
0.011311242538754082
0.12386021935714576
0.10479936721027949
0.23203010479212613
-0.20086567492761098
0.05965247611194954
-0.04776445129790327
0.09757384419300398
0.213562773390343
-0.09871626861066769
0.03511532141005551
0.07118972027713587
0.033462924806413476
-0.2800156305340859
0.2706520579453166
-0.22292567476872752
0.023447673129199247
0.10614322385113394
0.03662345668763157
-0.03802050508001729
0.06819328908352243
0.07230321272201833
0.02967700920451735
0.2234751897325542
-0.017949456900953776
-0.19947311935853893
0.08644211478438944
-0.009312492961888363
0.02323462327915544
0.0039170862876898105
0.06890908303602557
0.0013768477067603376
0.19560093780787055
0.01115135229312319
0.06374030444116752
0.09792464807721422
0.09578336775680794
-0.08311965814235799
0.1323257344861509
0.04501722097228139
-0.02135472365967532
-0.08960364633580599
-0.06337432863995837
-0.15705212102832128
0.008579066626984417
0.023711620593807305
-0.08439933996073737
0.17478585838597288
-0.16439196028736128
-0.027188678594246122
0.19052514518629993
0.07872733729521864
0.2034596426376336
-0.10402924542465318
0.21531038183856704
0.011742900100840718
-0.00391598638537876
-0.20386734177827726
0.0799128580208811
0.0934898684751268
0.20790675536386458
0.04971804663161287
0.03198496116900451
-0.2515188552975181
0.1425551539027502
-0.05795926488142981
-0.004007185081338897
0.06918383231517737
0.11295724807191308
0.054977054690494624
-0.08005058821766901
-0.11355626618111025
-0.009942306639275504
-0.04282308296629373
-0.1603452202457419
0.10014769557184823
0.12405717671648184
-0.058002132200097166
0.08237580137188244
0.03434989481990148
0.008052646255032095
-0.27019686143496996
0.0300962695681246
-0.05574501018431186
-0.1424390414732733
0.13395238674249646
0.005886851785424745
-0.04685363151502785
-0.16565327510643674
0.02656742594875646
0.06925332243705215
0.024004845605234817
-0.07059743446384309
-0.14762734949458364
-0.011473674270034354
0.15126833564905234
-0.09807865654082097
0.3044779118721405
0.29734398742867285
-0.06315714930699189
0.2544588571697936
0.08019110791577064
0.09535937391291083
0.08150399543668073
0.07265295498910383
-0.09621604733778534
0.002237678143632897
-0.0020621896171779666
-0.15956832172397786
-0.056766460136282004
0.08529592198104963
-0.15505479220826765
0.028482872470909807
-0.2375731039373289
0.07316717209400447
-0.012463037545354754
-0.12399711677092942
0.056245245025326004
-0.01398504876785306
0.19457749438938032
0.10831176200023693
-0.029271119561021085
-0.2300630395412877
0.006185128797981884
-0.09461886725124428
-0.04058019094019845
0.030700229312304695
0.02202417803848586
0.018718870357538175
0.03411790909771616
-0.03231486684676152
-0.016920261337825544
-0.07216867688052449
0.05552242772402792
0.011238224124325772
0.17257396518206228
-0.06216118057223539
-0.0008447819699215117
-0.10233515089379805
0.053475856741058744
-0.13551464597464583
0.051909551085731045
0.04825570075521645
-0.02407467671707573
0.08732075869482737
0.14106540551918206
-0.07780354970391774
-0.2882832089746109
0.08640388621302
0.20459956185663525
-0.17093156059857534
0.0011264587423936332
-0.034818054950251254
0.2122825387423094
0.08247600532716058
-0.03176510402884338
0.014327244403578698
-0.2425638241690674
-0.0032024293323423087
-0.05245901571723919
-0.06328344963109331
0.04235774821816726
0.13987988060263545
-0.04937376941450962
0.1657925687137289
0.04605949387137056
-0.14276987323245097
-0.1426530804410044
-0.01640044433753846
-0.010678138617437423
-0.17739379374009534
0.09240390321631219
-0.10305337780540062
-0.07449502135800695
0.2128734839939118
-0.08308391248617544
0.03295477757012031
0.05390441427602303
0.07832794517593508
-0.009936064611856896
-0.15318966891534352
-0.015530094906215647
-0.09182635581241035
-0.13333847700690377
0.13511976585289523
-0.002258573679563921
-0.007751880455658789
0.0885948268487519
-0.29255179379998447
-0.11866887613063774
-0.2160133648996862
-0.059868313891409425
-0.25990153340717054
-0.1050736659804166
0.03423794016038525
0.05724313566361088
0.03527006175345159
-0.08646749549157759
0.01720652764620067
-0.23702547408272948
-0.06378176495478276
-0.17037297660627507
0.12348027728903226
0.001759081049487294
b2
-0.00342929084969674
-0.009782015748305015
-0.03667392748069895
0.010318687260251456
-0.011773184983988152
0.03368066694855687
0.010124776170621073
0.011000758594507649
-0.03108858606936601
-0.014331759077606756
-0.04809376869816767
-0.03416946071695271
-0.007845434827257556
-0.01811369604824961
-0.024589844730092444
-0.023079089312600484
0.012360865496634357
-0.01737391832792175
-0.014073071456117687
-0.009003616647393298
0.008486356565566365
-0.01626429199762954
0.0009207416723780663
-0.00925079566463117
-0.04384474227016206
-0.00926159668059624
-0.004885104373471597
-0.003597285907061249
-0.015741704390129146
-0.03875978938429238
-0.01012677772561688
-0.026438126878430168
-0.01203523210028114
-0.005626470382969076
0.020780652262487553
-0.004935668031929568
-0.012065205300855404
0.014195656672359376
-0.0021770226364024106
0.003784523587504544
-0.00033282133336327033
-0.010009780967618002
-0.010899514379759112
-0.006666649453799374
-0.03549285892051881
-0.013891156463659066
-0.0287080473290803
0.016498483511643437
-0.0010084664021004811
-0.016176715386486486
-0.003787582459619976
-0.013563076524046785
-0.02223900400524816
-0.029485124436588465
7.2034818465626045E-06
0.006682963705632914
0.006335180753592645
-0.009366811798808607
0.020400904590095144
-0.02755490657197443
-0.01119942450894102
0.009859160915227238
-0.012524010502528675
0.0015981487751752122
-0.025822489049373974
-0.03127583530204198
-0.02713886069464479
-0.029646758478055264
0.009528364857368708
-0.03159129864901608
-0.019333709450570922
-0.0147510304569994
-0.008732879468806886
-0.015381613162133208
0.0007485523893749555
-0.03397211095324368
0.0038759564374362438
0.006177750614087545
-0.023620364140551887
0.01785914829395002
0.0006253248952544273
-0.033967061542363584
-0.023332151866872885
-0.024845398950133223
0.005605955773179017
-0.0342033604338588
-0.021295564564731896
-0.03226370366707869
-0.006054546755274609
-0.01808373955783467
0.007052607824065746
-0.02204718439118632
-0.016599342573090023
-0.010677954917808066
-0.012450027738526773
-0.00625485004430817
0.0019662325286461764
-0.02725192088725379
0.007989450208154635
-0.020669753703571714
-0.002612455642552827
-0.011712010974251601
-0.04208691658155426
-0.01945746085530575
-0.0035260693213519543
0.0012525949610845918
-0.01707848920475658
0.0031056035270990235
-0.005195617770275941
-0.016618364214110948
-0.011255740972057511
-0.01851836314192282
-0.007658809753224329
-0.00604286199735483
-0.0015918913646862654
-0.0030998078907802074
0.0012514282565671642
-0.015185217937375704
-0.0018512128791181653
-0.005741638468846443
0.010491189774378172
-0.03657472255700869
-0.002148186303114296
-0.02419080410644235
-0.01883807310608978
0.0066717668431582975
0.004057033449684419
-0.008826712947624913
w3
0.04651589618470551
-0.14114003486436721
0.1805879898496581
-0.0904022340015876
-0.21152895567357788
-0.1252327277782709
-0.2818860925504092
-0.08148981652174
-0.35418429065456974
-0.13194548089222924
0.04559814884101795
0.1632486550954191
-0.030115759877146344
-0.06017628973613126
0.36970726838802903
0.22462504321545249
-0.24866048082964057
0.03880934453847072
0.07596388901344908
0.016445770420314088
-0.014732999667278701
-0.07595019958455647
-0.07585601872601606
-0.07737430359634118
-0.1030148736161932
-0.11732131225743471
0.07028914595128168
0.059716456542252
0.04266997994364956
-0.03973826593374144
0.2323835708352717
-0.0014365199531800505
-0.10225378825022367
0.28839865266750936
-0.04462278538907611
-0.12009230153389461
-0.009617462485694056
0.13096562424385166
0.08001116758002268
0.06259121241278431
-0.16460148382344983
0.08914284354411398
0.07076933648502944
-0.07331140538712179
-0.10608378135219491
0.03146594641908494
0.09765015569512715
-0.020233549542083704
0.19067658100836485
0.22316775138977435
0.02800157236682602
0.01049240855309039
-0.003939968263721422
0.08667747498888459
-0.035218779783889216
-0.04204186260493405
0.05125888360686924
0.024526867168330982
-0.1850040389335297
-0.19614165669207306
0.01831244669026815
-0.07534108342355536
0.1355246307084523
0.04743590688182865
-0.00025712712553169594
0.13006087916521003
-0.0016846107992305286
-0.012746160701596638
-0.10514948137300312
-0.16488291185778275
0.168751489252561
0.005063291762011859
0.0876516948971257
0.02789074975680519
0.0657678261430486
0.011622000667552769
-0.06734117137087262
-0.18489120197926157
0.009034892450919511
0.0359946823425974
0.22126398830537308
0.12261862744661729
0.190872162725476
0.04501637208479152
-0.07185467301786486
-0.026191784106317097
0.16425245554902987
0.01456775905084374
0.2120780432904725
0.1359906434706826
0.06757358275800569
0.1970181677803146
0.0928612180646308
-0.1841213610300113
-0.0718653482818826
-0.0625892731342411
-0.05001796057846365
0.18092435721219188
0.043604408551828115
0.008109808617192224
-0.030335578817553478
-0.04883052042954095
0.19211596326979993
0.07763505897830006
-0.11736512031289288
-0.016253808729112494
0.07649776773474276
-0.09987458810807322
-0.009169190713296466
0.15202240440176368
0.08438968959688124
0.24185583136064895
0.1329606357457292
0.029880410477578164
-0.14788997499928
-0.10566463867447679
-0.05935817275569747
0.010907864144204648
0.03201876637418578
0.07957699754492178
-0.06589502620215061
-0.0027652059778102717
0.14841944291997117
-0.08903715992738735
0.03379654278244173
-0.18599981089317916
-0.07173804681160448
-0.044038232111573934
b3
-0.008004967102835223
