# croquet value net
inputs 99
hidden 128

w1
0.06712358772105236
-0.04789202243784938
0.08835128696012816
-0.05669826070338685
0.04564977874669971
-0.013701114505482295
-0.0401613567464168
-0.177894175805963
-0.076816575048346
0.09603466408109543
0.18202030810143505
0.4160414290949912
0.2911480361167861
0.21851606328095685
-0.17309010590955848
-0.17725454638921959
0.04075617114089183
-0.42240024085437633
0.14132703966536972
-0.11434040556912822
0.06920379350876243
0.13198109494076218
-0.01762348578190645
-0.010552520276113466
0.055435888178402976
0.2793338607139525
-0.21243064673630496
0.28759202506532117
0.1887573218618901
-0.14335357201346238
0.04119570424245298
-0.007908495568065364
0.09963932050998085
0.1094575273683049
-0.3729934407887455
0.2809598038834693
0.11545558962657544
-0.05566956858919069
-0.20171141109409382
0.25222492786173306
0.16974815320701744
0.11973804376353142
-0.008033444931084105
0.15763661322490413
0.01663395173663721
-0.22436227300983091
-0.007385032438270536
0.29228668580276573
-0.003990875856997276
0.2025624332129597
-0.0770032526524693
0.13617357139351305
0.22143524950483967
-0.06665355476828845
0.09724096777460103
0.18949411866639343
-0.11863694225703092
0.3439930959248564
-0.3769883528425542
-0.33759687539117234
0.05640093187734951
0.14184882443974134
-0.06876401905777925
-0.10320691477699499
0.1222013563398921
-0.02294075304382713
-0.11430075375599454
0.23855169943495458
-0.19944650359521116
0.13276890049502452
0.18110023437693037
0.1584030509820317
-0.12421200856782567
0.1965247194620128
-0.026447579591303963
0.00022040356185353045
-0.14486179750220238
-0.014221771539559641
0.14999922952855752
-0.04913863900156085
0.013799612733663263
0.0595501934154907
0.018199854111793097
0.1527198681055421
-0.10309698380654904
0.027679617829283614
-0.13681913086629066
-0.05683142546425633
-0.08850008536377549
0.06925743498497128
-0.035687833231156416
-0.014813567804884827
-0.22581335726970547
-0.12880724628233062
0.08074934465623534
-0.0018099817025644112
0.13171280160873122
0.2226282755025145
-0.2166140773791469
0.17556403969994644
0.3970296686012441
-0.0076907183824036
0.07255808071015654
-0.12005457391173684
0.11480737854947082
0.25569828733404043
0.007139063484068356
0.07914389043994728
0.45043522669741287
-0.3409853931104197
-0.023174054711795525
0.05759017553176081
-0.16551312033306972
0.2616913757841403
0.11097315872449838
0.023361048400918936
-0.16357665042035993
0.09500265486390241
0.0858456551105961
0.05285494795034128
0.014191626750171263
0.2753063535636822
-0.04720828474373678
0.042706166802992364
-0.055065921300561996
0.03261159888211873
0.16351851961069766
0.07770348755374809
-0.11281463261264744
0.0465950444982447
-0.07449002475545811
0.16303803049067447
-0.02142003641117924
0.028838082177543637
0.18780034271201318
0.0633688108186103
0.11334072838931153
-0.009370905912827108
-0.14231326262924182
0.14922627397795138
-0.19384947617967266
-0.08444489572401256
0.07459803670858578
0.04244177565107156
-0.010082907868687128
-0.2364448187292921
-0.06266582343720185
-0.007416600843893486
-0.2070345761413574
0.08993905122595348
-0.17813892438518308
0.2596625229605715
0.157535747824092
-0.03797587091042786
-0.04834365563443748
0.1858745433591416
-0.257303491746895
0.26941710428492954
-0.4098755023265954
-0.36950063891040896
0.11953902036808081
-0.08125601109855851
0.17366040158399526
0.027108245609225097
-0.09609986872806303
0.0031367567144728985
-0.10577077374070788
-0.1995518815380747
0.05759438491502781
0.07604919330010104
0.035450280529542064
0.03245460649622326
-0.119059794094818
-0.11651631732647018
-0.5289041261432107
0.0037961401101301367
-0.12240901585343393
-0.3253757629387168
0.06236385510725041
-0.1920140072141459
-0.14039399230724567
0.14419290157505663
0.05979951041743484
0.2872455452725086
-0.15668752502712804
0.06376064242127828
0.10364910225209209
0.15328819720954828
-0.22299760324404447
-0.008666603900856258
0.20720741403272896
0.008718557177868893
0.11465107373784866
-0.24266116236394836
-0.11212656007536548
-0.14804380168638506
-0.21332845484833549
-0.08522718110114802
-0.14654658264315948
0.0009467449138206865
0.2682563779563159
0.04929501956820624
-0.03872260493163193
-0.08255708875926045
0.02463840698926147
-0.1420337626919541
-0.0015399516828270613
0.3078541930425914
-0.18437942493006
-0.1846983188463102
0.01588780095284184
-0.01932977109874298
-0.1753498104631924
0.1568558620291906
0.15600200407293036
0.15955142307874878
0.0921787772233652
0.02506634866190773
-0.015769554700933656
0.10466962163834008
-0.08992929609564951
0.05081628327012208
-0.08046515589997111
0.20811497422367933
-0.4216397470731493
0.17742391452216344
0.2702889597773912
0.021906296696714785
0.10191551503873236
0.17810387496274363
-0.15924533045684505
-0.12655999885518382
0.018553951159613516
-0.1582453338604081
0.11607307542371699
-0.16260751223902647
-0.05514146918584738
-0.050972125458011754
-0.11415743892924642
0.1908527010457351
-0.11507482085231834
0.26983345193895253
-0.10416415209441099
-0.02592159726474674
-0.14342857958968666
-0.059643667859100774
-0.12587813406217835
0.10203876025474531
0.034685000644077445
-0.1631491889178943
-0.2790342626871933
0.13503795580986777
0.061424164112709075
-0.014505029632267923
0.0027444807588125576
0.01801024681673243
-0.2787176089530559
-0.2256324931648356
-0.27904710725494714
0.02688810040844046
-0.059473205036221354
-0.012599469681822835
-0.28662335500438235
-0.05173530140051643
0.28478598121214743
0.06438698365496495
-0.24800557941097826
0.028790754366674057
0.0830286894289475
-0.012752331549514861
0.09503363429800396
0.1854117376467643
0.17895749187738594
-0.03167348052542845
-0.04452729270659745
0.21044535468759115
-0.24578888360788534
0.12059734180949537
-0.0738057357331402
0.0178942197048576
0.49322109367690226
-0.1807335084713537
-0.34798811894644105
0.8083846674034428
0.1490343330364408
-0.3350268779294334
0.00857616966100354
-0.3905167194884489
0.12314663469117679
-0.2986544903979525
-0.24398160323870338
0.24570592625805118
-0.2216913302602911
-0.07676339197306296
-0.24323513128898397
-0.00016860409558520917
-0.04025485310656748
0.09444313827597305
-0.08239717028128225
-0.025574840174881982
0.07822718228458499
-0.4017923399963694
-0.11806239481548804
0.025273428442253186
-0.11730734051244603
-0.007742951141194784
0.024783694653883692
-0.22817457155066304
0.4235812895713768
-0.3426688181350202
-0.17462753243795523
-0.16000881794075386
0.15596651089308866
0.22807077965470793
0.134066969077223
-0.0634060955838194
0.3151253363161543
-0.27099728385219984
0.3981775739775048
0.2664286279857303
-0.0005302686678116831
-0.024469495181429782
-0.037108697111862626
-0.123832662511249
0.15084483047270283
-0.056645033307205626
-0.5457211770846796
0.015948186044760056
0.008027045055506877
-0.267462862359214
0.13531228161832085
0.4482092447765255
-0.02436128137855034
0.2675572939047999
0.16292983356515317
0.039788341453088794
0.31894773486867617
0.031947085287052104
-0.04930967276992446
-0.19704669871093386
0.39152999348849465
0.2457438921665166
0.002556491073196207
0.010428211039340381
0.013177291664113777
-0.22670779694010956
0.0639843800247861
-0.20544583020583354
-0.031210974201424654
0.34841431951822516
-0.3540100194678351
-0.6173824282847508
-0.1055700383301861
-0.0988405254478897
-0.01904111616086466
0.25255128087799683
-0.5141732943733268
-0.14326802726421292
-0.0705439104273867
-0.3149106542312197
-0.009501829507004319
-0.38650601391351036
-0.03292256398800741
-0.14188164242881682
0.09586251928693139
0.21584578880185173
-0.21939650123648197
-0.2839400182418183
0.010775652577828287
-0.04691967806937477
-0.06677876036386197
0.26165529516298697
-0.5973676515919142
0.05341420496329883
-0.1243509089470705
-0.09814354883568253
-0.10573539826146766
-0.20684438522588944
0.014557795814087955
-0.24295770194793667
0.13594438575046058
0.3021910875788005
-0.2537985005075747
-0.3950019637226809
-0.3354400354744302
0.14008175289943087
-0.7062480778493977
0.026933532871547004
-0.3778377412017218
-0.3173063965992743
0.06587136654354611
0.057332855561591664
0.16388342821024096
-0.11464774229313354
0.010438580501026648
-0.09076196353370308
0.048427758307075734
-0.059545519107238605
0.2472657479598353
0.1065066701196308
0.0020258213430691444
-0.12670748714200955
-0.09065098977793275
-0.1166007580138923
-0.08251953993712006
0.1964135869600243
-0.030165732471117392
0.2623694506684892
-0.025674598264912564
-0.15808766567476382
0.0186456224335777
-0.05311691154265072
-0.06187559341789754
-0.07852861692744757
-0.059687591544334215
0.021762746875114015
-0.17965916996783593
-0.2517512639639373
0.12882796558508436
-0.011842496383424137
-0.06492121837726679
-0.11716266857709724
-0.08042198643017454
-0.03862686466779461
0.0719442666818537
-0.11142235754583033
-0.11582864849077565
0.0700414555301353
0.08089436533878072
0.21494029410303
0.14181799171891235
0.0031830479264618647
-0.1369549688906163
0.15440545635396166
0.21421817623852346
-0.04158869457898651
0.03392014123574656
0.22349685234503333
-0.07217066453751685
0.10037651655629569
0.13761335899915997
-0.25476252241475544
0.16338072278675844
-0.013742304701977216
0.045705200460310604
-0.26560600464462136
-0.00728764384368059
-0.01930593034734038
-0.21013397122039582
-0.031734288944160256
-0.09762390994982849
0.10792821170856882
-0.07997344537135856
-0.14092598872763634
0.2850101464194891
-0.4798621157887556
0.01181684236972814
0.03592726221879473
-0.005384959593007029
0.04353707489593851
-0.09304421811680647
-0.1503590587953144
-0.06912779462502698
-0.03389264405011886
0.11125577131123232
-0.3470583377017298
0.06495207064435354
-0.27396095718833846
0.23096778971600618
-0.09976608481490991
-0.09385740435418669
-0.40998181969679376
-0.08413290313019293
0.166186904086984
-0.15825254255959129
-0.04036959611038057
-0.005228055372227038
0.07210798693112803
0.5774529378450464
-0.12526632963867146
-0.41003820329663526
0.3431556872585673
-0.3596266505214812
-0.03732354248777769
0.11776428252819793
-0.5837142361368497
0.35266706612386056
-0.16639919246722623
0.14487503458699189
0.15640561934453104
-0.009025871641913848
-0.18569390614326314
-0.1967115472875951
-0.012733826296177697
0.029534633896625483
0.04929120750470508
-0.13005544720965947
-0.2440173100752291
-0.1533679901108385
0.035924302246582926
-0.16610855263378632
-0.1895377188136378
-0.387602552030102
0.02973404716277368
-0.9257735176533627
0.16992514163785982
-0.695501585784165
-0.28163084586589116
0.06030325121814025
-0.04652664148565479
0.03579137905077057
-0.04990296926563024
0.1449658300272972
-0.20266630392040733
0.05144312433902288
0.12684129255305973
-0.707256829119424
-0.16396588952540195
0.0007934127283046865
0.16900166495715951
-0.4109183222319139
0.25426268658015816
-0.26684883320355607
-0.037570983529955755
-0.08282230802717142
0.0958891977822451
-0.06432654648705097
-0.07059910372159076
-0.08938576856764234
0.047825968337442126
-0.006119825713357545
-0.0986852909949663
-0.03225992772328834
-0.08528446293126947
0.020442925825195538
-0.11269396804436363
-0.48097311072928467
0.4457624164888814
-0.3555764602189507
0.08032565099315409
0.16878006883621155
-0.13961164261870043
0.14159151536284326
0.15598788636658364
0.05044527251596557
0.43188191513244456
0.061222935163256206
0.2405073835571696
0.024217388548814504
0.2510622511192732
-0.03121225215860433
-0.096615949692561
0.03821715648114529
-0.2979966112078831
0.057207351353159644
-0.10914482314886165
-0.2610369920140543
0.04314167167793894
-0.018893865709834902
0.14850880257613727
0.023363427279416774
-0.038032751338766636
0.054496849178638916
-0.022302933212104407
-0.1570599437696034
-0.16957267516743105
0.053355249911145236
-0.16207924788782885
-0.17151656752384645
-0.20433838592962256
0.13096962157488
0.14017174868881876
0.16088042065999697
0.013782351778389055
-0.010738143033106712
0.028782801738740142
-0.05681266963263884
-0.14624890344465258
-0.04092427174611164
-0.16931179178540595
-0.23175280228642905
0.11927539358502899
0.02728902970402639
-0.14991669270533894
-0.07241262474309491
-0.07564748075134668
0.0825769486787428
0.0633342908368025
0.037332600400554014
0.06223498809975485
-0.23121407093877294
0.07156762832481017
0.09250446951061755
0.2494165398200069
-0.05879530106561995
0.21823104634922985
-0.09083398386854416
0.312403631870952
-0.05637199649212806
0.3749414296303997
-0.1832734932048894
-0.16697135430671914
-0.0592130743425489
0.036086387875223704
-0.00454174754730222
0.4014122253250903
-0.09804697620306796
-0.18077604119068386
0.176373858648571
-0.12027219983620574
-0.030500076020180178
0.13193915902713366
-0.1083849611156411
0.11477429137119335
-0.2290288497138665
0.023412096393108886
0.38614932949747555
-0.17972686511087038
-0.029600737946740206
0.17653992401512783
-0.26631080358515574
0.40239146858374436
0.06842508899637023
-0.38488197033994775
-0.13536712738322165
0.08409790652686837
0.03245860101149166
0.04391093504534342
0.07962741556197674
0.032832065606212796
0.020844575843314877
0.07397422018433118
0.2942713003335187
0.02674523790143443
-0.24639004127549902
0.13101191427210496
-0.1392138485759048
0.16302202233983387
0.07590062090792006
0.20165539266931312
-0.1490341398585262
-0.03450997644642612
0.43726227946945967
0.22985675324977853
0.041287233601528486
0.0358958773384648
-0.02713638078428289
0.2131124851841855
-0.13013045326657516
0.1560834031290773
0.044655962006225
0.40808374148656557
-0.23729042353561663
0.11950118438151543
-0.04227126352570274
0.010536745207883818
-0.20421887133164654
0.08318841513456814
0.15280647299045572
-0.3208268300360897
0.14983947077315876
-0.11054987189067524
-0.154181601631525
0.3911248309522394
0.29776547197990727
0.07998385962349212
-0.012437191933523682
0.20256644503145418
-0.5097661411033346
0.45863661468237593
-0.03536231678123243
0.0023405017778188645
-0.313336564046413
0.11120498574798679
-0.03992479614984732
0.008572416751904042
-0.19307284000234007
0.26616657144053973
0.3360008710584109
0.39121294102072934
0.1033460961964932
0.03042194409099343
0.04745767240980655
0.05620626782186667
-0.39675202325917625
0.23710933735976059
0.2568652016463189
-0.15026739547043777
-0.3514711193363349
-0.253129007100669
-0.20458824735188896
0.09127960322882298
-0.37187448169039433
0.13421282484452396
0.31467188610838115
0.3993318749767133
-0.02789673323297845
0.04957478801837752
-0.08159200073523658
-0.06542488342690124
-0.28366207860777426
-0.28793294362358024
-0.3050022112647844
0.07521629675787299
-0.41492731340597666
0.07364123600244664
0.07607441279844834
0.04878246824723492
0.1326770608949257
0.04491704358313831
-0.07302357029165213
0.005228064203136371
0.0008162923080031233
0.23459029787714114
-0.0519391261726255
0.026060355921217315
0.11540296912890485
-0.17167282815311802
-0.17962157782330596
0.023046075154187787
-0.08942830797262738
0.10942566903852463
0.009942241804713195
-0.2887081027638723
-0.1632146440807009
-0.14438518716334514
0.041026473657158016
0.20075704447366371
-0.20297221291966275
-0.17930642697559063
0.09352287775859283
0.0022383196919243424
0.2178642170428995
0.016516432861541017
-0.06621747518108649
-0.12086635391627991
-0.3123811348653422
-0.016336441944978946
-0.22767795095691815
-0.2569156980727255
-0.04901145610937059
-0.29997711076063627
0.18206253949812332
-0.1920512074408114
-0.13830251349336262
0.17862620901936987
-0.07343249355159441
-0.3065019939166257
0.014635544009884571
-0.009220667550732194
-0.13640012438097252
-0.039797685014041656
-0.30215652417964295
0.24128816348649743
-0.19975698425759567
0.09633533632303458
-0.03778128380276056
0.001080941004999262
0.27138723373738455
-0.06010758020851002
-0.3084398394745136
-0.09271427532282657
-0.16590692611082133
-0.1987530292516504
0.07748842178385866
-0.009695976693443175
-0.27235452318034264
0.3068156204851527
-0.529741576622307
-0.04080268089784893
0.11503724408571918
0.01347049893251519
0.027145490628166527
-0.3149098141322913
0.32148956395063144
-0.27575743588847
-0.2266869536933116
-0.0969513236493229
-0.21742139175098654
-0.4102142442328786
0.21972222150051954
0.0020399391662996942
-0.3394288855665907
0.05501702572209573
-0.3375894799124196
0.21818680929761697
-0.06015938149814684
0.13022601976905143
-0.009108664376240578
-0.3837844891313192
0.02647730315330929
-0.15919025376830967
0.0013978446618336325
0.3221674994655921
-0.0477552238928784
0.15996800448987095
-0.290084683471157
0.2351445497896662
0.046252768774622297
0.2004906873619786
0.044468154000303864
0.0602629735577141
-0.12607322045034217
-0.0678784863307667
-0.2572871173958294
0.17606657123032496
0.031304627435980344
-0.061995719724176175
0.002224929446137112
0.22352875187172183
0.14790487070276961
-0.19740580103782163
-0.211674460908521
0.09760713558400601
-0.035329900179389646
-0.2706521585926628
-0.03615612292455045
0.40004900270454685
-0.10213930306276955
0.024699060804739246
-0.15981832461229115
-0.08325517180882769
-0.045621477662247306
-0.17942358308628148
-0.084319992697996
0.2240918208792319
0.10488223336187952
0.14435037212042526
-0.1283331419376701
-0.037349268644965336
0.15738769992423485
0.1708440466151332
-0.014949964364685403
0.2084070691080674
-0.24717120421725822
0.22317912611062687
-0.39901406488874097
-0.3452025593452572
-0.12287957992318338
0.061890398251916064
-0.2948448661015455
0.07554847278849895
-0.2462803793825277
-0.05212174822205316
-0.004288058996665995
0.12800373323032715
-0.12882828243276903
0.15547976926364213
0.259569684172292
-0.01576013350100722
0.2082713547703162
0.16740763996544178
-0.10604488891881096
0.3105231635711067
-0.24617104502080694
-0.19197911555327643
-0.07512454074968708
-0.08031779555467794
0.038405195002036575
0.17303399602809683
0.040286432014065544
0.15031090383886775
-0.3133979703704138
0.004011050480500999
0.19878753375196206
-0.2829597079007631
0.12682488706393152
-0.4018923410626374
0.2929018500525345
0.20523124638439272
-0.16927159474829334
-0.16310822293438315
-0.018631448593744767
0.0644994300495392
-0.08878746027218799
0.28970508673154965
0.10270407116635721
0.39591732324082
0.17131620532360753
-0.051714335747107175
-0.2196384734053995
-0.4636823489495708
-0.16028525695185802
-0.34623398775158354
-0.016414845392269506
-0.07447305068358848
-0.4559202806397196
-0.026793680978760944
-0.08062426372031829
0.015757617555673415
-0.22869731559882342
0.0995272154583282
-0.09248596575792303
0.010654289249363407
0.2432062611713028
0.03953573061445106
-0.01902226530173504
-0.04431022339677521
0.047532932493187595
-0.11408968617078766
0.35103318062890077
0.004713837319700476
0.4988920018232849
-0.2397362761576627
-0.09682524967494757
-0.10998843894548073
0.021803129516759542
0.033913131403247254
-0.01226554417373188
0.006253052730296356
0.016570745519052046
0.11063844258568255
-0.1453291993318137
0.018897728923381308
-0.14159890095091543
-0.12324488687260748
0.05398510530696726
0.07558492810553041
-0.04860789970265912
-0.3244640725937766
-0.048671451641682024
-0.046237273405738764
0.20795379125217195
-0.025301595060157157
0.23944716494195672
0.18417390254946728
-0.22022342805947073
-0.21576734664085062
0.12578884932859402
0.05230377368985615
-0.3098368656853787
-0.10342943820158325
0.049323304270367636
-0.19326139750375385
-0.07999413798711011
-0.25449091488827424
-0.3304632627071573
-0.10071156319867501
-0.14335484664685139
-0.19625064984302362
-0.02833486695987578
-0.15338617003548952
0.15360229629485184
-0.1233370280870449
0.15896327737366622
-0.018538475746052822
-0.21898417015180477
-0.03459754119368634
0.10561353603396952
0.005022076747341015
0.14609976188446921
-0.28936525898448795
0.17332613449964746
-0.2251780835056212
0.008114575757594332
-0.035890091313891
0.07793837786269792
-0.16418714056573516
0.13342011419933722
0.10207136806079019
-0.39174201882299337
-0.03591381025629138
0.04444654467192449
0.053966057155013736
-0.16720951620929891
0.31245238278809667
-0.24394806229970653
-0.34085637325435536
0.18045693328768225
-0.059305216595822934
-0.1397003570211659
-0.39369501944929003
-0.014057013304039084
0.02948770294110563
0.19855115938979945
-0.4398576491296852
-0.06755480593122097
0.002370681213839884
-0.043523563329761136
-0.0031632588127104362
-0.12015293881743894
0.0447571092053788
0.27208428479956565
-0.10555056520745477
-0.24455639268197046
-0.015283907737333352
-0.005223395990981138
-0.036107745957379506
-0.2966421964445772
-0.154299009959065
0.09056987169402371
0.1591513434026744
-0.1840694896834153
-0.015171881865544695
0.1297007119480235
-0.1530342280566413
-0.08009873383578472
0.1698712233101271
-0.13905946575295006
-0.4742046269984468
-0.07307842426165481
-0.2842931436651237
0.006767799913622297
-0.3978131814091553
-0.00030755390247355044
-0.02389476795715528
-0.10589531550751102
-0.11492773510929266
-0.011680215100528444
0.08995116845485865
0.1399555187842819
-0.040106407666308574
-0.0201154297609222
-0.08198096587786634
-0.026937720579637215
-0.18585003812342704
-0.10753063950600361
-0.019110646425870598
-0.0957356945242809
0.08087885529247536
-0.17273009273953585
-0.11244508901774443
0.0695087199501525
-0.08098675633195891
-0.01933858893148187
0.022286166706115985
0.04574506082308954
0.013920302379879308
-0.21471759939619414
-0.13113267375130175
-0.2515143082472229
-0.3007814602398268
-0.3802702700250509
-0.22793331323464527
0.008279647911340166
-0.24577161665032715
-0.5228373201886807
-0.12874401987625733
-0.14275370563661777
-0.13199905281016733
0.0413808858338366
0.07313457395011946
-0.3923486978644298
-0.3665963495589736
0.26609347679088335
-0.023197957280094054
-0.1366053803510703
-0.19589468225268805
0.051974224073858676
-0.6667894488268034
-0.10420498028698512
-0.2357302654646689
-0.26309830837838905
0.07910810761017499
-0.049720768296044736
0.2889125104088628
-0.413873643998483
-0.1286579637388849
-0.24296417746845378
0.08730368973401635
-0.011904044690601093
0.026519997954562575
-0.19366352022828154
-0.4848823666432587
-0.39150378996834906
-0.42363468600753823
-0.20595416379809006
-0.19492450380383286
-0.058927175882733364
0.08584679909410137
-0.08108820400807601
-0.26478218081724264
-0.26056968428233707
-0.0469199429935023
0.004350598576285516
-0.02959516153570523
0.24675742067975573
0.03079197567826161
0.02651078970745528
-0.039551274463480286
-0.5666196983491265
-0.08249735796683529
-0.263787222836733
-0.27752409091022545
-0.21681674903580972
0.05461666716576805
-0.08419011770555274
0.4113292912634286
-0.07458668523795556
0.01717976170512515
-0.24518304225259444
-0.012969173673022878
-0.07264281788824066
-0.15242972091271795
-0.02177166885533281
-0.0423772296194956
0.0005470460592654302
0.0381006669593971
0.10172184873422997
0.03726749789210667
0.18052564026416015
-0.016643584554716553
-0.2686541692838609
-0.03614810380894704
-0.1143459832347996
0.04196348415021711
-0.1387535820919372
-0.003115512735345065
-0.1515713054514543
-0.00526182591836147
0.04154857523225508
0.006581688927769416
0.118499489375883
0.1219682898413412
-0.06344723327607414
-0.17833346730546318
0.20440897909268982
0.08936098445532056
-0.14163350838204095
-0.211869973539849
-0.09865804856174817
-0.005982518087022979
0.28862396351238323
0.09684381980675043
0.1721822919911559
0.1744997501456565
0.06696895172934703
-0.07926985608561618
0.013341647793962448
0.11341180693931432
0.0933073961830698
-0.03757722093214507
0.22147955621016896
0.17757475366230635
-0.21767954544342022
0.1603315258320678
-0.08880646995243814
-0.27167651285412686
0.10889397386211855
-0.2281867006036659
-0.14152535580313172
0.21285145941415043
-0.05182313175824725
-0.3937047446451804
-0.016848961628711395
-0.06895085145107757
-0.6188114413848005
0.3758961912793509
-0.8604496347432316
0.11097668087813842
-0.1619924536356435
-0.12293767314775338
0.03158212132267064
-0.22391836643630786
-0.1438247535026112
-0.3351402636130067
-0.047609917776345254
0.24990471600451508
-0.3988620190507554
-0.05360516868797529
-0.18442797572557007
-0.04242987565412802
-0.43180578645573847
0.4677868952128848
-0.5033357504205963
0.26348771295152645
0.01825998807258104
0.030898893024369968
-0.296163841924944
-0.3165676177653188
0.3270581642893718
0.14480442080504147
-0.11109270570460786
0.034762740919333075
-0.14808420165805453
-0.13678832399866783
0.155375963929039
-0.17336444632768894
0.0005733303612142186
-0.029556553552493085
-0.1305323688137731
0.14464425851117788
0.030533655096094472
-0.20460834283080137
-0.19652113490132875
-0.16313311064455738
0.032883423056199915
0.04918648504500082
0.19411427451806673
0.17918567455406945
-0.06498066054795695
0.08768276886324744
0.14849144528974884
-0.2309800254190612
-0.045250021415457226
-0.11903198741020218
-0.23416227261357217
0.07893253117621662
-0.25454262038011083
0.13828456207107348
-0.07434083589144147
-0.24991828476914918
-0.05739429921327825
-0.1322664283792768
0.2347741971784316
-0.21235901740799776
-0.11845494247388466
0.1380413034196047
0.041937630275081066
-0.049917907301138334
0.14426694817951094
0.013166745392563637
-0.10963310737208734
-0.009730813225386797
-0.04811447861997787
0.026899388703520755
0.08999693045561968
0.03368588345594079
-0.21285861551366583
-0.25701558196354835
0.1995151271396432
-0.2147983203118737
-0.1560539801741532
-0.011034616293988128
0.13733360796028957
-0.3122786399744481
-0.12033376069322957
-0.0824513712145148
-0.1540807767837762
-0.016345393091556137
0.04026229112987572
-0.09054692484353867
0.06785160763925659
-0.10518329316556377
0.09036657373822468
-0.17891238802967474
0.024554153278140586
-0.038007217032675795
0.05450796035891891
-0.05758725236740681
-0.18197406086979287
-0.06289951823172471
-0.11949060992037235
-0.1326876060915495
-0.24912289915573135
-0.26853230743872863
-0.006962327646252009
-0.3362879907368941
0.14148329816801256
0.13572444347209286
0.16412626249328663
0.10576536319565301
0.13043703250286573
-0.1921349082995711
-0.020310199832994508
-0.050371540455479744
0.10024277002771674
-0.11335213546577222
-0.27254467655278986
-0.31175917038447304
0.08656800440130001
-0.31877644410009637
-0.026743337473115372
-0.13311869667207002
-0.12168703293993365
-0.045246485164822305
-0.0811335023444602
0.16575225565973387
-0.035688725957374684
0.14462473720573946
-0.15279236739567623
-0.12050149395312751
-0.031136799011042667
0.010437248808459837
0.2114307243077571
-0.13318419770825565
-0.044920363735929954
-0.0232703601085687
-0.08540992460761279
-0.04505331325443978
-0.17316942471769534
-0.1361595993432951
-0.031967156308881355
-0.08195570916637601
-0.3198734439670124
-0.2992740070297732
-0.0949004563146803
0.1970996413344839
-0.1849205836749806
0.050712841131040215
-0.20891546091728602
-0.03574113501699182
0.11970947297002325
-0.008773324911424251
-0.0988647400686779
-0.12623585227692002
-0.41688457064862877
0.10651061414315638
-0.38954769636979053
0.29587072416532817
-0.13192799492584492
-0.15998993221386
0.1569678657183644
0.06702422049789422
-0.061508282058401705
-0.04294031494504154
0.05135249351883838
0.21259017962738513
-0.18849944898635204
-0.06754423253240946
-0.06685260352859124
-0.09153948471406746
-0.2009699333541614
0.11695595754133642
0.041098251063376195
-0.1096697399190875
-0.1223130310301312
0.07216870929982985
-0.13490199424646995
0.12379764385607013
-0.2482024162430639
0.2394534726363694
0.03423436342041008
-0.07055982551049982
-0.131052497289432
-0.06844032898077479
0.13063740694853954
0.049806255143999244
-0.033456297869010915
-0.1561526490337569
-0.2235068744618252
-0.2779906843666323
-0.17805186000092346
-0.08486072013643799
0.19227965257878926
-0.41048047302835416
-0.16132886272787103
-0.019326698061513173
0.12003360756765652
-0.1430027701983724
0.34027917755107623
0.02565564816958062
-0.1083673572095108
-0.26006838512332864
0.010373541823556905
-0.24801602951684665
-0.11024082561320639
-0.22097484100486559
0.34928474794997744
-0.2745728518161354
-0.3302088148570983
-0.06996617953760279
-0.08337678490461624
0.04980361871502521
0.09355888924053289
0.24750102281937927
-0.02031994715370069
0.03663945865540581
0.07071286485761896
-0.06993350408829503
-0.44831222152084665
-0.03134165556463634
-0.3493659761055821
0.03579944718206349
-0.016588888277270793
0.16481957584560156
0.17217310365757357
-0.5116966971395084
-0.12060944093115682
0.1273331094352751
0.12731352237047733
0.09858714233648733
-0.273125860913935
-0.09537863628705766
0.07118157247269469
-0.09352655055352468
-0.31118452330847035
0.13029091337439608
-0.021357171651006528
-0.07120185291232167
-0.264427105647364
-0.22272606029604147
0.05841381398384254
-0.17957997832413897
-0.011038811608601989
0.03458651381550841
-0.0038710252680190732
-0.035725294987567775
0.3543642025871405
-0.004076990987355816
-0.14151183483809604
0.5250288759726763
0.01818900734628065
-0.1675515042693843
-0.13538304468115647
-0.6954511873210277
0.3765159746197042
-1.0861495643512826
-0.2470304163911515
0.030450758396273755
0.26862703624320594
-0.14426667039828622
-0.009311171026486563
0.19182892694934445
0.07671021906160898
0.0884382051909577
0.023503795384365627
0.18581962594933477
0.0601338840389837
-0.09063999436482709
0.1363521219569116
0.020074021715157205
0.021217548221807707
-0.03975307363642275
-0.0066617378373545885
-0.09015329307086048
-0.03408813101988101
0.07882062891199018
-0.011300727286048104
0.26137976811280206
0.04541869288233399
0.018753909892177834
0.07540936960314579
0.336089822694731
0.3006023152117261
0.12846778918818144
0.01951609024438055
-0.09745187588581353
-0.07206882176221362
0.4724478416419039
0.08554487063168235
0.17526682626437112
0.1521192133796943
-0.0033206571749211985
-0.02748494144810736
-0.20261034357392993
-0.023702708478699437
-0.09988578779822485
-0.1933917619651448
0.11529114595365852
-0.2022175584069097
-0.08578797508279555
0.030540071452283907
-0.04255435853714942
-0.30963451512026297
0.10434798844086125
-0.04687084953236317
-0.15809846129940677
-0.04141095837554153
0.05717080232646359
-0.06856840296166071
-0.023984140309119786
0.05722745583981503
0.1355103726640611
-0.07869003712495173
0.015200003517845251
0.18891595510306422
-0.006944555263641304
0.0055987419027172265
-0.0855352435022586
-0.04276994800831256
-0.28966258840109593
0.038803968232700575
-0.14308405409703018
-0.04666469893365653
0.013399270696539031
0.06718000479232863
0.1296373017205756
-0.1997256857284016
0.024208918005693813
0.08122865582733241
-0.13162493447170975
-0.04704968178901283
-0.008786436380407272
0.009857057403442917
-0.026839264148214668
0.16294814130484883
-0.19437504714902873
-0.047334315445309735
0.05044797610343977
-0.017417984762099607
0.17526146976518522
0.005256122835426277
0.01921508144840745
0.2164306003911874
0.10607396003796049
0.05700495162157581
-0.05086482877716021
0.155576248214163
-0.11128208601443944
0.07263500402367529
0.28243881781031466
0.0017888488121500787
-0.13126221922331968
0.007754535887201262
-0.0753166192915593
-0.138464950395857
0.3123268766093643
0.0005807146503779708
-0.23902862472205627
-0.0828067832427784
0.0051313174654294795
-0.14865488626318515
0.3300873519894074
0.12328713786858712
-0.22473613391255917
0.10586713242156466
-0.19809172096118627
-0.22121659312127856
-0.08582799473641853
-0.2656951945701755
-0.02727709285674282
-0.333010380187385
0.3390318665249529
0.023247734264031757
-0.15585642008646988
-0.16694429306925412
-0.07754736141581521
-0.2129807885948856
0.27831810796675743
0.13210953673536316
-0.19176968943166403
0.5142970696056437
0.19206754546879015
0.022510584333055663
0.02595276507276122
-0.1692024907939921
-0.2895416530302167
-0.26528917432186133
0.15508405199069575
-0.13498220291585342
-0.14165266937849774
0.16477247311626125
0.0006484168418060174
0.12203834266644137
-0.13991547096661566
-0.23702020826897757
-0.05898692569614348
-0.05124819363680853
-0.39932636893022816
-0.12274436215037005
0.013028686832570316
0.40632392392204286
-0.31875143209480744
0.21913836574990053
0.24097628327167722
0.053002468680586216
0.14210292964881
-0.20310183522366432
-0.24857466072116147
0.026089212018933775
-0.13802074278247875
0.2535505207332852
0.1141278965067756
0.3609686894601244
0.03401474821437276
-0.04129458223754113
0.013429879424535001
0.09067966359332015
-0.17437903037348101
0.4340765560562729
0.18679121080118383
-0.05211590984904942
-0.057057291307295525
0.025710671185154996
0.23451047705851102
0.24851011164165987
-0.003501841039615814
-0.15053904170850993
-0.002100581650011096
0.24325580870313152
-0.00749542949396281
0.017006231487255215
-0.0493301651106926
-0.06093002663507132
-0.04354290482662666
0.20952225806485364
-0.23609162624873875
-0.044082210250652655
-0.21758354558334955
-0.09842628863259338
-0.09570679114409689
-0.1392514591504172
0.21995779514816802
0.16129969331919308
-0.36839014763453354
0.02473659166002715
-0.07751022389600949
0.0006860352960569024
-0.11350140216124578
-0.017304885428353255
-0.06575746813614759
-0.09822854355990766
0.26082097153623685
-0.015695319492532157
0.15956639764300412
-0.010733013159343085
-0.028760458476134402
0.05796182490423732
-0.09724366507723742
-0.04554474541025474
-0.08943092613794593
-0.2247222142437972
-0.006479359101394036
0.2118245815686827
-0.12851319638740344
-0.14452169841212176
-0.02546023140282435
0.1535452972271725
0.12584632011815827
0.07778469421663757
0.12507085916722013
-0.07028621517346004
0.06007440577212025
0.1883672127021605
-0.12937228925729796
-0.04948222870077585
-0.2972949659450736
-0.023210974573282635
0.022340368438531124
0.08060863302391343
-0.25698364634045306
-0.019974767704481065
-0.10382144936492833
0.0020789534708898147
0.07183164173630972
-0.10430514301572377
0.010405082157333392
0.09176609769815597
-0.18872602706264205
0.11373470437746398
-0.0021610704681502605
-0.3635021800929781
-0.028832818363198995
-0.20344141805960744
-0.08784740873967041
0.25835993910980853
-0.482672623730642
-0.0776984457146467
-0.1805655963998096
0.09386203821857159
-0.8494565233683096
0.34246386647811045
-0.8652483921103996
-0.14699006966438627
-0.10081362621545611
-0.23099034190818307
-0.08151391759717122
-0.12055782422134637
0.3547801334996765
-0.37414347384453406
0.007447921056467896
0.2105704637632781
-0.6942115792004553
-0.19414998020921576
-0.08346395231386365
0.06680152008886328
-0.6741457146210408
0.3850540422536957
-0.6751251791304074
-0.0352776201950037
0.07973696626834774
-0.2967609542950734
0.05021940954953664
0.02001196215191087
0.2518150221957505
-0.1584933187015327
-0.06286906637303954
0.07003830326168523
-0.3837484630816098
-0.3571378009589054
-0.18101436718886996
-0.19165860332235868
-1.0786904328307487
0.3227828484223936
-0.9466949067146837
0.016526947047256917
0.020608539693917113
-0.3893498835599668
-0.13370866195222994
-0.20206099258763777
-0.14212310907655923
-0.09878173505868765
-0.06812940963278463
-0.10585711292701602
-0.19679341589121108
-0.14244415597166762
0.33014535351245555
-0.27101609694367795
-0.20562304500346337
-0.083600022513692
-0.19943307437127933
0.21742152142873086
0.17802846438655592
-0.47907038536194785
-0.16471127465223778
-0.13129886981391445
-0.051526011711333856
-0.35232486865891566
-0.004777403182402348
0.06558416975652569
-0.13144758285052177
-0.006304689798605801
0.10945118502790742
-0.3067152292025377
-0.01930333127386329
0.0673976132047536
0.07279054375835592
-0.18325745503369664
-0.1718846391645205
-0.22897856905194724
-0.014559746993911124
0.2683773749824296
-0.16421916151297147
0.022039558300292722
-0.14811671687192765
-0.054905584103242866
-0.13211922488616992
-0.08165476693576666
0.21354557633408303
0.244157784476961
0.11014043829889796
-0.044233955238539284
-0.050330386098112634
-0.4613026017843477
0.1337045311217718
-0.3711962736924224
-0.17147775655556352
0.08504048440581577
0.1479564057260193
-0.16448811142844158
0.07668267184327217
-0.12728500720414426
0.09776635342068124
0.11695192521528115
-0.02763368956678713
-0.11926130602838383
0.19642832724532644
-0.16998819523015332
-0.10268444332057185
-0.026056928803260094
-0.2917629180729754
-0.055652150711282135
-0.2646823888855074
0.1531301274837873
-0.1412240975589877
0.0020771342929140108
0.15534924253116103
0.010655727827727685
-0.0010604644185165087
-0.08587826080907705
-0.32675746378382947
0.019975322539373314
-0.1394666412414082
-0.2576224402858022
-0.021553802686674558
-0.022029984613134303
-0.06190079512218752
0.020447483767570357
-0.2275819529991304
-0.1272228624441831
-0.27959836135937344
0.18349222885922165
-0.2268585371273325
-0.10878961683005979
-0.09380272837719954
0.1457080359918996
0.11996196965342495
0.1449105782620017
-0.17139944088563797
-0.13850588837011965
-0.010545015925914166
0.04367805706051524
0.016404385750688488
-0.2573361578076943
-0.016253191631898246
0.0914777576240101
-0.32154865104332647
0.14953492625513984
-0.09173037919281773
-0.13462079148236025
-0.024581905228258465
0.05854205473471465
-0.013772406582429531
-0.0385957893807479
-0.0868926294384266
-0.050166220974826044
-0.24641725593736458
-0.2354727187510169
0.193926663934484
0.4358614570795081
0.17578375319100684
-0.22219854706398628
0.1226044446654002
-0.135549198895667
0.11360089409013163
0.0311917784995944
-0.1169411045928614
-0.23592973541569004
-0.09025486833071847
-0.07293916702690828
0.2344548334088295
0.1481106168744852
0.2351839806553224
0.20102024923028988
0.12222064828146398
-0.31643982818322697
0.27874472487763835
-0.021729183178799825
-0.06835859092934277
0.1153050061547425
-0.36811123921758193
-0.011884810044340808
-0.13477161919312952
-0.15350645736270063
0.09133524811097524
-0.44289391227348734
0.015359255471249745
-0.11782666991999842
-0.05482696352446234
-0.1522308500655263
0.05437124996807214
0.01311462588546439
0.13329507411416122
0.1944156466485802
-0.2108904636143297
0.10226303161912281
-0.46098633422963414
0.0027776422748854055
0.11301722672835215
-0.02599645713316825
0.26713220123138054
-0.14216923760114933
-0.09852344841179893
0.1462931487557892
-0.34236062456012717
-0.16784821369344466
0.08626205529468275
-0.17137941799621578
-0.47267076580002
0.10076495851923224
-0.2942686498468729
-0.1290927370261458
0.10333623433710752
-0.21559923493136338
0.07807157667549737
-0.17231783151250785
0.003489994826642626
0.11189302748315602
-0.17260955594685212
0.12635911484499085
-0.1546142190071299
-0.0072229609497768505
-0.11545782500045683
-0.005211390732025523
-0.1494804665320425
0.09336657563257846
-0.03509402371249611
-0.18211114114901744
0.3719956216596815
0.10997817087434945
-0.07739083540127743
-0.20893898635104008
-0.2755717212877713
-0.1774548600936064
0.12642344079809714
0.27894247481035417
-0.2724314136328148
-0.42857913140232196
0.014359113000888902
-0.12668981852472075
-0.5277675610445149
0.3094259209851035
-0.3321885720695788
-0.02688784629480826
0.19937686654434864
-0.28992717479849667
0.05896989108762702
0.03973066951449549
-0.1892447423898643
-0.4164827484832953
-0.23843584907606913
-0.02568024809452081
-0.1920896596770529
-0.18655558214887974
-0.03714407308943859
0.039802934625873275
-0.3314883606503766
0.180944494334891
-0.0876535120714538
-0.5062044980530164
0.028954859161090814
-0.2850211536400537
0.10070020999615724
-0.14003188365182995
0.03716603048152831
0.15492109468032184
-0.1401189084363591
0.03601444663435297
0.3331902409952131
-0.04048913583440413
-0.3118549016817764
-0.10032965616820642
-0.06661419707669683
-0.12358759498716103
-0.0889436874396393
0.05294364754789134
0.1921695508655386
-0.10080818858281054
-0.039574793101240076
0.058911423396544704
-0.18204654036466386
-0.18395221131496753
-0.07031790731014227
-0.01630058121493385
-0.292002624872476
-0.02706656538069336
0.12851298468423858
-0.14548962617695912
0.015822328204857704
0.07786208453959358
-0.13099062823495733
-0.2626195873377123
0.36007235231243173
-0.2751704771039221
0.15340459146781918
-0.05166408421740449
-0.16290057655094925
-0.16273656631399752
-0.1131322569415435
0.2249378108442657
0.13936361741267558
0.3025293392906024
-0.025852352116976198
0.2608283005849616
0.2966084584274676
-0.14471161390764725
-0.10391514644565801
0.05241346085271049
-0.21697653643684064
-0.3502054628165828
-0.11075950643758171
0.23354419533082785
-0.45885635210130504
-0.10128484421085895
-0.29566938064742343
0.04408937160149582
0.2339533754604309
-0.147908914648179
-0.00756660446193601
-0.17625303169458745
0.1622437428187203
0.026312990411684313
-0.1646849677025971
-0.2782930690981243
-0.08729376257233751
0.04760525168982929
0.006953216438530218
-0.12239982421604975
-0.3467281955464137
-0.005354676560602194
-0.0963822050529415
-0.20266991896636394
0.2574850671280981
-0.0014640533742338536
-0.021024527491288032
-0.019225829966325894
0.21029566321060172
0.09282393277482442
-0.05624070263362835
0.018430834630143843
-0.042741701145793135
0.24637859328215353
-0.2864575201265533
0.28045835284049436
-0.0035230907127614675
-0.043872701745359254
0.05000148617509537
-0.1454833373654058
0.21523155167065547
0.05470375624971639
0.4730351614377639
-0.07332910935233704
-0.1715075175660398
-0.005398824557640541
-0.19904503570106366
-0.1156452791916851
-0.08356649815033625
-0.1690404906760697
-0.24864423566304922
-0.33688856969917236
-0.22875616001350677
-0.04807025558993916
0.03203752947632876
-0.09746613138047593
0.1774938801341686
-0.04058320051595472
0.08106611764039826
-0.28878321214267044
-0.08083229571518796
-0.18204984284291487
-0.24533362582841414
0.17663514330445643
-0.4412399908736384
-0.1502253091503868
-0.5555160021949669
-0.2816120791651442
-0.49295165621695036
0.33593007315825546
-0.14525350862921657
-0.29213917797860456
-0.12397741341780152
-0.3114406393531187
0.15645457522146403
-0.20000527448281086
0.13351190222369635
0.006198413139656638
0.09611411185472306
0.20334917220959822
-0.33759135997388134
-0.20124986216413482
-0.4200525463809333
-0.04791688382168347
-0.4287233457003798
0.08629174555213491
0.15744701123249952
-0.17617696244547829
0.060102779003023264
0.1056695323469282
0.05528947012411811
-0.009532761972829993
-0.026698141310267525
-0.061662932908668484
0.22978916616970627
-0.08363267316073258
0.06729110311279518
0.03510519847306348
-0.18361744186770979
-0.32409561689888466
0.03815250094867939
0.04940965636229936
-0.004855807113706507
-0.02745482171107026
0.026449293903025306
-0.2633185869720406
-0.07279653094713726
-0.15627946474037857
0.1292207871347879
-0.09307939870301919
0.08337535313752223
0.1562185428071804
-0.06876347403972964
-0.11007474539357913
0.10029228924918182
-0.07760227613721055
-0.19817871928776298
0.20629164585203305
-0.4903613080998539
-0.06543113047407664
-0.08613136055249415
-0.08377729286364179
-0.14144340034104885
-0.16371466669865928
0.09392317245192586
-0.43496130115464277
-0.030346789703185644
-0.09316973000313822
-0.06731492803938602
-0.07311154400165511
0.1336279208698236
-0.09989031735111453
0.10069875395282674
0.047910050121283354
0.17123655620597583
-0.48843432128673275
0.1375406799333994
-0.04454693245887009
0.13737449254883138
-0.37563069953713657
-0.05255525096375924
-0.13978866484179248
0.046200471182719464
-0.08538887126211582
0.061115307651457396
-0.03877770748380661
0.19458486318667628
0.02199335156608855
-0.06734356704287375
-0.5038279608256032
0.2586187683020959
-0.6753274944614447
0.06158576276948075
-0.24220506786652604
-0.016562730649847278
-0.24682043491824673
-0.1498046907987285
-0.4111569769486563
0.18788892915343777
-0.08544540486093113
-0.09854478385018055
0.3690561846731468
0.12545102932448016
-0.1059474535772489
0.10041707562601525
-0.19485534924485534
-0.15872680569214376
-0.29793609395085374
-0.24284026968106728
-0.06463236176483764
-0.07222542116256477
0.12006555248788099
-0.05798080734823749
-0.06729841713500564
-0.2506586442373343
0.07403506577700728
0.028950001685326215
-0.05314810423260023
0.3634021522691873
0.21415458035423698
0.17852765741325344
-0.04936162931442357
-0.0016655236188296803
-0.1869575286643493
-0.009852820732207043
-0.08974344447743653
-0.122744876584742
-0.09819890761227427
0.21491270981960214
-0.01394726942987099
0.0055789284016836025
-0.21210084875767632
0.051527277684771076
-0.0706620167285155
0.12322613468726668
-0.10993353293493813
0.217713548480318
-0.024989432962604318
0.15454548384596276
-0.11980046197624618
0.10196959904449747
0.046299509554339424
-0.050628168025424435
0.11312665764084025
0.07381222598361332
-0.1223496301341367
0.14424009946278996
0.17943372635306262
0.11800614139926768
-0.02268421837614541
0.0893207396811049
0.12283639940347817
-0.30735207262249475
0.06356499993429712
0.16938857324094775
0.007923652092304253
0.10622263970224713
-0.1018446226952939
0.06445600235635972
0.04685161372824893
-0.13291013695735981
-0.0946070508061217
0.012487462428766371
-0.03367493413330284
0.0373422866318378
0.18032018977831007
-0.37869960248035545
0.10940150311065706
0.0328084512300657
-0.09257866804618345
0.004804385392395569
-0.08662121262187372
0.16664134976097142
0.03903820576794067
0.06634957683200499
0.09288674412588323
0.13636105088449468
-0.008553707687168514
0.01479843257469634
0.0836389622047869
0.2545044071499625
0.2015600065382242
0.0260085622176418
-0.18278501169364544
0.0023277094585751807
0.08935466260125505
-0.15336198116984734
-0.13204383434803726
0.5857881569250132
-0.503821245877774
0.8353350392652162
-0.17019166993170723
0.2178177870499404
-0.07329961723460164
-0.007186496610088447
-0.06381395255184824
0.08887156902593424
0.1136835215827322
0.033188468335484105
0.08062839174528301
0.2870793536548519
0.16490121249421685
0.06781452353437784
-0.03558169156824116
0.24337874195026066
-0.29428545247312315
0.6830352714047767
-0.06653667345415552
-0.01863054652060413
0.05073043736234076
-0.13289426656314207
-0.009896681142413528
0.15280086092969894
0.1437662681516431
0.20037182380875482
-0.07515243567430652
0.28568478870708036
0.2656623988379696
0.18651485475061078
-0.010657292978899773
0.6974238356515287
-0.12152662444454128
0.6107006395092611
-0.047621442439519934
-0.03301996474505165
0.24314934771992722
0.15312106948634943
0.026356843980688834
0.05495593415952462
-0.0021406661200219263
0.3184987289007726
0.06914238231706404
0.1690383635896297
0.16322292662968688
-0.19934186079580857
0.05086720819297888
-0.22899911046442098
0.04420341422318178
0.1277534091996437
0.40532636480069895
-0.23430550399527467
0.16016301719279905
0.014837471562344908
0.22190174171313357
-0.006959835310150641
0.07416911344268533
-0.07531166702002605
-0.01541201918423387
0.1009644519798322
0.00021979504701870355
0.08018428859605946
0.05886792629015863
0.2013933335688584
-0.07034589678140026
0.08800389162302652
0.07172004191122079
0.24027534433421588
0.23650905232112962
-0.023763304943230205
-0.02463622648031964
-0.07137323725789736
0.03689163559790586
0.021755458979992003
0.15693171807546438
0.01654028905916161
0.00344395742681444
0.2725500228654528
0.006382615276231113
0.31008201618941655
-0.265961231844419
0.24579154781060056
-0.141881415383489
-0.03187353124260361
0.1618554656437637
0.019956239962923752
0.13991525460257448
0.025507606841699077
0.04399968507460768
-0.05245253817338937
-0.050441800615800454
-0.1506484507806678
0.26418292625094825
-0.022929081172054146
-0.019891905335965073
-0.10159209964583626
-0.19095090917435334
0.012538120331677047
0.06436715039378024
0.019727864255848226
0.089131361151562
-0.01758284291769554
-0.4371001826120129
-0.3986733757027069
-0.1356991222050154
-0.022225788871244455
-0.018117586543703337
-0.17894688116726978
0.08207121831890359
0.013425184828887401
-0.0871021193505156
-0.006964913681844019
-0.1736521597854837
-0.14956315803711911
-0.1431481860046745
-0.058741128595522094
-0.006314390411694664
-0.1586721234629174
-0.09818165619433417
0.27287004697758405
0.007388106146982765
-0.054315017054080976
-0.12442355579548683
-0.2573358119220566
0.05117891345617312
-0.18136020074567788
-0.10416319502814278
-0.32734521888511864
-0.06172000357030368
0.2498642719836295
-0.2748565685615766
-0.21107645354104565
-0.30309515191280734
0.024879140208289695
0.22010615837691275
-0.2783710006909925
0.04534666616697729
0.0096467780185153
-0.11592073453613387
0.1351969771288288
0.11037170468483927
-0.043293393167860565
-0.3114589575449387
-0.3255295312823877
0.0013530349597241575
0.137124746062076
-0.3316235536629294
0.241702591025487
0.06235851452547085
-0.14195996742996805
0.1910511457150578
0.13893129872874643
-0.2616434626580201
-0.2310054992819603
0.19587352948069808
-0.05668957376683759
-0.3807909149694364
0.16731349965238182
-0.40444639447458125
-0.2786451598660322
0.02370688785347823
-0.25577429474267643
-0.32774128916148126
0.20406516386938361
-0.09029218530194272
0.043818226006885376
-0.02051735004896449
-0.10115444011402223
-0.05653011466089175
0.18566051745683507
0.09466273188336236
0.22006922396570677
-0.2657016658322595
-0.050301660832175146
0.20770775810718334
-0.187977353978221
-0.06240696755369095
0.16019047682603516
-0.3823037016057183
0.511675711199368
-0.3934784539472387
0.1682293392070764
0.003151876308545051
-0.05544890997799095
-0.07667307906432212
-0.020587420813085348
-0.24057782912417783
0.002154447486077196
-0.24405205860768373
-0.25540752954012635
-0.08121543733191408
-0.16280920601016352
0.24718854287810849
-0.17803657234820253
0.13167653240210675
0.19028846790610274
-0.09359102698106267
0.21941362845863474
0.19062477004323597
0.0921353128912479
0.23146793338181396
-0.11829109774251242
0.1386691348868769
0.05422331577874657
-0.0755559518608969
0.06258371239251322
0.040609634261319735
0.2145214039122404
0.08152782442224794
0.1244118813395262
0.4027921130691179
-0.011466834736875674
0.178776777638251
0.053222430980154986
-0.2126706383076519
0.05945192327306271
-0.17472035090132987
0.1900838083484588
-0.24173092202599236
-0.03000800642690357
-0.15533564899728006
-0.09539147176656008
-0.11244224036977012
-0.15131313845738867
-0.1074882441561921
0.09530641177010034
0.2509128073915229
0.12858867766516097
0.05152134620346081
0.054659024579439434
-0.14098125889862378
0.14677378916734957
0.0028885046213294003
-0.3087347345118853
-0.27068937033440915
-0.16403657192631113
-0.0015347521868656038
-0.34153601457437466
-0.2616052205205591
0.05304308193765691
0.1416659418909934
-0.19975821259999219
-0.11432978547689637
-0.10993140607986986
0.19958378906624868
-0.4421859715429638
0.33083260202103193
-0.3635738717320566
0.07494076652416078
-0.14919412516286187
-0.08282031483110278
0.025198698070177234
0.15478677977035152
-0.079902143369941
-0.21842941946712846
0.1512883726029594
0.13012851239356907
-0.20187022441011038
-0.05252689044047636
-0.09777370104725347
0.02086735204880893
-0.2221222949565096
0.29993927483208715
-0.34806578183416026
0.02247860363699097
0.2208018921299299
0.12944926790247352
0.09442377302952351
0.05946774073893814
0.025859752442393306
-0.2411784603356313
-0.08928398177234871
-0.013923556695381487
0.32021231446990284
-0.2057754162506935
0.06476209724639305
0.20873374956768356
-0.2146435986964549
0.04784544975077461
-0.3175385528882472
-0.1355980541541445
0.12254186201585911
-0.2431580079188483
-0.1390021458241595
-0.21538186656546637
0.004139363417683158
0.09764206046097912
0.09733015961218672
-0.3299741873652743
0.13909169103211072
-0.0486856887749524
-4.662937473981949E-05
-0.15948672878148853
-0.19438105145848678
0.16213658301517392
0.02550489709954322
0.3674535833499083
0.20294363625626172
0.327980239014362
-0.24079238732905647
-0.21133595774002817
-0.1636191180499018
0.19448731956401527
-0.25210814280065874
0.1062330940568
0.0332996706971023
0.09406078180474162
0.0723399809790089
-0.04837624214193449
-0.01859185835187857
-0.20527706217629885
0.08751001137822344
-0.033699629562408365
0.03187908924866546
0.2591704609121347
-0.04536995144682891
0.19961698550079776
-0.03087267215878421
0.02661813682686659
-0.05071777665580353
0.047386338628832264
0.06386057017322172
0.11675095200668048
0.0578057128447083
-0.2162800920516502
-0.09430166502289525
0.034768622441236574
0.07679192135080452
0.07347170151402634
-0.053230929991482816
0.05409071687355511
0.11187352166379126
-0.013644108540232238
0.13697309882950198
-0.02334279223409054
0.05816544913576131
-0.236016821077937
0.04199406590884854
0.033845412707686075
0.2003082124635171
0.3189583149225526
-0.0405346723586831
0.27105647614563627
-0.028128970005810532
-0.1486967361819126
0.41512293671444495
-0.24220407932095755
-0.17157513841102887
-0.0929287732104339
-0.1639265730949335
-0.07051067736037153
0.280830870931715
-0.3071505401934592
0.10879402775206631
0.07510035098842445
-0.16841287118099404
0.22377085753846312
0.3317688640871687
-0.19530753120883293
-0.06421892787524891
-0.5819533176166984
0.22442955419195515
-0.7469819729582502
-0.0009079343460559366
-0.04650317395569185
-0.07769585722055455
-0.10799821448750418
0.015083082042975052
-0.13881080029805365
-0.0234656062696889
0.08062050957779253
0.022692057389616726
0.047971348686455584
-0.17922778216009788
-0.18508978448993688
0.07914174098349729
0.0815478863547393
-0.004163364516952515
-0.3389718306111248
-0.13721624827449988
0.008237041252115369
-0.12350108463638698
0.048347762854929546
-0.4617106734906568
-0.018042998798116664
0.29142374262935494
0.07446607615796733
0.013391892685292537
-0.1449106143721893
-0.12902788968920756
0.259031985200877
-0.3771974068364161
-0.3558750161400394
-0.24125405472108769
0.15366670996246576
-0.698853387090067
0.2704701703756962
-0.9128028319560262
0.1747134576698526
-0.03567778815378294
0.125394572789514
-0.10843234544259718
-0.04428032041337485
0.13468226670655506
0.06101925862204792
0.06297858193106085
0.018179053610465776
-0.23201802063265467
-0.29065950160064075
-0.034749411606236465
0.08216107871024864
-0.18529528217434685
0.13753027863775524
-0.584735905527448
0.12838691958035583
-0.0726207457706829
-0.3281900951025711
0.2381786041192533
-0.10664748572654795
0.13326292073593143
-0.08778043889959583
-0.21230709242547
0.09839251531061502
-0.17151489571135325
-0.11715196901174982
-0.019254731932122397
0.05820383966071566
-0.3742568542171217
0.26539598662408054
-0.6999091132015864
0.1988825532173834
0.03392454335819647
0.05311927021165214
-0.34628901263927336
0.13979354970956262
-0.09062214505896576
-0.14701699807628693
-0.07579402840193096
-0.28326687641834875
0.2678538325786116
0.06408989193221623
0.1864758836769491
0.0038109843198515835
0.3462505031265002
0.0474291404123367
0.08654802788585905
-0.2762944328189899
-0.14765587863802385
0.059065566400673064
0.09715624093531938
-0.018646029445928327
-0.05217140360065833
-0.025842530743174625
0.0984071234811176
-0.09727650310148214
0.13371374685021103
0.03311071897475983
0.11559452649655359
-0.12264163030399623
0.12692343560687228
-0.1385369041306569
-0.039498076009418424
-0.05825424716498708
-0.3090125844233815
-0.024500730393510608
-0.2531135258100226
-0.211594953137456
-0.06738630644093452
-0.11532668381185188
0.07584043199202627
-0.0169543380516401
0.03394276966708697
0.057201752159487765
-0.039207875727425526
0.37122933411791326
0.0825413957562494
0.015294197443078979
-0.13391257793689906
0.26282714738085683
0.17653498515735802
-0.022209199145390136
-0.021181890978889024
0.03740258076270731
0.025256345085751915
-0.10764463280009479
0.29821247724811595
-0.18680844669147276
-0.10901790258441145
0.1010447524736791
-0.17408535715801707
0.0886964230322783
0.06995480329047395
0.233816677794743
-0.052972542504135106
-0.9686671740714676
0.4041797870582878
-1.1353286486519143
-0.3394189796252763
0.09708266058949551
0.08693658716427621
-0.1658372530478931
0.09108346021799882
-0.0170806743717489
0.043337905202226294
0.19323411681287944
-0.03940390381044287
-0.12781857727973506
-0.005577721703829006
0.16573809300266018
0.0019125153447321118
-0.15847258061292752
0.13257074174559932
-0.24410270369657794
-0.2084781145550095
-0.04107105167513998
0.18661673819023666
-0.007009860631082157
-0.08246509773240543
-0.11825659944958003
0.08412778909264308
-0.024177775526337063
0.020276919508490292
-0.06397630082116079
0.10883919933317579
-0.11216512745212605
-0.17535914264007058
-0.3230660753229957
-0.17987641140161784
-0.5432949238597089
-0.26106987171491663
-0.03160412866620006
0.107973099030755
-0.16548650654359054
-0.15652301265629992
-0.05913829824065314
0.09100100541329244
0.17200230272108621
0.13004101546095614
0.32355653185531086
-0.031638250902134187
0.010143851415136323
-0.09589313463524554
0.1273515612884274
0.15805151534198666
0.2990697188137822
0.033532595391383306
0.0362781943500344
0.12190046233847113
-0.011118156740804745
-0.12691636593084465
0.12001548164988503
0.049529441175882746
-0.11709967152258828
-0.016623393932841988
-0.050020197412972464
-0.1377696797816116
-0.02600979327674855
0.020095810605434552
0.12465448600182992
0.029227026611525167
0.3465560267952531
-0.02218267349187485
0.07826204925172979
-0.03763406108237283
-0.10726179314688286
0.08141644233648429
0.16092328743984982
0.1413389906239904
-0.2336012292052038
0.046184486123248034
0.061280141617039444
-0.02593788394965186
-0.046658984606883676
-0.10440752511094127
0.28812997974242965
-0.04206133527904178
0.19448325107644168
0.10360436680969631
0.029222366663182602
0.2519535507488045
0.0959191368060179
0.26385556512569874
0.09604496041848536
0.2583141916509622
-0.14186992217082278
-0.03728237581487848
-0.05383776164875967
0.07182156257209596
-0.08989743168794015
-0.0866325386540895
0.011925729840096388
-0.013624114760838255
0.20344978946722586
0.12999659224512594
0.045191494961863
-0.1349962795445551
0.26156560303726034
-0.06068922463748531
-0.3881382735491821
0.01911710442955116
-0.25074041506218453
-0.167384425809284
-0.03987285773764418
0.27956121830646113
-0.02717065957016561
0.21909372406791955
0.1372935935383884
0.03646255139451374
0.07545112453029032
0.07798307352698781
-0.063629627960224
-0.206845741276785
0.029507306852078825
0.025555956354262162
-0.007747735067303327
0.13041495979185394
-0.18196955312076954
-0.05302408050083668
0.09459928324217115
-0.1543335141667148
-0.1170498754216303
0.20106861502311862
0.0025318280220847215
0.010260662386605413
-0.011802398526287174
-0.026111607949002066
-0.09425919398983616
-0.022343259687406684
-0.3218493288596292
-0.09801028994191076
-0.09765206638961821
0.12072567731506197
-0.02572314802910747
0.057441079141114265
-0.26633429355452415
0.03838742920668512
0.1715335515941599
-0.16240046237289837
-0.499991777706712
-0.4241752974868332
-0.021089866621362773
-0.5331262554146217
0.2552714987077057
-0.6395919616119993
0.17342037829248502
0.0947421649654501
-0.5621354019485538
0.017087869431449826
-0.4821598030008249
0.09387725490153592
0.16123717324957798
0.12679086427501285
-0.2653304642736916
0.04170831471290545
-0.11565455997332609
0.23777105655136938
-0.2176018331030579
-0.4285583256480068
-0.14376303511088323
-0.3828540355028708
0.23900644821199724
-0.6008884994116724
-0.3065427899740727
0.027045844959825018
0.02053526355935395
0.22266811916183032
-0.18586037850161655
-0.17613681714727367
0.4498159896201586
-0.5890981910195737
-0.07660107743334695
-0.1362945374244123
0.08510980260083344
-0.40970544757341637
0.4210914891679141
-0.6012968477963436
0.17415013488240413
0.15316347823977258
-0.16400870030227727
0.049471885665488095
-0.2595882500858036
-0.0459843586722591
-0.009911115351703033
0.25814648738299645
-0.0811350414481967
0.3100328197209891
0.09611890850824206
-0.10742325962181563
0.2000971718815871
0.07158053854763288
-0.04316106313439293
0.23652598177618717
-0.6694954998690781
0.07753272223041459
-1.0577518208219592
0.1594300338884718
-0.06701345204827727
-0.2280065609280682
-0.12521124710761142
0.10602186006371205
0.002487540786371474
0.04500665945617483
-0.05259147010685308
0.0349533585256698
0.0666767217655669
0.22956908794811554
-0.0473511655253015
0.16644583359940962
-0.2621216887799087
0.006844791803942921
-0.2937585095423142
-0.1734740079862508
0.012678586307295781
-0.03101226817000976
0.009951386882023702
0.017778474754195254
-0.0920940179865565
0.034117650112050965
0.025002453497273036
-0.06984084327366179
0.20860078919018255
-0.05631431616888734
-0.041603905734676594
0.0645202852737601
-0.14500189563858995
0.052392843616295454
-0.3330131084815992
-0.0900046950466042
-0.07574582695997173
-0.14359951591181672
0.0280934950145063
0.19448650096497921
0.23024047223925462
0.05157726409809736
0.0994258075474331
0.06129181154068651
0.09262501111897681
-0.1085415110598631
0.07308651941236628
0.09124192262687197
0.02302199798358675
0.04099425739359587
0.1620768829307269
0.044740623351407105
-0.14621798320367743
-0.04015168111327296
-0.18114411956403395
0.02265747016446919
0.02546603326801677
0.027930718285033438
0.034857961337224304
-0.07314015701780707
-0.04431623623887396
0.0952875514509675
0.052044304361621066
0.10840477152084188
-0.047442470163041706
-0.25664164423058244
0.0991036344615141
0.1471731137874387
0.20245106923792247
0.24626838296568826
-0.07449051852092584
-0.16452208376769795
0.032032554071786866
0.05937814100243009
-0.06603645002400349
-0.06939981637086014
-0.043702127052895945
0.257303552675305
-0.007952910072638413
0.1991417565510974
0.2296723741403797
-0.18502475653969802
0.2378748289824422
-0.08913940848867336
-0.05308705676293054
0.1672851078894987
0.09183374812415296
-0.1514716903442389
-0.0048074646328633945
0.35507823069961697
-0.04142769909331973
0.037596048687586356
-0.044617424170664624
-0.15235429837055822
0.18818483784863377
-0.27202655227330613
-0.3783530095834791
-0.08071816676757726
-0.056625078696153436
-0.4430798121523202
0.10924042726990134
-0.5208089835089444
0.05019840312598294
-0.062294515284033666
0.11302201096884669
-0.15297703163568102
-0.21985661526826783
0.08184002676467
0.04390077834351206
-0.0352670954123701
-0.24544455871007342
-0.0835662868518609
-0.46766106297168825
0.009328877629888564
-0.0755325185945969
-0.36515519667848
-0.29078754008241264
-0.4764097109897083
0.06506427346554422
-0.27535366600589045
-0.2502297003122755
0.0689077893382231
-0.2402186734182983
0.014706887592769845
-0.08744824310416045
0.11354134596112568
0.18058037479240766
-0.3300803045161925
-0.14860357883340194
-0.086780682208822
0.051552926812838344
-0.44463814404897867
0.4675300874576247
-0.2711506491553341
-0.14902195650077224
-0.18828330924549955
-0.6611041531686808
-0.10863957016033729
-0.054289806625023196
0.10368125403935247
-0.2585552775949105
0.053049363874776566
0.07852938366797883
-0.06427141952750497
0.108735026104278
0.2765135863605375
0.20475280245856603
-0.1212352325196247
0.05307056156482702
-0.1564208732215977
-0.29639448608410873
0.16966710643717314
-0.10709349597694591
-0.035786743904725284
0.1464806397008024
0.0020875220108773538
-0.04352797873369327
-0.182343050251677
-0.02224002877935199
0.08698674210673193
-0.04286566223493968
-0.028317219703712166
0.03017978803129015
-0.249833174243756
0.14746428943229545
-0.03670393814778285
-0.36029888618496564
-0.048620463974814836
-0.22578897258928102
-0.2590735195242608
-0.18606659840645717
-0.2980437215361146
-0.09785413110461308
-0.03512040876936472
0.14554903719857
-0.09466106286958148
0.001888725115102759
-0.2981706765306341
0.29126592548357283
-0.18381610176699884
-0.2990423432869967
-0.40433883677067817
0.10123477760223423
0.05193513448605578
-0.10189639732503272
-0.28436370205558
0.28949235573809573
0.05637023127174275
0.28860812060609353
0.12403486326031951
-0.01011251670252679
0.003660123129767949
0.09052578628711129
-0.09916146771257248
0.09319902627643976
0.18249056007210462
-0.1624926995395997
0.23096918949324016
0.19707805349355104
-0.07263448309762284
0.2480161306882808
0.04190870891957684
0.027228001940238607
-0.1054125273741467
-0.12963744866592128
-0.07844114681085067
0.10256778092114716
0.12255334533041651
0.17471890616215952
-0.14983436326765606
0.12217297425967921
-0.20378649685056952
-0.008633003050129026
0.01726440963172739
-0.055625143303344754
-0.14196131984363008
0.32179141295557245
0.20583029051443955
0.10420083610566304
-0.049151739625371955
0.12883953620174
0.09338838604928365
0.0543078707166281
0.0742743183201401
-0.007649270587983662
-0.08535178825307232
-0.21506683840718188
0.02672357049933772
-0.19286446976897917
0.1473194707778471
0.01023493657903932
-0.14034543536952873
0.04786101062293845
0.36504352611178803
-0.1304605284248591
-0.16654849070722325
-0.14104249308814548
-0.04152562679763397
-0.22486556235781405
-0.15782430098726452
-0.21371018061887478
-0.2649134267873818
0.3123439677383219
0.06761743749713667
-0.13992166184753363
0.18694884075716414
-0.5827061244709859
-0.1828964921698888
-0.5201022888874379
0.06480276501148993
0.08529645803842917
-0.2119107078027382
0.058231577747273486
-0.16952317559199953
-0.08772006211383235
-0.2906728174712255
-0.09208977424765667
0.1708084002120844
-0.2141148862609788
0.3548448983490001
-0.06075758377949446
-0.09508679774528754
-0.12295092960547865
0.07332233913119117
-0.051307451692590655
-0.08067643619236707
0.08672255311233566
-0.0661210687615368
0.23139968996091193
-0.08769830681612904
0.1455817131229855
-0.2785646919156022
-0.2374882386497095
0.20084311273373226
-0.22564994689846782
-0.0013803020926238206
0.058660028863020686
0.17470129213643373
-0.07246932778368378
0.278527270352429
-0.5866970438280212
-0.12460076130727565
0.2910803426121238
0.10147888529682628
0.11037366898476812
-0.18003709130862444
-0.0967181423873637
-0.19596019571331905
0.11089173302456777
0.004122653072106499
0.018497457745968622
0.030232061156087415
-0.08037587425527477
0.10908044568596366
0.15472718916287712
0.10178173483575431
-0.23805161572424502
-0.11720846121110555
-0.23827193562454874
0.26110255431091656
0.1770786267517228
0.2880806833632631
-0.1491605569264498
0.21665452781593794
-0.18934561119053292
-0.09998198696482019
0.11373953098249723
-0.072713102467838
0.08512844071039434
0.2141901145643922
0.06048628499748904
-0.024005003101092624
-0.010618751756130295
0.16441464003102838
-0.10960226382421492
0.1671612317732564
0.12207990398990089
0.021283355956227445
0.09846446919851096
-0.06512948095007604
-0.09348792811001719
-0.2071454360570706
0.06339427692817559
-0.005543377982327262
0.02116938181442852
0.1264099356900707
-0.2614614005025741
0.11947750215909488
-0.06378262649763927
-0.1990530108989767
-0.11475127578348561
-0.0399331792036487
0.052423841867930344
0.16819594708719765
0.05658893205825773
0.029118190770717985
-0.6022043858070792
0.17955349805205467
0.05812296581233341
0.03360964106582647
0.044057204413922975
0.1402490259401493
0.13761892460644015
0.02336597050126721
0.03853079808982942
0.24909502915088483
0.14057119856783587
0.026527278954552248
-0.1927920990248739
-0.08373838350918512
-0.23365979453540003
-0.12803524410247294
-0.09340707523581915
0.24856240621787562
0.2667323959456544
0.4167584187071435
-0.05632936778836591
-0.2062207873383312
0.08453605698976688
0.01932818389053431
0.01789338092626498
0.24245872665784976
0.0031335170982660387
0.39955950388743283
-0.11071770848136707
-0.22877921446376667
-0.050532849338264414
0.0681301764022224
-0.07043944269741365
0.15145118945848046
0.4255317479179511
0.1844789720577979
0.04857998658809892
0.4047646120483142
0.5006279828445958
-0.07110822858309349
-0.1198221364364641
0.19363983958130052
-0.3281343200459591
0.17915143345149215
-0.03037405165510545
0.07458868826536674
0.12117501895850544
-0.06104885199618493
-0.17062511899447266
-0.1864769849809825
-0.24724819862363842
-0.06164037615542913
-0.4269412413865687
0.04529294086460271
0.0556713035017695
0.026124182238122056
0.010715325348497312
-0.3216041315337638
-0.09143853215268645
-0.027093096659062947
0.0712744634318897
-0.1244235133417736
-0.06167418381729755
-0.03133022787266378
-0.11655106501914062
0.13320195420810885
-0.07712105689176135
-0.056001910599221945
-0.06407814421478521
-0.1725181652593047
0.04174533421827202
0.1005679639638486
-0.10722571710199937
-0.06775003992858225
-0.03159345678430354
-0.0037309467546674073
-0.12819232862171961
-0.020937592117609174
0.19158474791207852
0.3258178978331566
0.4990535411578442
0.02407816912819654
-0.1277606043633202
0.1985179472298118
-0.2170735969985622
-0.01361677590794957
0.07041575536307593
-0.13047551110485778
-0.06638817603216174
0.15884565695438235
-0.19910557373108165
-0.04991292153716209
-0.016186140917105366
-0.12735960852698872
-0.08225023970456097
-0.0129973773688253
-0.12498366319217317
0.15858045927014344
-0.10406491912109476
-0.03476642615326493
-0.20244487458647342
0.2892849621934685
0.17576641153552708
-0.042038307641495985
0.1129019763207926
-0.08725450338666213
-0.06833569677215037
0.07843027843255636
0.18560786343179547
0.12793679682480458
-0.27928684705138906
-0.054254382580130336
-0.1853037504295856
0.0565245267926301
-0.14660329151185478
0.09385789946274557
-0.14129536778170138
0.16717249040807788
0.4322927426820713
-0.20587644565636273
0.21113793826029478
-0.34737577741634906
0.0937347904348364
0.12566101117942113
0.0034251285473424894
-0.14285626831099654
-0.24505574222395882
0.05279634180435741
0.18865386779064178
0.06718777710969348
-0.13199185148685114
0.027001028796634262
-0.2711385666876883
0.14591750424094854
0.26303440390299143
-0.10846904194146588
0.315695479541402
0.14533541724426652
-0.27676667733286175
0.14347471069123527
0.192972813821261
-0.21664614298894444
-0.07211421579059804
-0.11882518997073196
-0.29495183056512597
-0.04369488538790309
0.00028180424396992453
-0.3219459315108541
-0.17378474691069434
0.09584860753884766
-0.23820460852804598
0.34958781577314196
-0.31903973087864856
0.11781244568727615
-0.25240774172146513
0.07837095947992422
0.16295738329340248
-0.09750982614673866
0.15501092286156123
0.17611225784024132
-0.364671878429494
0.4595822521987194
-0.17312413645252656
-0.06261627045546414
-0.06486788027367849
0.2726176156528972
-0.09226760420060616
0.12792633389666416
-0.14825785720201165
-0.08376750625479394
0.14768666134194597
0.0204779767013158
0.07065821392802821
0.2592208391727485
0.26967148029260685
0.13479843687082516
0.22644947759078576
0.2332796398361192
0.17558861050553148
0.025342637975876794
0.07929443883770006
-0.02121491504470572
-0.4386125309838609
0.2537215208152228
0.08985248129762398
0.1708874910807427
0.1466956254121034
0.23678734189487383
0.14931838871699052
-0.09491247468047961
-0.2645370870795239
-0.11254845626157772
-0.1440674400885475
-0.07271475505056771
-0.1314409345508021
-0.07257323523943232
0.14818570812475482
-0.10251586843846544
0.012388934264034993
0.02257996304724156
-0.2892892703886737
-0.16477466044881442
0.023480847699681777
0.18859712776949195
0.3414272293915484
0.055232931523267075
0.3762458265245444
0.1932105999722791
-0.3036718635477407
0.3410228903945171
-0.06785355902474845
-0.18212577040737743
0.026782786967241703
-0.19123967800656289
-0.03399453089901604
-0.10816807736669524
0.30701281863646696
-0.014886184961018721
0.06207073106644912
0.30120508049438194
0.23698710813881313
-0.0011134602910805127
0.15344024395476405
-0.03188178120798274
0.08772514563483688
-0.07007260429463223
-0.3171241306150316
0.0725935291676921
0.04136887339340405
-0.17066161444411915
-0.02400438542793833
-0.028303352156009737
-0.32968917109911094
0.09696483375979192
0.004687243556324312
-0.2608753777827407
-0.006065386786579156
-0.0171255758043583
-0.0861712221443391
0.1015707701571202
0.062320067196311765
-0.13437828777844066
0.1263246660089253
0.08633898197918131
-0.059491936265465124
0.07376780536548974
0.13933266531939742
-0.09852828791885558
-0.16774046651774757
-0.19231158776266027
-0.2625673737810891
0.004854750857353305
0.12276672383381458
0.03228203559379743
0.20647511232890975
0.10008694114821938
0.056068177218868184
0.18238773524104068
0.40701405136548524
-0.4895475147817948
0.21117547510985304
0.20875554989301562
-0.2343931382369186
-0.1277678505432869
0.2941030497678384
0.04452619967899288
0.13433390669011544
-0.04717303242994108
0.1073063659309886
-0.11809136004497041
-0.0009865790641629527
0.15320194466431253
-0.2011498934072297
-0.005653441921815105
-0.1405105392173058
-0.06874760722494716
-0.044678278946999904
0.10439696825217624
-0.13590023888436345
0.1252091031590191
0.09373300570089366
0.11556323609322289
0.12344241705516312
-0.19136629143197875
-0.04073561072527359
-0.15808318959702497
0.19910389283168844
0.13218736266237094
-0.06256386577398687
0.1540890659441302
0.38654030441914505
-0.10331056538844703
0.24040749375689144
-0.05574378861859105
0.004649688977981008
-0.24723103294481447
0.11646802812657138
-0.24265624904059332
0.203272786141136
-0.06241184595555068
0.0380342882492394
0.04933829411671725
-0.1025295773908551
-0.18080083048545978
-0.02044437167441875
0.0027963529875664394
0.00635409092272951
-0.026810121691199697
-0.23252659300168385
0.12716425145122065
-0.02770800901714117
-0.01689017156699157
-0.17187828491456753
-0.07194493383347834
0.13306357515183173
0.014097116909556028
0.053152778156531945
0.03407793543466915
-0.15904213645436258
-0.3500183933579831
-0.09385437040658734
-0.09357651301726629
-0.12187786333888674
0.15488099078235842
-0.1262589437623206
0.26024852982725505
-0.020288773869929028
-0.08002917111802217
-0.15024847516419843
-0.49590545765075594
-0.11919456996968335
-0.001904312186495131
0.17742845720663278
0.11641115135395984
-0.15455201068397656
-0.04249574959451706
0.23407700603458306
-0.007269079355969554
-0.010978435094577533
0.219205578564935
-0.37500516859589045
-0.08199287104583691
0.07599789478049226
-0.026053704453500998
0.12506298348558717
-0.1648309519304442
-0.05709585487851734
0.17449567506378624
-0.2988073862537884
0.02850257877718006
-0.18161342450068466
-0.2200498450782957
-0.032383253160640287
0.1667232093385065
-0.028020328597288948
-0.2931525482572475
-0.08814571299167975
-0.0013801376590570635
-0.01270346585837501
0.14648186580226324
0.12192636831343255
-0.2724805767655258
-0.002733334209265868
-0.07360289317879735
0.013052378628782741
-0.2876612020909319
-0.11965183222204934
-0.09145091590851485
0.017865119308262338
-0.37769407627400914
-0.23323005736093416
0.18756147097536954
-0.12253491787101681
0.035452572043767144
0.27412620907664587
-0.06268523441059645
0.0993826073918559
-0.007561013541925553
-0.124805619331118
0.056178835392844705
-0.27198245838726354
0.18827385003815517
0.054492545019431286
-0.19708620278845612
-0.2046341802252151
0.14664980847011236
-0.29301735307243737
-0.05044313124786902
0.11685864059906903
-0.05142619190322965
-0.02889058532428091
-0.08784880588326795
0.07313524115753524
-0.32976735861277084
0.014427261135736674
-0.17478466636524184
0.18404482088355859
0.049272992652495656
0.13380154848241751
0.09480756277089379
-0.17962857657340803
0.027335849890450115
0.17664558798515864
-0.09817741080168228
0.23420880166263486
0.23372830827670685
-0.30777592175916224
-0.12971712485218004
0.016745781090546318
-0.4056769268076593
0.03821074898287841
-0.172420295266058
-0.08455717796736643
-0.2861306366703272
0.2032053959243494
0.11062718678850682
0.04130057399952663
-0.03694103323393922
0.33336297197152764
0.04586664453275547
0.08941745315356926
-0.1864088754308026
0.046161687134532316
-0.04148916620282478
-0.1377392406728143
-0.2151901687894304
-0.0068871688168658666
-0.10211696239889625
-0.2172260196922482
-0.12810864370383523
-0.11157880967028787
0.03497861398878361
-0.07633084539131513
-0.30648227558498203
-0.24594253878338793
0.052894158127002176
-0.25039006469955244
0.11624437917476531
0.05052116135687796
-0.05510906493084375
0.1743321008922311
-0.32325471175324394
0.10028960407695132
-0.11121557373567864
0.20506310596971028
-0.23940985273669424
0.16870155240230753
0.06502350497705635
0.055542179493988424
-0.007161074415052201
0.10863379267139753
-0.17598821856299518
0.6444229009125007
0.29122910054381207
-0.009078013251254312
-0.07496555680212992
0.042417501129121474
-0.5727196409411335
0.26496718278648845
0.07447633495823203
0.0795520590367119
0.0034127299142536686
-0.014181983570249933
0.09184046074772438
-0.1341414050065757
0.21078740912326052
0.11388173124985822
0.09098445347445976
0.24917428193604974
0.17236749752261069
-0.09420819515882198
0.15362248290896716
0.0256421118254676
0.02305888084216524
-0.3067478706464825
0.24814839728503618
0.22630669279492377
-0.13776070917636282
-0.2067330411432361
0.026510164986234402
-0.010117034570263434
0.33953022901808105
0.012814088568669746
0.04720762151392359
0.2152447611035864
0.15083898716156147
-0.022284767107200894
-0.007694810058340538
0.1479302586568191
0.0125207695404746
-0.08094809920877398
0.28181994264692733
0.0062083371300891655
-0.1432959170259983
0.08776738262764254
0.09149945538134834
0.18648608496373825
-0.13492443842078428
0.05665022610388327
0.04553400610811756
0.2777371953683571
0.125343168741554
0.01796760220043197
-0.01670078192283706
0.15690535459923083
-0.4570484128280791
0.3688204646646249
-0.4227844702626271
-0.2716735958256749
-0.011798756591329593
0.017118780864720316
0.07468096061377191
0.2525400061609636
-0.1079561017265166
0.1516673479416821
0.0004090901620924381
-0.012843279520061564
-0.24770031927972092
0.12773224811396144
-0.14814350429755058
0.25690333951194755
-0.26839935620279853
0.19736303149766807
0.06049499193555186
0.006907645479121727
-0.17553333724428183
0.06893691748121134
-0.14645466435544724
0.01970708862167704
-0.007859561639530636
-0.020496114547706567
-0.039767914652052615
0.3006121062409914
-0.11384043298773094
-0.06547089995526317
-0.019825627048701163
-0.07762856119652983
-0.004788071171124308
0.14653187763992456
0.010953015336173294
-0.10015932332163058
-0.09875365280946691
0.026655610967935398
0.09083124358718546
-0.1133002824881458
-0.11567616974400234
0.34312214618137193
-0.16856373880635045
-0.01571635795214421
-0.0010661385967316959
-0.005849585575016759
0.07918704089065012
0.12243096251454351
0.06939877138819309
0.2488038714947974
-0.6639537030236342
0.08060305352742346
-0.48260321079838026
-0.055727723809135474
-0.4978260407163381
-0.19614509947996947
0.0064898645654281086
-0.05794047653626489
-0.0018384983645798017
0.053181621140394514
-0.019436631952619996
0.003907579602475025
0.14057832979833315
0.4692058799146742
-0.02537501639797839
-0.05110706869566515
-0.10229033299302473
0.06120859034691399
-0.2290315657723321
0.14503512777778693
-0.2638418766025918
-0.08065141093653598
0.03229397420781821
0.18474332623118905
0.13398610192936933
-0.03138383361672991
-0.021343827078123087
0.05335908809671499
-0.05726774188947871
0.04523373689219663
-0.13046002292025374
0.1252645819849352
-0.2638494540097714
-0.08102150767742783
-0.30472256163898426
-0.03255851890424514
-0.2734382388618845
0.13559977555166808
-0.16567094622109024
-0.049568419395433716
-0.12149227265589771
-0.008133192060373738
0.00035530614397006265
-0.3091203155429917
-0.27735104108960484
-0.21441499930944163
-0.13672315469933813
-0.07097574663605223
0.14429465313199485
-0.061369327824082026
0.4647758724277809
-0.4037921736321522
-0.16689324871253913
0.12889724268053387
-0.019874860400723955
-0.07666241152695048
0.03668830002598762
-0.01949745933963288
-0.05276867491680827
-0.0235064769760953
-0.34640503943360457
-0.09712933394990364
-0.013838602908514413
-0.09421162879954376
-0.13882307963863133
-0.23127863207934504
-0.010444523459028583
0.23978761773563176
-0.031804542001926436
0.14090087912377267
-0.1535463263913068
0.020105956080477497
-0.011168855556474932
0.035934289952074046
0.10355491687335976
0.007993518654172624
-0.17196139002276917
0.24753858254917946
0.2810164710358918
0.06773485845797776
0.011653320398413132
0.12207741382707027
0.08998477403827382
0.2921939553402294
0.09697736938926496
0.0743654604982988
-0.07636317287297288
0.1954764926698551
-0.07443663477687598
0.12314334663583085
0.27631540541676564
0.03580409735818908
-0.08387914843764131
-0.05196209472332932
-0.015441262640797811
0.18095828423423377
-0.13809318055392117
0.04125393785589593
0.010144350934808009
0.12451002547606205
0.11821756055001453
-0.05021424297498638
0.07456573251603682
-0.00483736136514499
-0.24491500713431139
-0.04711456091775991
-0.049578775889379395
-0.027048710869971838
0.12484309221419403
0.10519385370872006
0.030911818271896884
0.08561072385053181
0.0773137135462313
0.15363944573006613
-0.20323788021423556
-0.07650711764839421
0.13234352613657524
-0.1485419614828259
-0.1097029060983977
0.13566461448437783
-0.06702199201343553
0.15777864028490493
0.12387079385822018
0.002213365435928635
0.27997111732470015
-0.145130293868548
-0.19333942191336337
0.1119762442374565
0.09910846971296533
0.03590866095441271
0.099360378605247
0.038778104695529635
0.2721715501387312
-0.15044896546949307
0.18414487034554558
-0.12088257989527672
-0.008749659989081567
0.12470588354368872
-0.013913827122456552
0.05129014449642581
-0.3411204929264573
-0.22279952692207602
0.06383391438533978
-0.28905209999869746
-0.181051091186143
-0.04424679158460318
0.05400304098052782
0.2693033279170416
-0.28093711843066477
0.5395765128211857
0.036006101673658884
0.05549031994115723
-0.13090079614050792
0.000994547977181881
-0.08349981138189952
0.009183653018695666
-0.11633690420017018
0.30603977520259107
0.18580013647791788
-0.015698173596754687
-0.10518594572809917
-0.15184397784145512
0.15430408457057235
-0.005636479228692396
-0.27101947084261285
0.47112857838489836
0.03996577526578673
-0.1554191872059746
-0.40273885791909025
0.051566860575147984
0.10685666272884795
-0.05531582816195933
0.0866381526041579
0.16153174310626928
0.09293606462927417
0.08325136965825973
-0.050133514561380994
0.13947132319366284
0.08657276654879524
0.47653693431792127
-0.2301821462316827
0.27690049717381493
-0.04947007642792969
0.11799452862602809
-0.11926760072046964
0.08993903949763138
-0.10306592938360029
-0.2724401464699632
0.07780788256548674
-0.007039309752881601
0.39243821340731044
0.1772331607204269
-0.10392845707225254
0.23556340738868733
-0.5790131694393401
0.10008206952420522
-0.02072170115155018
0.1537110254218456
0.383071353387956
0.423241250733323
0.332930372464243
-0.18566216791621998
-0.13120340244870812
-0.23314581490256092
-0.017589315772019772
-0.046502154349400346
-0.14407034638587365
0.17108761411712053
0.2738528989026363
-0.050779502487476647
0.35762197151355685
0.0016040382029848808
-0.15719326079921805
0.31723989026542826
-0.35081914717413226
0.04521609594687443
-0.2094465960412819
-0.23000575662853215
0.21754935309921566
-0.19657851005994564
-0.36546547393900203
-0.05556377247767898
-0.2226714237974586
0.31381247881737173
-0.04366843600532606
-0.08866404925551288
0.5901193687899627
0.6384889754662405
-0.11563020674097335
-0.041475852960714425
0.033662266952738724
-0.1869287923890008
0.6136119137192966
-0.09597269484125417
-0.4178699641658039
-0.32470052994639
-0.29012611465012444
-0.05382459134467935
0.02995259077716808
0.1680949441508417
-0.1499377461190453
0.0775537944984202
0.2395375055513668
-0.22348167098281577
0.10344150055213111
-0.005384781323659877
-0.17978096818563968
0.13572434526097346
0.07554911554703356
-0.057241449987062605
-0.1417200604765421
-0.3528882264225288
-0.12250405810458978
-0.1182753204009802
-0.06059363059813744
-0.11438571818457108
0.07504036419636778
-0.09085969086800265
-0.31349795722962637
-0.2520729929430644
-0.008839675968304964
0.19800315401352503
0.10336894613695774
0.10922563144640529
-0.0824296216051272
-0.2430300061961757
0.13442685438181923
0.05211764907974933
-0.04657265793951871
0.19609837309045022
0.26121662536417045
-0.004391948100879047
-0.01814748627847468
-0.07099270225715965
-0.21854700243308037
0.0871809450322146
0.21113597734657846
-0.25443704476406925
-0.1552085697929594
-0.07809548187015283
-0.8156807179040362
-0.25125051688878924
0.30248646348653124
-0.049252550405496726
0.04944843831617025
-0.05205430946532209
0.17296050551582942
-0.15197839028795931
-0.08301215997861047
-0.29261430939832295
-0.08336975159031323
0.22432863911968898
-0.25784148637603943
-0.20874439291673128
0.13798586850841035
0.14281628828908388
0.002060928578406688
-0.16031190831749664
0.009777474874564485
0.1167753065982049
-0.08307013886955816
0.20329422138408412
0.117556538760548
-0.2730244803373132
-0.14273452303428666
-0.22011229311793698
0.02276322490789945
0.3750820679219677
-0.3544864732492441
-0.3744878677555687
-0.10892352735149982
-0.007244412932189274
-0.14803513839436083
0.10170397011563187
-0.46422267559620417
0.06709427197421691
-0.150370185996682
0.037879828129282755
-0.4863386742806428
0.23718470266556554
-0.11822925573319382
-0.056636207274984626
-0.10434467694638003
0.10358712209907339
-0.05224683972307931
-0.3184502188716106
-0.29080581272828826
0.03586837104434094
0.044933817748796054
-0.07994404856121384
-0.13098262296709975
-0.05218702409645892
0.14816981997212886
0.10731104152302864
-0.1437289964341776
-0.12944009607030776
-0.08412117360697212
-0.11017593187567826
0.04499323410480406
-0.22094635497514617
-0.04078730712558493
-0.0789013949043199
-0.24733105496039828
-0.14504054599951507
0.09946104555918818
0.04891625074560276
0.10312931551714376
-0.20813543543227986
-0.35813695294490866
0.13444028345076148
0.0008359889500715925
-0.07859348141621866
0.10092351275636911
0.11191090813802355
0.0742454128850729
0.10333144713885078
0.02402884977498182
-0.07499170308303213
0.0484175326141962
0.039611223320683495
-0.10906893618364977
0.07689632666990383
0.1808815668485275
0.24271802099698728
-0.019802843491665657
-0.05783244159710583
-0.23449930885333328
-0.2983869711275806
-0.018174407696945716
-0.13158374411328583
-0.048419647503371806
-0.22200774826573694
-0.11827583874238132
0.09380059393816277
-0.03020222701005551
-0.057524530732754084
-0.2629287685146895
0.08968855360875597
0.047115671746932576
-0.0850745917868349
-0.0055065334361807
-0.07685807480671172
-0.30386005323475307
0.015935313665054997
0.050075684678826254
0.07459850838330465
0.016188203503832203
0.13636572731287272
-0.031281692576664875
0.05191641365674374
0.08698945012253602
0.03882134171653474
0.11348430110599253
0.03620007771589051
0.1282389398812043
0.030069611282338628
0.47785340302909235
-0.154633352149019
0.48210312000015754
-0.0974326176899849
-0.09436232882206706
0.055090835954522965
0.21398343614318313
0.20111259174236643
0.03742041075831142
-0.18135769987624398
0.07956811745927402
-0.12751637033380386
-0.009473267125937886
-0.13716153379513316
-0.06321207181422836
-0.2537407788025219
-0.2588085829375051
-0.1261536753571872
0.028410833523167384
0.14142444512923266
-0.008773223274867802
-0.3671281570328454
-0.06756978360998882
-0.014450118018989034
0.08578938005583578
-0.12399145472053374
-0.1330622964013038
-0.006074889010336609
0.15028656979182867
-0.12592945847532394
0.05975805509940566
-0.1943714102005007
0.07193491213869486
-0.13711420084107265
-0.13904237910073985
-0.2166609911456225
0.1333935011904051
-0.23385479423334238
0.007444270601578988
0.03615809300356098
-0.19917844335834092
0.11177026214542872
-0.09611629202725736
0.1343423588762787
0.11494396899922167
0.15734726659056214
0.07377451041555994
-0.10957058920514261
0.4239999559219662
-0.29725703674428183
0.291785512792602
-0.12141159582952396
0.12314994507441454
-0.13615269960885196
0.21491495723831075
0.1363858902355689
0.17322394958660403
-0.19576839966907877
0.07573592110426756
0.1510073654030728
0.34640916495698576
-0.04990868275043931
-0.11286694301341584
-0.0806192788272325
0.27614712537043024
0.15957284577506867
-0.18040931531271412
0.36047060758477584
-0.22843052016504542
-0.180118450400781
-0.19487673087726679
0.03581098744453004
-0.23598898369485183
-0.01813582010625483
0.025738351135674797
0.09602156442012315
-0.13193704134237835
0.2632968686430571
0.06848573427968926
-0.10458037525266436
0.69788486224029
-0.31832254871160715
0.3305209035765556
0.06127434475564245
-0.08578533982835469
0.050690733438660956
0.29795813455575854
-0.21163436186612508
-0.12436117178690362
-0.27485020342138833
-0.033487304103824514
0.1520239235386577
0.34664958465723217
-0.09345076744465598
-0.2180250483746508
0.6394751848463377
-0.06800876726534953
0.13585745304954047
0.10611197688526852
-0.7842660869903888
0.1852015949741214
-0.7820723354391781
-0.2469322671200465
0.017436349648000195
-0.02926813800212203
0.02263403656454312
-0.10594655319026366
0.060855057966563375
0.023061452755414207
-0.022930186860358113
-0.019051786937614362
0.017043045647248883
-0.12254332328488202
0.07537061159140365
-0.014416997468046573
-0.5404837846183206
0.4082591289256495
-0.7304446638726332
0.18134281681248862
-0.03489642946343616
-0.11555590651975961
0.015148901414557171
-0.20003227879150387
-0.14230436266994712
0.06494757248627336
-0.24076056401244395
0.24207552871934984
-0.09621642384597685
-0.09948508602233712
0.08639613542539472
0.04179174271184787
-0.5958881105010062
0.47194591959693827
-0.5869898609011591
0.06797241675903214
0.013353286349411438
-0.018399868487045164
0.14615338187455149
0.1849576496960219
0.07944113592812942
-0.04413499392154936
-0.027617034604674462
0.0806049372734561
-0.00483003976889455
-0.07303827839672651
-0.1048079660353622
0.02571461940403216
0.058011074357947806
0.08770111906129574
0.2571833756351028
0.19031150895977494
-0.2194650339306115
-0.004990756288977024
-0.03518185958712795
0.08731002241252658
-0.05869191061140574
-0.02736143034755322
0.06969357046080597
-0.07111471672279482
0.06756013108656972
0.017511279926025056
-0.133527586495212
0.10449664575631863
0.11674158208700512
-0.2055713485324758
-0.09402622332306057
-0.051496726216428326
-0.06892744018542707
-0.06489221160420877
-0.02606445035539144
0.006148975440933836
0.029335107754134136
0.06565230848269588
0.11457820394093393
0.2076772641153048
0.015426846809371437
0.1402426429396115
-0.07057084354220083
-0.08084534902689793
0.1473653507260132
-0.17915057298790588
0.06759993694962732
-0.021265427686835953
-0.09189135535833895
-0.015834902633868136
-0.00807854816969292
-0.02416119557543247
-0.02820944201695612
-0.014648382022054327
-0.10114516266845834
-0.16865548997118787
0.12013633294862443
0.024970771483096798
-0.08379037315153404
-0.006651996008186241
0.15172413887670075
0.010718971647019373
0.10880725443144539
0.10144386142208846
0.056117930803764884
0.32869263390611536
0.07335464554626966
-0.1694889765027273
0.012394891193490722
-0.1504986418789549
0.10320612403905555
0.12395501067639701
-0.010115693167511404
-0.03287016199564234
-0.08154545745150638
-0.06221833404577039
-0.12766528261748272
-0.053399335691942475
-0.045172518996106775
-0.08403667772323029
-0.1217308170407569
-0.19524835001542873
0.26417383585632903
0.020899907553052568
0.06122088433858461
-0.06867730641514923
-0.32842429934312395
-0.19674939671703648
-0.008202922779839073
-0.12370884205745196
-0.05261216624466416
-0.02898175764747603
-0.029138268276756196
-0.04109999971723281
0.09906719884790227
0.07653873857909131
0.23143131751470694
-0.08651919044879978
-0.24596262272154576
0.07465917901824687
0.1182939541542384
-0.0248152267881329
-0.030848675850520535
0.10929487974714981
0.2683060663321499
-0.013157584009263094
-0.2576518220906473
0.17517699658655925
-0.10050641157766356
-0.15879482980302398
-0.12839337730176106
-0.44126147377306935
0.1858783091363436
-0.6209334118434593
-0.05820764345928964
-0.14183612299561274
-0.14707815726342435
0.023494285046575036
-0.02381283922921703
-0.10281035353075256
0.21958200311517367
0.08496773603041774
-0.16135400114457435
0.4995199629736812
-0.16779855380733338
-0.028855997787283753
-0.07688682940929792
-0.9078531046839964
0.33963995222715343
-0.9295422168811156
0.15210516747574399
0.15761313391139256
0.011662354197735378
-0.1264025184992457
-0.14062695765319116
0.09048517047888702
0.014685225485391303
-0.10341622936483724
-0.009440936322651193
-0.0074912079550793756
0.3223186576751408
0.0231663820908775
0.040197530519876665
-0.032570550010418725
-0.41993173157960123
-0.22859475870843773
-0.08357537595443189
-0.25764997966166886
0.061427978766172786
-0.07222955114596459
-0.2854174305661984
0.2702311327888114
0.03019363422313709
0.015693061891347834
-0.14214395364011517
-0.14482527233492942
0.06546645928079209
0.1295297513473471
-0.19946481975823208
0.053163749516299874
-0.0007197818194680341
-0.02018968202092947
-0.49173695318865956
0.09096884436009409
-0.4851310281948736
-0.01333483957293452
0.06456299330599878
-0.11309179308702924
-0.021843265552642547
-0.03310313491482001
-0.15558807078717188
0.11600033627055473
-0.1683094817630681
-0.05653280613590935
0.11795326405498963
0.11807369632826038
-0.060489107323046486
-0.05332802204538381
-0.059008357821940305
-0.046228689285224826
-0.16244103145179542
0.26893804742505256
-0.19406145058576457
-0.26157889993130057
0.06955905416698534
0.012072612323546056
-0.01615337081273677
0.013523691755601586
0.07186726632491636
-0.07124626501930448
0.1525664810510921
0.01491577002797552
-0.07757036370217466
-0.1122591799905365
-0.023026800897656814
-0.1117448784836743
0.09658253161364405
-0.0395436172162169
-0.26659095971928576
-0.023919455842359688
-0.07384566989635352
0.16479824755204575
0.14354088421675715
0.22177667043710078
-0.018973127854082547
0.035892370404982464
0.20255739768101036
-0.0975598423897331
-0.1234240359496489
0.013358136902188494
-0.261146175861181
0.3594065046125409
-0.2967516431811319
-0.0842201477156499
0.28239716805802145
0.12451853717394842
0.07564360795188145
0.11709673414325106
-0.10112208049936114
0.3847177570463166
0.06714335252513105
-0.2167594556618852
0.3563145704649751
-0.021648473302343065
0.024016304619355437
0.12575420637196033
-0.15801253656507214
-0.1319710571745746
-0.46141254120033864
-0.0859157629421035
0.18532743448009123
-0.06640818043805292
0.05539688991812641
0.04220613577121882
0.04851341175387715
-0.03068490615941743
0.13909108374861126
0.015658374069090823
0.2352306252544834
-0.22721936755169977
0.037331284206043244
0.13568702456456672
0.19000142532842396
0.2828122242963716
0.07239670350926446
-0.2698875523316372
-0.1658840134418625
-0.06709577847800803
-0.19529301541484861
-0.0032571406651209778
0.11736682986635429
0.39049243823468255
-0.1924704292098478
-0.2084320184893589
0.1762997515915442
0.1168785212997504
-0.356501038155816
-0.0722579132276704
0.004774904763687136
0.015488737512156481
0.14450372954552634
0.08676800843428831
-0.49604203727665724
-0.10880137254122015
-0.26471072471944207
-0.0730273394899939
0.09210596767525929
-0.06786361265351776
-0.05722495897231527
0.3089550744384266
0.15560872832447492
0.29910521990878336
-0.16043106884644828
-0.369298227708623
-0.0671968134868131
-0.08626564716008771
0.11114077199107054
0.07892001215508637
-0.14928901951078669
0.009250141139529855
-0.033906067417997884
-0.24238286583319074
-0.056046153703972736
0.03914865725976769
-0.2261936467199437
0.10763074949161054
0.1284640927352202
0.19213685376557432
-0.33450597484153116
0.0402580941320639
0.2469759291052698
0.04048930302455591
-0.01703277274438927
-0.5220636547359448
0.12773666590408564
-0.36439704178709054
-0.0353683568990416
0.06936410685554978
-0.4179298427749439
0.08474082893351768
-0.071361763910616
0.16291410134220222
0.020744372134596
0.1597609960074723
-0.02207478410286792
-0.06640181698406883
-0.09912912021124186
-0.03451765419184239
0.09784500046591273
-0.15186073303410566
0.16481623886564348
0.1418833570188865
-0.2606027732508604
0.40712556247394377
0.0563590149403419
-0.04465921232073794
0.0665927390202573
0.05134704225841655
-0.00048725994871825167
-0.10583789461312128
-0.09508047661447196
0.0906376645687106
-0.05787531587155095
0.11466371340562606
-0.31045365242571743
-0.2765488201243287
-0.16179436909765943
-0.16371497493814002
-0.178644152055941
-0.45476103667811435
-0.08627006125923255
0.05140776486525374
0.07873605535082309
-0.0015694905950476188
0.1534529743652692
0.014410515292124905
0.2780359161663758
0.05229656986304696
0.31698338283940963
-0.24874255501507458
0.006835492303574491
0.1474192988138312
-0.27748442330301837
-0.09326810740696495
0.13864888009105347
0.11757007729301935
-0.049843685581789
-0.30593207246535636
-0.07739325797696052
0.00656948257329423
0.09154956738327263
-0.2665746934207074
-0.19008589398104764
0.014459290863119225
-0.1815589917735265
0.10543006868013881
0.05270112751108667
0.2236277774601154
0.041372810191105
-0.1553156747995178
-0.201872506269518
0.18795176330079283
0.2554760578120139
0.0266166168803219
-0.24232082176519062
0.1622267602755341
-0.04542481020486072
0.19526416496546567
-0.06884832315072065
0.05666207480190857
-0.23852208466065725
-0.14903634116944542
0.11969444085441276
0.16942860866372447
-0.05514799802293463
0.06158633477001897
0.02820252598522876
0.06687641655006087
-0.030433501900945466
-0.3875423924121041
-0.1918176446379577
-0.033526077891442775
0.11198286044181963
-0.13414473215076575
0.07931344940447502
0.34685176259672407
-0.0055226942239960455
0.23654053377234377
-0.15360178575732913
-0.03382010889506877
0.026083483810945163
-0.14769801726681467
0.036991148793116
0.10178898255583707
-0.28222827954351687
0.009043060314432767
0.035884279243185595
-0.13090015553492448
-0.012499075599586061
-0.1518145830589964
-0.6774350198400146
0.05243313661117102
0.040139659190809175
-0.14839538754295373
-0.15834817966742665
0.3573742820550589
0.15556178951894825
0.07681833020136168
-0.10079278075396556
0.07083217025935504
-0.4667368354821884
-0.5303401603677946
0.15120551452126743
-0.02288142273584082
-0.03279228202092031
0.2922329851186411
-0.0032437526925493156
0.14716610661189197
-0.0642409383511958
-0.004119614577998516
-0.09973225929198634
0.18114980015392007
-0.02962342078657991
-0.1716836543951217
-0.18659502740327946
0.1596398666310523
-0.42753361994763694
0.3967998467378276
-0.047293392251536955
-0.14397311189923553
-0.12678132105619375
-0.05649540352873691
0.19063376847012486
-0.1025515527205635
-0.15078113909365295
0.20087179778374273
-0.2021757905256307
0.1518363287566869
-0.04033057094008935
0.04490471674310933
0.25473994084227747
0.02259635002552746
0.013656805164345141
-0.28003999686864867
-0.16907182247961286
-0.05043759726064776
-0.04610989302598369
-0.19680612064728636
0.052924942164207504
-0.15767095586065796
-0.05584951602736557
-0.11262372268659314
-0.2091608125672661
-0.08802840730434675
0.14885714100902447
-0.18936244977029315
0.10638562301804516
-0.21803939614926146
0.12956304803660085
-0.8842911506655637
0.40378220286473154
-1.0614923894726502
-0.15356422629538
-0.3530782915664748
-0.061135953268193044
0.1607535772711462
0.1473521658247803
0.05429166404372006
0.11941835593021127
-0.07061232933738008
0.11679312539657434
-0.0945285504745219
-0.1907276099227332
-0.1642921615725247
-0.07867129544953308
-0.18459382404864041
0.25971867221724665
-0.2946755118711345
-0.39422681662765235
0.14385793450086845
-0.050500203834975436
-0.062093203683221486
0.1064407059856684
0.20151235288449446
-0.01680396116517377
0.320301510242127
-0.027211541192383462
-0.264965505843972
-0.06040689348723686
-0.03569077023151255
0.1656310134158194
0.5796501510272448
0.018638121959468734
-0.12497333491923082
0.02497551183007226
0.14010252952946892
0.37924014485118734
0.0058804909368634
-0.22472020320514804
-0.21618359457700942
0.019937783783198132
0.18050352339852374
0.0828529458398801
-0.08123410766773904
0.1273125349491838
0.057157972997356685
0.06522720786192711
-0.12021545380143171
0.021896245248978537
-0.19287723995411893
-0.0034221226505847155
0.15048614952764822
0.035458889406647875
-0.001783350063500232
-0.09906839971022433
0.07538373527167065
0.15775002884349182
0.06318817898727408
0.0714110621832051
-0.13224706166138692
0.06462400244654519
-0.08167761078643508
0.16057095741001576
0.1304748824794656
0.03550542476883514
-0.13834953874295025
-0.02886188425548343
0.02963069154366015
0.09764568252012773
0.2977234363320141
-0.1464580412736318
-0.18469111958108486
0.07413325923078794
-0.08533293350495622
0.040416153355731683
0.06072417455282123
-0.20088854394844216
-0.10625762106219545
0.09678748368495951
0.015459420423074095
0.07224530796327996
0.0700636129930048
0.16489272188371204
-0.2506832787017611
-0.28357353722569567
0.1369641042755906
0.2723813047022935
-0.13332691915359096
0.19536400308380467
-0.0367001500861069
-0.03099063158103507
-0.0818609417874235
0.010305605405973209
0.08064714158948649
-0.2707227512861456
-0.1748408248231779
-0.11921617585008241
0.03244015433466983
-0.4647220554237801
0.1656721221799119
-0.2432435624955697
0.31864601257035835
0.018393757523518236
0.10586206813287477
-0.0752985838757154
-0.17046948500520032
0.13594693758652024
0.13139071030070593
0.024300737167387506
-0.07066057450261536
-0.3317699373880906
0.10251462273239312
0.273465368375976
-0.2309720141432644
-0.11572526309652705
-0.14585619779740475
-0.12253255903115956
0.292645138164137
-0.06341296293104122
-0.09601384052602452
-0.2935944586199084
-0.28641830205629976
-0.11471598636532956
-0.1401378586911639
-0.15826596832759154
0.3599506139765626
-0.38631996233118304
-0.27687725735087365
-0.07928576136607644
-0.0034116808129056307
-0.4577056909989736
0.18790351248189435
-0.8409756687791841
0.2210660139729663
0.09954430519881492
-0.3645774503427042
-0.3452412584890253
0.0802118442364629
-0.2163084760972471
0.07514978651760754
0.13876311805156694
-0.08298319068063724
0.10312871162873655
-0.0032960477495019027
-0.17518821133111215
-0.11965666552003582
0.11349095867921055
0.07680614354536962
0.14281762715016366
-0.21297772989488456
0.002848754540231191
-0.426015709410992
-0.1147333363739957
-0.07831273143735476
0.018610050983538462
0.030441171872729808
0.1625317951301687
-0.1008146363702026
-0.07391344264353784
0.14241486433450734
0.12469648695109675
-0.2006154165529061
-0.058675213602632566
-0.17021076773597288
0.15967789150625133
-0.0272703420192524
0.08921195474349336
-0.08702146945235728
-0.13170488517372597
0.02500103446413818
0.012611076838401026
0.12924943391656946
0.20965001425767055
0.1268334408708404
-0.2479635840896075
0.03269443354975781
0.08907848836965086
-0.21435756498592418
0.01703232711031676
-0.3132816532494976
0.08808522138579099
-0.003421676790232289
0.2803332835745805
-0.14308313533636033
-0.3031781141780753
-0.04503080850943042
-0.0953240361069322
-0.18487730877832653
-0.17413569025014644
-0.2603394085976331
0.34231915563012616
0.041321099472056345
-0.24558000102341973
0.3194254411669171
0.12364762141626155
0.10647685707998054
0.054577431234878106
-0.49007621069058777
0.08190802849957458
-0.11223620386497628
-0.15166457114476933
-0.3804257978436032
0.012014402469553664
-0.1510785357183158
0.07910138405536322
-0.41721696787847123
-0.061390957779695506
0.17221076043979286
-0.054701354870879085
0.05748924274075699
-0.36592503497209694
-0.31095986457717745
0.06851285050941068
0.37191361386872474
-0.07268822993877563
0.6113867564285085
0.03162697721076048
0.22699038430897744
0.2652213147903448
0.05742045333464505
-0.04832862104317627
0.013118136929799918
-0.024724449886280364
0.026340916957832042
0.2571717504168864
-0.19781047792195694
-0.13490028146908825
-0.012888115976132106
0.048405211243665085
0.24218633230180267
0.19936527648400856
-0.05307808002420906
-0.009870728028176848
-0.24669165058125608
0.1265697247163693
-0.10083013380963772
-0.09128420375378779
-0.017112287920840356
0.015132621218940519
-0.05400751928402589
-0.21961865929350352
-0.21439067665456205
0.31935127495700977
0.13346648153407392
-0.00422434201081991
0.22270697178871887
-0.13076231715854628
0.037130421573818476
-0.23332786109326456
0.09917608596834207
-0.06965158806485622
0.10700734294727426
-0.05172426321383908
-0.11245974708743751
0.20848168823178304
0.12406735610246943
-0.1766279867793235
-0.3979138206049447
0.10089880427205175
-0.1368455697114951
-0.019325435793944783
0.21926178760139864
-0.3364638204195798
-0.009841339388679544
-0.20142201117615874
0.12515605010470202
-0.06526480587238141
-0.038430941673125815
-0.31650806897532147
0.10415555924479779
-0.031900562806148856
0.07893756849475626
0.06280570123295658
-0.1608607140478788
-0.04360185650591477
0.07035103263143447
0.04923152296644704
-0.15927168412610218
-0.2234704740387448
0.07526110059574086
0.16147388149831168
0.0826949917308353
0.028822556104358774
0.01909706260075641
0.07482476494595694
0.04327039124240241
0.10433775101451316
-0.11994948536405521
0.021505128245775534
-0.03672139384495935
0.0006474346154519426
-0.06834465770900909
-0.24742851803474636
0.06742279022693444
0.05307481963993261
0.26109502006784036
0.24766111536146887
-0.15101353792472574
0.36854275738456455
-0.17889364849576095
0.19436814552240939
-0.2628981823679584
0.04898183096746108
0.22674821358094838
-0.07356591429022982
0.1539362331166074
-0.13568031679676149
-0.09327318723410638
-0.057580177754755796
-0.05049450420758843
0.04042348950625017
-0.09088924694922478
-0.17331602778501412
0.18106793381490885
0.1587630159571284
0.08045627425494606
-0.517603790051511
0.19046300938782443
-0.022551240245527102
-0.26729026935415534
-0.028670668317557307
0.18008151587778648
0.2128546988961459
-0.004110352940005644
-0.11424399930570388
-0.13195559041718555
0.0880365314870264
0.07185408048738325
-0.010509925104496763
-0.1547422214883787
0.09939759160931799
0.0012254034180016252
0.08364080159277532
0.04905820826222717
-0.11421128695316189
-0.1667380321541249
0.1698959154949229
0.21768913256839884
-0.14624474392033107
-0.10367195006888404
-0.04397013512907185
-0.20595478708413437
0.14925377334579912
-0.1864413233453294
-0.5954842452420411
0.23809942207729967
-0.5112270268374317
0.13878550254467292
0.15584237821679142
-0.08554785725302873
-0.2513350683569991
-0.2272685987851256
0.05332983365214282
-0.24909515292411946
0.09115708774555567
0.3598241539417211
-0.38226934414693675
-0.33657503007299966
-0.035526342750425856
0.0734271758653445
-0.468883448436457
0.14089267906959552
-0.37805961388338444
0.07456276919640066
0.26978877652162353
-0.28038172265313294
-0.12052524959203534
-0.23649404376027391
0.09759100062149247
-0.3327527930811563
-0.15618554006538926
0.2466354650711616
-0.20019099508968363
-0.07881222338757893
0.050138067831875605
-0.02955397919462539
-0.45564047418267567
0.0366291775943248
-0.4584833212884203
-0.013217441452626924
0.10039784542837878
0.05194268618874527
0.1911212672473759
-0.07914027705285005
-0.08204779936256923
-0.16749709048245146
0.1677597206160341
0.17748882377963252
0.1976869495970782
0.26726864616790724
0.23090598849528624
0.32083983180844433
0.2830044517119225
0.19395133960421743
-0.2238730280824585
-0.5824923958218338
0.04857742245708829
-0.693384202542326
0.33248562572954854
-0.12886690591806316
-0.07800493424388219
-0.02406217102269251
-0.10222880541679329
0.031013025201272967
-0.06712013142743448
0.17798281106749728
-0.10095593662417304
0.1655525819700418
0.3562883979320377
0.06402808166165361
-0.03455760607496317
0.1799761676183304
-0.1699858019204283
0.40157424321955015
0.004605147078942707
0.07472466353651572
0.11439571756914521
0.07770558149136297
-0.09016467031415776
0.040762995640919536
0.01594635333913763
0.10379827376675044
0.337674488696294
-0.011886567776750455
-0.1786124219702978
-0.27381525403669266
-0.014987186456955338
0.16516490684224364
-0.11994463350597746
0.13498164013172947
-0.10620931726925972
-0.06307092334855466
0.047966374540719066
0.1006152311541366
-0.12746026346841519
0.02403913646328186
-0.3013098949718117
-0.05612540512074921
0.10278964499230069
0.06679034367015876
0.12269912608770195
0.3014547318231111
0.16026928034682794
0.25471466694516004
-0.1238320420912641
0.35067174665724676
-0.19365821354318047
0.16534210468772398
-0.023980862257614855
0.10530877661000608
0.16231526222254739
-0.14235220884978908
-0.08854971582996297
-0.07804519657321954
-0.14776043462553112
0.11378311207583293
0.09275198993038936
0.052288965527820835
0.002832164014524733
-0.027395015889236145
-0.07088238745255919
0.3066170321228314
-0.28376540594757604
-0.07268933818700388
0.12059962488371119
-0.03506797291151486
0.16635066962447795
0.05583851075883194
0.12317453917606191
0.058180022334460325
-0.1627707263784405
0.524984342250925
-0.13235321230692712
0.09315247993660934
-0.0705048223514187
0.027690112741496894
-0.2818314255308558
-0.0747688128875325
0.301990886462868
0.15309294263184164
0.1346292061024255
-0.05760970560769591
-0.047801088298084
0.11511693378268512
0.16545549706240542
-0.08438831599058498
0.11077367940898493
0.043401849718240175
-0.07896013257717041
0.12391749255836954
0.09104111827697049
-0.1887691074926532
-0.1137765855241276
-0.00944772264552905
0.12542977357046642
0.066059863862403
0.27920292974039906
-0.07329449283793711
0.031031414918755384
0.11199387236825878
0.08036908992633805
-0.219326814480456
0.08773820225812201
0.0769640070254684
0.10774327259940616
-0.03649975177235605
-0.02688361560373468
-0.08803588592359168
-0.16156828068561632
0.12994464264878425
0.025120846574279036
0.1458481747878691
0.125137996991461
-0.03248918113800833
0.0011868193350350845
0.09462031115634471
0.08181231039558962
-0.037347257008707814
0.032572311521773215
-0.017501883569985048
-0.003100085004864146
0.22283604040235494
0.0018531817758709807
-0.18471980132349397
-0.1684500445500822
0.1626722811693437
0.03606063665107305
-0.03656495931808466
0.27321904571729805
0.21726728662505712
-0.0781735654166167
-0.0433400498679831
0.08352689613500558
0.03599490855337248
-0.0703408336154403
-0.056690356043506224
0.11792697290721034
-0.10647820253066134
-0.1062254383916825
-0.09624804575077561
-0.1812557248938263
-0.19595924412926197
-0.3358387562149079
0.09741845567648102
-0.3667711205680572
0.12283823754195744
-0.009632877432285058
-0.08036991513805596
0.09247835906811772
0.3070888123458179
0.030720093898354343
0.019294832349590788
-0.019538157212590515
0.13008992811411352
-0.027998484274040357
-0.1386217934086088
0.029488243809645025
-0.13684098701655106
-0.33175887931935916
0.37962265126517053
-0.6854361552809979
0.18517206248115703
0.24090073151844346
-0.45932622255527134
0.06929556912447987
0.10271667044877134
-0.09080741550442299
-0.023374763073222803
0.03316334856743547
-0.06082244727472333
-0.35886264955357233
0.004817971460298427
-0.16836103231947414
-0.11825894039397422
-0.4228819009402984
-0.05031420610874679
-0.45216615596554227
0.11904343226973642
-0.18338623312796667
-0.039642519042555543
-0.12191810004400494
-0.30319482437911577
0.04112776866977155
0.11032446704137541
0.11634209173104919
0.014992082236941822
0.14695697647441233
-0.21146420214952136
0.2215427954331573
-0.1343680843569881
0.13186152753094374
0.010054530554617839
-0.054773980924538127
0.11191372058035888
0.34228862382432046
-0.052893884534340116
-0.2896373968258321
-0.21432268759000533
0.12845246196585033
-0.12010057945017003
-0.05409149770425526
0.15438365045681385
-0.1280450644862419
-0.2592282482649122
0.007272102268011474
0.28468530450921103
0.3671980755127442
-0.2019093652062968
0.10606628768790688
0.11411235920248924
-0.02656670154735319
0.12403580133290419
0.16381944516710042
-0.14336033406846663
-0.17624562667430319
0.02638737396736676
-0.22924995751568714
-0.038340674577618326
0.18263504377017506
0.11211136346506272
0.12301919076159581
0.011021642253617098
0.23267209488215768
0.05053671989866953
0.07771714697555616
0.19301222319294678
-0.3780628033641073
0.22252431250333582
-0.024473587128286
-0.36562845917870257
-0.13969650700537356
-0.16490129920891852
-0.23061986524021122
-0.04648743734039908
0.00047368806500559715
0.0397189453040033
0.14673653578331491
-0.03178716407661091
-0.037957911980440545
-0.022773575345760258
-0.02810974703627004
-0.08251758822958098
0.17093213469938393
-0.3370852071636696
0.25381067714161265
-0.15738518399584678
-0.11810665222397003
-0.00397891665058289
-0.3214311713335322
0.0180448421838324
0.16148594446837752
0.10285876506522382
0.06393268602844096
-0.16044638416943138
0.029854209607486998
-0.17594228231149217
-0.19743295997398866
0.04613981968597929
0.026046682925435573
-0.10625147940356147
0.024068597870763823
-0.3058796908036259
-0.08154162007248941
-0.1406540710163169
-0.18337227560241343
0.051508827362400436
-0.09741876122095144
-0.001072286682368169
0.11554502574270398
-0.37609459687320945
-0.15006134161489762
0.10175675555291866
-0.031617589323723654
0.2906116956084169
0.3322918944870708
-0.35781074441893457
-0.16180269726007548
0.09001307770271416
-0.13101574030811636
-2.3807165370397807E-05
-0.06154736424578447
-0.17368873153835293
0.12941897256252197
-0.20267778339680495
0.06630860858890734
0.13998843404500186
-0.22714293656760579
0.19888356812444238
0.24851247253410638
-0.12764986182280655
0.0592226365208587
0.04067271866237449
-0.18351894205814057
-0.17554582954067338
0.026719224380085258
0.18288546123588434
-0.198129410550059
0.25146150497547826
0.3076839658829795
-0.1002713251464397
-0.035353450648745295
0.21051729450920856
-0.029915747069783713
-0.022027780705202074
0.09895006419041245
0.04630703157974852
0.18845806550788546
-0.26229369591716545
0.30628274707119485
-0.2866968352605509
0.0722551940167916
0.07242999400058404
-0.29959439639446395
-0.1550206931755974
-0.33142762132254333
0.041474961625270416
-0.37075138142598285
0.06689878709076061
0.029222325951201146
-0.1597327435526809
0.005364341908334011
-0.11483798521668262
-0.3112102551710203
0.1037808764083326
0.2701357908552658
-0.15996951965217626
0.13398785015380296
-0.07630255328430773
0.09080510604469275
0.08483450556858844
-0.08171977367609139
-0.1142731850113366
-0.010568453038643146
0.025594463107252923
0.1670621467865067
-0.12882316567323654
0.07825118191593534
0.05013471256456247
-0.2772893935103094
-0.09878512677496705
-0.4899015567288707
-0.0905531656567789
-0.3379782287356343
0.05229739639951429
0.00960470176192215
0.11319175276535152
-0.22861812786557928
-0.07787241670963743
-0.024603559071865334
0.004981171910088697
-0.04865043823708036
-0.11020708687638722
0.07380883401188212
0.12778270546374693
0.06432984451309084
0.04960148914692111
-0.1464377439406134
-0.25443762258835456
0.18885933188299642
-0.13575945156276434
0.09547696366856523
0.2109301693479846
-0.226079381047764
0.0660398413373888
-0.28395760698361944
-0.2577808946481037
-0.04429921418586486
-0.1430641386484079
-0.2041817000810195
-0.18134756282862238
-0.0361117461562263
-0.203960126675634
-0.03630466350186471
-0.044198972889668314
-0.581572145233521
0.12291803212892932
0.1629366230038457
0.028027063894435298
-0.2795535923139977
0.2318186338056128
-0.003985234526534317
-0.24512969282621536
-0.09704699294294963
-0.07940286813690858
-0.01924801405282084
-0.10234999957950448
0.07849680215392726
0.20727458528777454
-0.22722017905280378
0.08155316856256135
0.06461563670974035
-0.25833678935274984
0.28311417683865636
-0.2391858246976523
-0.31291559872002134
0.10475019219379784
0.07885265888234458
0.11914779995222312
0.08912046400755588
-0.07157729235553663
-0.12116787728995632
-0.1395375049992041
0.0611905120312577
-0.05920399565814195
-0.1740461144563813
0.28026640801133723
0.0760797360775533
-0.261496967851314
0.10179038841406624
-0.43335444224141373
-0.11552662072458496
-0.0036824018219885502
-0.05818360995091955
-0.2476062348556756
-0.2613195157764308
-0.1614771709194733
0.04045540808530109
0.11919424176263618
0.07858040856894324
-0.033759647786759196
-0.2539236314896038
-0.07448792135209982
-0.3547988852775349
-0.0964938475076059
0.13055861185261455
-0.14935902080720875
0.26293509805393644
-0.13674205030680045
-0.018018106472812063
0.09647519923287695
-0.04242232962215631
-0.5612787740840112
0.008013661210018317
-0.20866228655117638
0.22425488730916632
0.18183466512335708
-0.00828724242538588
-0.06134970082776754
-0.017946862853260397
0.02973910474932365
-0.30872093458683114
-0.28286649372863565
0.2399406412914098
0.09565162230046355
0.10045708579502527
-0.04677720087019822
-0.017225554597156065
-0.5116013934347446
-0.1246396684720519
0.12890452014335688
0.05484309283135857
-0.06706327542044824
-0.3426524039647926
0.018035206447393697
0.14469219695589922
-0.2639861674583913
-0.002256866486826276
-0.08863262332287573
0.407068835166596
0.07957491448297936
0.3066408708602091
0.01404953476882682
-0.24869524737275206
0.2445292860396464
-0.15468459358094086
0.008818965512064932
-0.31904037784015615
0.17035501311881016
-0.07664595494515608
-0.04389972672864429
0.01887073798041325
0.12054484158405247
0.07332125871293457
-0.36771630211250833
-0.2360913911965207
-0.013447239998300931
-0.001522444932761758
-0.20308927901054688
-0.03940350800245272
-0.2657259480531156
0.07308370651485172
0.22889166383327658
-0.22050236846794502
0.14597684314941733
-0.0411375245105262
0.14484943378646636
0.04001976951703576
-0.09736479484292791
-0.24798665282818758
-0.2402099749676026
-0.22474942387534871
-0.0022498112452230268
-0.11682051703481382
0.046585725820655566
0.29440726247699367
-0.0021888673521474147
0.01788631631445757
0.15740012154309133
-0.05945515379382858
-0.006126967577476214
-0.05708143396771879
-0.036644529423565865
0.08401570376621413
-0.06831589963613165
-0.29906978703122405
-0.06208321778938381
0.286206290643972
-0.23213421179695898
-0.06272607725988479
-0.19023183305021762
-0.07688404251314188
-0.0068235041209277125
-0.21876705729909318
-0.10755347352363437
0.009346659779234774
-0.22288177670036644
0.030646111477870323
0.2010892847148004
-0.15499026103751834
-0.24458587156282957
-0.014063548574322259
0.13863781272516917
0.07083840943080186
-0.0535597180557714
0.2748442847264578
-0.06379700484243403
-0.2783391553070829
0.06609827255739817
0.014366979642939566
-0.1369118194538237
-0.30538873445065157
0.2834039955353007
0.19940786897135165
-0.30301428467799485
0.1990407113030785
0.3841584489236769
-0.14095433809501806
-0.18866939938341135
-0.278126221929659
-0.11074165689200148
-0.2615986264156272
-0.08358263257854777
0.13357245899314343
-0.2105815431999948
0.15860895063573235
-0.26568651885248834
-0.0003336039715997607
-0.2507974422140391
0.29340937001649026
0.03658941731199831
0.06300910257381975
-0.018759298506272473
0.1347886467704355
-0.24701508691850582
-0.21616294674678674
0.0015079499858042529
-0.05497292696104552
-0.1288908847177962
-0.04995066963083675
-0.016980135141875116
-0.00014471535644637045
0.17093082238910326
-0.26057758448700996
-0.0856141050051986
0.04703051046011897
0.12459485235424782
0.20175584465866422
0.2779301906695728
-0.07074375053948408
0.07740957555429465
-0.16008452480562352
-0.01344368495386765
-0.3986883217175953
0.012524163141532292
0.2636969002498974
0.012613651892230585
-0.4147067516566599
0.0988730254919136
0.064313899251904
0.07428987656075914
0.10088189126074812
-0.005002566068662469
0.25958074009103166
0.17132627077851448
0.08359330795583474
0.1631781300072248
-0.30968489689161754
-0.20092582589990154
-0.02874923478243971
0.14755919613247867
-0.22606830703817354
0.269618559210678
-0.12931953624944326
-0.0486504210175717
-0.13635898048840533
-0.042557999016267986
-0.20311135239768485
-0.06035991530869536
-0.057765727043906645
-0.16141665572081806
-0.282048459526442
0.09786735870052818
0.13734605807967823
0.2153495980005671
0.09081222736281301
-0.18107431072172664
0.18713866833918363
-0.16007191546542715
-0.13664053943836074
-0.025962411843214628
-0.4533037843653435
-0.04560838812167945
-0.03721044172192803
-0.4001117905313103
0.1782896767210987
-0.10000676575811993
-0.00813627613152492
0.2271183051469631
-0.021072878068787732
-0.13105173629942232
0.09606942305445297
-0.03560315375123796
0.04174752738341025
-0.2137326661646841
0.27759889330561066
-0.16144717183573373
0.01359428896814202
0.16276058081871309
0.03697297168925102
0.11691333653870474
-0.0200152300696721
-0.16832516068573178
0.13516418600054503
-0.06632756509469862
0.21552373337672237
-0.07186878015461592
-0.10385687443277254
-0.1586221847904079
-0.1936875411273496
-0.2078001282837229
-0.09702367940023772
-0.0089737685285221
-0.007458620102334866
-0.1433547612499556
-0.08624303890896562
0.06651493705703862
-0.016718463589992356
0.009912379985330797
0.12756640609360118
0.4381856649118553
0.1952319180867067
-0.06068820342513936
0.14317993292062167
-0.0029793093955368484
-0.10035573068013699
-0.012823298127631753
-0.28921852825001737
-0.0630354822684798
0.1031659554526757
-0.0831888222212066
-0.14702756082346172
-0.3093095535957166
0.08398021106645959
0.04235775613669063
-0.06714079761625959
0.12447760689024008
0.030900390538419305
-0.27048144777585575
-0.16500257011708241
0.08232481600704442
-0.09517212868697134
-0.14041704978457353
-0.28394889383036115
-0.10081866789741166
0.05853776497620656
0.007175270638349548
0.1525386151388682
0.10138979041441161
-0.03552357136239153
0.23599874051289432
0.10141931239600817
0.06100861864584202
0.16486342944919752
-0.05722561123542999
0.22842281099949927
0.06457395984739794
-0.18296963142454517
0.13735002974273047
0.48601369681377404
-0.13907732864484215
0.324034427535929
-0.10774040142189578
-0.05919776378998449
-0.062256386073331345
-0.14374171963751983
-0.11162608377072278
0.015307138790001265
0.08303632374167824
0.12599721208050843
-0.04961089323782463
0.04182541094072874
-0.018064986351022872
-0.24012644477508793
0.011593429291104901
0.2715306542496273
-0.006848142671027841
0.10716997489953693
-0.08620185449137059
-0.13429147303550598
-0.0025171291920507615
0.030503134170450506
0.08032017816024564
0.09389635385934796
0.16187455280383833
-0.03539924146385444
-0.13562972415896607
0.13510022757278348
0.11546051277915567
-0.03267358017036494
0.11703523744754574
0.13254184141466058
-0.09014924323915748
-0.024249006724022484
0.023606545247169763
0.016599773349269365
0.09566973195566367
-0.26803336186473437
0.094996321389047
-0.09849964831511834
-0.1585502224796336
-0.06860484522196353
0.041069264781035175
0.05311834863384579
-0.16007035844566495
-0.08549289084907112
0.09534629770508608
-0.09912421985532442
0.13793415717159632
-0.054201373745470544
0.1038149044876771
0.0953724507732735
-0.23771184531511388
-0.26571384513520546
0.2694031965060925
-0.045786537930965564
0.08583328531037539
0.07701111317409694
-0.04386049532931363
0.13207169549719933
0.2515034513783958
0.036096004451989364
0.15098248113802568
-0.07572994373619142
-0.2709092504452723
-0.3282225505685082
-0.14189504785498877
0.1293091072804137
-0.30351223199527805
0.00897493413174821
0.12765402205299475
0.02851219396867489
0.04500390836271061
-0.027612761850186743
-0.03394574231076446
0.3094366178840331
0.025510011242627122
0.15511035450603045
0.03709240670485203
-0.4763363221155693
-0.17158866000815592
-0.2292870301253115
-0.10076303089424768
-0.09648175222256458
-0.203343415439019
0.1926406409660293
-0.2084608673167583
-0.07955417378918146
-0.11714970438842567
0.0268739130242068
-0.011197835291918961
-0.05311646532707593
0.32351488286867575
0.07663508082412952
0.22410942470456255
-0.13722175767728736
0.06876736311955271
0.024571498615461398
-0.03100173585022223
-0.3233589354521207
0.4699173880988459
-0.1519801975662555
-0.1123617278789093
-0.1508506619242495
0.03177800401378802
0.06415166449079852
-0.1198903043531487
0.035966663237922754
0.11508935457020475
-0.10094168430469497
-0.0558368344741542
0.1252605004780264
-0.1724771188757195
0.1572992509170457
0.05109343088840254
-0.311465950282343
0.08609861463388685
-0.10249371289080253
-0.38826372118287084
-0.17537661987578193
-0.11007976376740496
-0.5302930277223754
0.12429660540826114
0.02062351420076751
-0.001974063007177479
0.05305164767776899
0.008196450003446747
-0.001786279473942132
-0.07578832208684257
0.042143208206216747
0.01963671694494809
0.17632926193662368
-0.08805408259121351
-0.17499870425700897
0.0900709220770701
-0.06019651657877533
-0.05651605125639695
-0.27348698147536993
0.017501459305012002
0.19660455805067242
-0.27476144642528416
0.014489575983127344
-0.18894590182006096
0.11259952814562646
0.2218560699640697
-0.08300018392543283
-0.2277902012055789
0.07042263498306701
-0.4330726092023494
-0.21519234726908854
0.1013901075914914
0.10544464209356315
-0.1926563258723242
0.05860444614541134
0.054911601187281514
-0.10770429919460288
-0.0852393194431653
-0.12678192427109788
0.22314495172595697
-0.17453621088559998
-0.2106124616758331
0.10608545034081876
-0.4842066489070436
0.01631694825522788
-0.2917443785151575
0.12047347452292219
0.15511511279433116
0.2701054428727032
-0.18378737348861113
-0.024067300183630146
-0.08219011132851076
-0.42469320898983254
-0.20876908174351008
0.22363387084199204
0.25317624576796716
-0.10538393294112713
-0.12713214404388795
-0.4643109380621382
0.06201902743114888
-0.07810261419770997
0.0439793085257331
0.29313753162639383
0.04970979394418097
-0.11910312443570975
0.09906953884171428
0.05051052700740543
-0.023260106025458176
-0.06188575221004557
0.2398784878989333
-0.2706620773442637
-0.09104518746344309
-0.25478811235001825
0.03685299631483672
0.4237651833388801
0.3757822088618016
0.2677615548164257
-0.19063586209111613
0.6296384705173201
-0.03493532919831829
0.8169293049497941
-0.08888179233777722
0.0003042152103512778
-0.08097984844495144
0.031485468055217104
0.18391716394522584
0.16989065925392544
0.12906785422593628
-0.1750004498127323
0.18520226702268602
0.06645984670346823
0.038495124664663954
-0.002516012391814263
-0.03862587092039714
0.0034426099829549697
0.20917777182649377
0.007053730187957361
0.014141199538414063
-0.23600345410971557
-0.048790926390406976
-0.1778315046781855
-0.055574598751420685
-0.01597872715351703
-0.07198171407819882
0.209829785168664
0.19482974259114758
-0.21059580558723223
0.14809995909332757
0.05840159660557569
0.09477387175597748
-0.010814543679033409
0.27611393508608456
0.04873912318812788
0.029925497871456923
-0.1082681348003419
0.26510742031145795
-0.13450682349964932
-0.15232676025788133
-0.006462074134512847
0.13550372960087098
0.10119957506815602
0.06822555995886354
0.48392378129815566
0.03398736579336338
-0.016776218081876425
0.25366317223352497
0.25418715094852523
0.08454680528789964
0.2631731653253524
0.15876142752331104
-0.12644332522256163
-0.04317072923976073
0.010642619792588778
-0.07467788147751435
0.19565162447703222
0.2721191329186079
-0.06439424592390924
-0.022394188422648006
0.32143436138492243
0.026884861667595766
0.17895912116150797
-0.1071898690218582
0.05553940950952659
0.05747726551703285
0.1908458194734298
-0.1689567259150636
0.09113023897393953
0.03937560889855102
0.20255883464687555
0.14621605675780114
-0.06313578270959846
0.0921720152401707
-0.14034029586844132
-0.22148144443258033
-0.04434341713927711
-0.06669270631786615
-0.0424924276449929
0.11101360255571562
0.33926637317825303
0.012206393676985396
0.33304732843697243
0.005523686108496174
-0.0670342735875839
-0.11062645852579259
0.15453667958264966
-0.2548558641602662
0.11941122640379895
-0.17924358808188798
0.030390987320999322
0.29757850859120166
-0.1182019505987852
-0.011395149053776707
-0.013301420279232255
-0.1893472817343878
0.14910521692627363
0.10181319220483903
-0.021708296935072036
-0.007378579083071303
0.21633888733927137
-0.199326817638586
-0.061000500786794726
-0.13120045026917027
-0.1635311058358943
0.0514433952038485
-0.13148718687119823
0.19636518661801683
0.054763132822365876
0.01882634861837352
0.039664476797727444
0.3422590427699963
0.17223403893294761
0.01728344383534819
-0.06554062571796555
-0.13391030867565856
-0.21746060169756626
0.22945496406216373
0.08561994067615283
-0.22772006670442127
0.1506637644620361
-0.14632643043234528
-0.2926392511341488
0.12706040652979803
-0.18331083012067037
0.005797864041800932
0.3324754497582146
-0.07445025302246007
0.06554721861745859
-0.04577452294812042
0.12487327719673597
-0.04400922947582295
0.09640586421524837
-0.2998971942963062
0.20775943130086894
0.20042941861209862
0.11464267180973672
-0.23133673385531847
0.09573465479440108
-0.19770329769623926
0.09245552838949017
-0.062250035854638265
-0.13131905071419742
-0.2038776869461116
-0.30502584812784406
0.0019761936874761986
0.392450423499839
-0.3083512677723954
0.18523348299097628
0.09157186281620783
0.025660180269153468
-0.04604443379631909
0.15953406901553874
0.11329853874274903
0.12936269428443117
0.07950690024047523
0.4059077665264061
-0.20633925857591057
-0.019614366385685065
0.3733460239633179
-0.08585223240536535
-0.2960479598337595
0.05533571184601387
-0.019886790654413233
0.2218802648629354
-0.2821941196314768
-0.039853590086429
0.08106243820889844
0.09554660658567382
0.24774723065650425
-0.005295352777500332
-0.145085441788944
0.050935793123714074
-0.04496557040938956
-0.16816646560443127
0.2427515750786079
0.24644457205621687
-0.1419033699482184
-0.22549136337347014
-0.22264740069030275
0.14913686523901412
0.16774539343724587
-0.11000847525364003
0.13656762342985118
0.15198457728584552
-0.06895526534882498
0.16810517900649657
0.0660567926555067
-0.13047288822482067
-0.22974016050064172
-0.0896485372044613
0.02863900711298728
-0.0930932147728264
0.24422078006653353
-0.14848871303832092
-0.1944397442443031
-0.012619135467711205
0.20549341067576252
0.006744977301970695
0.10909489423604832
0.0167449573321306
-0.41249742312661375
0.1641625845220251
0.07181861358162589
0.01959919738325356
0.07061322994984785
0.13181497657159263
-0.1442609995080642
0.018486236733315963
-0.08981564150723136
-0.06558054797372442
-0.12486250141958465
-0.2331461679873667
0.1884378033799842
-0.3929195467333535
-0.21362722389682587
-0.041517759546430756
-0.12776505058111906
0.08396000801491937
-0.07793140860999899
-0.13925345207287024
-0.015989878172164795
-0.23588782831742647
-0.18285371645243115
-0.03613988760906237
-0.01647627243459587
-0.1354629724990168
0.1508774959946878
0.07118392426320384
0.09706781879773846
0.08536781374706015
0.04419159729345904
-0.06895803038257155
-0.06636143551455899
0.13278930595121388
0.04523811102695654
-0.11270234708874605
-0.5918087704942308
-0.08619173659126746
0.11032540715644881
-0.008415099529220548
-0.27487854854087534
-0.12469181467898056
-0.12818289455999046
-0.10821821339471366
-0.26273286438219273
-0.3562142015335207
-0.27818986836004767
-0.28642233501869385
-0.018600581653925287
0.11512618630930281
-0.007730898723331596
-0.12648833880988714
-0.17420167089876157
0.01441670929817336
0.4504246719692245
0.003196931020882792
-0.28798295268932383
0.4616040196253781
0.41093102948289006
-0.12963274698845997
-0.02103494306780911
-0.5486126759005329
-0.1196566425324078
-0.38809545558236597
0.10254496791468318
0.021189338564299977
-0.2083793762006427
-0.28088125980776796
-0.18078448676443445
-0.11518283683198148
-0.16611913987512167
-0.07845961331119489
0.10891921696765011
-0.2930139472535862
0.0787290703233312
0.02505119417967922
-0.007221886243025024
-0.3094255583623707
0.14543501016380714
-0.27296496523102076
0.4738635926277875
-0.2563042587095653
-0.21552336289904692
-0.0003816493175190423
-0.11041806112474076
0.10939691161717584
-0.1181650733727299
-0.15542361646150027
0.047131438374709525
-0.13768757967524917
0.304025610089747
-0.0816959594731048
0.06291972454854847
-0.21098392777389982
0.17759736297914672
-0.03423767047427542
0.12272081770689851
0.15535845712509064
0.21033763610282147
-0.17620766666443144
-0.164069774750919
0.0855896365496488
-0.05491573504664446
-0.22008482403544932
0.02091307387219152
-0.12443918117175619
0.354842181665533
0.12348192709007377
0.1129462565985054
-0.1939548377767412
-0.04086238584531018
-0.025964865042853023
0.15397940497197726
0.022806623695400822
0.05587163508659397
0.0800141162854454
-0.0745865246588984
-0.21280985888129403
0.019328532144770264
0.14040322481137815
-0.01770796118018344
-0.024534218492801164
0.10465163346741262
0.1768556586022507
0.07329284304764218
-0.2008140717468074
0.015148054768387959
-0.09414908230077466
0.20847702863313108
0.2381135726497743
-0.11065616021285983
-0.16281774522776601
-0.11987370927104457
0.015924584517698213
-0.019670175934492305
-0.24560611625074733
0.09463663211022857
0.2511409920104983
0.15717709002971395
-0.08622811460821884
-0.09010971358365062
-0.28815830514590673
-0.0019921629455672864
0.08496890361193923
0.12284186050661931
-0.24486488183744448
0.2617559936531786
-0.4047647476414797
-0.4215282796217632
-0.03549433267929566
-0.40110454332683715
-0.30260575146832835
-0.051962299550153315
0.20805298247016946
-0.012663768173033519
-0.1291157638723569
0.23858795438805697
-0.02432883994512786
-0.055759057644943266
0.17394884472285996
0.025053537018336326
-0.12736610219246708
0.15995245647340814
-0.27141581024316436
-0.1483930545909662
0.0340753983258076
-0.049644755821549036
-0.001567592772499868
0.17980128510008384
0.0685265204977596
-0.08327180587751178
-0.16034646794997748
-0.07358942918119957
0.3612135998682943
0.03468403639932169
0.10060558195763439
0.09574617605921026
-0.21899039772148526
0.4672931269022495
-0.24351099997794698
0.11084931379057114
0.20571720948683347
-0.23698424139500537
-0.23699427031880047
-0.1668588559535636
-0.3818574675233119
0.061721653150554626
0.00980306949628716
0.11849047194456785
0.03513783587238308
-0.19783316847044535
0.12700936091115
0.21776023423590693
0.029482124431715176
-0.17130551437157485
-0.14080913733070885
-0.3304950456485521
-0.19176829753419203
-0.02562825210086544
-0.06463919160467384
-0.06978990410256154
-0.28092931589998443
0.08233841313659807
-0.12284428697219481
-0.02809489437948989
-0.06602183040753523
-0.022058682940942185
0.37130173939106464
0.336400183330169
-0.09880974560523391
-0.22190355857292365
-0.15078839681410197
-0.13672407094094038
-0.39798492451239453
-0.1332127685218678
-0.14393870013300902
0.1527999533532556
0.0936960611188555
-0.2404463187225673
-0.019870643582927793
0.11542849009173466
-0.34924005888950643
-0.07240706248233265
0.14095681320189168
0.24190328533839744
-0.2198854601718335
-0.005424237902087712
-0.03545510447747355
-0.13388933331575353
-0.09230059276444623
-0.27165581027321056
-0.07127688410936873
0.11486004725113808
-0.2329301494639052
-0.24727802372331883
-0.026989616330493675
0.274667142801415
-0.21554126791598613
0.36287960483788334
-0.056654453659830975
-0.0913590629941358
-0.05353523757692421
0.24140315175023086
-0.04383924060435864
-0.480623625809815
0.11375748291779775
0.13378869434511242
-0.03724081346470427
0.09062621326518869
-0.09971207289887819
0.2562708091043586
-0.2385170791529864
0.16723796186889944
-0.06445813661879451
-0.12301944970862197
-0.16019153750365608
0.1610367941098057
0.10950706869943914
-0.060682895578245244
0.042309260146481
-0.15696342793195878
0.21143544436929626
-0.11141372660517301
-0.06976129964729212
0.06083041412570794
0.05873365588961897
-0.27112905621290745
0.23258173255701217
0.04135075992059557
0.02990897789167298
-0.16821353791530524
-0.11727422680230751
-0.07054518928222617
0.035160604223899654
0.03970148909487592
-0.10393706008243686
-0.08977143317293074
0.2463929923955249
-0.08910604845262389
-0.2758337668216835
-0.013550097225145854
-0.016328371777319814
0.13131247047708827
0.11471544819551507
-0.0033788073073715468
-0.2161372533247952
0.1096649299370898
-0.00532761532954119
-0.10220980694304818
0.2622480679439957
0.12759432178980123
0.22893511943426317
-0.29523730782843166
0.12498931691026782
0.010096156480416847
0.033341805344321074
0.3626143577645562
0.1282810713727143
-0.1500873411603236
0.041119576327756084
-0.0145407018751874
0.006288278982390914
-0.37689551435403856
0.12700565791802232
-0.0400613575549187
-0.3366962467587767
0.3510726748483573
0.3155431661803656
0.01642488047179411
-0.25709498314174134
-0.39194460727938646
-0.16980928182827076
-0.3023512348726427
0.04032376438471478
-0.011105249453151562
-0.2671523845985414
-0.0717589962718995
0.019618786914097033
0.07785474070699257
0.2145283458702561
0.08509667496545376
-0.09646548679006435
0.08766948925085996
0.2722746428063914
0.10349244309402883
-0.14198087300848006
0.009764423095936038
0.19959878262812836
-0.19957109727354252
-0.1363682292953885
-0.11625077923233051
-0.16887687844755828
-0.015432421085969079
0.16677284978822954
0.05251047195217005
-0.2559973715662494
0.0013656675961615807
0.09709317397138918
0.19820903610985058
0.2202366393584845
-0.28039752254966244
-0.2962878680665982
-0.28554800617625786
-0.28329896654118536
-0.14462722820851912
0.3790228258126317
-0.26790445689263503
-0.15366915316194651
-0.08912573040832404
0.09010821551785436
-0.04811590147798299
0.40767706372203477
-0.2341311143383708
0.16169056946993807
0.012121256392103505
0.34985374743542075
-0.26983016097583845
-0.05105253062061624
0.23687238965817023
-0.22824279329383856
-0.025267254404542847
-0.026875984272291487
-0.017600661128025285
-0.057155185598782486
-0.014562762477205485
0.05520366350985281
-0.23138298505960006
0.007381782191519566
-0.10275286031507819
0.07112830250971901
0.1978002146126998
0.1787704299399757
-0.042439473376028304
-0.2385061437573114
-0.039421742770692526
-0.2408844887772756
0.19513978693364945
0.1628624514066313
-0.04476139548974724
0.09800580034965631
-0.06780815869302591
-0.16205523655659285
0.21685014936474767
0.04205854568986039
-0.013882946916676044
0.2798005295240748
0.13406740077363744
0.11153529264506712
-0.04753669793060503
0.12538373939209915
0.019780468127890145
-0.007861705576259547
0.011883534024913399
0.06144395977879201
0.1319671946308057
0.28774146878615836
-0.02837702940569155
0.08144443814483554
0.13856132226187654
-0.12932767646456186
-0.13014736744215802
-0.1275514019706627
0.20493050498784943
0.06549335979424158
-0.21126700342766047
-0.03422336875164406
-0.03924487618785503
0.138703821583934
0.12972388397965115
0.20334228618021324
-0.178352589507088
0.20494211271558135
-0.06116710525404278
-0.03769977080690209
-0.11910947903201408
0.09621213534061919
0.033678195622285564
0.22680798208796676
0.07842809099037433
0.22424009762429392
-0.031115645465132215
0.053870062600315904
0.39341750496679073
0.0806163931075121
-0.09734467177196686
0.10997112576714134
-0.09742250233366835
-0.054483658535700474
-0.1433390551989603
-0.10010244819373748
-0.12483744652050781
-0.215813018053998
-0.17805113530947686
-0.13714161731233812
-0.002568233860392134
-0.01761875486131493
-0.16076250986208124
0.13120624527572514
-0.0971681227184088
0.1671410686199209
-0.2109700243872861
-0.8590570107824922
0.53477861337661
-0.05462068296405572
-0.38628153325534575
-0.029334716716938516
0.09994504501923986
0.22162245684059065
0.011840723813836664
-0.08564045842175605
-0.194960313063873
0.014418168788370886
0.06238508048581736
0.1316284770707001
0.22585240565949982
0.01291954407681268
-0.3428786757179703
-0.10635939518781348
-0.2917636607536162
-0.12301241328310872
-0.2635215845317788
-0.08978153971022905
0.03741130907400808
-0.27013614297991445
0.06460781298474527
0.18731458921955532
0.11749934975950461
-0.12143614320463779
-0.14382985505542734
-0.09081773991082
0.13148617254979394
-0.07288386800178684
-0.07214896053078006
-0.008746903640737198
0.2520087887999222
-0.23144964835042423
0.08363929242126335
-0.012633587619786163
0.08342687076684208
-0.1010416252003047
0.07835851513863007
-0.21752774641845485
0.04916550752065216
0.1500487450139597
0.07721669598643562
0.37833739576430814
0.07821534207106459
0.05301719519347766
0.10011746652690805
0.1104117169723759
-0.24384925242289204
-0.011177006356088886
0.4438066152169923
0.21118233681842322
0.3256117629082283
0.20893490569760284
0.03172212150790707
0.12375773376138154
0.2905926116320512
0.18457548562971157
0.04336614512102591
-0.05693087921705627
0.002675804072543548
0.12377175209936708
0.09336860503904916
-0.11484438535517855
0.13226866254874942
-0.22015005860140105
0.004163969687305675
0.14893009286558767
-0.3528805106897702
0.019771153872556242
-0.0011822071807608913
-0.18718720924800597
0.155035294451262
0.05489889624979905
0.047010570650738326
0.01665374630740113
0.11654797412026197
-0.023072210479299613
0.5771093010346879
0.23510625240493216
0.03863691139961668
0.0705853447382332
-0.18980124416879024
-0.09499324317395824
-0.14131009396897298
-0.27044930494189845
0.16708333282231264
-0.2349039842123137
-0.035050162201395556
0.024060117749334437
0.09235796652523583
0.10354346451757618
0.07871356114218749
0.0472982005487605
0.29441538172941073
0.430504739972676
-0.10887763466596115
-0.07083548594283628
0.30536743255405335
-0.12733388511087862
0.11640233906649632
0.025927044323651373
-0.333730491135378
-0.020420448071417466
0.05650445575770349
0.004098056316257758
-0.0036126098785348175
0.0945138377021302
-0.05044167854679442
-0.02724585774726824
0.11284902034951019
0.18625458321286756
0.011015538346787241
0.14699482009119205
0.04219243609829382
-0.026249135574184755
0.16856587921234734
0.007186869772503088
0.028433998397289526
0.08146353039086426
-0.29076517990948364
-0.024122724299647055
0.24614779570234077
-0.04093762669825015
0.08249622077858135
-0.10406862659588713
0.04455855093129292
0.018560791795895405
0.1857273681470219
0.05294148174957881
0.20883554482683137
-0.09275816956879762
0.2296361942292827
0.21656532619194688
-0.007026091856324936
-0.1874942281761962
-0.018934996820866724
-0.039994314037140447
0.004644971055451287
-0.314815993245315
0.15652083677217238
0.023122232918340552
-0.03309443869928268
0.025814235054501304
-0.04403904316829241
-0.2918145377626466
0.20828501923336576
0.1061179168865489
0.10836531457826909
0.04754287347419279
-0.05971971623416048
0.1030539040045345
-0.04891827098357199
-0.18367087437919907
0.09242680616112409
0.08263117592292782
0.09747009767758161
0.09137095951930872
-0.15319454243156685
0.08682031417553071
0.0764026933072266
0.1563200773581881
-0.07924040339001852
0.0005423015470299641
0.17564514350497135
0.26457181636247523
-0.28973333707786125
0.09805375641853932
0.1204497552725576
-0.0726087404655945
0.4061165521136091
-0.042187405733196806
0.07945892489620378
-0.17635171400075816
-0.04584533474674776
-0.06137565509581103
-0.3244784472863864
-0.06805290733196073
0.0947574521002817
0.10975701320679448
0.08827772613784628
0.12658842295418404
-0.3525077742643
0.22550837208475816
-0.12012061005904381
-0.14520738397896485
-0.05100077939616557
-0.2963938169466712
-0.19263375931959317
0.055945164097520754
-0.07879633417195614
-0.10749876403770105
0.028294906650626037
-0.12997659447891052
-0.40854219402565695
0.2417773407158023
-0.18644453471690356
-0.14673562763772233
0.22655610802854814
-0.44430710667188383
-0.12402970985073056
-0.12663808318086944
-0.18451460271603898
-0.20198431838408526
-0.1453294288345337
0.10960594242529012
-0.08514288698959034
-0.20789104953551196
0.12991919331512886
-0.27421802358993547
0.2103500442326603
-0.08092194319241094
-0.09602581820061626
-0.9887840968052216
0.18974866039735672
-0.46956075229379546
-0.010877353309603923
0.15281563612797952
-0.3371702417120309
-0.11797265671212818
-0.28548511291864725
0.04297599319429315
-0.14785741530003293
0.02078526262877294
0.30715662254918047
-0.515626688797489
-0.35939977949272733
-0.13430075758481683
-0.013869237499673743
-0.7748254546021353
0.506710749310901
-0.6966433775257379
-0.15896640043330126
0.12039173051248994
-0.17329049502577054
-0.030996818789797244
-0.09094089832336509
0.010691740863929444
-0.17279178617977498
0.06157659691622235
0.03976256412244063
0.03541671193113447
-0.043108919973939085
0.07695568171212927
0.02940568478954836
-0.18571424320037463
0.279719480188945
-0.02685638046248188
0.2702035843131541
-0.001192926387241233
-0.04038115313206327
0.21410810062376204
-0.2373279905241448
-0.10770379412165451
0.03830651139221321
0.09939986135836414
0.08603262285467045
-0.11364862473748186
0.24149712887849156
-0.08037955834205965
0.08632677076390895
-0.003951815856052082
-0.3030532921184506
0.06220901822766326
0.2517915507387558
0.05606629105676875
-0.05592871006798097
-0.04813204059361565
0.10428599422313581
-0.0141817769895211
4.826980935923393E-05
-0.008165850805482102
0.06669129119729097
-0.011718878402841231
0.12942741262397917
-0.20659323975006433
0.211078676640583
-0.08752976222509486
0.038357568267384665
0.11907705642303244
0.06425962509964535
-0.04398551492527142
0.24123518180749598
0.23827014916705058
-0.09542447715224182
0.14976125127998124
-0.11151963952851131
-0.24783967894277664
0.15487974616191436
0.3343909062098988
-0.07896160168540901
-0.4441911937664429
0.3093659490768005
0.23143804995308706
0.04228097237281576
-0.0663556368775742
-0.004525752041187733
-0.05509179282293112
0.001968745506982698
-0.31614591685733917
-0.10514585007347325
-0.11668039065274996
0.13255607494280405
-0.03496006618290053
0.11431489901040495
0.5159442568036438
-0.13464759387372768
-0.33405064104640503
0.18906316231356446
0.1560708190559641
-0.18881132979566942
-0.020388061946775577
-0.09636299373754632
0.002772142703363723
0.36793442177667995
-0.22266391308895572
-0.08482749193471514
-0.2951355320571085
-0.1904664786840591
-0.4565226456059066
0.05701139792510727
-0.14459304712998672
-0.14955647838255018
-0.34444960540407465
0.3390578357845194
0.03422102235416337
0.003258150886022928
0.15390267025170115
-0.14965446340097807
-0.07585469701008248
0.06739411372547462
-0.2434957888078538
-0.13955011648460344
0.006078562825818365
-0.22223536388739756
-0.05252231781546055
0.02686549660578595
0.049292999794249226
0.05973099487916304
-0.1333755181735522
0.05124485519423445
0.1258009759397037
0.15644474133934985
0.11559920196403414
-0.17695566749712874
-0.04894017215540656
-0.087381841242647
-0.262249436315638
0.07596089701690575
-0.42012824666298854
-0.0101559896823343
-0.041960119128657054
-0.3140653141484271
-0.17756897725628398
-0.01774917891193681
0.09414700836501512
0.19041859417412477
0.13735366222898998
-0.008467854163770674
0.1255495776927629
-0.010014344236664842
-0.12299849944235176
0.013938183689692145
0.3426259917901724
-0.19997291105681433
0.2105951746627108
0.10987732426679914
-0.19327727947623008
0.17943597579509143
-0.07649285799009749
-0.21950834026372051
0.22124028351389685
-0.10654265960004124
0.026543390216241195
-0.09800173455768621
-0.0886472011828083
-0.016554844454629975
-0.024501098570788363
0.14966933523350062
0.363531688441213
-0.04302275974253625
0.07542511718933345
0.2901218516206038
-0.11944133122537767
0.007879414718440015
-0.10013470640447816
0.07646442738434643
0.05374783267893709
-0.12577255055716438
-0.07408286502151265
0.13577578110960709
-0.12244291393352981
-0.2535177970284801
0.0011832333509595424
0.20508481404548612
-0.4718816777216624
0.24539023771395335
-0.39078442799387797
-0.0012351500082172916
0.06370647147640615
-0.16923381212541902
0.19707553812316989
0.14890024776626348
-0.15982843619470757
0.003889629302855009
-0.2930875583200162
0.07932733727511057
0.16026822164636031
0.10053197152321529
0.05524976543700855
0.031629463356869114
-0.4847884179178423
0.39923521554310015
-0.6818153303709511
-0.15779474254536732
-0.00969532328219233
-0.018216723400883053
-0.08727320106049243
0.058833982267852115
0.12435414647934656
-0.020775720831203246
-0.14198977156664186
-0.1980289516913902
-0.1282930193182834
-0.20764803943007906
-0.018957353614116986
-0.1335654966427804
-0.06132462234534629
-0.14200037804996818
-0.1387900241693867
-0.1763532424254653
-0.2045994263758873
0.11089768722820487
0.0538814528808009
-0.08633800388128623
-0.0640621130732663
0.4527000590151513
0.025968810332219462
-0.10650907460622222
0.21539885007874135
-0.02362856402412875
0.04067890528548358
0.4153754875160083
0.005758116995887214
0.032146460952053764
0.06778717829397564
-0.5920907385112069
0.02919888571330619
-0.9351542724964447
-0.13131122502537038
-0.0537001594905221
-0.0006737700286115985
-0.21858453150089094
0.30578532319254825
0.048241425732069285
-0.05977122579985695
-0.012221714888611998
-0.10499534538992394
0.20872022906334217
-0.02259800726908211
0.1425272249112307
-0.08381623072442843
0.032645514742103664
-0.3636848337305162
-0.021844483671904696
-0.24439869408359194
0.062498337594983064
-0.2979117739756273
-0.0651157462732567
-0.04536701145118003
0.11719583616054642
0.05947942372579743
0.006859465517525087
0.05632569739198863
0.12862549719926658
0.200401816542853
-0.05993485792801638
-0.05810328025475793
0.4389869945457655
-0.18190940145758921
0.3243877446061372
0.13399508020768
0.02079236912061032
0.24860206117982278
0.03603626719788902
0.056147595802417585
-0.08813597740551628
0.18626490492773848
-0.05610034560804491
0.17239836478646134
0.08929543133100053
-0.2830834038103993
-0.06564399169881545
-0.20929841043005723
0.09283966544799015
0.06971260304497953
-0.0395878354064961
-0.05817682141100834
-0.4109573052286351
-0.02166028999812418
-0.01839610702713033
-0.25493759084278667
-0.052734800661085546
-0.09254766926107867
0.11002970194595357
0.24194034627944663
0.2709503115452482
-0.13831646831994504
0.09493539429578511
0.10489444933794194
-0.007940161316032961
-0.18597189518620894
0.10062867909271815
-0.18090518737622352
0.05825556828942815
-0.04457125449004756
-0.05905610815593751
-0.08381495966679357
-0.15532265516585533
-0.0635326787622816
-0.10466372971050109
-0.25530200882681703
-0.12073660787885519
-0.06200252528065516
-0.12836719848662903
0.0077724775298574685
-0.10230086251035066
-0.13642402397113015
-0.20257025014590702
0.24169297330265413
-0.29247448825264905
0.038905286207273196
0.2297844374814611
0.24991752314265683
-0.07065242028655262
0.3063606000370981
-0.0169977950771854
0.374801490138923
-0.4416854375684282
0.02660008315923072
0.3967191195882671
-0.6092454947260936
-0.11499263555338919
-0.10945392008256134
-0.04935542750523506
-1.1591931860348703
0.18110048482803828
-0.6913666787902732
0.36483036362671956
0.0942368276167479
-0.03324792445255935
-0.07779627542246148
-0.07251596629334082
0.19774576415383407
0.18951767627800062
-0.015288596949531372
-0.029620390792509794
-0.2926417594333498
-0.24123826028105902
-0.05810653380180081
0.059595566666797724
-0.6320050271748103
0.45239905289089505
-0.7459486411937126
-0.10831795209837562
0.09333913603502014
-0.48645004974083556
-0.37439836929262793
-0.4365776924078477
0.031725893725824766
0.11913704311311764
-0.12395662739186446
0.03608001277140052
-0.22679353264317517
-0.39435896709212387
-0.12351134198632986
0.13109511796244877
-0.5926532109265263
0.2893531683336465
-0.6616383064231807
0.009253663946330296
0.03507734662808882
-0.4762110842813963
-0.01245301301409188
-0.09208876070275748
0.15964113575845632
0.0807444789109707
0.11686375455008383
0.002024933180869666
-0.11381690735340497
-0.018334756601174774
-0.0705009479675491
-0.02675114359394595
0.03430446211727964
0.11463419693404386
-0.15100735539845134
-0.07214298121433305
0.02454743446024201
-0.1866810335894384
0.12343649336485607
0.15030441067578174
-0.04671585841009775
0.15325986060068691
-0.018947781327987624
-0.019116853221815493
-0.1163557963270722
-0.10712280117146553
0.017936585512241386
-0.10107392264791835
-0.3037934998301575
-0.04470541821753436
-0.16664558329373375
-0.025500003875740838
-0.02106982788179259
0.12372721784927639
0.005198957662241993
-0.09674885484391563
-0.020493785957288915
-0.15280843738841857
-0.14880111217577918
-0.047403534287218003
-0.1572077348601877
-0.37285072692483173
0.1565411643379215
0.12085665121608628
-0.04541232434051512
-0.31966068550634774
-0.22095920539895186
0.10111631582861656
-0.28748601296938925
-0.17864847037813777
-0.1551804410931154
0.19274080582959394
-0.16795787618031882
0.048378933649986286
0.12273814957343157
-0.2007869816469521
0.24867250803197272
0.3627839673400946
0.20594407866850348
0.4299656791353907
-0.09315552848822463
0.20700151453458915
-0.028280082781421974
-0.020841212409077714
0.015584191142998487
-0.29225871548882726
-0.029907491834147672
0.006106682084590437
0.0721103207438286
0.016727024892422046
-0.15801396242796018
-0.23045244725297573
0.01653215375353418
0.2231129017499443
0.11944105996945302
0.3145538851876094
0.14396959478287566
0.09929624312871829
-0.03299831953588158
-0.11494766991081351
0.2086944205193788
-0.3366904874357044
-0.11371921559288106
-0.3056385524692171
0.11608059676165258
-0.0899817199568809
0.01733079843986476
-0.062443510905034194
0.07173532063876226
0.2702694184379101
0.10260130878491117
0.2097083360528579
-0.49020945712909
-0.036362506748993426
-0.07868281873511035
-0.2710822501857112
0.3862196712123534
-0.131264022266813
-0.0628215249315395
-0.2112418950251794
-0.06604874755452096
-0.10989161085908183
-0.09072327287384707
0.13764528045401953
0.0014393861569863056
-0.18775607464672167
-0.009760631027200626
-0.18002217056569125
-0.07927099237206096
0.02021116132265714
-0.2822438181575821
-0.10253391303303776
-0.160381376769958
0.06953239661270899
-0.019010479870856644
0.05521395206642273
0.260704853219857
0.29121443673365516
0.24395055949596284
0.2851570188689772
0.0038992367182241103
0.06286583471794255
0.04934332433423886
-0.15056917555422256
0.00992836998532011
-0.06225349803590364
-0.048962124691102414
0.16486511034704485
0.0019388859615904813
0.24795669077775392
0.03019345196625985
0.1327291009368048
0.18020955060014088
0.022413995549625393
-0.34951609517689425
-0.1399155741389133
-0.03131476198028136
0.05464532331324688
0.05534434642483196
0.32117126810759666
-0.06834551179332012
-0.1912312932568065
-0.0768581854262412
-0.029512318645507588
-0.25614973721517165
0.1869094167985797
0.0836809717448099
-0.08356630591359936
0.012908562261942848
0.09531601359823977
0.06799234517079511
-0.051232695029729214
0.03387219619657715
-0.042235947444345945
-0.2298447735750429
0.025344535777278923
-0.4683282027229479
-0.19350499782264557
-0.23963801133143425
0.3034659117712299
-0.016667210565746327
0.14664349190911438
0.26624008914511876
-0.11086794352667939
0.2450843105118936
0.08787162828778054
-0.2409279759596792
0.0015208765324756825
-0.15969977750015085
0.04515248964231666
-0.11673027730564642
-0.10809898196124319
0.03794748709682581
0.15498492784373308
-0.307402633266545
-0.10592823668888844
-0.15601456905560446
-0.2835045322070094
-0.4209143531416961
0.29539832445933123
-0.2112684098544675
0.20992168530704827
-0.061741144996312274
-0.18264852579583574
0.16321442116773172
-0.18625646086343367
0.21493381592053912
-0.047162735287353943
0.030113646491757285
-0.06914515165576073
0.007054385204418071
0.1481885061884915
-0.14179376354883821
0.009512423709090924
-0.18183998695218592
-0.10911873166339435
-0.10654567670722703
-0.47634981434593326
-0.16839580446932567
0.14009670770623253
-0.093659278884704
-0.03987059537347103
0.11622406849542363
-0.10863534730595722
-0.1359136667632972
0.0800173413026047
0.06178939264752466
0.062338852030996775
-0.11753036020955145
-0.11688454219225511
-0.030867909556577887
-0.10477613676746518
0.13675356250621698
-0.10959676150240394
-0.1456705661660679
-0.08979676916512737
-0.11699733297893566
-0.13161583170320368
-0.12967865309416668
-0.24493694283880874
-0.11496893694489045
-0.13692619822762042
-0.25030675791741513
0.2117287285537125
-0.08106282663850305
-0.0772510055739748
0.08016111963880108
-0.21184555635263028
-0.22877662013172134
0.1562979340060001
-0.13998501858414408
0.04066797637710163
0.1337345834721976
-0.03232401594241935
-0.22661629647068307
0.10681949763622153
0.13241535285005193
-0.08228799771130892
0.047053719412546074
0.3837967753021797
0.017591911229739837
-0.01533647757738579
0.030585646822145054
0.09573429040682599
0.16807104180695293
-0.20515451147368594
-0.1873115417068132
-0.08655725585083711
0.06436611833425757
0.11209249866732975
-0.12756999608337502
-0.19217630487777665
-0.1602366580817498
-0.2325057804865239
-0.07242624426676528
0.12131825801674605
-0.09126868888002151
0.06841576581094498
-0.01798687888955931
0.06822163605701205
0.137106144815448
0.132796458107059
-0.09522351805303352
0.3396011223265779
0.08291446570939168
-0.034684815023751134
0.24761118075864558
-0.0341965622718492
0.025041496892808233
0.18738233733941506
0.17194590518350264
0.21680067288817162
0.0892835390041577
-0.2064534312997329
-0.031805704041206445
-0.027654910801735298
-0.008284728013468232
0.1005302421416099
-0.20397586328146655
0.35531534122848907
-0.5342325481307589
-0.03596950241595119
0.1591234349698164
-0.13685626218433988
-0.009490704447688136
0.062262426785838036
0.1253862085936285
0.03814050127140327
0.02087034504967334
0.05433558021735036
-0.10275167899412034
0.22519495129562614
0.10186806266449101
-0.17836723823874343
-0.07715085819076879
0.06661588040219944
0.003975358780158247
-0.10289582676372926
-0.24129856898041083
0.03033232482137607
0.020571596381819438
0.0036556539864827696
-0.05430601064008517
-0.26905730617286094
0.06294693934406013
0.2492232200928317
0.15271344074919105
-0.07099241942856213
0.18524210184974915
-0.0862230825242742
0.031620214673672084
-0.21687733987367913
0.33565680253644303
-0.1873194662382252
-0.3376675120733492
-0.05733339551402528
-0.10018904676931131
0.12755212383158843
0.08813099916370506
-0.0192058405334181
-0.1851699014056409
0.02616308916227655
0.11185682781219601
-0.026532633511537417
0.057083858887529
0.07873198048671239
-0.239368975716897
-0.00046693903549447654
0.43358655888876463
-0.30660201983413143
0.08027802337975082
-0.2765105272778356
0.15675346624912606
-0.4491165827866294
0.5145975351995581
-0.24303989009524213
-0.392810233944905
0.6806609427669847
0.3476299085125064
-0.19777993122585277
-0.24477854312367286
-0.20726369941698186
0.22862127382762668
-0.3542271664039529
-0.060099157505549866
-0.07426372696146749
0.004965408907155225
0.0930408846814176
-0.036203186648105415
-0.2088209703731221
0.09488069045793843
-0.1186277389030693
0.14002046406020732
0.4514058334341489
-0.08701108002236427
-0.2552322306771314
0.787980548116198
0.10612825575425468
0.27983354341625793
0.006469381175793053
-0.11852424437996631
0.12395636659536458
-0.6671311047621995
-0.01119928784539291
-0.24273313615317288
0.061408973538374406
-0.11455195781077139
-0.2368362425425009
0.0636466560504491
0.2661198637173133
-0.23717624346808183
-0.0033218318641159723
0.011088622797899806
0.14979388586371103
0.06669017069096207
-0.060211491035366195
0.0362208448988446
0.29377086358631693
-0.1454655459727679
-0.0934203076287331
-0.021767580466541883
-0.15558202711048835
-0.059802374078882864
-0.1864775041771363
-0.06861697733638951
0.3262476705482952
-0.018891834879624432
-0.22803526619862227
0.6040576052992918
-0.0956340804878173
-0.08097104922119533
-0.14294591121786523
-0.18888211683863174
-0.1059072183540588
-0.33130946770614705
-0.13139091884894238
0.18500752383922806
-0.14028401004287336
-0.13577929569035216
-0.05333560942399846
0.0154854803436814
0.09055094845316378
0.12358027368409702
0.12767008516848757
0.18073087027179496
-0.21677283200018832
-0.06598740600943037
0.13416086750657874
0.10946056259315512
-0.11959236442357266
-0.14677125284668072
-0.24824209000287986
-0.038210010148603535
-0.269579746924197
-0.026997591037649673
0.12963666830486803
0.09011643547249054
-0.10083767552337282
-0.1633657619507286
-0.19985117734917082
-0.02920896041556612
0.03504074506043324
-0.03583850518962144
0.057167069653634286
-0.04515013057321769
0.004639000986885031
0.025201830327154347
-0.00695630608319245
-0.1155004998814109
0.08818442115377637
0.0430224596314795
0.013586941125467373
-0.0396081516326643
0.03277193532361174
0.061731740052196095
-0.16652487099258328
0.067228368286723
-0.031939339752130196
-0.18724638438807495
-0.0410984182460058
0.09974003598016555
0.0882459037736766
0.09322701353205926
-0.019428892245641965
-0.15152702942292146
-0.06414120520681377
-0.1373916606737205
0.1052134094497908
0.005366918132506353
-0.12289110747698398
-0.11570018526565412
0.12132209227020799
-0.32415645768556917
0.15904948815600828
0.15841912858491
-0.25777254908511765
0.22594336797575298
-0.24239777260136125
0.06957368836917649
0.0370658342650027
-0.04430471678039068
0.0948594711095694
-0.16852316317246646
-0.1870670698603671
-0.11293823881547754
0.09895403791272922
-0.08703525346629352
-0.183162077720795
-0.09015709445567181
0.009408420847156354
0.08294218379655502
-0.1283765095144178
0.01856010243321848
-0.07715188524641645
-0.06562323122815723
-0.2035705266606675
-0.009632118622221254
-0.42026128502618193
-0.3094413100782819
0.08050606584650577
0.25505393989076697
-0.1384083916845602
0.08509807086092615
0.019911762965418297
0.4483919800343236
0.10459658322954166
-0.21336737023106733
0.5055615451352461
-0.0602341224808594
0.23362270722701195
-0.04625148955169175
-0.3557605498563972
0.11126263946734889
-0.30430530543771117
0.11429806518005924
0.18504351562136925
0.15125169337069083
-0.08670251473988054
-0.00902162287167181
-0.34092946876726493
0.025570666547116656
0.08897087942739133
-0.3889479273912394
-0.10010964719504199
0.3274432393449397
-0.09955988185535725
0.10590467239384226
0.2175246168786766
0.023279399747789177
-0.1454415416931001
0.05531853969040388
-0.2069042745635591
-0.3092498463507208
0.10211744854796885
-0.09175584273365053
-0.06744600773307222
-0.23428583057956553
-0.18754490891991596
-0.2209074411251355
-0.03284896855647042
0.054952225678714245
0.09039575418195236
-0.04987217020585219
0.031085826816832935
0.09851913832802264
-0.12566828090100768
0.3424176387773035
0.225056149422082
0.18701906865033763
-0.005321012055172038
-0.164326232524218
-0.004342563333592176
0.07811552118678602
0.09974987626477175
0.003858845503937812
0.13288166618362754
0.27234967630706647
0.08683872479700248
0.11353737514030121
-0.13821856226378534
-0.28482144178411245
0.1049185502511698
0.2390872021319704
-0.14345066901086898
0.07589409255952076
-0.009796697412725224
-0.08577882038230937
-0.06339170900883351
-0.2642622870210375
-0.04033496913866535
-0.16380995147525276
-0.0041212930112392385
0.08296074615086792
0.05153501845421976
-0.08724322658848437
-0.08543394812153475
-0.1062207864863821
-0.2191950653852086
-0.588391833241225
0.31819224660658096
-0.42417335733875466
-0.15253194069304798
-0.15369971306886854
0.020561039595912968
-0.08651654202684507
-0.03505045920609119
-0.029263996907554095
-0.1943002425829566
-0.05056418193291379
0.22079713982228436
-0.19583269563912425
-0.2406289244099941
-0.05599976019330544
-0.06233625172278563
0.3216841258371762
0.1532065405853669
0.048824308006267476
0.08403479569382148
-0.2511840584089858
-0.03742355511730889
-0.11153518291421222
0.09707276904551793
0.07731330940135171
-0.06754989294630287
0.07900697003183482
0.04729879051585626
0.05825166084073239
-0.1307302862727705
0.007149889745904084
0.2280477026669806
0.035859419924891084
0.14107154461348748
0.15830153322855825
-0.10747927339811959
-0.04359977960102933
0.12646954018735873
-0.15646210540026328
0.26706317286704206
-0.07217975918598703
0.0851566547056642
-0.1600658093032377
-0.05898651264686122
0.16893659435636452
0.06563737750518693
-0.04420303528781918
0.05492905076365116
-0.14576962612081762
0.026094571011856027
0.027992637030192547
0.19061421463632908
0.11663791873476205
-0.00011963148129900166
0.056169297592354284
-0.050604170174437337
-0.19405177430507858
0.15011355428198342
-0.18603291462673913
0.11162221091584874
0.03580739280958899
0.2752337245076213
-0.0332852002815803
0.002708690713561167
0.12173733368411417
0.018671634468196162
-0.09477937266136127
-0.01705885942997699
0.010858364182225837
0.05044704590656787
0.12336368524079531
0.030897779074243837
-0.20813292773613354
0.10640766579382076
0.0129290037938418
0.035472484407812255
0.04949265725616206
0.3920138007703368
0.14341867194527583
-0.031746190369717604
-0.061593606762367345
-0.242010915523344
0.22398385042023222
-0.06843173773327532
-0.1906459046927582
-0.14950840663548556
-0.03182156277700254
0.20659090399569566
0.09573813550422804
0.3294922147957434
-0.08763167578103398
0.2839600514319523
-0.23761648748970168
0.07773991781528983
0.09758672287941561
0.11334102405241964
0.0009447978741521192
0.07445313284622977
0.04395652567111796
0.37671294077874323
-0.0626568364530425
0.3395614421710603
-0.04323779628092288
0.01554855671857722
-0.12500055232382776
-0.186611395294342
-0.13660625563404283
-0.04599756653268752
-0.1722083655760776
-0.08045255762585352
0.08515956216482863
-0.02927788705139787
-0.17302467828041787
0.08743479989067426
0.10987309252727288
0.26359886091105855
0.04011626272980045
0.11772352184582846
0.11583266579622697
0.0449212765237653
-0.013944363056651364
-0.12382646323098628
-0.23585343194233815
-0.0054042514244543975
0.17904521371921175
0.1485212746050504
0.09421651377486535
0.10278675453135935
0.17930765589355419
-0.158166705783227
0.009215967570634484
0.329731065057899
0.01825241639548164
0.5669712828490531
-0.02791282425859617
0.10102507265831895
0.04054248853654616
-0.2509616563704663
0.03478841906305588
-0.0926467340084062
0.2852599670461738
-0.03311779412388917
-0.16998583393954353
0.481769274261112
0.29606543015379466
-0.023622855877411707
-0.13470653337358476
-0.41744023406352315
0.11984228824045758
-0.7225434209416214
-0.04385349635166574
-0.2529314368863185
-0.16058365019702575
-0.14672613853726313
0.05295553175908816
0.0943785003760079
0.06873425711039295
-0.2953563338963777
-0.32877874565080123
0.192412791969426
-0.028977671305109493
0.05085318991651154
-0.08673125467606271
-0.020616029515490044
-0.17790415102538876
-0.28498126259809314
-0.0049678365257372886
0.1751966416731457
-0.29900764203654445
-0.09362372441672298
0.09118862108652483
-0.05234395330960664
0.2694770830880839
-0.22292413837057382
-0.06415366668873888
0.2513746927181127
0.15016810766924693
0.03985365065675338
0.19902031922127153
-0.3432338403944959
0.06478044664247994
-0.12328648088458562
0.20608395855319908
0.058554239370707244
-0.10307927523646476
-0.06389400079004648
0.025361169687012425
-0.07234583262145627
-0.2642875588583659
0.0021964906785801987
-0.166649942269963
-0.043513927985601886
0.0853588191658881
0.24932113590027385
-0.17705289129802684
0.2516047582807287
0.033626686128325374
0.25612947381520035
0.19569178868865814
-0.03620785510574159
0.3044022152848098
-0.01666721837918214
-0.2327842666864069
-0.2556223029313934
0.09646086773913562
0.0018724966248664613
0.06687547703771414
0.1866744703133856
0.062126128233711476
0.23736189586606074
-0.13572935500526598
-0.04937064291641157
-0.11484665388951368
-0.0751015429313524
0.14516557075147396
-0.3411706939632377
0.6669840490370398
0.09692286698328721
-0.037938609461841036
-0.07551095876816069
0.010404307622706834
0.16319018440153985
0.14773105907337952
-0.24257594068459581
-0.22265873437773448
-0.302560228802616
-0.010697794218176869
0.15745833161216083
0.06460510071056899
0.06887678753761169
0.338272858364944
-0.13651361595279696
0.08682036836313194
0.06773968001783266
-0.04241829028007335
-0.03381487820308968
-0.10851689890540167
0.2900193906657713
0.09619097598393823
-0.1454306499889736
1.005327959761193E-05
0.15099453257703802
-0.16103771536428374
-0.21516540410559745
-0.21212643747077328
0.011122441859218153
-0.36583235490879273
0.17098565536954466
-0.0737166796992581
-0.14932216384340663
-0.15181130950646834
-0.19928394320389353
-0.16869253353249686
0.016693810122391826
0.018821213946209496
0.04061323506813014
-0.1497935161119685
-0.24012660306990188
0.09674381204129835
0.32512025606713685
-0.1089405227942463
-0.11681496498894789
-0.008465471789992424
0.10217215519062801
-0.30850437202323133
-0.3912626717770495
0.0003224802083838304
-0.1770827314526969
-0.2490870673097817
-0.09483450026784643
-0.024258782335773575
-0.024289354635790895
-0.018613984802033516
0.019667839317088587
0.3592360685783269
-0.05572656002750812
-0.16215475396032186
0.16616560328146346
-0.3918500799840531
0.031619931833428386
-0.13586165079342957
-0.24106707273849276
-0.12405866918921409
-0.14165442448704782
0.045201746319359616
0.2685465231442107
-0.34266561544898744
-0.06899578106635379
0.08593991722531745
0.3860365285737713
0.021698715927813375
0.03074924334397821
-0.10850168555372808
-0.09283982893325267
0.19386219512395347
0.018745477707821225
0.16472211097177036
0.32773753974047876
-0.084352841028029
0.4547164181656193
-0.0513341089813237
-0.11671811249393464
0.14817597521845616
0.015874915728097953
-0.18178570027425237
0.11723590782837662
0.009997245890548652
0.02637708478590376
-0.0719099370104799
0.03440662106079388
0.30916794824189753
0.09535199458355606
0.1259623645115696
0.10221797261400668
0.018957488197468418
0.5213832431468323
-0.2962242690527833
0.1292197044546657
-0.00912889383899419
0.1617143938455879
-0.09442603323243078
0.2192591668982377
0.016439120324806517
-0.21798464589511224
-0.046203750374218276
0.018540421753719775
0.14463820536060998
-0.07705375265401783
0.035290729518360604
0.2138491430762491
-0.13884388381491908
0.6236010408877483
-0.0746241644699965
0.009887346274181816
0.18596152814908395
0.1389615191618742
-0.2598478747896166
-0.012368978155395139
0.03210428478938913
-0.051679756712129
0.024515588775014186
-0.037552954120384285
0.2853094163344326
0.3246944622668812
-0.2368877366589893
-0.03267383915764724
0.3877480455066848
-0.015924945244146445
0.048465188185279756
-0.0996225315220735
-0.04547854113725417
-0.03017877329802165
-0.14145614342017726
-0.18600385344565287
0.13417081338703524
-0.027917984745902437
-0.08873106462108973
0.42006651020435554
0.1562336159833922
0.0738189520400454
-0.03718171570003169
-0.4555522408251153
-0.26055496029705166
-0.2817961861986281
-0.1771120759819832
0.19072595911966345
-0.012097641320469596
0.013815793498665968
0.04603574272676369
0.16622026414028823
0.11882335091568147
0.2383813573927367
0.05187311823750271
0.3371729316021931
0.13951958503200348
0.07956578553751756
0.05430916190757703
0.002696252981555626
0.02999803591856768
-0.2837005572406795
-0.16631262862195523
0.015230754185194758
0.14407910002461774
-0.08204950462495027
0.0921165250392549
0.16713622503465936
-0.4639842493631699
-0.030427751090183044
-0.07525044105820276
0.18233719340966187
-0.027665594086393654
-0.2317610918867856
-0.05814998685040618
0.1892660456321544
-0.13644240674858818
0.13948789658527808
-0.05379861280660439
-0.18424525642876077
0.021482726853252258
-0.23791789378691777
-0.2868471034119543
-0.07280567798850796
0.024835464556204247
-0.13284035921149753
0.045401072056003966
-0.06415423778197883
0.17463249042853055
0.025374220650544368
-0.11523702144644124
-0.04380585157133802
0.10173256220558691
0.2153130864746206
0.12307524432045898
0.019925829818074555
0.367291749317298
-0.23166485383381835
-0.093017492987957
-0.06505902140050283
0.013313481786314994
0.12920932453663217
-0.06194471636741117
-0.020084504980205878
-0.07392423213391479
-0.12120284405575253
0.1597205926004009
-0.27076627142015874
-0.1644864629444423
-0.08351584720758605
0.2417302539788795
-0.17179966682845044
0.20760913280644722
-0.3819169754314506
-0.33982484450813666
-0.19157632713138895
0.18524664212078826
-0.04787003210378185
-0.07946717188362237
0.3556257338075164
0.14495051516673405
-0.18098891389916974
-0.0035889810977922576
0.11000984391105537
-0.1099357126290255
-0.06967461445479406
-0.16846716613314724
0.06998585856337694
-0.4790477949456752
-0.006958912279095979
-0.0737752578237098
0.08750880334125556
0.012370936595429512
0.16609925565186467
-0.06308532954340874
-0.2020366865939412
0.008384220539000571
-0.06363275382890671
-0.4178585330206712
0.21896783639131442
-0.05071973836294775
0.04818097922391823
-0.24920088928854234
0.17719949045761269
-0.40402835568421985
0.08367632742870922
-0.07459481761297916
-0.2745472434441307
0.046672295960228254
0.16253624590445445
-0.16757367258537556
-0.01704130957731089
-0.17539152232757202
-0.14297022725378739
0.14076512954386236
-0.25011905506065135
-0.18255382751592394
0.014337522632589965
-0.565071416682019
0.025177258966252447
-0.4016746325000036
0.11421433849311118
-0.10173119871019126
-0.2826093065827418
0.06753243914684018
-0.22052190065742083
0.07613598189890088
-0.2124252967906126
-0.032896636913844514
0.030805393447220542
-0.008298954243615283
0.4295037711966292
0.1272365290384814
-0.07545763472756936
-0.05058906386815121
-0.019661202421500452
0.13853854320468986
0.5040253028790959
-0.6226709424252003
0.9974425235185466
-0.17362619497652848
0.26781705219198587
0.04614021574924792
-0.299830033844298
-0.052497861491601835
-0.3302644636394383
0.049033586714875836
0.27046137808883963
-0.07899234454957112
0.015210164200456731
-0.20110334613168182
0.08329933843946263
-0.06898412552256276
0.13466277895905573
-0.26823215942977563
0.018437596305837935
0.22554882511437585
-0.15545674735279635
0.0260298444944026
0.20479945811141373
-0.02303758386866116
-0.06657883952378017
0.2348175036842379
-0.12769348503550088
0.08276243747489945
0.326944313399455
0.18447426428906966
-0.07183738846360584
0.05247172618987714
-0.0013704279946053955
-0.32165742926657265
0.3596492842415949
-0.051140375319631226
0.05598737882792898
0.01109707897818797
-0.04845644689538529
0.07021977632466467
-0.04264098242511799
-0.0111756343516315
0.14990812763676561
0.03816710586210902
-0.13263473200865397
-0.016983730031657467
0.07764582017381899
-0.07210281217476694
0.22137335995693772
-0.017906731995058607
0.2576415478258278
0.2475227952683337
0.11123300692698328
0.16682305581335571
-0.14486838235727428
0.013553771442773118
0.17631897687126033
0.09554212852443025
0.02573538367306474
0.06768322962454518
0.025352359982950833
0.14083470634629805
-0.057953960694360436
0.027925684328463377
0.19648551881234355
-0.1593504540910433
0.4658444386254072
-0.20922204657820923
0.14744424962423017
-0.009630162783141237
0.23258990860271203
0.06540903589278374
0.031452467498829115
-0.16197560050551799
0.03679497905795526
0.06000845593570311
0.02538662879655252
0.2119963351321176
-0.04960218348898379
-0.0699864883198886
0.28515053241530813
-0.03809014054338204
0.5373640258506732
-0.344463520706538
-0.013158234651340004
0.11178663761542706
0.18479916996958032
0.1744508249071785
-0.06916512301046028
-0.05849358751405824
-0.33588947486999843
0.1682749083114499
0.02453939119701561
0.000705807602032111
-0.009108966320804225
-0.08265408084770917
0.4110896099200252
0.142053016675305
-0.10541589470437583
0.0234465231880583
0.0012267976046984388
0.07004200951884539
-0.12442243705754803
-0.43133884594194927
0.2533708592861801
-0.1169349789062151
-0.20710519709864847
-0.15641076375477048
-0.12034027764270307
-0.09827059002120517
0.14561385434668458
0.05552024147766892
-0.16145743411971833
-0.005797172322311399
0.1390932944337891
0.13908886743100377
0.3072245277920116
-0.2614745301460518
0.04912996967745989
-0.0030569482316327077
0.011826670893134418
0.12059987716768752
-0.1551712990565353
0.1862347342878471
0.06386897231222761
0.011023583941651517
0.24518343497151265
-0.22842524157196706
0.1678309127500286
-0.2190172976154447
-0.019933236249443136
0.08315037285832821
-0.07675810232182823
-0.000321895922484722
0.09915555246439059
0.3789608777267975
-0.13639780621294673
0.03248283174054643
0.10514150428055766
-0.39099064414594886
0.03791432300552413
-0.18741388998969702
-0.060863850586476954
-0.1099763117727388
0.3519713760158873
0.19142970464132464
0.16186427543899787
0.2651603037518124
0.18709219735270935
-0.048558247209749016
0.21981200748395752
-0.14932570736254064
-0.28322337844008083
-0.27080216110504474
-0.09885399893392746
-0.49581454359877286
-0.11683220204118144
-0.104902514000616
-0.07682308678662388
-0.008662845654745404
-0.14940318408044068
-0.16013059661886178
-0.2094011907269106
-0.11805232492854467
0.09986743523086501
0.1111186285672572
-0.19786999224960605
0.03286092446642569
-0.16157953872741143
-0.04447001296365864
0.09216658810991626
-0.03154505122312527
0.12440435585512233
-0.0012141648992863067
-0.045826309746912416
0.29469648973416324
0.14572710375496892
-0.2319986644800236
0.20260738345408574
0.053358657625432196
0.13791976377714488
-0.08467783853915938
0.0510018459931413
0.08230314009603987
-0.21923319979046785
-0.017073830062845793
-0.2674197716818322
-0.09991174644377236
-0.08008380095255273
0.18390116017161595
-0.04186049536129708
0.15660440142641868
-0.06704844939382161
-0.2198435798667199
-0.002976038613725931
0.4103422070697993
0.26531482750211627
-0.2161382273647148
-0.5294983869934146
-0.5841362476169468
-0.2724088381485403
0.051158814119343525
0.15406813267917518
0.05022295739406753
0.24810300669090982
-0.21201789512472097
-0.17202555656507584
0.053680618162099014
-0.08581689078375629
-0.06403418456316577
0.07548085909015595
0.08361352891182808
0.10235643873559347
0.09169841440285596
-0.5293612223770794
-0.3680156186641203
-0.2824435665885862
0.23039137951303254
-0.19984138069497315
0.1328154251042346
0.04067250415300382
0.17504732441308646
0.11548581986853422
-0.05770671149361509
0.176711526017001
0.09227881639173463
-0.22848337879466507
0.13230132107551987
0.24313523535941872
-0.17074466806053498
-0.32643112316210454
-0.08262220448505456
-0.46190545421213086
-0.14449667522186851
0.04556241351421393
0.058628327153365176
-0.1800949778512576
-0.17150436500328475
0.01917359894006171
-0.02019889854422627
-0.01146916623460475
0.02711402039061974
-0.20247583525870672
-0.39088245203521194
0.21772991839526268
0.024029087059827283
0.02745476770551501
-0.015640989655486628
-0.15220380981167092
0.024077804371148488
0.07551374022760472
0.4871721551581914
-0.01920727100651868
-0.15440919950952414
0.018736884783253565
0.023558553497434683
-0.015285616249483606
0.08381482428271755
-0.07640472091876033
-0.0215717032993396
0.16519865073202247
-0.17282467667785648
0.1280480151981954
-0.22731307470243142
0.0735883704663244
-0.005850692968101142
-0.043470574768493496
0.051028145800312244
0.020750781154488532
0.05104939077448632
0.0906508321143413
-0.23308181050303597
-0.4465234638778667
-0.10413572683237893
0.08493435481396477
0.10321450140674042
0.20735195788024655
0.0687245224033886
0.36117204957683446
0.17638696323530378
0.15827641386217012
-0.0811928822587871
-0.2663239613942705
-0.050198314583571775
-0.09292777931366518
-0.10489647970811726
-0.0967388730638667
-0.1888636666997948
-0.09566856741883574
0.361422515590245
-0.1925844405207937
-0.2357412365972469
-0.12116162146779723
-0.16264606944710722
0.028574479753010164
0.08046320524128327
0.2375746494420616
-0.25409107030430106
-0.1533160787588382
0.00439457185684825
0.02113215366717252
-0.14037483478617055
0.05351113663036379
0.022887779826015368
0.03970348487215233
0.08589179157186061
-0.2048681470731481
0.184039445378765
-0.08587017678432068
0.13566537000308176
-0.08039043496407741
-0.040709156502032086
0.09032437038485908
-0.5273351838954301
-0.13305360562569576
-0.39794169981204003
-0.11092127169616559
0.15089776795890547
-0.2900769532901302
-0.18521718383799787
-0.03150855590409876
0.035804803095426836
-0.1803838750734733
-0.20964433790214504
0.07616349600758256
0.04746485467399619
-0.34786279072642495
0.18041968190926033
0.22187547391144113
-0.35259351615214723
0.271877951600239
-0.5171028334153265
0.06363738970146067
-0.19782413558172648
-0.31665594801793295
0.013045412905340443
0.044662196736766226
0.14353185862382986
0.043203175142638245
0.1582221728160132
-0.15420967659476897
0.301934254313229
0.14554352477273907
-0.08276499547854688
0.14070829993389583
0.13906733770698074
-0.19870582897191227
0.29351400726226695
-0.0814790337236151
-0.11228174853907642
0.02231232944476262
0.0689688289047031
0.01960585138286515
-0.04350490899856228
-0.001987392674566591
0.016300138419249852
-0.22164526500948153
0.062191164278457126
-0.007900982755343471
-0.20591150016068072
-0.16909667533331862
0.17600362967241406
-0.2239983005026891
-0.11578479860081761
-0.235773183023679
-0.05700606739730844
0.015120684686685957
-0.09507052753237043
-0.18024916460247276
-0.05675853501796965
-0.04267719354858179
0.14519988756746618
0.024824996858532702
-0.07997192694215464
-0.17686871820842381
0.17982182470445984
-0.12474674185339828
0.022796285454123325
-0.2467257934447627
-0.05985398260738351
-0.13456374353244038
-0.2523101180060985
0.01531475175873813
0.033706947779702144
0.19788396343969283
-0.2680741118683695
-0.05695366986055709
-0.22403711450860658
-0.20931976485125722
-0.10867223575721288
0.12610006593379244
-0.011492786721651507
-0.10925899776026048
-0.34719335989341377
-0.09487756476524122
-0.050180275650394415
-0.20580745979028153
0.09428422400428033
-0.17923329346270478
0.3164366034333771
-0.060912720683425015
0.13541729904058783
0.011375828162877506
-0.34904464372121236
0.013071375270620477
0.002554657174704398
-0.05996605309893476
-0.27267805803394635
-0.05320725509063005
0.376039619870647
-0.08276534824649515
-0.20289303791242672
-0.21604983059669497
-0.10208555964120868
-0.11610232685066048
0.15838565503457705
0.11147969092805807
-0.1222101653834091
-0.00628932638583514
-0.1926041351699737
0.07873097206450523
0.0556920087811534
-0.03461787076723764
0.09111531614364748
-0.09984057523285939
-0.17421090166591938
-0.28940654524389314
0.10921809023422223
-0.19915233771882787
0.0005482430232506692
0.04684679128039585
-0.020715398040942277
-0.19607315739061057
-0.43895525301268534
-0.15632972698072936
0.000246647489459322
0.12420036658235058
-0.17424230421655357
0.08064399881456079
0.3619813247077568
-0.18431790214949018
-0.4433043763933831
-0.0029353147281513943
0.034369085211538274
-0.21694452264066758
0.4700373285284083
-0.22262556189614088
0.35585453442371606
-0.3822935347606626
-0.22445780745277022
0.031189568995794822
-0.07171209496113728
0.16178928642483895
-0.04975764845527135
0.1525161199758722
0.08128368953863581
-0.3115882475709725
-0.13672616561167722
-0.0471548926202665
0.12285787187127864
-0.19497808838357933
0.32891467028833543
-0.08791268568920323
0.05740788728602151
0.10979542593913089
0.1142182701220764
0.18737642533891552
-0.26228941125218064
-0.013559852353803699
0.2592914426611776
-0.3641478718733133
-0.24290899784133163
0.28276514930311036
0.13798443351096965
-0.30280743934288257
-0.12091211356424854
-0.014864882426423552
-0.008473513339642568
-0.300868875188283
0.29628139079509513
-0.4188115635809776
-0.03259786046746221
-0.2060542975409593
0.015064447157874498
-0.053206144282450074
0.3114069666735692
-0.20860528192779523
0.026992163976306303
0.002588239674558275
-0.12696616191949092
0.020296512496938104
-0.20696079495695116
0.24968404205099795
-0.11924719766090972
-0.04758559161503188
0.2562916240106693
-0.02564470124962605
0.3126082213619871
-0.2500788999011854
0.21324549029432566
0.021846914920416214
-0.09604546473829087
-0.0734428216583046
0.10634899426507664
0.33090037573301356
0.12956427608587281
0.13532016093647545
0.07391242340308374
0.021178875628103038
-0.06942098980058059
0.07072112319676524
0.18932562625168037
-0.08436617482685385
0.14548659155314786
-0.16124569551199763
-0.1984001596601728
0.16061908059215774
-0.06653203228306889
-0.08702291813896204
0.0327942820139625
-0.03445967059879865
-0.0071640466728854655
0.07765265355271665
-0.1656719040883553
0.13107631189476124
0.06057475002579683
-0.06373154748639613
-0.16984477869877343
-0.3357581973795995
-0.2366428503073099
0.04579082256444328
-0.005021730260757052
0.07522643179885194
0.10240114435125984
-0.26736626468710795
0.026850540287615004
0.14214021789809034
-0.04840037665583484
-0.3062940755465466
0.12445240368489467
0.021478801855390174
-0.12850125899005763
0.12003868922793268
-0.12235443688469855
-0.14159250915191826
-0.25156370218425333
0.08222887080710267
-0.19612943001161048
0.09432553395502634
0.1347484678874741
-0.2754100603043673
0.08687821480904628
0.10432032397630825
-0.08512015808730727
-0.15044444288542544
0.24529698287357782
0.0199933430852016
-0.0652830720580192
-0.09195654194475747
-0.02304217935068058
-0.29362037629107846
-0.25743586713102773
0.2715660013138151
-0.06538694405269622
0.025527716473969543
-0.0015161433183521387
0.2679418069292075
0.1320632858338642
0.14665779295016973
0.05515593500771635
0.3312887786691049
-0.16057820773710116
-0.35245227626847153
-0.041316971215622174
-0.17905908851290733
-0.09613138671605628
0.35661875408086485
-0.3171704663094034
0.23176642777868325
0.07724263143418551
0.04920623880799075
-0.1824049997799795
0.14824894913939954
-0.07022699763025417
-0.01498221950230157
0.07242615425510969
-0.06251700030940963
-0.10473965558507062
-0.19992901830087914
-0.006085237857717023
-0.2463341956890002
-0.24431849025372843
-0.15097688934458703
-0.15211058020256682
-0.16496786634842817
-0.032130046291975654
-0.25712489180332515
0.05710852948779109
0.16421549166718713
0.1458880906626603
0.021966962186711753
-0.13102471116144765
-0.20216973973280827
0.1401036086095856
0.003886395737398392
0.023245314645205104
0.06494159318843228
-0.12111281795914301
-0.13461639726879696
-0.07579142884492027
0.07713200553410854
0.2583848176523639
-0.14856311620084942
0.19116580520109477
-0.06915473386030176
-0.11242377931024293
-0.06132033221355941
0.15700972562655793
-0.04982491106261126
-0.16773981827206053
0.04258049228000983
0.041444524438982035
-0.37063573911042685
0.03845972647450768
-0.12860131387952087
-0.28957462811381074
-0.016595733048304195
0.34078758606902787
-0.007242550856480955
-0.02293055254941473
-0.17226585403141625
-0.0637962362846863
-0.2016540020624084
-0.23381235331557995
0.1563244256111362
0.14289115800411617
-0.08567705454000231
0.045297257181529396
0.04529981728878889
-0.0292698227631444
0.19064059052275825
0.29466247072173346
-0.05636336760176757
-0.027120267737900036
0.17061914482624782
0.0548899700937583
-0.19362432399326754
-0.018791534417368274
-0.024967921258793904
-0.3609965944369971
-0.031899249516885796
0.19985425095766188
-0.05448946961535962
-0.07055635684195452
-0.07680500448636288
0.03467151698219069
-0.18513664764476312
-0.1591777593303159
-0.22333293454600261
0.01729375830989933
0.06799150223377333
0.14313797512194634
-0.1241263219016573
0.08471453439599975
0.13643677473226748
0.2557931190314258
-0.00180235487765883
0.10776791062111798
-0.19533703853448037
-0.11573910350506532
-0.36961108116654723
0.05222775418251899
0.1536116576832565
-0.15326920399167857
-0.09685080644658904
0.09692796304178254
0.02494777587528339
-0.24178006680412106
-0.1485610513871363
-0.1557269485356318
0.008744446001961122
-0.2288168893464831
-0.36763470630992867
-0.06400054828148748
-0.06240109328204203
-0.2173974172805593
0.024495663059617583
0.08651411319498717
0.024948248862066515
0.07800471044431614
-0.04189937605054847
-0.014952321832014568
-0.0803240850734283
-0.01438262030200834
0.02186829290282427
0.42967627630653044
0.04216414640256749
-0.031112831589949444
-0.04768330208737436
-0.11826866271226051
-0.08571273356004336
0.10117187098596478
0.12940763312342693
-0.14846478039550118
0.026983394566233342
0.0798072659260167
-0.17516059413364193
-0.1166186160695215
0.10680168261657705
0.03924158441197989
-0.22602063600697686
0.2804636709805289
0.07712834289317827
-0.020536981041606974
-0.2873267840503674
-0.04105831164034023
0.016197050377821643
0.011865448709579878
0.030393713899214164
0.05210346971490919
-0.05979468116122164
0.10896796342009898
-0.05218035577149608
0.06138265651419057
0.0623972016076111
-0.3698631023778307
0.1259506185685866
0.14880268203120034
0.21599673003572503
-0.15448643573022475
-0.05359262686452829
0.04240711524394905
-0.011605588092513268
-0.06006715216126144
-0.10494983878516104
-0.022392391511347243
-0.3090980009390814
-0.055432178842956065
0.19495783764718036
0.11036492940113608
0.025621463577198172
-0.11684256575760713
0.31243016153304903
-0.06375356064867684
0.14469726016004414
-0.06406518575856127
0.11198437934881365
0.02498326105969127
-0.05277856367043609
-0.46020910590637537
0.03978567738633043
0.17401529586529205
-0.10031538865315531
-0.06923313264245584
0.15097124736893425
-0.2315955948364089
0.05566600594773662
-0.29288345170406505
0.2208794135835551
-0.28473626699753746
0.2574215507324505
-0.07976719995983246
0.2957103680042944
-0.015495945639413129
0.05155829703816456
0.0028230804612338688
-0.034908769636446006
-0.05932783858474842
-0.07071887249147192
-0.06847448865246543
0.04155745743016108
0.12656302907284545
0.04744634992641795
0.07086858939242834
-0.33476016145715326
-0.4074834853638337
-0.09429148161969064
-0.19472095424231142
-0.04372272667069033
-0.02163403678505398
0.2993683191585988
-0.10670238363733871
0.02628812939357372
0.26311077429699253
-0.4248087130101073
-0.06946734621926638
-0.2342933726000729
0.11671652753074507
-0.009213339656630452
-0.1416413031043454
-0.05660540295543417
-0.2488745211360046
-0.6706291592013425
-0.1860334286871719
-0.9192813118943133
0.032860934920996676
0.1382341265203607
0.2577464669194971
-0.04465767291200931
-0.14244641396306074
-0.11759359532886958
-0.05846405776928186
-0.08033267642443585
0.11670730246246404
0.17487407770974683
-0.14567058414661557
-0.08449066869266743
-0.1988741960404021
0.06275673384778414
-0.13320901747996897
0.14223264082846757
0.207611287630682
-0.11506977876531592
0.04120337655949211
0.053818395278048076
-0.21035864987447597
-0.026397327640257713
0.10374284716961127
-0.10775843319118093
-0.11291095498899675
0.1641523445706236
0.16596548765030328
0.0379456064780888
0.03622853135729867
0.07889258922534285
0.30398862452776865
0.19417809373080896
0.0071379745068984556
0.14789081166446258
0.12838689963253863
0.186424030393486
-0.10044953484227585
-0.22852139180017986
-0.06710263732048252
-0.10086419403900955
0.00835915398383295
0.20263241126585554
0.18489315786241675
0.16888569480132584
0.05818563544275313
0.2575289520502376
-0.020954428176237314
0.10922083413773696
0.1455203052089964
0.006180888143538395
0.1541999964872191
-0.1050807977027535
-0.08455812031135049
-0.0280625330395744
-0.019621734879295416
0.15035316356349915
-0.007996114907651463
0.11281238250598875
0.15790380705495946
-0.008498871942526113
-0.1123830813849253
0.2521240922783746
-0.10054014216758704
0.16290226064157903
0.14855993690689395
-0.23604274322809865
0.28172622539658376
0.05489903251264146
0.032743082456715415
0.20236172128416574
0.13909525145448667
0.3841601772611393
0.04579788924170431
-0.015921307924712684
0.09322711493653903
-0.11339434212937659
-0.021866385220467348
-0.012373197596856254
0.02477726288717379
-0.015786035825284976
-0.02301578508084249
0.15742998181398102
0.12719375439974598
0.33008044262067254
0.2692265641786398
0.11554483870787152
0.01920828300650492
-0.14881665752974035
0.006753544235441007
-0.03620813257789038
0.19712740165754478
-0.15394373850825105
0.01882043021227268
0.13240395549515782
-0.01655506140310932
-0.2602313340021266
-0.16001286855325347
-0.3432800714767995
-0.38172421386292676
0.1831310623390636
0.0017638716056592161
-0.09450633278119018
0.06628271480711016
-0.01684351427854995
-0.0554415580194953
0.16812261736183412
-0.015047923394155322
0.1161524908221535
0.03323533904013257
-0.04585698573169909
-0.01384822610196055
-0.004215947214317693
-0.12183476767721857
0.12017919800636845
-0.548276553077863
0.2338505900046054
0.018559340193251176
0.34937812844745497
-0.035980137674264945
-0.1473248652310804
0.0792482781915339
-0.16794195238046794
-0.11912636164917521
-0.06809056229893763
-0.5457960589509558
0.030215923505552716
-0.2063790143357221
0.07099908318505391
-0.249969903992679
-0.03425062656544869
-0.40997279879099685
0.049428026367318384
-0.1446032818029848
0.32335338800552826
0.2075089164266058
0.0016146201760016674
0.30521057966303705
-0.17312874073825749
-0.26517465794836026
0.03746373999825635
-0.19410580224140722
-0.12215351486425119
0.21065844303088535
0.09148415927323203
-0.024717577793029816
0.1310432382847518
-0.20658995583368864
-0.013005258227621854
-0.059195816137502716
-0.025850927971720478
-0.31143453158836437
-0.10287906710054641
0.22850540666113298
0.11686343768860044
0.000496663081965093
-0.030510171165927344
-0.23659725421394304
-0.1259767639200066
-0.11085338961563633
0.07072762853365297
0.13320291127637449
0.0923261246928366
0.193877540204781
0.48103100051294867
-0.1662297295545077
-0.008744988275443143
-0.2597423883605893
0.018512273791861295
0.3049359019466213
-0.07438287418750719
0.3257437246428295
0.045318254923693076
-0.12747888670434018
-0.23105271050265122
0.13399994673775442
0.14469390398085386
-0.04813522832072106
-0.13010656918844643
-0.34584125517224834
0.28877039861652015
0.3815948254345432
-0.15279171603845154
0.08544203237251481
-0.07130046893762208
-0.05201173934337103
0.11620836399763115
-0.09271707648941396
0.3965997708082
-0.15618640881213294
-0.06236724957789727
0.26344994241620695
-0.4156456091322722
-0.04268023960913974
-0.2793644667287135
0.010412380635062592
0.12050199951121379
-0.07425761028410466
0.06797590407649348
-0.24427374099909469
0.11663020912031183
-0.14349143071440482
-0.09331998851170725
-0.3905954233856029
0.21142648217061755
0.0476696113322825
0.011294392191462749
0.2910721330557166
-0.24858648302696731
0.0042988263291814585
-0.10206084417065497
0.026075334092103407
-0.023054858234909204
0.030262009931276944
0.0530534590137895
-0.10248446903204261
-0.10062807082795279
-0.2369118988670736
-0.172579934466929
-0.5167479534211249
0.08453991164606482
-0.050402788234366516
-0.019454357101616776
0.1905917803278793
-0.167700577449224
-0.020429064957901196
-0.13683621892921194
0.07572967247774112
-0.3241580599483553
-0.04444276120628751
-0.06779130910948872
0.06331044062069933
-0.04204193788292755
-0.20555215582798453
-0.13255986116903787
0.23680378768666524
-0.015663877335242188
-0.10273711847458757
-0.11573081990965978
0.19300167052768472
-0.04274613173608626
-0.40301367771512525
-0.10122336506077036
-0.06705424663108624
0.044114562363096514
-0.024174897636603958
-0.28838955286058293
0.24637557920153746
0.12342334787366618
-0.08546812747715184
0.0541927462241929
-0.10965124047430082
-0.17767406845636416
-0.23035689641349347
0.12256248616464621
0.4036825179533183
-0.26278771008546475
0.10625829978839256
-0.0018337530100788636
0.05985425860639619
0.062083021413898994
-0.12992955003647094
0.12217843692729594
-0.0498620381600964
-0.08689796101190109
-0.12625507872729935
-0.106585784852513
0.1424000601696929
-0.13464927762683934
0.06127804987989681
0.07093891768587662
-0.048243042715306585
0.18054665486517676
-0.358932524475774
-0.10099905121014988
0.115674681046558
-0.3654052671867931
0.05887468888592677
-0.2775880611438262
0.14213184702019466
-0.06421193525311525
-0.0031183049032193553
0.15678527759715494
0.12646342136693664
-0.1170844138183032
-0.17316200560561654
0.1545018420342036
-0.14888521503947727
-0.05784965164285192
0.0244133479190464
0.08971535768343587
-0.5123169822946505
0.03791565443511129
0.05471343958726745
-0.003157663264895713
-0.4338205278614025
-0.1817303307689047
-0.35762232734642474
-0.23135431476326176
0.3141544036444777
0.08934306944880295
-0.1765774173959981
0.07431999816177459
-0.10069286759755461
-0.09236679930026402
-0.08387137609079484
0.14694548514603414
-0.062367999062484185
0.11031239901983879
0.18501583858092388
-0.06310765107829075
-0.12271965016600378
0.11194250917352475
-0.20999517998692813
-0.18507738156937834
-0.15658339655981277
-0.15109674366230214
0.2310327884573792
0.12272533004582113
-0.056058243135091945
-0.21262598608607433
0.01346987643330343
-0.11874236317663601
-0.29724210915284144
0.05423633668048021
0.2239702843525542
0.03923619704963389
-0.16501143061597134
-0.05321404264540769
-0.07676621071675681
-0.19343471086170191
0.15045419290700773
0.03290993173713583
0.03138394584655113
-0.015155899781719806
0.011745816228254172
-0.06871231877705546
0.04739469842192132
0.21906265021182805
0.008387570625972793
-0.2811436829015087
0.07625540142656097
0.1009912505772217
0.3276252798648698
-0.28788312410586586
0.40289473174148455
-0.3402107677608603
0.07572427044181418
-0.19857766232118726
0.059163526748697196
-0.05587043656512022
0.10352521798746289
-0.14259375271039268
-0.054335889745914925
-0.06849073670369275
-0.2442539371797269
0.22359282528902072
0.09655570790533866
-0.004303937924730489
0.45212442860404206
0.10717300786908042
0.5595325223768941
0.1480599712014523
0.091162745130791
0.01239435212266406
0.06243527657036401
-0.031721224921169244
-0.025342228357114447
0.14360090936753292
-0.07741309494814609
0.12793936058738806
0.009235368437359464
-0.0008620067859734949
0.03213035647813447
0.2310625029863767
0.19107735253878924
-0.1304754703744624
0.14211097415913235
0.16730494841473167
0.04117118192052812
-0.13717004517278153
-0.06798214709965497
-0.04556161427837274
-0.06966827129848249
0.19873597800420545
-0.10384311113013692
-0.3118664744372972
0.24619599648966753
-0.01983322238241777
-0.24856308120945228
0.07346540308783381
-0.029555160635770572
0.020469516364982603
-0.05914636270318592
0.022408857203376115
-0.13236989587024958
-0.17863187226869626
-0.04829964111868139
-0.3113005302292274
0.021587621102337053
-0.08147500115077008
0.1318815341961017
-0.10682567351393467
0.05202258400420189
-0.0518425520378592
0.17180064107557155
0.010800607155410303
-0.12390451952294859
-0.09089064525692565
0.0799470110996855
-0.10882560459297778
-0.1979221477849668
-0.15293485829367862
-0.15250701587871296
-0.021165690973550425
-0.05128028400099566
0.18988316956027684
-0.05429572598021522
-0.10312118204574565
-0.004368473934725757
0.02320580040418352
0.036385233478075735
-0.0353992863078031
-0.25843223170448604
-0.08672556269711174
-0.01085666826294014
-0.18134477019371767
0.020776916217695878
-0.037890692576329016
0.07427932333707025
0.09243120809113514
-0.12389439908187794
0.20178532903958732
-0.04100724542938285
-0.18260166601515285
0.12991142908787934
-0.09544809502339958
-0.03331510194364558
-0.00036976629492795944
-0.023967209659505873
-0.15409615616539643
-0.004173490414369653
-0.3632793729498475
0.37889460647953677
-0.7812091425483532
-0.0822724355470446
-0.11162115279251757
-0.2825754519375878
0.0601517740207034
-0.07082025351401221
-0.03848439015589207
0.16262855085070627
-0.12267122942303006
-0.04919352373449604
0.17521909679149605
0.2743070500499553
-0.12185176295306148
0.05494795326650983
-0.24332063806296753
-0.08437174906565159
-0.1260249390405693
0.0803631636700547
0.05444019928190003
-0.050651915363296836
0.1401909612991648
0.09347872672291672
-0.16449132110559578
0.225251463580889
-0.06733253937553292
-0.03313868766112134
-0.02732953182721368
-0.09500510069693922
-0.16318626135686545
-0.17818389147199432
-0.34554822562525916
0.25076477581663403
-0.7321327026850214
0.07197132988604728
-0.04365077422224444
-0.38032342026257665
0.07361624473767034
-0.47102343981558836
0.06380993201075712
0.08131200810979766
0.09933594750653527
-0.1656055905889447
-0.08709440002590281
-0.002793411961333487
-0.3886866635152949
-0.07354215792912613
-0.10736372189659892
-0.14567237183609144
0.0422521983757902
0.24596488543704995
0.11461529024354868
-0.11789056576752686
-0.1785522618031704
-0.03538259332213133
0.16571916485229393
-0.018936405428301054
-0.04503463254615785
0.1713306161203869
0.002190947863335112
-0.16506292864832603
0.0036262822099981246
0.0527026069517586
-0.22921648381516438
-0.08316911881422527
0.06887672657025332
-0.045657176839636146
-0.055806003649745986
0.1817076572112624
0.1408594088299143
0.07143587030974864
0.14000551757354393
-0.1447587371184097
-0.25345246602516786
0.10263688766680164
-0.08554677867890918
0.1853049213914852
0.24658981465194665
-0.1656511991159616
0.055760463561207216
0.045518007955831906
-0.2547300943388788
-0.1940428010818397
0.17661217215563912
-0.16788077284808772
-0.10094584073468035
-0.5658303434735639
-0.22750424760824017
-0.17300678190477173
-0.20150866412913837
-0.07171633040090312
-0.042368387525770046
-0.12310549883204508
0.017278576132826757
-0.4561193910300763
0.03181144817023494
-0.2150568322196545
0.07702400803520709
-0.4115607470565201
0.177963871625455
-0.0968938574335879
-0.11453150624568172
-0.13093260020855266
-0.18905321101531133
0.039392037250929386
-0.09377535362187538
-0.13497893092117905
-0.22695853794514695
-0.10982561943333152
0.11627695483215775
-0.33551123024678087
-0.18383032045868122
-0.14071076893968792
0.05465958139572641
-0.35049685443506295
0.2508729720964065
-0.35561932335296637
-0.14722915899186914
-0.03305705895995642
-0.044797270725388215
0.13380529556485962
-0.252263246440018
0.012543307231279848
-0.2237051292783627
-0.10466979311264224
-0.0939425505851169
0.009572226974759842
0.06096842332036612
-0.1739299810515586
-0.060823683472749
-0.14407599738042456
-0.15226275658636426
-0.23418233555504048
0.08429732489655052
-0.043504456851887106
-0.06365327205821956
-0.272624996243279
-0.11159542370487438
-0.21294676300666696
0.08956633626239827
0.17899251286140347
-0.04288270568032553
0.03618449785382537
0.1811434582852448
0.0776012929166907
-0.21316818121143397
0.1347985971655898
0.11444143780778149
-0.20095568531472272
0.10143170604853151
0.1826491031057348
-0.040507096496026046
-0.06428583452289416
0.04172141542178482
0.19781220655278
-0.07081997001533052
-0.04857337625977289
-0.3344495806083939
0.408317227616035
0.23758594101703914
-0.18049006258971015
0.3659244772313021
0.2303821379235104
-0.08800036869844959
-0.02863444369718111
-0.4517192387464427
0.13755484242176425
-0.6043695049065396
-0.006625791216162549
0.058161525964775765
-0.1875403775809268
0.07645363184749097
0.008422514322897158
0.07713697392458553
0.1480943792022571
0.01936246072290135
0.052135217877923405
0.14656604016868502
0.19580949111519916
0.06391819718582836
0.035940048442793686
-0.3699713716545485
-0.0418299777619134
-0.41497248040301205
-0.0985327530718667
-0.044819590064413765
-0.09573613999166014
-0.05145324919697837
-0.0971267353002193
0.050863999857064225
-0.04869792317645076
-0.10002164767779594
-0.0374283800688546
-0.16973133227351564
0.1358513366635201
0.03741669166679549
-0.10150957285486238
0.03323923042381703
-0.20269735315773305
-0.13283946986199954
0.3154899359503049
-0.010422189961818498
-0.13348770329672383
0.0460372620815591
0.1184941028931679
0.06391325902499054
-0.0914532295592663
0.005003540944405692
-0.07298862930390757
0.12891369401130476
-0.2767620092575186
-0.09294123505929275
0.10092479955206494
0.11317022223884707
-0.051569671689285876
0.032676342563065744
-0.09348113433164412
0.05929319394523216
-0.010784631322782519
-0.2541965868609403
-0.08407326750196269
0.20715235657038908
0.14291256127780988
0.033509604806486994
0.13014449694150615
-0.13818054866987653
-0.10772905230669273
-0.2497511558261767
0.25494946953619735
0.00899790932194043
0.1454713683738926
0.15294016843210492
0.2139140432633524
-0.04770816790045234
0.09694625604446568
-0.20586102104847342
0.1471654312498245
0.32475065278633863
-0.13355232403352912
-0.2573385559857014
0.0691238006169848
0.05570815748009208
0.20924003061844476
0.08048698727178387
-0.3151344877254744
-0.3749640122561136
0.031935994645036596
0.09137737405927548
0.393656527501607
0.05922797950010482
0.22692740034708841
-0.2436981769454732
0.17010040801493914
0.05668732350994378
-0.05313855034373954
-0.1013504746977291
0.04485967752570846
-0.0815749666677292
-0.0786651387000268
0.16666543118969793
-0.0974371566630782
-0.25771582297436174
0.01399171376479331
0.05293427723632862
-0.8738344896552667
0.4411440956691941
-0.9802909552434679
-0.16237976653418965
-0.04527921763813455
0.21206139682849157
0.02329175741474979
-0.004528939547445721
0.16068781930354253
-0.22556378511879788
-0.0006078717504779436
0.09948569762617317
-0.17389823388176923
-0.1361566635203301
-0.36236605762627444
-0.027726595802866263
-0.6998450570798493
0.34849537452252893
-0.4652125883461516
-0.03520684807069557
0.12025523920245182
-0.3199108638734553
0.04924202088695414
0.004496308826018351
0.03522477362311794
0.07379126445043094
-0.029453140507946195
0.1478408358002801
-0.014009183354712938
0.2575127158526428
0.03293899767928193
0.27224571253487284
0.18139010729580393
-0.07595256783574357
0.015037705821333009
0.13076417206679106
-0.10512413806713711
-0.17511134100753517
-0.21079299916753683
-0.08977848788127739
-0.17039406291654186
0.18928899761382845
0.05342368586744196
0.07008456088067587
-0.20634587231573157
0.23361492761583263
-0.14820180386791043
0.21915880511366173
0.10784252532632929
0.29053483235374294
0.04001404884047429
0.007058388312792131
0.0268341659219054
0.09776203824834893
-0.11142364640666247
-0.0298748336512172
-0.12412659153608281
-0.1347542453018199
-0.2559362360459737
-0.27908931805006676
-0.1125997421833007
-0.17532417415446813
-0.18219416336486977
0.09624096171705578
0.28148272906976207
0.077963445195784
0.1423000809859288
-0.10549853725211393
-0.34080661697631415
0.2312537151806669
-0.009122279770714465
0.11495050968770427
0.022998598860901234
0.11169757576728176
-0.12562707126258693
0.052766832528453336
0.32368710250826216
-0.1003922480610089
0.1512401585264817
-0.37847152753709823
-0.04461796722839708
0.037808052548025405
-0.07162663704774197
0.014943530669565459
0.0035439635641478884
0.3425995432069987
0.13969470026630318
0.09918355087357214
-0.18085969082696723
0.06566774206836808
-0.22203057534376813
0.10936057190622853
0.251559342753897
0.06571563170880061
-0.03617935227095757
0.16335583456217226
0.052915797070009304
0.0793232806109865
-0.06250003520448454
0.1252225556807931
-0.23256900906008368
0.05300993156322563
-0.03960745161650452
-0.41883356718633064
-0.21380966005300645
-0.049657654900030566
-0.05756760407647329
0.04664707657614128
-0.07528272839400359
-0.05078413041386283
-0.00670756000822176
-0.20287600655184973
-0.30114720923032845
0.022931929032463032
-0.08733294049161641
-0.03252482754742775
0.08406010268622513
0.24792164829418376
0.1972051368935755
-0.2579956235694875
-0.26726269416771553
-0.10527283916957457
0.014299264805411091
0.06647369221089959
-0.3333566021734087
0.0195663350196586
0.23745026427621507
-0.6114609721985996
-0.314388144717143
-0.03049041157382536
0.04176672238069723
-0.5051618223831781
0.32548087500169554
-0.3605777354018495
0.03401938135908955
0.17095138513567557
-0.13311165813380424
-0.05524739415298591
-0.1561874531763973
0.0940301365219618
-0.2253622240994612
-0.21844663783093254
0.19229630680179405
0.026468999341330967
-0.1692875231568764
0.015776548215854683
-0.45877922903711443
-0.679962265188078
0.38608171543230146
-0.6414842279029077
0.15349206572850546
0.20985682781877654
-0.1005274323429006
0.06355656500251397
-0.15810379521760048
0.02282369158450223
-0.04323846657556956
-0.16172323349181003
-0.017941300384614774
-0.07412167265356674
-0.22024734713926306
0.10258496232574095
-0.14614111190196388
-0.71271317289007
0.2391094324475225
-0.5848732780765257
0.23350574793324158
0.2143497431780244
0.21269795869172314
-0.074443955349075
0.05834526872975661
-0.2067433207352736
0.10255037824700908
0.017675907424155934
-0.19904833866174146
-0.1892522511492048
0.09216101143341554
0.12759637292230225
-0.4944377046169972
-0.21575997862859414
-0.09243761830211947
0.01115435573285737
-0.5829715535933638
0.14709646490052736
-0.7483050602123964
0.07581788299722336
0.16771535467858878
0.056107318903530996
-0.0782661215585171
0.20646038015312096
0.01480704751843996
0.1255074929244147
-0.10041533161152179
0.10359785855105519
-0.00797512145363411
-0.41435847258807024
-0.045142041153404304
-0.17642199374349904
-0.3857868319958616
-0.027307130448055092
-0.32976287375780855
0.23052692132129965
0.2398918418713164
-0.1433282605675517
-0.08926217694380323
-0.17993553590885766
-0.11291223677427475
0.006038156287311814
0.11143243314423872
0.29048379051554857
-0.4144026994132367
-0.17606498918957136
0.01142218485167356
0.0794210686168028
-0.1809925609002494
0.4785293517593976
-0.001030916028852509
0.023820720518394966
-0.08214199413638887
-0.18813472887101187
-0.053548782353418437
0.002367224417268387
-0.11601354785561085
0.10984634654963962
0.03942416411162271
-0.06970389118947026
0.138704266365188
-0.008272441578860574
-0.23584203308482593
-0.011534352035607107
0.1822195332293726
-0.18398438413305632
0.338004745554772
-0.20481390814372413
-0.07627003046488891
-0.008857555989850427
-0.21126854285472368
-0.07390841711393156
0.17008575407456764
0.21905161556023076
0.18882459447708305
0.11745281167046462
0.15292231877292858
0.07001637216075983
0.09880438552047617
-0.11055460920928893
-0.09715169524040851
-0.3481239514187919
-0.002086130505194919
-0.06868750851359066
-0.09205237131951927
-0.2044452600516914
-0.03626852469454082
-0.14764379525136082
0.08558457062707336
0.09631014285253806
0.10344500635998995
-0.04237917342411196
-0.10609042251795482
0.04406111479298678
0.14768765198102693
-0.2954587934091806
-0.17020259485922173
-0.15539325756812475
-0.1764989129191738
-0.26113055493399984
-0.14930881247325747
-0.06645038708661843
0.10284479943131015
-0.06281474306431319
-0.025381026933585796
-0.07908720851524466
0.10308961492457018
-0.311889588791145
-0.2562821071835674
-0.028926845655558427
0.2651751702942488
-0.11312916759446084
-0.11470379733575732
0.0067968998628223625
-0.13379315693641014
-0.5684978518791236
0.056752209157547716
-0.418907465543495
0.07705974864215709
-0.053341713225834274
-0.1635458154088425
-0.17839566721611766
-0.4576500816368253
-0.0007202886509789875
0.018113628224205272
-0.03859396567634303
-0.16315416029494648
-0.03323191703959835
0.22484353921016842
-0.05223461201185083
-0.18695165513299838
-0.11190818331773314
-0.13973350480472044
-0.29581495828524856
-0.04683851436713235
-0.32974447267809204
-0.16452120273543183
-0.005751923691699843
-0.3777439770429029
0.23693695471722248
0.09982609589120928
-0.030442459066990932
-0.19801661345087482
-0.013185001485965417
0.009379823079586383
0.24459974679989846
0.07289228402844636
-0.21492752571660148
0.04023304218578825
0.04352481848385603
0.17842131679253748
0.1249017491099369
-0.31757554422908907
-0.3047831793701403
-0.04098554970955404
-0.17637003009271562
0.13512231414687065
0.12808156771507648
0.09743937545246445
0.013013034965268894
-0.243643788778027
-0.18419071877417517
-0.28283833718449064
-0.015695076769611214
-0.13526551459380678
-0.13781867438531462
-0.16735358840950332
0.34044538986203465
0.16494252381095348
-0.012949007774281948
-0.04180211267553671
-0.10640296439193007
0.10174797645481384
-0.03702110081142177
-0.23050551140427192
-0.049114291912528474
-0.0644321596887706
-0.018351481847589817
0.01201725747507025
-0.027118732103470367
0.07909298853156048
-0.14011924655725178
0.027559464477281394
0.17390018037655908
0.11225821104989656
-0.05750416810602462
-0.05260912751934051
-0.043219005311261875
0.13354012391350698
-0.06335986914215684
-0.13878192930916913
-0.19877756424975532
-0.024972437214362417
-0.07120928030776619
0.10762588579287603
0.07176142976807597
-0.058784783558031066
-0.12845620067272098
0.12539731957427108
0.0489418740786761
0.21698762382082826
0.03572903495495952
0.13621780054384852
-0.1878641759638826
0.08933092819306579
0.2487380401165347
-0.32650440283567755
0.007593311523238154
0.2324089569983359
-0.0077338058892301095
0.5615898816708361
-0.3430349676057107
-0.29745410921914595
-0.08952450409239536
0.06678165488903347
-0.26245775125106796
-0.08965003787606748
-0.19573388916715576
0.015250376531320772
0.054733010078596156
-0.010848237751971556
-0.06295229800137583
-0.03794611954576587
0.23274639143214826
0.21512293188646342
0.033506921038526025
0.040341250251334795
-0.18672502815928585
-0.08196945022205451
0.006313608474359154
-0.39927792749358143
0.36442364885358236
-0.16661558565137197
-0.14674860486163163
0.03729489164627782
-0.1437016625460452
-0.30803420308162216
-0.1387824809046264
-0.029082364562983392
-0.14625566854598274
0.16615404153394184
-0.08413483146440616
-0.10357328174807216
0.18584642724802847
0.10041488515919236
-0.04625384072162825
0.07044533947847743
-0.050613075274502296
0.29854907555024307
0.36009830850186725
-0.20199095160025946
0.038232611275640316
0.08909276972195944
0.14747291275772248
-0.0182304241029287
0.11541441237731823
-0.013743279817431429
-0.3632980119515231
-0.4138156754140631
0.3237862645813739
-0.06608002337956533
0.10138459411449528
-0.12320902943822097
0.04274256960986669
-0.399159747759547
0.1267679872451572
0.1476386828084482
-0.03846910356562201
0.12127833299160826
0.025243970755549957
0.0717896995458613
-0.17124883042677008
0.06955906543788797
-0.2872710473484485
-0.07572696583060838
-0.024127432786718535
0.05937596859035954
-0.20404374259810823
0.017416495093330712
0.034647883497930146
-0.15870497099978506
-0.018858120019935767
0.21930278868722555
-0.09579316995535954
-0.16082412453206832
-0.14423446801214226
-0.28492607780174317
-0.26532746158162457
-0.00475806665656528
0.15070068781782917
0.032488558969271705
-0.043651024202034205
0.07397831248154838
-0.14660828421690925
0.16376702971239965
-0.3761777906626734
0.08499013961806132
-0.16805009071431667
0.09325100697258665
0.15775490176342133
0.0557825495041165
0.12011799303050155
-0.31464814508698274
-0.3220886171463932
-0.07729109469668374
0.0062872360878842145
0.1888229252735259
0.24000672055846703
0.11576775111271854
-0.02836355800208107
-0.06853539734364725
0.09510598860807025
0.23072554187828964
-0.24164815242722196
-0.18049230894467658
0.005979334034027
0.05082388064934209
0.01660062503159655
-0.1423577347439347
-0.20208888942772996
-0.024954371720483898
-0.29270791774113253
-0.32558301461587363
-0.17750536749612852
-0.13585000939980607
-0.08411689045074112
-0.10228635399621751
-0.1823770979440438
-0.012955136258294336
-0.2652232759175841
-0.04886577610273311
-0.34251643786826835
-0.046404237711130496
-0.07709343044970828
-0.07552602560903217
-0.2736267274910516
0.16510956685021377
-0.18263952565860356
-0.09699514288849158
-0.09668020261447346
-0.07162924081962485
0.17465906399923756
-0.13686254882232718
-0.1427253319991569
-0.058463170087780875
-0.26292379571425084
-0.05832658826591851
-0.03758375834378679
0.43316900999731356
0.12094170777890895
-0.39636035698013816
0.08789457290739575
-0.03970084109111441
0.0018051447770493956
-0.23605337931058207
0.19425462886313521
-0.10534750477688168
-0.181936729608729
0.11638967425982738
-0.10281099546307021
-0.08145989280952758
-0.3732023368178377
-0.010048311891772061
-0.11963325499539483
0.06823593066130422
-0.09838458649861472
-0.102322191329342
-0.0586998118879497
-0.056608942876207366
-0.1600116989517249
0.0534558682860523
0.2821239049040425
-0.2975216322004851
-0.3985922226693446
0.30957619912433165
-0.15876614674677614
0.06667226072530223
-0.40555551137876994
-0.2926304913694582
0.029468503347237194
-0.2259045444063128
0.08096409864740153
-0.04898547191177663
0.18462923473062973
0.01389363537881666
-0.0477640026085303
-0.15997937494659278
0.24305665305514818
-0.24246864022395853
-0.19910780014489368
-0.15059780397107597
0.049285211176247984
0.20725779478037915
-0.2791311748496949
-0.23904723857296153
-0.3279450996347294
0.0569157222683372
-0.11555236805070498
0.20233281678442433
-0.12066825103848261
-0.125730243108919
-0.09469156404629275
-0.049254811453989036
-0.0004589016353123018
0.009562280760028448
-0.12264807663713123
0.10622319002943283
0.026276766395927083
-0.09483406616900225
-0.03264712314376315
0.07155556449682801
0.03418907445276842
-0.841337989849355
0.32635413107439765
-0.9250580701034076
0.12994917347173907
-0.08384566674863965
0.2550185054371404
-0.01173394071944373
-0.20550797045190877
-0.16981743861055743
-0.4000548415245908
-0.002947973784554443
0.21481664779200027
-0.5566192045961006
-0.12062295889041919
0.11138312668971682
0.08561290337138781
-0.5337997997002355
0.009725439977814054
-0.6218264358792602
0.08633992816591894
0.059387083715323176
-0.29640163355938326
-0.07848683699279227
0.1551762796354732
0.16152446631683282
-0.13384787858728864
0.21397043628769663
-0.0035164112531446473
0.012534873572940225
-0.11386118855515509
-0.008699896475667223
-0.024647298420114115
-0.3113632522098498
0.04634841973554934
-0.2746615301226635
0.14539237549468972
0.09962410718060608
-0.01259160356347102
-0.10162939954202922
-0.09203461848834357
0.037360501697969485
0.2187773959121587
0.2028651440847935
0.05412540390985372
0.0952175360167704
-0.038271317413551324
0.08974847624198742
-0.17207037551069915
0.14723402688231846
-0.19657666594742237
0.03051695464147538
0.17435713678956413
0.31009625153713244
0.3084002825288043
-0.05271241884997481
-0.14636635076175475
-0.08792113496474054
0.06644517477234929
0.021362094917363014
-0.09792003553842485
0.15806922838932194
0.10755599910744723
-0.043867886859181436
-0.1860041368278094
0.09934270882731788
-0.2733843503167462
0.3484111302417432
-0.0776947483306352
-0.35046653189403093
-0.08941684978790264
0.02585947579236342
0.05451193499622755
0.2140454473102542
-0.06405715407291136
0.08772647882160733
-0.030067872754442896
-0.1044332931262808
-0.23360583304153223
-0.038421124008111374
-0.008723445767882317
-0.020645287613536026
-0.13320510224412344
0.4823523834952708
0.16020280092739594
0.14440036402630332
0.14940356529760734
0.011289368982391792
-0.05482854278505577
-0.12269412155971626
-0.35754065688097547
-0.11605798263057669
-0.15255465979383337
0.06633426251460416
0.04043997047366635
-0.06099128547052958
0.08314958252817299
0.03907578005864881
-0.012547367998357825
-0.20994309502371206
-0.04470493126510222
-0.14506446082421404
-0.12754509190678476
-0.12043360308157704
0.14903469780731488
0.0023284059155635616
0.18964247415624277
-0.14960995892214815
-0.10702929508650498
-0.04897719551360918
-0.09508322754315823
-0.13491322772602027
-0.03549758779271485
-0.23775420312065212
-0.1411400536345039
-0.04873725940818041
-0.03570260575652599
0.11698572988571963
0.12410865185965732
-0.2661106395928726
-0.1612208399077137
-0.09326848733844394
0.1172543555493296
-0.10683651762626734
0.026466674352945252
0.10380954934512461
-0.04845857441286498
0.16422770261497469
0.032075780568963035
-0.18384413102451677
-0.1760810493320251
0.04140711493265365
0.001290280556418097
0.35404647942246387
-0.24567004951566154
0.11965689447360671
-0.4578548731228112
0.1588735919365187
-0.18706992707613582
-0.2120694917633147
0.0697201644217785
-0.1561287329356627
-0.10758670009664241
0.01579178182141969
-0.14422692113984567
-0.4102200959521526
-0.013401861785776013
-0.10155470053288602
-0.21856452283416902
0.36985226316864916
-0.30511550801409376
0.14666614761434388
-0.1593088505510347
0.026176342486262185
0.026313956190726493
0.12865203800086397
0.18455719203874146
-0.2590772927657713
-0.008241900175121442
0.046048896654399464
-0.2820168642806414
0.12418132920927687
0.16433038714610607
0.31322424665439147
-0.6774179578297451
0.19801961283342187
-0.23578063972723098
-0.2114873007577244
0.12470606277088803
-0.040377212044428394
0.04890760519412906
-0.3292160644124314
-0.030763755549819152
-0.07587711665240761
-0.037976438797080035
-0.08432902147751968
-0.21487850439783696
0.03472474706460822
0.07981672271651336
0.1504384578657751
0.2964326182815215
-0.011947019413803033
0.19991817858706473
0.2027698926437962
0.2915182870160765
0.16117966072586756
-0.09797954908433544
-0.20021946580171038
-0.11800371515168258
0.4148826626300217
-0.05709240942534636
-0.11894016289356872
-0.17701282734240215
-0.2317074209642904
-0.019092254416911165
0.005382270890910008
0.5625279524666932
-0.03690982866421732
-0.10616778792174178
0.6442081237134889
-0.3042607568279714
0.5102932318686967
-0.19518928884869885
0.02247774401834668
0.34606826335110874
-0.10790522181425312
0.05502612873478285
0.011086135727215833
-0.08337759529641209
0.21085068960456965
-0.06112490464943886
-0.05510147018283063
0.10135041322423229
-0.2813986588442536
0.1432433834087641
-0.08735280617931937
-0.11267276896295371
0.09816728540073942
-0.1902956604747351
-0.14410708623247215
0.22556665514387686
0.018000096310688468
0.1838561237154002
-0.06016308094253255
0.01730015989774971
0.15495776958264051
0.04115999284662874
-0.2881580288715616
0.10943854453303298
-0.20488319886498357
-0.13196790188805796
0.06716636119483127
0.008048645497212197
0.08528930240767156
-0.19942256563242666
0.1584430939966635
-0.1222347591767713
-0.06368634064853201
0.10921504364508594
-0.0233880376905107
-0.16405237959520538
-0.02373265223040479
-0.00546475792239011
0.267581527541453
0.2697457682335073
-0.04190999872415154
0.03368296001347246
0.0927221702861665
-0.17081285168212965
-0.29445970506457747
0.05435104603358801
0.2340404578977148
-0.12787523420752667
-0.06117964063241814
-0.009713425053676044
-0.06369196764360323
0.24169518377158752
-0.2945912461567191
0.08384827916578307
0.175725315363325
-0.15185914355577687
-0.34933591965404054
0.10645074183701411
-0.37231299213660585
0.12955120910651216
-0.23348359078780423
0.17309628589508325
-0.2117350225376001
-0.04740338997768821
-0.05276235961976216
-0.06874440780427409
-0.012940126590895398
-0.05103676935759014
0.031013661941627572
-0.04153790222774514
0.29316734554094553
0.10090530063602715
-0.18146547668719293
0.13728644161181358
0.042367899829381286
-0.20038779041138302
0.10677774675828106
0.10369686052383795
-0.1544736481221776
0.027244432401293754
-0.021284353142852083
0.11358529058447236
0.21111822710599215
0.003467307441338499
0.20455630072889466
0.01763789935002605
0.15333103098965994
-0.05465886473704439
0.12813919282037062
0.0406010038931702
0.3370482676586526
-0.111569905108718
-0.04645511586719447
0.022374870791440734
-0.08424538380977135
0.024904624294763103
0.31707635205393186
-0.016099323555116566
0.14395718393537904
0.09035969165485823
0.06173765589785039
-0.09019768321121714
0.19335899560567424
-0.05177037034196338
-0.18576350538543912
0.5500009153354684
0.07861797639148181
-0.06296174908798201
0.017606215913121632
-0.021805189417874845
-0.31766929939351063
-0.16416228405026875
0.10007482858250237
0.07111283970635165
-0.11267716385987175
0.0322734190910577
0.1046325923780641
-0.12713053588304266
0.29923613431924395
-0.07244438759675029
-0.13546185349657536
0.21237671319417054
0.05247640121923876
-0.13880634000216877
0.042220310667108074
0.09556108198124572
-0.00798760938547078
0.015073799687428844
0.13050715657548131
0.04868311320884737
0.31466587027464377
-0.024868836095312756
-0.19754255845637156
0.13688493434066018
-0.1988698703627487
-0.13849126543823778
0.25227254719852027
-0.19766677499210933
0.042170282034879054
0.18389631825792926
-0.15812566408833728
0.05418288409537521
-0.0649865666857556
0.026221213927865843
0.23221066638887217
0.0004276649012223729
0.047252755327949585
-0.055755160399409226
0.07142383129543223
0.2291106326771234
-0.21976751169274011
0.05222806151799022
0.031627856494966085
-0.01093430977222493
-0.23622733218305902
0.2965937111289771
-0.016494613706143035
0.28499393411973256
-0.3047591841801231
0.5066463955420328
0.3201617986704724
-0.01214027102851532
0.045944886449727676
0.028890286777475804
-0.07142507314128822
0.2528127292752454
-0.04075536618929778
-0.13393577751906455
0.001191462693008829
-0.23356850052843878
-0.2975445071926258
0.04241218660513618
-0.03525680974585299
0.4617734959170454
0.07293719766661216
-0.005464938990383933
-0.09530447969925131
-0.2859299954442676
0.015341458192406565
0.20060298596720574
0.038058846355098146
-0.0017147974006864607
-0.21561193310064786
-0.1495042018238047
0.15662789882102457
0.06152140721325419
0.05041395105860578
-0.09321908173536683
0.10511421212897576
-0.1548197446533433
-0.16954452613019344
-0.07685310082250492
0.07830882470881685
-0.2835108454156109
-0.17151641033248613
-0.19012385702142962
0.09299314499549916
-0.049823707462409425
0.11228882598186697
-0.10451246054621843
0.015470667926731586
-0.07988428119421319
0.05442323897546452
-0.2317038322029466
-0.07834574181061085
-0.2873368480397097
0.10417331094358899
-0.11674935594348201
0.043904102290149766
-0.13072078042221072
-0.197983148987849
-0.09024729516614824
-0.17692639566487667
0.0743991706880613
0.06112565412820773
-0.1333807338831555
0.041398554463329615
-0.09067228887284688
0.16623993109052077
-0.2083587688688907
0.029469253007541437
0.13015540198638054
-0.20732736489212553
0.09781796937181217
0.06565838829873913
-0.2230607756406775
0.2604391323969315
-0.1328546266033165
-0.15941572388089242
-0.16795293616833087
0.15822347772451242
-0.1633928353351369
0.0793814684892985
-0.14151390686164123
-0.09059966360942677
0.23177783524187015
0.04275325969696033
-0.05566135717952692
-0.03541598051066646
-0.21957965930752235
-0.07516740104280034
-0.14138160175255504
0.01134835960190632
-0.19077862095788664
0.07917703440647511
0.027249407497782274
0.16885526209856017
0.01924855001710634
0.29770217483490113
-0.028515468605831717
0.028061454207270943
0.1479069385801223
0.10059604675618669
0.06262641027357041
0.1268487313377939
-0.06895188694716675
-0.007646402093653889
-0.16319268477278664
0.06962047613447474
0.1458469117923148
0.004210426156025036
-0.06239594753244954
-0.002067197605344121
0.06459160757939694
0.2355290224697849
0.00116568182159428
-0.24353762280271388
-0.02647239017913156
0.42978406223489996
-0.018189264447979907
0.10979720602149418
0.2920875846547738
-0.28046933989243944
-0.28124296078808086
-0.17439599935680053
0.13389267912999867
0.043514651204728055
0.16054869173710465
-0.051120390899797245
0.1869351849155434
-0.31503852514260555
-0.41175873770615734
0.23680655090908206
0.14415564857944174
0.5983268534947171
-0.007445101048189121
-0.25324909032497156
0.07035549920794562
0.0928209756406365
-0.38663162863144757
0.2750445032531389
-0.27154869828274064
0.25232717044013003
-0.37440511338215693
-0.0029431096381115
-0.025394287408038438
0.1008613088313995
-0.024660801594315652
0.09187073347000113
-0.10242146605312277
0.32278263482284153
0.16543992873483507
-0.26007101435696967
0.48990645281433914
0.16941240202394486
-0.09851235022666649
0.09107130812351147
0.12351057701299718
0.1221879999760814
-0.11917963784911056
0.06419723837313952
-0.22506811166636428
0.14612486691240548
-0.2890925387509956
0.05087359248882995
0.22285878695705227
0.21029565259938876
-0.08463584084045166
-0.12008728736164788
0.3193564259087258
0.47670765284121547
-0.14338259967410355
-0.03714346939864197
0.08059712998935287
-0.14434364776069375
0.20662969053012095
0.026016683157102496
0.06777173632213819
0.4093558721624773
0.020793443098095707
-0.029538474859138828
-0.24032872392614174
0.12060589265073683
0.17484953985297585
0.0630926489479473
0.24745882919863932
0.33550979172842776
-0.03365797846685354
0.018779435930152397
0.12750480536484599
-0.11773040797393829
-0.18274070432257603
0.3385597346838337
-0.13596422150754314
-0.25790266374639725
-0.07064800329407678
0.004903680568709586
-0.13506518635183487
0.052408595775378805
0.1880436616394353
0.2710956811613583
0.06744286195025379
0.07611972757672558
-0.03409694642914534
-0.04449056658609119
0.21593840404638118
0.1730550890587072
0.20838722834807152
0.31238144313063937
-0.03723456266962308
-0.18753773344304975
-0.04023933580700055
0.25067304879750024
-0.07193865839389822
0.15547114680975493
0.14655198117876256
0.12724042253566767
0.2711452916872269
0.11750563971403176
0.13289772886050996
0.06082603861793044
0.005958616993779036
-0.013951372721762768
-0.02039066124481334
-0.07004345611874253
-0.1479113383413561
0.03278440012699007
-0.08458216109580925
-0.021874121189099347
0.29321903008358097
-0.0014146191016063995
-0.017122144334847614
-0.1609273327567757
-0.3019029028327729
0.012710975605669871
0.5350080018503974
-0.41684158239706987
-0.381467913453771
-0.08745684547526258
-0.26692019571958536
-1.0039817971458704
0.4388370058501771
-1.3238501361715906
0.28786344276129533
-0.21789861213951056
0.024685644257277737
-0.0492936004130137
-0.4623126113446177
0.1364702030917889
0.059819764931102325
-0.0786925635519154
-0.17052548208936302
-0.08163768478351013
-0.41008415345021726
-0.18638022109047064
-0.11643178141650322
-0.27220437912513384
-0.148348528989454
-0.5104485754859405
0.14897805893349586
-0.1196083585379409
-0.7462629360321502
-0.21717827433628067
-0.5749333487217353
0.06853269705416147
0.23067434770223544
0.15993099412350043
0.2048655001209532
-0.3072206183139357
-0.6122629929675176
-0.051270053359040675
-0.29607060319656103
-0.21000043501806184
0.29552081344705367
-0.18470930599244623
0.1898478910469528
-0.14809754256543126
-0.6027205194770059
-0.37307481326939684
-0.19666055481761466
-0.1386083006109273
-0.012809578765856647
-0.113695705221449
-0.02554547605790138
-0.16302551177539085
-0.17177953799329998
0.055641394014884944
-0.09298956371019008
0.041047004912177915
-0.14272502116129918
0.12072660921290293
-0.14966502386088
0.24679143816880442
0.04457846589144253
0.041256278257930726
-0.05429142391430142
-0.011123398812523194
0.18868041190302914
-0.06322042742602514
0.1730861439737338
-0.02416436255116874
-0.059693892000874674
0.014493993123172826
-0.09629083746041893
0.05692936000911654
-0.051292381561504924
0.14751417182791016
-0.1465062699858665
0.03624507091213292
-0.15374248978266086
-0.06139553935533444
-0.2767936944187108
-0.26621739887577
0.19870024140909454
-0.036372117866653016
-0.04014009101804915
-0.09228885504631663
-0.11589600887302313
-0.1013903497509379
0.10694178690286354
-0.06388614441561777
-0.08522765747573259
0.03807781275101178
0.03926163960482714
0.032404721946913684
0.03353720969577198
-0.05595970519875746
0.04065702512448096
0.09505778987419967
0.12883398530496457
0.06820028868031587
-0.27239163826175267
0.15229891107572452
0.005781591872984834
0.2919475601906745
0.35242924213940485
0.03354027141162467
0.03618956084630487
-0.24180768644179818
0.3611159013044817
-0.16841237523425462
0.1122614154934163
-0.050582690428188394
-0.3449631811473688
-0.1876511729252673
-0.13059421690384995
-0.1368029253031468
0.011106010985110132
0.09330655288789624
-0.10386522729204269
0.09294592141414022
0.15910457598581268
-0.14218338808546838
0.047014710421320105
-0.057390488327367685
-0.08892934800987207
-0.1994772877934993
0.021938901396493994
0.16739685399630114
-0.2966311619921445
0.03701870257387056
0.13509024239923018
-0.16420378953211445
-0.10231182427025068
0.04590188692505866
0.09842678070718484
-0.1358616524367065
0.1148203407955165
0.005937415013687176
-0.21476448150954022
-0.045236018102972855
0.2602033123306104
0.15974791984513723
0.12149352446169501
-0.14692637291077643
0.028353791675842403
-0.06010157999214498
-0.10682086025321608
0.3203667842139127
-0.21232444067741918
0.11143911142650804
-0.06840347662108259
0.00418727965233235
0.3620335292987884
-0.3006069812815293
-0.05618836149631909
0.23519797364304487
-0.292313670148891
0.31226299148043485
-0.6381291235997232
-0.08009371514726084
0.35444965475213286
-0.15754386447410854
-0.07021394351368611
-0.06763899784132571
-0.14905257554480345
-0.13421714187282077
-0.19174109303066633
0.30798164127343025
-0.08216736757855757
0.1808321743910679
0.11561141977090823
0.03568581977966603
0.2176239088010327
-0.4294426700169156
-0.21066811847761668
-0.18293234686019644
-0.033191277595488164
-0.027774235752546922
0.20873433837153602
0.1485076888351601
-0.17015044119780473
0.027239406951297604
0.03308140008662073
0.0545285012612016
0.2925292131765173
-0.08152547904229866
-0.07195095750242801
-0.05007822676322157
-0.5194488055138929
0.11776587375774106
-0.5772502635845682
0.027318459031545367
-0.15519893433927878
-0.09029563707465578
0.002317242100783916
-0.24539719793366968
0.018062379275665213
0.002126619408463798
-0.015605011455769702
0.08304094422824866
-0.05567809498170029
-0.20747162277084877
-0.032423338256941873
-0.05210531114393049
0.11412285841479917
0.04062421983273999
-0.09095518966752239
-0.06771377473645156
0.13879335002871845
0.07649565423135726
0.032349216099209925
-0.06646538039369008
0.09904569368470763
0.10067222321991416
-0.017494561666693526
-0.10588718804918687
0.27316899701890596
0.1554581200820809
0.14638217461387357
0.07234973096530097
0.04723425374469761
0.04373177012299525
0.09761080868684913
-0.12050788326454262
-0.094837632543289
-0.1421365332169334
-0.09113052222139192
-0.1328011166999069
0.09755036157966655
-0.08003333638495752
0.09040312573745592
0.00646410895034423
-0.03748733382529977
-0.15381758621391417
-0.29110017786375236
0.18961622400245712
0.15825269961375313
0.04686067427092138
-0.006201163547766138
0.058993451862045534
0.1704012162294468
-0.00016982076624952607
0.014624933443798718
0.25270650011465207
0.10366032512830929
0.08335942349930964
-0.005760975616120848
-0.0012836015217571437
-0.06006601419569555
0.0024576971860364367
0.12086422847843199
-0.12259383696441263
0.19735935132924504
0.013339957589705546
-0.17395628239129599
-0.25153380677084836
0.17360420136895088
-0.32461300721552605
-0.30111320624906535
0.04762004974994839
-0.2608877185291663
-0.13347180794033234
0.09595370575541937
0.04439061028161104
-0.2642534511983049
0.06350679042902921
0.028043034223883385
-0.3876823167090426
0.04625077207374716
-0.22770306363411072
-0.0150211096965909
-0.407722066311535
-0.06980220916569474
-0.47461762542097297
0.14038727414888913
-0.19093455282615282
0.03581473023024931
-0.1115804147274533
0.06556250865517535
-0.10427303898501984
-0.007444762375407634
0.0211928830051756
0.035791085431267605
0.05097956510016309
0.027338811466165264
-0.10412306534078028
-0.07049586570453309
-0.2184882123295319
0.027740640323726595
-0.22426608714871302
-0.1532279342499038
-0.18895853666106097
-0.1303573152992439
-0.09227790949649528
-0.2287412213575232
0.10563470556490503
0.031924964168815066
-0.048461815554198574
0.3181405697120657
-0.1894731999592738
0.12466419454243434
0.2632835452108254
-0.5352992924875689
0.33805422334642377
0.09010196956447906
-0.12831073434469695
0.1484957025205086
-0.09649762943431768
0.04100508192773968
-0.26970608443414923
-0.1961903408235515
0.20841251680019848
-0.12905819955996622
-0.021287961224897137
-0.19953259899329995
0.41514041301372906
0.27016862092653504
-0.42165587669945165
0.17321096289649893
0.2073628388337451
-0.19877572165022633
-0.03861543080073974
-0.2195675810561505
0.08105252605057414
-0.308793978254189
-0.18376395964009287
-0.1574669633431418
0.16480703425543575
0.002578257134908266
0.19328976132686354
-0.2104719244651191
0.23152376155091559
0.15592224013432962
-0.0018570195244111112
-0.3516429514504256
0.10070726202474968
0.07729298489619593
-0.13574393751453426
-0.3489708772437282
0.34724239842619625
-0.2158698537039491
-0.17928117843226934
-0.34499572080785124
0.061233457347207226
-0.07709867266070827
-0.10564921741119777
0.12270205486114934
0.38520611356420176
0.06171731037418586
0.1190982154916457
0.09647362951821015
-0.13052006921447848
-0.2663052361459161
-0.11523899730446442
0.1981180698180621
-0.47237470304293755
0.04593876761742461
0.07464682699755992
-0.012190746765194906
-0.03576539940910062
-0.09005862587150218
0.11054778501044886
0.03342193647200077
0.003742467276881157
0.08483784046682359
-0.014121038217533907
-0.22873742956602647
0.1726006043097976
-0.06591072900063492
0.10952437693485756
0.039771881955305004
-0.08708207159821844
-0.32672901056345593
-0.11436117089355743
-0.14973689765990453
0.008273327196104397
0.1332495724409721
-0.24838683266773726
-0.1593001712831616
0.13381612286084113
0.2623446783001932
-0.1480816245055188
0.14050149371449674
0.0013086095176551326
-0.11596213225013
-0.15125717110133693
0.023929050485754073
-0.24417060466969695
0.04194719142983006
-0.05825815105120053
-0.23760379067783235
0.06898145199745326
0.05487663364738289
-0.10536867831717983
0.16666763245183605
-0.00970254867373092
-0.12003204788183268
0.028513626043086823
-0.20248216665983187
0.005732924857065005
-0.16155945691145748
-0.03232099796196287
-0.08928019117458139
0.10963253850455686
0.09181703661800934
-0.09550844390320583
-0.12615305533475626
0.14048883843248958
-0.031068887554190034
0.007349202782426814
0.12183283437493571
-0.0187722763292399
-0.2691502041182897
-0.08583936978434058
0.13933804889432697
0.009211217461728512
0.07718670442218847
0.08164930242917694
-0.017404161071301445
-0.12028265298245841
0.0755711384125475
-0.052507509817418974
-0.15744052381473703
0.06163396647276054
0.1497050678855251
-0.03454598841615847
0.023309375065669914
0.2417229475020988
-0.20672273139125502
-0.08826450060777542
-0.11673108186797897
-0.20683496923531416
-0.032899518784453595
-0.02730312280347557
-0.14417728785393116
-0.06033001773599745
-0.08884138182302177
-0.01956917897692087
0.05139525764854704
-0.15772144411898156
-0.05371066894374359
0.07518733718313604
0.02746327724750087
-0.007500714433882935
-0.09211767358534263
-0.04658220116533613
-0.09271975883991548
-0.031097466660706324
0.04373727442996647
-0.21167371947145888
0.11338971650764304
0.17517260708546964
-0.08130231612249897
-0.2093267175613982
-0.11849395480410806
-0.022692847481556054
0.21058450298502973
-0.21807789806320974
-0.1666733635442517
-0.04175502466242512
-0.20089081940246944
-0.13725344866296643
-0.034316481051861455
0.030344641202745975
0.07563247005038197
-0.1098639556532866
-0.06169019404969028
-0.06547115203500829
0.004046131030088433
-0.12812608760881886
0.006988553801823784
-0.015833002012906806
0.15688252529318109
0.07216939917088204
-0.03543716206272221
-0.017990375377053426
-0.19691853400381248
-0.08029856367168704
0.09841327382425398
0.045729640224858
0.11829761124952845
0.05047392276054281
-0.035275645078032526
-0.013799423331227934
-0.18954096192781758
-0.09148346592147777
-0.03353976105381042
0.2050565986690289
-0.2069441081724666
-0.36362955183844115
-0.08013984503302689
0.04591378418452581
0.03495763698357135
0.08731320149579308
-0.26432822381842863
-0.19851138133973661
-0.08259253405856647
-0.09829001341832717
0.10819527600380757
0.0669756264331021
0.28952751962736883
0.10205057495881663
0.020982109396122276
-0.045109276795921804
-0.07050357986433885
0.19540316921582465
0.06072780462924474
0.014264941099573904
-0.28267311129748607
-0.07836345519301101
-0.24808566899427684
-0.06695618802842096
-0.23935005214481966
-0.21554958000513547
-0.11310260176169419
-0.2503692698560209
-0.2754374746741036
0.14835764245716768
-0.1168219144243488
-0.0032234584235451957
-0.2843474496734993
-0.06732215004549463
-0.33426623500445624
0.20559321987876633
-0.21065429068606384
-0.09862106799251254
0.18906930904430022
0.06002300833242475
0.0485913979676276
0.05690178390566396
0.1532920756833257
0.1448259460502919
0.2597219133236503
0.3336847763388873
-0.059989856802799085
-0.10661992432798985
-0.19040364219171121
-0.15139053084413662
0.10422466994374814
0.15077391185385716
-0.021760086418384263
0.07470434649961562
0.12242137642307767
0.008166315412310218
-0.23341794574563202
-0.1139789955797685
0.15813666400602877
0.18222943986667653
-0.28849059787418835
-0.07514621833367678
-0.18354198285119097
-0.003702583910841384
-0.3756089268682013
0.17781263830808577
-0.2420848235778201
-0.08764779567613941
-0.1373693836870613
-0.008043499779634039
0.08854397912536689
0.038425211754216516
-0.06769801532087576
-0.2701201887574251
0.0087615236883445
0.07671851315528494
-0.15261094290956548
0.05056922458104995
-0.09657470379690893
0.01658515840658457
-0.054146491439825285
-0.10206940824841829
-0.21028030227351735
-0.08201836180576651
0.06788865571217627
0.05572524347284496
0.014365696071021351
0.21214299660731548
-0.19005731038801696
0.03867997062212946
-0.05843013387020831
0.003996502926468295
0.2595484054912048
0.012781469150578218
-0.35667027452070393
-0.0243480907972278
-0.5994927032553341
0.0017424583448670489
-0.500871165524709
0.0469576488351092
-0.005875374161821046
-0.38008881883143136
0.15205894767237657
-0.05210172206283107
0.07580812018346747
-0.061863066702948194
-0.214599182537673
-0.15452539801274992
0.007782169221620217
-0.08991252995807163
-0.05895159435132158
0.16282678331696046
-0.00763996226469463
0.07114724691223367
0.001832407809893678
-0.2763366606543236
0.2174723413874409
-0.62016610364794
0.07707884425150821
0.342441560369361
-0.009795695808051943
-0.13142051847558076
-0.12542324449564224
0.27865437247385055
0.2559737289789292
-0.2003548184257277
-0.053713569520589595
0.14878116480303602
0.09939605089684908
-0.1360593422842241
-0.004696015489929263
-0.32595629291193023
0.2208404057047049
-0.40058732167603256
0.07732258100481665
-0.12707379644831995
0.3390954888467015
0.009350442818689877
-0.008409523318434739
0.03292617469170076
-0.23021048983155848
-0.12119720829229806
0.18792825952633588
-0.40757433531905557
-0.43683909808511906
-0.252285836602037
-0.09572388388100964
-0.6662636184930126
0.27823640396428406
-0.7456991905988366
0.2183085466244527
0.1671007906300498
-0.009242228753418407
0.02185056692750389
-0.13698042753143228
0.12809141204137597
-0.09014844146731835
0.13070354232230097
0.05770170691767005
0.17180891002473062
0.11282069545197626
0.10292627161559961
-0.29481935408756454
0.14993894912910574
-0.21792192700658256
0.20395541759077518
0.15342090828979
-0.10054101623674351
-0.19805623032368502
-0.21201187382859313
-0.02260282136918693
-0.10002275219488244
0.16331149315919585
-0.08893729445911029
0.09520032428831503
0.04082384243782613
0.5464409442881298
0.012377273001396644
-0.19427490364254235
0.2036999970336652
-0.05732502848263869
0.12301046879471847
-0.37398957067530353
-0.2633698284361901
-0.08712088872800737
0.01190184675679725
-0.1248295559633841
0.08930049053608964
-0.0902555040372988
0.08475519965597945
-0.027259102133418478
-0.06639917937221002
0.1131218222069453
0.05508421165333711
0.004715870212493274
0.02222411245930046
0.016684364204949197
0.19345804141795342
0.12698041562155643
0.12971114861941743
-0.23292406370758018
-0.08981591605722979
-0.04015756404074405
-0.07170703494051203
0.03590226290406969
0.006245659791281142
-0.164326945488582
0.003728730966602247
0.06673179459676268
0.03685494228317381
0.3154452273016443
0.028938095417683905
0.22496939514107797
0.02293079612587536
-0.6518520772112423
0.03933375014325039
-0.8472248997145737
-0.04269833096208266
0.20612327602946628
-0.12126087040006532
0.05014222557336951
-0.09654457796005164
-0.1776250053683193
0.18190327901445383
0.07467734766019281
-0.14210243654360655
0.23764787946985497
0.08355757977070931
-0.285421715080004
-0.04083460084282643
-0.5271873934899883
0.14559870735925995
-0.3927308322423155
-0.38066024276832666
-0.029714973808025423
-0.2878751162220318
0.048672246304140104
0.025918506839950832
-0.02590210690500704
0.05143107014252034
0.16467074023049325
-0.16821437745046547
0.24363167358814217
-0.019697053619294233
-0.11509443464669113
0.1317632305619905
-0.19298074255202677
0.24357509689998993
-0.39136800897102675
0.049223843506292816
-0.22551982112199653
-0.06725204333400274
-0.03630936131700158
-0.10709440441378486
0.2345975636600507
0.013592859370419881
0.2920915432287707
0.078767967165612
0.1058985215007419
-0.15223445942604785
-0.2501863474249474
-0.0472559404705285
-0.2534894000579561
-0.12941789002155396
0.1503710436599005
-0.17892597799965165
-0.05639747273440909
-0.025709951040684745
0.18022418137711838
-0.256243788530041
-0.07978444847542829
0.05321991037488229
-0.15942221349398672
-0.043131905479667124
-0.12255978318682444
0.14939075021189244
-0.19809642550056947
0.12539014324657152
0.008340026351914876
-0.16383227753179355
0.07570896742456279
-0.28962400596572224
-0.018129253168425678
-0.15708195191946445
0.09737997974051867
-0.04896131445919645
0.11738723216811449
-0.05534205076089435
-0.004557162245527352
0.02383893184061435
-0.009141215140743036
-0.1673396949273764
0.04755251988477631
0.0890458464585525
0.22860293425871264
0.2581196505907205
-0.12840536392589805
-0.20059759339876687
0.1495347949386351
0.24788105742554983
-0.16006059331470687
0.29945170814898436
0.1818665534875532
0.3857125595307422
0.04634037261115748
0.14942087412322674
-0.18585915427448801
0.16336831832338597
-0.2119888296262152
0.10962378156682454
0.044722358328312346
-0.0848009997754557
-0.06943216894975572
-0.02979630642309182
-0.18028163823125243
0.16568775142122769
-0.0752637831257642
-0.3421569669141735
0.029903244247752196
-0.17143953392649355
-0.07427713255156297
-0.0906759901118035
0.1327136029411972
-0.11167757954152026
0.12389463319749362
-0.2928998200953907
-0.02793529262378663
0.12305348926372563
0.15251220855315156
0.12379864914053351
-0.01229279515517076
-0.014226185839588554
0.10952670169834039
-0.19522600207571786
-0.3018098500530088
-0.056620280872993346
-0.12085189625614322
-0.08337262848040503
0.03818969458550781
0.14538331877261576
-0.11123096475933435
0.1809309776561441
-0.3085772805256724
0.043459052575924334
-0.07984263838531386
0.07015389644863887
-0.0593535197411037
-0.0883657491448528
0.2396628835914123
0.3407334509067871
-0.4334574696396664
0.1693371041742244
-0.15827816217575408
-0.10176348967468726
-0.2062805373645441
-0.16333539582513845
0.23285358090019484
-0.5000268808956053
0.1466766019250538
0.06275328130485906
0.22403157869219867
0.11653097484476498
0.07053757969331242
0.039461857658812924
0.22858513336233224
-0.06197117004778549
-0.1758640979300833
-0.04340654114518824
0.22682040262053652
0.021945881680924775
0.26183155997465146
-0.05379647552898363
-0.11271945366153013
0.37475398679968824
-0.24185336704131688
-0.12276901951495493
0.031731373271541644
-0.5358435903394915
0.21079514842188238
-0.574853260136873
0.03994515945007876
-0.22868652866009798
-0.09042628899927667
-0.14687183701297216
-0.5447514302965784
-0.03993242801578924
0.09135202080512632
-0.06489807367934253
-0.017063162292507313
0.2792648902991383
0.4635070072721063
0.16325647132039853
-0.14806411262670674
-0.07657704666663825
-0.19927411198120304
0.15933651648518518
0.297351549343826
-0.05447820326949905
-0.13031786127378137
-0.14879093136770152
0.022770965792428557
-0.20873845734108487
-0.116056763841912
0.06298765168313868
0.17907499233192525
0.17514311299496163
0.13370258304127575
0.0074015709395266974
0.12501385630392872
0.2327109178048268
-0.1331312029317981
0.21238104079402084
0.2616337410797277
-0.16798444533585907
0.09370491088148783
0.20470273132438932
0.0330590889563254
-0.09137702625399727
-0.007173214734171381
-0.13831773918698484
-0.08755694735335741
-0.2234054374875216
0.0951365576279138
-0.21288834462858297
-0.1139350934122899
0.07427335161462761
-0.10070525819149935
0.04013278362825881
0.01752636108460737
0.01764851042362765
-0.2915938582188411
0.42590202862678456
-0.08271644190320446
0.35053538452393385
-0.003525346128535713
0.17526052821757962
0.41644350400960045
-0.023443909120686578
0.21545670707296374
-0.11649855974994335
0.13705319261311344
0.13670157409372602
0.09032241965866299
0.012164740065190024
-0.15724862978453763
0.13734236934356708
0.07178592326785077
-0.08157496935217223
-0.39748935663242196
0.10472944764536757
-0.19899727461870811
-0.013917569451404268
0.041139966216453626
0.3337279283215558
-0.19676909120621824
0.07655588365274817
0.5188498548274287
0.6667527462553456
0.013287070319752152
-0.3434236471990211
-0.22394921181940763
0.03533808283176275
-0.43041167091110044
0.12147226885531902
-0.25742701118978334
-0.020974399586380456
0.036300013506364456
-0.09002784202051922
0.12536302247045633
0.3052747566232178
0.12087761358696024
-0.008796293982648213
0.3185285223768572
0.012989631610775055
0.18664914154220064
0.12114318424530734
-0.724100863533833
0.18361632274118092
-0.9438895118970034
-0.051121690961356075
-0.02580588311290565
-0.30752719315052884
-0.015876080429551787
-0.03653160150107173
0.09188608950264206
0.21206940839513239
-0.05792463439382583
-0.004897530935306539
-0.015093224740430275
0.4971460091900202
0.11491026594036388
0.09210223963279426
0.04761052029019968
-0.08151228802060817
-0.11348637452621994
-0.2012761959654002
0.024557278786273867
-0.07333335922511384
-0.09614339363477321
0.14870144258259538
-0.08396105348041528
-0.3102631247442987
-0.12663804418910593
-0.16716346245751582
0.1536508241133096
-0.10010801972912559
-0.10659536111599784
0.03249418297216384
0.29782449415327794
-0.14516953514233882
-0.11315310575162507
-0.07823836943645526
-0.07793181962625056
-0.24013017957515495
0.07074577017328221
0.1099356120060802
-0.1509395534350116
0.02295791818928271
-0.25576139426315064
0.21879320418115952
-0.1523387858823245
-0.15673578666255616
0.030570695328341287
0.01798979009284527
0.014887301364278955
-0.3073745121906691
-0.47343457353716445
0.1689194333799819
0.23125255014048296
0.1076645638567127
-0.12297996546766567
0.4260329341649739
-0.10788175545387782
-0.38178040867285634
-0.08124436687758814
0.10250682763374848
0.322743865632079
0.23692034649820065
0.07568067185534787
0.23391319354851375
0.16703209822726375
-0.10721583748883604
-0.19886087443208297
-0.15832497969902337
0.06378222563411733
-0.15327530067827133
-0.04342908192000401
0.053463795681256907
-0.05434763290875449
-0.09887452121887322
0.265504676642721
-0.25399230456315536
-0.31693565452898714
-0.1057736441763738
0.09344884553958831
0.10743708619437517
0.48950445379371993
0.23358164683479196
-0.029687119879272226
0.3495809588809187
-0.3906489363407461
0.08622174171852456
0.16070935725809055
-0.23547447518666922
-0.3760647075306905
-0.20743968445145683
-0.09568799676486836
-0.16525693297169514
0.10449076510280102
0.05209620869735496
0.32150044634107505
-0.060295609401465944
0.20529484186062344
-0.26750472765807287
0.009712030737001826
0.09803748896675984
-0.06313107050818217
0.018481043360251394
-0.18893273671027558
-0.19625425928202284
-0.13785274235120545
-0.1354743665781019
-0.08484030491676446
0.2419746737450183
0.014933589646249093
-0.09441470056688606
0.14344749224512943
-0.21579690204707339
0.07491872415319423
-0.2227944628188349
0.09473511737156383
-0.12857960548353695
-0.056140393623693594
-0.01420625741889262
0.19367054980913687
-0.22440561182877622
-0.06394393379942195
0.008132800148663426
-0.07409171182892776
-0.28142949212103985
0.029422026734761058
-0.4185138141008343
-0.20833768132266134
-0.04545973409988349
-0.4197174564892589
-0.00032458532909913906
0.04188988343615176
-0.04630715708014676
-0.5048945821722456
0.28795543777471944
0.06922324803026554
0.2603620432477959
0.05198736287995874
-0.067425393144801
-0.18563767361757497
0.057637956615325406
0.04412756792065453
-0.14505322886165398
-0.17152528310077705
-0.09465207558506909
-0.19236544619218168
-0.13974481209026657
-0.12079739880762094
-0.06945792073288826
0.27485524097938296
0.11141678753231032
-0.218126095601629
0.0352423563790155
-0.12630889443154164
0.07505600873894584
0.1296429611053356
0.0418961596100839
-0.23160974885223154
-0.13226906197249305
-0.13152180057017868
0.3509565451408593
-0.04243934716837058
-0.06494872423353622
0.325446863187516
0.1401380514937703
0.19526955020407397
0.14481240669774595
0.13110921602770836
-0.15002760948324734
0.20088274725708966
0.006497208973214369
0.15583187190234832
-0.27389345155434486
0.1090713041231701
-0.08367247756441218
-0.22474433050730794
-0.0639527021387814
-0.46595427786376287
-0.020692635224798476
0.2712327108794953
0.22508270278809708
-0.18826342017980574
0.08484593887944503
0.11335270000380941
0.09506240866123264
0.23994423918189595
0.40135383645306477
0.07641299320499816
0.1905451969782972
-0.012469702487769851
-0.30346483592404816
-0.028274492101392913
0.19943107601773383
0.16398977590345573
-0.18510654567674975
-0.05744161099734298
-0.23830598803002057
0.0433483304664299
0.028937752004991255
-0.4416833140897326
0.009441942504579347
-0.2563318661677163
-0.1444933437911133
0.07895984051672687
0.0626880338481385
-0.04728193122811253
-0.17995961750185216
0.05867932413113359
0.07566798163845224
0.2043924046591842
0.05179128478978905
-0.2331018578943712
0.1618358779689855
0.1700010044981996
0.15683434050850786
-0.16991157727861197
0.2504397476974225
0.2740130416058709
-0.08874305033543893
-0.1530617235983231
-0.4085172612961122
-0.044854209380368305
0.3256250291060903
-0.10522723838115298
0.032709762872583995
-0.39333252882928116
-0.048288062360631684
-0.22389661058326826
0.1276969229492975
-0.020784421208333074
0.026163524038741778
-0.2057454356162554
0.17071848171728843
-0.0795932873548301
0.4644145192316452
0.1948970431870196
0.2180135503409302
-0.04824138841455769
-0.07534152605424169
-0.17177187352982018
0.07261968242910237
-0.3229619325506057
0.05020902809502944
-0.23120416016665618
-0.026411189333071232
-0.19621859686314128
0.04124290938836507
0.06714489652537596
0.1511541428346018
-0.020400695248473703
-0.07062587692419638
-0.014603196103625928
-0.043649938164966685
0.2404053591882941
0.29541411420400265
-0.07053059428552554
-0.046920278436398996
-0.056099542865512345
0.14656002485013936
-0.18714663031294582
0.09520724392820336
-0.31919238460683796
0.01779674200070052
-0.1975863504327636
0.14231766148583097
-0.23406956238195062
0.2376959266837296
-0.006714083853029117
0.08183005375511376
-0.22880584471977863
-0.24866053895888432
-0.10820483751314221
-0.060531389715656685
0.15535399502131836
0.11718085325332779
-0.31620498799359276
0.02401638710791541
0.06629259074260546
-0.35898089506216246
-0.42040873653323246
0.033937599789679175
-0.07436285634084618
-0.4851723584508463
0.18365710585363387
-0.40483988600458926
-0.04579127870266157
-0.20964793565934783
-0.2079328921160661
-0.04242729696032631
0.06951534214416168
0.12722589396905348
-0.20344399164707935
-0.04884425388722054
0.22745038781142377
-0.18282678258745744
-0.02116627487881901
-0.060634075342862186
-0.029050066675260056
0.032740880004928204
0.3443794940889545
-0.4837388646330073
-0.0820214230967953
0.14103138510995702
-0.08093598381288174
0.09305501231381184
-0.03384091936350385
0.21757905763524893
-0.14874509551129034
-0.032684745903377506
-0.19501106162159296
0.31120664282479615
0.3369746546597257
-0.12130429647614666
0.0676671913245615
-0.16465236592047053
-0.1099215012699287
-0.06422937863272576
-0.3217306583597378
-0.08191767239591428
-0.11981101400120468
0.05542305197849827
0.018119123182368677
-0.1956230795806496
-0.1445710789358377
-0.008870966366913783
-0.14014304621084892
-0.14968149359032065
0.24613818526198655
-0.11329719683852485
0.12174603193065084
-0.09439078324403491
0.061290791678318975
-0.07205450917606669
-0.12482770495224443
0.22754561242848378
0.011676096701485054
0.0037586558398793415
0.1290352554983273
-0.06843174269154564
-0.003269855456142106
0.042386577267548096
0.019170588604380052
-0.09934528579056409
-0.03232182922183367
0.08296025717681732
-0.041691110607315986
0.1669312067652175
0.034630302140133316
-0.06395970740518184
-0.034887397161848833
-0.19842837324381996
0.43488016809929214
0.0013416435108847883
0.1208568851895914
0.0030275350030031342
-0.012886702912911805
-0.223888754576983
-0.204715323340228
0.12740162447312905
0.03101878289711489
-0.16782886655960075
0.08097368904203574
0.09185558858343862
0.1171343716317493
0.114750943547724
-0.12366448024543562
0.08612291439730374
-0.05586497612152483
0.3463370931521262
-0.1017714276233378
-0.04160513845589188
-0.11932132994846774
-0.22409084478094937
0.10689688641599039
-0.14369160911179904
-0.4484075846707663
-0.21192809832001297
-0.07554466760794315
-0.2891799528200243
-0.21418592959205565
0.011200932262737783
0.1376448498458767
-0.25952449875966416
0.49566340691179495
-0.3585728683236169
-0.02245201780077172
-0.007803062397669561
0.15192586445985276
-0.19055369355213161
0.029470749667666184
0.26041028460272964
0.3925973693602814
0.18331008623011913
-0.0038645348005323724
-0.11188455166836273
-0.047048401374545655
0.13136409293752838
0.33243887083742185
-0.029675993346531458
0.18021583038857578
0.10052469151826049
-0.1969098209072223
-0.195594989497225
-0.1427432870754979
0.06102991738208539
0.1134366457335705
0.11700720431828752
-0.14754386056727106
-0.14065930425447995
0.30861266934780424
0.10738031178070014
-0.0027105763505555634
0.10233407649012337
-0.10362007428448297
-0.21306337110722684
0.28828204985852796
-0.22666219209982486
0.04169656576325404
-0.03122958199867402
-0.3343380295722643
-0.17009661695023948
0.1396317090162467
-0.3721922367697847
0.1411749621295917
-0.06769819221168795
0.08137892862596031
-0.09625226869888301
-0.11896003476308763
-0.08095554522891651
-0.08509277337155913
-0.027699070496571575
0.030787733301610047
-0.44806702445812613
0.31363060628000006
-0.8647407385886442
0.17907688283165493
-0.2342919877735249
0.11139533375359587
0.05807787338836437
0.017508624172099634
-0.015410429521265092
-0.11882250761998728
-0.1029800607167514
0.12962201004229149
-0.2704416707803956
-0.17882827782061994
-0.046255513826664374
-0.12711435511674202
-0.12429029941796488
0.15167073106001755
-0.07297021262563931
0.17775787936342424
0.021050018050609482
0.09864257307678585
-0.19375800202326254
0.05438028139647845
-0.11887371929159439
-0.02160611300859039
0.22317599589528492
-0.01897434851499221
0.49091085075356117
0.08681155977077239
0.20718413396021573
0.10873267297324918
-0.09470173148744021
-0.37060094469875726
0.053470335369649596
-0.09771067475190481
-0.024561339235095753
0.10264080009052133
0.05046597167804375
-0.10423016106479029
0.02724453716045921
-0.056856476516319275
-0.08568991298951636
0.08351092984332038
0.09128045505109596
-0.037480668064666565
-0.03336837635394946
-0.09220945962657484
0.1847288513568815
-0.039877832604866395
-0.17697019834487127
0.0642044217332764
-0.08207130685609362
-0.05486786071872233
0.0024340622768372192
-0.08730516665223693
0.07528194923472731
0.032281118731631614
0.07728682007447768
0.054358880422530634
-0.0658078357490218
0.3165343596499471
0.11592044874231151
-0.03591037605935284
-0.0699912200958648
0.012536404646545728
0.26469513713282533
0.224874200867156
0.05458866533050779
0.0007262917995015643
-0.03403385655971966
0.023720432829671227
0.058894630254640985
-0.04622106861587874
0.27415671041738254
0.1971886643591841
0.1317338433543159
-0.005670509283404303
0.08540933869780322
-0.2048854644478903
0.20878781934911902
-0.2445998296081481
0.06681858101756885
-0.1089188035793208
-0.24298875802392877
0.2154552363206024
-0.05051033628605382
0.075276207949327
0.04387602230512827
0.10755892413435653
-0.21111835709040946
-0.23613112513492626
-0.07226865023276317
-0.11895630555339488
0.018306027175814314
-0.036334503108996156
0.08947350722978126
0.19979704242240476
-0.16745639339935328
-0.0445479194086837
0.0786767785662651
-0.37008493903797707
-0.1683906359299441
0.03183036436334408
0.048289716210430676
0.03408803834020567
-0.2256832582912702
-0.03674858951745412
-0.2127478549683508
-0.021327522013341652
0.17607562754643852
-0.1329917524368998
-0.20556385372014427
-0.007735163119380328
-0.1183833750590769
-0.6171843933144333
0.31102504142045695
-0.49047948017735415
-0.02925696524215316
0.2864824891590262
0.148066461266637
0.13063577963715436
-0.18856940605505904
0.05172355587264024
-0.2525536745077789
-0.20664973025598135
0.19745180750793112
-0.24137875262076142
-0.14426853333623005
-0.05212633394859739
-0.04029753326084779
0.3193924381801711
0.11124265876804432
-0.1888797403293053
0.15890533562968326
-0.045241545878684786
0.10833974387473715
-0.10286967105165085
-0.12574431610423914
0.3465141886681918
-0.09158712175504959
0.08975603343361939
-0.11536708995884107
0.28275883426101406
0.13403069242437443
0.2053264453402304
-0.07055520065863156
0.033716971567651924
-0.36559273051104196
0.02156456696644492
-0.21995032257884298
-0.008707080895833547
-0.2536570370901391
-0.0953576193666676
0.06204267220018621
0.21287054736243735
0.050311065947325186
0.3907812157835605
-0.2688131599480248
0.38397978341563127
0.015017921772371703
0.007752634625214379
0.17454907854627444
0.3105090510414052
-0.1643876014428279
0.2153626423947492
0.13728755459761086
-0.10174744698179435
0.20539078999016663
-0.10802391078796533
-0.363713361526541
0.029418341521572203
0.14858737872338804
-0.18582129816481346
-0.041767111019930886
-0.10345959769378368
0.11298972243199383
0.20966695001065327
0.021460489740454877
0.19403473091242132
0.05073599060276158
0.37867421883163876
0.004060258986007771
-0.006741636976307055
-0.09089489009495026
-0.17504164322678795
0.09123262633837458
0.061491438260635765
-0.007803125820992106
-0.4885590045915124
0.22307525666750952
0.09761601213390418
-0.16774839700506977
-0.07307518365345321
-0.14587745845137282
-0.22384432462263254
-0.29750724840287696
-0.16392248526534406
-0.4671312487862661
-0.11689577544419226
-0.1369291052318673
-0.11562403350064457
-0.1390519224495018
-0.23779381344664513
0.249969848513734
0.16081788407115963
-0.4733937447503984
-0.34798563667694127
-0.20227287872683689
0.38456473834759164
-0.34579636765563393
-0.47504731494246355
-0.05024920257405535
-0.5026652161653338
-0.19078054182819498
0.406345714366515
-0.6860103472631212
0.3244292476457082
0.13751696369195016
-0.2020213233931512
-0.35124974886354593
-0.5373002175814781
0.22316165940640847
0.2128014724009498
-0.10467444362362427
-0.008333580452466589
-0.1860424182875825
-0.09190921178501275
-0.05774840338708126
-0.2972429367269831
-0.32406873237667283
-0.03808282803458057
-0.49007838058702763
0.2511899903242387
-0.11520673489865223
0.02282388233379743
0.07463962103116702
0.011215592649405822
-0.06369299378753425
-0.19031156377190014
-0.15020878814879363
-0.19480086253053316
0.1292303805748918
0.2978848418872074
-0.11571534871414775
0.26868885391633845
-0.07664408567534317
-0.08979997726470376
0.207331055839316
-0.013587463954705491
0.15760690451474205
-0.32395755172970975
-0.07327240193729213
-0.1262371458755671
-0.05856247029280039
-0.08874190774751835
0.2186797302718416
-0.23563921187737902
-0.04066742720926446
0.09527063945427212
0.03868537057259925
-0.13200094435691387
0.02591875955163587
-0.13941868543297795
0.025842447814619193
0.17488995176528763
-0.018939544472023635
-0.2470420028229571
-0.08342173680290038
-0.06211839321904136
-0.29346897635265073
0.23617777177418042
-0.07272319197509251
-0.07530647190652784
-0.19029054273334525
-0.24059037018745083
0.15761006970245767
-0.30568670986462604
0.2828878887911543
0.07718360926268827
-0.06383273350156389
0.13296097514438782
0.01216091774641851
-0.27374214853747136
-0.29613616679347354
0.10552887857117489
-0.18628981893130497
0.11967143540272665
b1
0.01676103607028037
-0.09261354111831538
0.017673805284712386
-0.030298415891992336
-0.03693005017611451
-0.029654056653904585
0.03583886108897772
-0.09469343940014088
-0.03216503539671508
-0.03655310467919687
-0.05067935157245508
-0.05842315368489029
-0.05006791330601889
-0.08634338410870986
0.020829980817960007
-0.04342600747097342
-0.031551009325046744
-0.06373717570880004
-0.070938734654455
-0.09479968660667655
-0.08925201108678887
-0.034580127223170144
0.054757662698063966
-0.08751186209515106
-0.08849522368077527
0.028702646607954886
-0.0071866218666035596
0.016777172529045054
-0.052039115906679895
-0.006791801974662219
-0.044681488604362656
-0.04580375060915655
0.028260603075955112
-0.07680397641394753
-0.02904731515353435
-0.08148880952127617
-0.12599769151460471
0.007923398182901945
-0.05202502096060681
-0.01123759860789427
-0.04509435628042707
-0.03976625606956899
0.024162592257695535
-0.001090428169993161
-0.03445398374001075
-0.07940547893550579
-0.031752574045546045
-0.026938063106332136
-0.01810154935839188
-0.0789123249938827
-0.020707437086588846
-0.049205166895222266
-0.0008365564630322806
-0.05791180896670987
-0.10270128148845313
-0.040607283272764326
-0.123874536142383
-0.08948788837972182
-0.0817214614979461
-0.008685713977913508
-0.0429307767551015
0.016311106301548212
0.01928601250875768
-0.07890058819344815
-0.002582811492000038
-0.032261251647723616
-0.05612079928326162
-0.07451450679469349
0.012559132272832245
0.032345058080361706
-0.0012022149469964921
-0.05965613880266513
-0.029199034229660355
-0.08311249187276488
-0.021383198442449937
-0.07814681526239058
-0.02824982534592907
-0.0334625382411044
-0.0655397389387486
-0.06382084795250344
-0.03518685479254998
-0.03488568167307144
0.03398994875347755
-0.08484078876595423
0.03592792105030836
-0.05159977741387293
-0.0377606533088173
-0.06808217747169407
-0.10012368340966604
-0.02270379971118318
-0.12281998298194324
-0.05996530089011688
-0.01052970598043991
-0.10596874826547097
-0.06831546233177965
-0.027562049421207633
-0.03610976064495543
-0.13933815742471264
-0.02984155890891275
-0.06527718625754056
-0.06904446245712949
-0.044494895626382924
-0.06765937306723058
-0.03612393543144094
-0.043581699344533494
0.018833602252252106
-0.1125105503622252
-0.023187219613315265
-0.0352180848380798
-0.036408903488991035
0.006553346747762243
-0.006375123684863045
-0.00015091734909153317
-0.07352262286281647
-0.061370369794468804
-0.047414417792806064
-0.039025734482807134
-0.05538294779440901
-0.003567334462398071
-0.0660307480331174
-0.06805336893710709
-0.03943352433843566
-0.07872277752123323
-0.07965861785046666
-0.03234179474458041
-0.051780493943727954
-0.00207119812299033
-0.053543830442835005
w2
-0.4410229617623255
0.09463328998199252
0.12561253154593366
-0.31884352820811357
-0.12022560663178324
0.03269338314344939
0.2450147074368935
-0.0636761347826935
-0.03107208695974053
-0.2862114303097935
-0.28409040416660825
-0.18217102767564164
-0.0741469932472097
0.16198216801937923
-0.14265342578185525
-0.3356073365627917
-0.12569548776828163
0.1123943164003398
0.017215871812117742
0.2538750228001475
-0.1779120828433804
-0.21569503219883518
-0.003308342185491691
0.02123535381921663
0.07381514069320032
0.20489797679817875
0.3223742505419142
-0.23521838443280502
0.11457653243683616
0.06999674564694203
0.09244164281136112
0.013706771316276845
0.1254689547826121
-0.1070470155979955
-0.3557868694526606
-0.086905309457247
-0.2525510894641724
-0.2582267195799161
0.16151961409199808
-0.1269125969908307
-0.5459893451254452
0.0860685528223511
-0.14341438644786406
0.33515379718617117
-0.1328846576903078
-0.36687566049330633
-0.21354944157156644
-0.015299494981380392
-0.399281679785656
0.47839029754199164
-0.17423087623634695
-0.2643494521331865
-0.08681664761917865
0.27714346057309963
-0.3502807317660965
0.10662903833878247
0.26935808858269517
-0.0023891414492751605
0.148065853689143
0.029766406443674457
0.06626380349471211
-0.051112975118881354
0.26173535751812815
-0.1523657779679396
-0.03650440063987728
-0.17459484061720162
-0.31571175033834004
-0.11701248528101418
-0.45010427897996813
0.05376476413273578
0.01630179155526011
-0.26679801504190664
-0.299837817187224
-0.12709953233334978
-0.162682200447934
-0.1819848946699543
0.15213221790690665
-0.3734062432288272
-0.11119867474252265
0.12607796902544985
-0.37712303379027745
-0.061493255184349026
-0.17888338315712418
-0.27120100404045544
-0.11356308130727291
0.07444118658069906
0.03288260512468789
0.31685720104872
-0.12785541935834033
0.21630768233706085
0.21606649442572146
-0.18596499470551703
-0.3809644104520125
0.11221713083493619
0.2245723952419729
-0.21798676235487027
-0.11357718582162007
-0.0404241360773025
-0.1451825085491153
0.11402022003873985
0.3302858921295162
-0.18825264533473324
-0.24079762836447555
0.1999559656313687
-0.22750954502441578
-0.058813370698358486
0.16450764657700725
-0.10258636384555377
-0.10890115965902009
-0.30277832183194564
-0.36465692630729185
0.09867752009555654
-0.36590655341071676
-0.09185657349840926
-0.09519854933867658
-0.09967583551867261
0.24011734861377143
0.19152703143402316
-0.19918461497622833
-0.18586085676252392
-0.23933300689514383
0.05639943340843425
-0.03870356799849964
-0.15730223913730793
-0.10027439553224601
-0.2962701522486885
0.119745554599356
0.0015372936716850484
0.0487964956422514
0.020015013967220188
0.15357894143634812
-0.32275741346971965
0.15988966223531895
0.009643098632411353
-0.12667186625933138
-0.17460086100828315
-0.10935443641900756
-0.11572501119572368
-0.0687924607851079
-0.047884842400104745
0.09431845310910178
0.06024758989498852
-0.08264240931400554
0.16977645206098285
-0.141402551725847
-0.006636085672971529
-0.014417360481014727
-0.21734997498155376
-0.40490327723308417
-0.002331954704929995
0.13502044549457873
0.03261419796322624
0.041967750649059284
0.06354119810858594
0.2524724420841507
-0.03418546914011255
-0.1490973844719276
-0.25024189537793373
0.14075077170007647
0.08957781375688943
0.30612526077405067
0.3016244124752229
0.17732083537509194
-0.06590879683631304
0.3205966933018341
-0.05839303464727542
-0.003908857293701295
0.017448113459025714
0.13124687878916858
0.09630930751244625
0.1874932523743256
0.012892682173847493
0.3574546447178282
-0.1412912528855247
0.02780462266872784
0.013779703768085818
-0.1000558737796443
0.09954860060318291
-0.08368080998058165
-0.23194208171386282
0.03291103984287453
-0.07234340512021235
-0.14961213989345526
0.15328138477297654
0.012136091609301947
-0.02567188769332164
0.13952228972782418
0.025836661530074443
0.15667940479029902
0.13359533440225776
-0.20863296627050257
-0.05648118735943135
0.25698741089100674
0.010437519233187881
0.020350458584581097
0.13936377657436955
0.17389934031856255
-0.39607116359333583
0.1796988687707512
0.05052066028455646
0.14781824212225328
0.17198820780643315
0.04121311697076594
0.028631083508266337
-0.09522105242094228
-0.023571061589372947
-0.05763608853030728
0.025106912489767236
0.0682047796122594
0.021180152165182896
0.018288575116159406
-0.009568572278639968
0.0214788252642207
-0.13238951701025947
-0.039583672295470024
-0.1064585465643438
-0.003754117682497086
-0.22501111873641547
-0.09692911782464955
0.02833848542639781
0.024171039783009978
-0.15298994559974655
-0.16864209592083587
0.00355291988689522
-0.02827155656585141
0.03958499660481263
0.06431028704008987
0.0059310619459172174
-0.0002225509017022665
-0.03548458649574139
0.08017092179942205
-0.017412683427860103
-0.17517335766118083
0.12268777502595313
-0.052051375326600625
-0.07941731950629022
-0.042317827165251266
-0.059939525517064975
0.1767065799470654
0.022480458359987437
0.11980032810933142
0.0197208948668933
-0.13441650785701972
-0.054170233660537054
-0.02517377321947559
0.058116345961983826
-0.0006391328115160688
-0.037793714215055486
0.2533515006316379
0.22647745158448057
-0.12378087395849513
-0.47191522231121796
-0.05719652737441953
-0.25690391204727764
-0.041942625152059335
-0.25359032794166075
-0.06890556622290768
-0.3560845749981126
-0.11187633604760168
0.07014383005291083
-0.19237280169061852
0.12345149913333818
-0.09209660283530142
-0.048834715156318396
-0.23422481615942217
0.041883373589290805
-0.022711445223505284
-0.20098311272177005
-0.05101648330735627
0.1473638685167508
-0.10798615029742578
-0.07896861442445756
-0.3547320071399179
-0.4058456162590858
0.02951607705808446
-0.09790372387633992
-0.25510789675862316
-0.12720833489158537
-0.12687995491258086
0.0641012297972105
0.0603125681151796
-0.17742114983683552
-0.12594997106677455
0.07054583373148246
-0.23927012479839327
-0.19576027410404986
0.023440805166762665
-0.19079735881180296
0.00101323246328585
-0.02909787988299204
0.02074090040626188
-0.001093513806433941
-0.24899590356574952
-0.18110859823989925
-0.26244407956677906
0.041984041411964455
-0.03494452210094199
0.11446375901810964
0.028355525518867986
0.04099063443510747
-0.0908634053685264
-0.08039501896041155
-0.35864823247912925
0.009963650525225683
-0.017238829047958572
-0.08205745803977087
0.30240475582861365
0.23702007788186968
-0.014469098990418875
-0.17823765674384928
-0.005537206477421406
-0.18974443246351816
0.02172539158434438
0.10066106829821908
-0.04427685655987301
-0.2589964969196678
-0.22557300460811472
0.029964529872989972
-0.06397947722904546
-0.20763908945633464
0.14453476566168183
-0.3279979379114972
-0.2804532762779294
-0.22883264101747142
-0.049269939674875605
0.004653649739602645
-0.06569684119429617
-0.05722036179216053
0.012631716234254374
-0.08266593083173192
-0.08252293825590483
-0.08144211159206888
-0.023965697383571453
-0.09198347112143651
-0.07479525506489602
-0.11048463802959403
-0.07417273683579836
-0.04585903495830851
-0.1580606034506944
-0.4156119345254829
-0.1576388673489047
-0.023414986584447236
-0.055358613353511256
-0.32764462218624535
0.08679767510442028
0.040307953913815774
0.30653098471006307
-0.12073186732159226
0.01398602030420047
-0.06346061886719678
-0.09512023428663266
-0.286194000566405
-0.05126946844323044
-0.2560612305052873
0.1146173938783211
0.12782655521544797
-0.30646050611330716
0.2631687944338069
0.16733715011914418
0.2009365334016634
-0.2777704311836605
-0.1018916636210651
0.05625296653907702
-0.18859432864779113
0.11939053466655658
-0.003850979201994839
0.16008960847714004
-0.054575689007654755
-0.2648330248691732
0.052223016002914846
0.030911281287122963
0.09523031922328078
-0.10930156863219893
-0.07764079706178374
0.11382948970155252
-0.0786168587822372
0.012597996789586084
-0.11830438184525696
0.02016827536862996
-0.08120486266389884
-0.3344027099478963
0.0894055636727005
0.21472475341098454
-0.01689758542862566
-0.09776082641866526
-0.2091850169075995
-0.0934150015852569
0.008637584216853983
0.21657502456827116
0.13121550456907438
-0.11298295955325804
0.1190832939444623
-0.1928646052068644
-0.34889103007158173
0.03051100049121029
0.18080229684664434
0.021190665135040847
0.002485257540389195
0.08712609217121739
0.053379314938638435
0.13597177448373296
0.14568466925814397
-0.17207669907725068
-0.32115368209239836
-0.098184633625125
0.022749937367258638
-0.1855729384634404
0.05820749978712449
-0.07669942758692676
-0.16369716941538223
0.058956670335109915
-0.00617143305416966
0.31473446320086934
0.26003308907136774
-0.12798225792040405
0.07518527504610509
-0.011300049653495502
-0.042044862935631235
0.05885923176930635
0.03910874734063807
-0.2338138017176778
-0.05670243819672267
-0.31554774517363426
-0.007530509579260122
-0.2361916383196732
-0.009316001012444812
-0.20381853724151733
-0.24778358854104243
0.06390834002753308
0.10155944261999084
-0.1946339515680005
-0.17324767008913916
-0.5257232664511349
-0.06243617058265909
0.044600189182398074
0.27285059473791506
-0.041714005659471635
0.08124742333191154
-0.21611694224463107
0.08682516485740521
0.010412060930504327
0.05541822401763081
-0.0663918475914539
-0.24001750552049006
-0.04237017938311755
0.10016040032419667
-0.047510962665876434
0.15862271310819714
-0.06248093187291792
-0.04797542113643763
-0.09844975671903179
-0.11028883828984654
0.044963130634523354
0.059036515435589784
0.0283469088007679
-0.12572363687329668
-0.05706785138339252
-0.06108896939736266
-0.0657512279031582
-0.08914618406509497
-0.06971033000716848
-0.2018584113910828
-0.10516694471847517
0.02183982020152793
-0.1655175449808528
-0.0231426780372727
-0.06688778376215068
0.10977153418049448
0.056621598385097394
0.08072953905394419
-0.10560390295501448
0.06560826458896113
-0.0642160822520893
0.039320164474293
0.29911711827318566
0.004789341903950459
-0.06097810892722905
-0.007436387518027813
-0.023140316554651336
-0.026793843200951652
0.19251110171322677
0.11595173161453048
-0.220636221293817
-0.029338969479899446
-0.034314204601954106
0.10917132665456598
-0.2407059254647329
-0.008363396090280122
0.05187882143514302
-0.25142093334014165
0.13448462107514408
0.0820941352200723
-0.25287880774206006
0.056659775072226436
-0.15487284133172946
0.08590669512186339
0.12343925546738219
0.07317326972712686
0.0645421161401537
0.10054894159739686
0.11525980798544877
0.1225671907672158
-0.12333890916363749
-0.05785361746446019
-0.27804790122015943
-0.1674450761890093
-0.06183661810509464
-0.02097669311649527
-0.06757377934891967
0.10850876368416575
-0.21643871722804178
-0.12399493262365056
-0.29915219775858615
-0.04199371485890805
-0.19938000381817894
0.2003388669368943
0.21193727904638943
0.05992554594980758
-0.15482010413927325
-0.10606629934437975
-0.09692257197288892
-0.1522138088587047
0.11503535434848125
-0.06462598352427884
0.06257483041574534
-0.14168534152568338
-0.0048292697249778605
-0.11358825609489115
-0.08490630541061943
0.11049808599975484
0.37429262496968657
0.22749470342265046
0.05650071837164142
0.06287447736681365
-0.24171194854195405
0.18750441943861787
-0.016874800072028517
0.1705736280740762
0.2702030528800205
0.07310286209743551
0.12342938287435443
-0.10448882133244665
0.04220791335458405
0.024680917600688045
-0.209386817071025
-0.1434918387844065
0.057830477496406754
0.1961784223304501
0.1497299863417874
-0.2489702871118051
0.029668476843610056
-0.1081898459861042
0.006162252024642361
-0.2789413509429922
0.12801279558840997
-0.05733253917308857
0.21312785176025703
0.0031336769092546106
-0.2835457676676163
-0.005952576896532658
0.1737808863741517
-0.12607881711882335
-0.25662530060320393
0.1269012415905609
-0.22403290003700718
0.10350479924386184
-0.07560308790990691
-0.1858071966584114
0.031742013216561595
0.057427320368927504
-0.04326461654745262
0.006830679992508804
0.009735414916269607
0.21836497705687266
-0.10287100323956656
0.045941794143668606
0.05007119197308311
-0.01931154828000029
-0.09467050311333344
0.17373550391947742
-0.1418540343553267
0.10648331404418243
-0.1313510927954337
-0.06296842860830477
-0.2545844738539827
-0.3301575491110471
-0.5035076909615064
0.004523592217262248
-0.016576947863202553
-0.1545472310235773
-0.10443391664801965
-0.10522928285043545
0.0836427035753328
0.13617867253199498
-0.3693839691283317
0.06587514618855705
-0.3167798077340244
0.33535002035446554
-0.20672046719891804
0.031773120810119494
-0.14620392500302756
0.025703448754863797
-0.06566785612098218
0.0868897820703047
0.06854278509072317
0.15933573982294613
-0.15474132241773692
-0.17923764547333101
-0.15286841945499144
-0.06103722375187645
-0.01593683054146449
-0.13680662590478024
0.022152785560944965
0.04176228079719719
0.23314562770121283
0.11936871234805797
-0.3542317162215602
-0.26799858577466096
-0.11062281311300165
-0.39304114105671145
0.0015576035796121433
-0.10049369298984197
-0.17206411578610462
-0.020742487346448266
0.1326158729642551
-0.03721454978447496
-0.01824271268513045
-0.24381476672130542
-0.15313992595436163
-0.023533997074146273
-0.00959842881333761
-0.06567786812194938
0.006357147468604388
-0.06695891524709205
-0.10829489318183305
-0.15381746420004722
-0.05466447379595034
-0.31699343268998426
-0.08475981618573109
-0.1784409218620158
0.01017107055964743
-0.15205244298629816
0.04516681827323253
-0.1574468596313616
-0.11840429114806043
-0.10519460044075125
-0.0829787069399027
-0.11744480309003598
-0.03408978537426514
-0.06912503179876478
-0.2510226728646408
0.053849469444947166
-0.16027802420213172
-0.02497527015704643
-0.02043671221837344
-0.14113341677865024
0.21639437384938262
0.0373748679923632
-0.0467798550929531
-0.0865966801373915
-0.1253882406457619
-0.1810101925284934
0.03176579443003967
-0.04673185418196466
0.04427172185839968
-0.06762510115935075
-0.0062788802224068374
-0.0012746202734801953
-0.24756134586680734
-0.29172330313798184
-0.05137692193999951
-0.240890608378473
-0.11639229054307577
-0.07465388063296488
-0.2919514229378046
-0.32375945354822966
-0.33334123096614554
-0.07333514985746069
0.09725282194139147
-0.05042958553977743
-0.1961334410462349
-0.1374884477240715
-0.38724284973020795
-0.1427840332701748
0.127527050512799
-0.08085309391224972
-0.014920588467490586
0.002176705426585084
-0.061998380396823184
0.14540118399477922
-0.04362007272030342
0.08011793333099086
0.004081114123857382
-0.10083225444557663
-0.22543482662432496
-0.2360159057081755
-0.1044832346083326
0.19015172897781196
0.03531470644470979
0.06052431562575672
-0.20884701924512755
-0.09009929274981453
-0.0309087379109965
-0.022802832958075888
0.016737460675390878
-0.12306664973199567
-0.12908177936398832
-0.0011114977232043238
0.1248065050759212
0.14392128026500353
-0.1256344761299941
-0.289071388116446
-0.2028863332673951
0.2556215475586958
-0.11129879530196969
0.07568922954201739
0.09952744849668285
0.03671707975381382
-0.3921252618249543
0.08369133568903218
0.0929893395315144
-0.026120689383139647
0.0009318904705189625
-0.1658665532681364
-0.15268787415514734
-0.21383090110948344
0.05578276910866287
0.34363460727444817
-0.3164180784305221
0.09951216689003153
-0.22730884985815042
-0.13254242641283137
-0.2576520985454287
-0.12899285142324668
0.05598691644270739
-0.21932287314891702
0.17663296880809473
-0.028047645927583572
0.06505497707821817
-0.1593672742730458
0.016409222140097227
0.23027306011556306
0.11463955840486906
0.037810941557686606
0.02045520432853682
0.1651337385175222
0.23034187312559604
-0.23903210024991814
0.012439205096110842
-0.2168611728725741
-0.18288137459805545
-0.024798516741315887
-0.14217989360165864
-0.018525618444307466
0.0647513952492199
-0.2514951238249389
0.06620852192192797
0.20493292106213018
-0.03670329033462255
0.09048213188722029
-0.11291335532889173
0.16418522116923764
0.024093036705103047
0.09307520324488716
-0.04708176540644642
-0.08890782878984164
-0.044043660176929386
0.045295459340709686
-0.3017723872491985
-0.02603207485694749
-0.004819341677715479
0.09548899616899732
0.07502375523836918
0.10180770786109693
0.07548589437219515
0.05766234466249112
0.12682103708455839
-0.10192952242885434
0.23432014206359922
-0.009334782946633447
-0.10293974263631034
-0.049597640986273075
-0.14998715018472075
-0.0982526559055817
0.09976386810260637
-0.11461446953699238
-0.07496637488973573
-0.14088844426122887
-9.664226696198901E-05
0.08857054018828801
-0.004689783343465766
-0.07575150338596584
0.12438412480060004
0.11628102408818329
0.1450482143911084
-0.051892772100055475
0.16024963659293692
-0.20912270738883673
0.08848091136556932
0.04909839031638825
-0.21037418631438104
-0.09275411037167933
-0.011401333026025211
-0.0728085842131921
-0.08621706364334958
0.004420368350856532
-0.34899053324388307
-0.11840570496286389
0.10628402265277907
-0.10350938962856938
-0.034606552391461216
-0.08146891798701568
-0.03471728004983277
0.05877808460011853
-0.07560692650729346
0.05091585420020714
0.14657450828980095
-0.0999493648406717
0.014657416381938019
0.16033649945048278
0.057672976943112915
0.021878711586766922
0.19725313684516985
-0.016445526551033894
-0.036932353510189
0.016600707911484477
-0.23771711914759994
0.19799838547633597
0.02956393890388087
0.09026391336936121
-0.030764524830240867
-0.0010643350532544467
-0.062374403370601315
-0.23444882016521235
-0.05121786862828831
0.05661644156542111
-0.1506671944438535
0.14717616988885623
0.030561684089424595
0.04084658479615979
-0.03363647170214956
0.2580333817927867
-0.1024263747000487
-0.24926557561818707
0.05635211729909207
0.19275879882241143
-0.01169974481415882
-0.22281103305695762
-0.06019519937267839
-0.1703867272689587
0.010061903725992036
0.016891035802718
-0.24710721920701623
-0.03779516942956671
-0.18567996564412187
-0.1980237813989057
0.08463785262690889
0.011556455539699126
-0.06744636962277539
-0.09359609450854992
-0.10016579848234825
0.054177416375060225
0.37310684786837983
-0.0005984236985174658
0.26799271036057226
-0.04618125291653183
0.23895436655758415
-0.17100447658941387
0.11543386828407982
-0.24206436620373464
0.009792271968099224
-0.12378710562942657
-0.10588948683098613
-0.13860159167157005
-0.12091853169029851
-0.1532315566238514
-0.14410451867583843
-0.023560595927374254
0.010069245994933761
0.09242519025622188
0.09658213888644035
-0.012760202686970385
0.011769202159381445
-0.12738526384376717
0.1276590620556367
-0.10971494471138477
-0.08902074037389227
0.10739137624020288
0.08217491067639895
-0.010515685425618366
0.019350901583482207
0.2054778514425754
-0.04286231038648066
-0.07328067098356768
-0.12123832261700707
-0.15630353180029954
0.04110963301268382
0.031173875786995785
-0.06567592982714089
-0.0005022012584731191
0.0917769129582018
0.08751202572103282
0.23599089424992556
-0.21553602931662605
0.047135675573590004
-0.14432419525949883
0.09908134789640152
0.0658626866354936
0.10060401321253562
0.04290903470845394
-0.14682584796398657
-0.3549684942848901
-0.1618064640021027
0.03848226248372132
-0.013607610667999731
0.2599483883766854
0.21847014468869938
-0.21946263239421718
0.08685388343927594
0.044676798219362886
-0.01725792130848892
-0.002378420386790435
0.12430116999433136
0.057361648249525055
-0.1314778936845088
-0.06140796113610092
0.13571168850286436
0.025797798522246472
-0.03105926467797078
-0.04297481470623899
-0.012209012048179875
-0.09213616013257132
-0.08663475211290873
0.07550768490658565
-0.09052034655243164
0.20463409963090148
0.10948962003700366
-0.27455687754089025
0.06567922964178534
0.15908973219054087
-0.06927148609931473
-0.09872682239996398
0.037845081819977804
0.21445613664503002
-0.015915646691722657
-0.09513374157389491
0.24328499136114057
-0.22929922222152782
0.0167164724178059
0.0006362002651055781
0.022484347726302666
0.07765475683414064
0.2704068758069198
0.1902999827368233
0.10687558961695053
-0.09237727640247617
0.09909150471903293
0.016819501140065973
0.03851434037430934
0.015365189496581623
-0.07276863775421766
-0.09199607049683337
0.03147209395711786
-0.1197226513520725
0.038362683553651813
-0.12379272203164872
0.13204802371509244
0.10912849507001073
-0.23069346641601238
-0.1947793746359506
-0.11283772260606524
-0.19087270633075532
-0.06736799475301779
-0.015037954404565556
0.19428846143405898
-0.012083737198063481
0.06178251029707822
0.22976752156446364
0.12358012375016841
-0.08436869141335057
-0.32417084782921846
-0.09060344860949825
-0.09100999955358985
0.06315103995661266
0.15117172591260425
-0.2767989380752159
0.08825875830563161
0.026590920915484068
0.027415807346037546
0.15999059922136932
-0.07192699535289494
-0.10013030911347177
0.27473925459535525
-0.1949342078452785
0.08190056903324305
0.1874081901497234
0.15891110174509548
0.14272982415003016
0.00529421082680336
-0.029515675220839508
-0.1028579042364386
0.0019431683055641945
-0.0826511335469613
0.11208049477246927
-0.12221914215407392
-0.027366111714799028
-0.16692277723924898
-0.05602043580280284
0.05596971112094684
-0.15409043621934881
-0.3322501599106505
0.07417017184565568
-0.052507865757634005
-0.02365135558665027
0.04094859251958783
0.19665830389121264
0.19884554502734345
0.08784119558707076
0.14986642406045858
0.09527738351048051
-0.05546682266056072
0.05842753688395135
-0.10353610055950523
-0.06178134664811095
-0.03519085152589625
-0.06850215351749164
-0.5325465233224786
0.2466162062499248
-0.11355419792949503
-0.0692886090694701
-0.4720103937292473
0.262084587176821
-0.08053645581542561
-0.02599932720321578
-0.08985457049677746
0.43798962806815384
0.04124517370378782
0.18535797533839576
-0.043303876624256714
-0.014265649220209207
0.1835845433671786
0.01256546164693805
0.0020311049258139916
-0.4105276534720633
-0.2121629040737775
-0.3095276825688895
-0.25123095113450516
0.17730814881411502
0.02764274471549109
-0.16771222016024448
-0.15839537918048438
-0.1817985915333828
0.30565500405851853
-0.08714820751099285
-0.014868966657530812
-0.007610153426111591
-0.30171898330870156
-0.17472341038538725
-0.22735414542998117
0.19987077865531883
-0.0519245057584265
-0.16799312995749272
0.09911092460491915
-0.1531709110131184
0.1303204269654246
0.07987474726774885
-0.3483496784458428
-0.03781002386478664
0.07538174064867811
-0.06647157178392817
-0.099122568739143
-0.22897082827794898
-0.03876465740555544
-0.05124581300047465
-0.1954756097063972
-0.03030463917312668
-0.09673233579061534
0.008315497849407024
0.027571386745617203
0.06471775420453434
-0.10621677143323656
-0.050648464975794553
-0.019311835867759506
-0.20908556023724217
0.005608589362877216
-0.006497755773343017
-0.19204094634912522
0.08089218200259993
-0.14765393008972325
-0.061464704065271776
-0.23290370345710398
-0.135652646385211
-0.19643421343977926
0.03794062289295879
-0.3372054847929932
0.0024435646266953042
-0.10982951556614336
-0.08829125081730589
0.005380135355460936
-0.1881745873152195
-0.43719612413415604
0.08075698994331916
-0.10191513059316384
-0.31048097422533355
-0.3569013107070461
0.022366064205260452
-0.2081526383025813
-0.11254442153053346
-0.1855649836933999
-0.2219670866558568
-0.21538806371934444
-0.1960766774364479
0.11181120918314756
0.11873974506433507
0.05725596693162361
-0.006049622213872204
-0.30021977839960384
0.1222846547212395
-0.15825833480110357
-0.026862244691184048
0.2102274888824442
0.00473270834132085
-0.052480487376959595
-0.09642291099131792
0.18186049222821243
0.06654220816393448
0.009643062565306622
0.0209719316346832
-0.08712020443096755
0.05908903482375144
0.12642437330926948
-0.15756798507836403
0.017978336687850968
0.14305482700499264
-0.11765386343535963
0.10660993229352549
-0.003741673232487168
0.1281191834422878
-0.0012880376475658676
-0.2422451727987994
-0.06549238812282293
0.10228424299534518
-0.12232379326865067
-0.023755712655079794
-0.025541419229162306
-0.19762641534513634
0.04955983970072948
-0.03041899812593799
-0.13276054014357294
-0.1217299925847876
-0.3221642023578473
-0.04452095712724714
-0.06726795448035744
-0.13831326586396106
-0.09227383394457879
0.028166967585563873
-0.10591687405759907
0.06643119745959587
0.002816525607235799
0.029740951822147477
-0.3167334452736793
0.1411245521007414
-0.09045528080231723
0.15220400533634182
0.1778140933793982
-0.28018080220815744
0.18668117400444106
0.21294454922278527
0.13830077739485933
-0.15387754514470497
-0.03506281808804299
0.0299851554590772
0.24771980812364847
-0.07962166984692741
-0.007298181650321624
0.0354565730113151
0.08802700986723534
-0.054008762517982124
-0.22774568550228283
-0.16678686970714615
0.09866243366286924
-0.016220588152840384
-0.1730238782751768
0.06241709582309999
-0.0676195199933602
-0.030516897188090055
-0.1853044253378873
0.040005651355597936
0.022290353952396584
-0.14535790922334008
0.17593372842401211
-0.09185506635279732
-0.01736880602346906
-0.16573856852334481
-0.09820212960410657
-0.18104272575533303
0.138100769936154
0.01749882087274392
-0.1611866297296543
-0.036347593774590826
-0.05823474227456517
0.06713009449845464
0.03058582361510251
0.035597209498505755
0.032814927633466426
-0.12201749280932231
0.1952117981396465
0.32893400159177255
-0.12058831211161643
0.12130021754629826
0.055773959835498536
-0.24795950909140743
0.06986905437548274
-0.11212076990964738
-0.12427384422602168
0.12662576885528104
-0.05363374140339432
-0.19259746576452147
0.05917935404073313
0.07862047099883507
-0.18469775567788582
0.10709492752297738
-0.056125989967753434
-0.08171290287466867
-0.02036987357821459
-0.09100348380112593
-0.17092047923665576
-0.05776909260468077
0.019400986391670587
-0.07953056694511465
0.159801760855261
0.22695833672825497
0.14867975513850273
-0.08098832243957683
0.06969977502731796
-0.02549217000846426
-0.17050614366660438
-0.2607289867648696
-0.23513099186339953
-0.07157873907149116
-0.17961917002737954
-0.17891307751542904
0.01793785442526285
0.13072696778589207
-0.002678148980708499
0.0072354821961593185
-0.007294874775120364
0.11055657228171009
-0.015285732102888942
-0.06468746224254573
-0.026267374114742503
-0.16030432178672144
0.0936003361032096
0.11508212968903156
-0.11290702767263663
-0.040347593867362745
0.11371156592955828
-0.17924134912405626
0.13621773730944256
0.08850707464638824
0.21063205356773818
-0.05786034667199567
-0.018901498651635942
-0.08984656125902998
-0.038583895244464324
0.2701836622766326
0.0793808282105295
-0.017675890146988057
-0.12801205828839343
0.2220351900981486
-0.026305448244578096
-0.06635368354171996
-0.024950911892433498
-0.10812875899914226
-0.010673584367855926
0.14633880669114419
0.003992697714245299
-0.003530509047025738
0.12419059089133133
-0.018352105251683935
-0.02618776105040771
-0.1918326235587578
-0.4185916517057053
0.07059804110385148
-0.043481047613568566
-0.12011331490043654
-0.2374996556926537
0.01794112268594697
-0.09715794363544254
-0.08216237640625433
0.08854856737301049
-0.3255191021224367
-0.12479266516678439
0.08586499032838386
0.04462018622325565
-0.055690306178277776
-0.17790927417756452
-0.06474743054174503
-0.12548523100395428
0.22618408461713183
0.06889442937010402
-0.23424843558406852
-0.11724331134604074
-0.009968331338477968
-0.01658208041013928
-0.3777028855403224
-0.04079549882745344
-0.07110912334144474
0.05985313902871918
0.1204832896304874
-0.07358570252263269
0.13915923383780388
-0.05220017111328913
-0.1375660718389461
-0.2109037141196132
-0.22116556561180264
0.22229644174942365
-0.02522157500834891
0.0008856349783367437
-0.11515280036147946
-7.962066937757003E-05
-0.01655601178743325
-0.12776964244884303
0.24701341019982265
-0.03432618841686606
-0.029320094516095626
-0.37060104207917144
-0.07171137145608274
-0.058247707691328574
-0.12556734716238652
-0.16245645397532696
0.12056071637665819
-0.04301201455910865
-0.10866070373417559
-0.08862621282218672
-0.12119954086584822
0.0202312489226413
-0.25098185519078997
-0.3798194060240234
-0.35575090321081265
-0.5326793607813606
0.1805549176096273
0.035544404824665636
-0.051558095766493124
0.0041183374104285094
0.010071668798282592
0.2843073388447973
0.20082219853847882
0.1406579752714223
-0.16786557135495905
0.02660020331319953
0.07550606819709378
0.17449827540733626
-0.06841045035428771
0.04053055553379099
0.07587576064921427
-0.2513118418902953
0.2188221354552894
0.2550728944679025
-0.07644063830294101
-0.3804343571934979
-0.137311737103777
-0.30984014480146
-0.2508820160742621
-0.15798132770343673
-0.23134607376376576
0.06689372479752717
-0.1291372853488978
-0.25788013821547456
-0.20714043998028736
0.07633280399903669
-0.2804495819804275
-0.05599647627884735
0.13225838713676466
-0.2004845306403423
-0.19215234754732166
-0.1917872883410169
-0.022331473244205306
-0.1731870287963319
0.11162948575155555
-0.3916355806619008
0.12614568498702428
-0.06527379701880592
-0.21298978784205763
0.07650953256408391
-0.09764878482481
0.13102893701490287
-0.17573575325446758
-0.003041375276130577
0.13843646756279
0.20529539706667546
0.08841507729859815
-0.1126275547065566
-0.13988452022039327
0.14452432433890045
0.0065451851223182565
0.07600921294319114
0.13550259343592672
-0.027963992272872665
-0.11560866892125825
-0.2251458900860647
0.0698555149156012
-0.23436179546687896
-0.18918978316992788
-0.013038760379473466
0.23943275797294702
0.0719029482107988
0.19706814621648217
-0.013937083697719621
0.032847691778793826
-0.3266157571693851
-0.02788505129378606
-0.16123961981083498
-0.0018339632795521153
-0.12559730233389835
0.039415757074963344
0.19451994291094027
-0.16479348689122555
0.10692609564555539
-0.06188155395889285
-0.03485015080954313
0.04563986363168554
-0.17619254823498845
0.015111546472626273
-0.07212557727738828
0.013144957402168924
-0.21508425277705556
-0.0019300417139156976
0.052423697817631426
-0.12532028569722786
-0.14251294692578576
-0.3033503424420173
-0.09251495616074511
-0.15083673838741468
-0.026291894691521815
0.1164891389621146
-0.2300319737259945
0.0011831421842266063
-0.1908414169228444
-0.023460030882555574
0.294534720826253
-0.0667347833106845
-0.09811633863753709
0.053145020994051446
0.02457448498448209
-0.08544775560266502
-0.10923265101392438
-0.13109527079145553
0.10849817025183998
-0.0780162252490123
-0.03556770896027674
0.18870996675535803
0.07950497761458754
-0.3480990842475491
-0.04631950948824335
-0.39067095368805943
-0.24249480173130367
0.038318172933137024
-0.11989160137349393
-0.05092169896895812
0.1801342678206884
0.14590714274547206
0.15582133763220346
-0.3748351268454771
-0.16761007147317775
0.048979133162658194
0.14654311019173047
-0.08124194404109432
-0.09236691100970855
-0.036050598525440555
-0.32876353562649907
-0.2372959427562374
-0.07047747646339757
0.1485528876823605
0.04572473665626853
0.2813531925687922
-0.048166084371581486
-0.21038089054957249
0.05390705326407989
0.08215083724328433
-0.0995485724520954
-0.08683265638983241
-0.21874207530571146
-0.02907809458677936
-0.004980535634010234
-0.07664847283061335
-0.02178903047025579
-0.19528233273775275
-0.10705363948285197
-0.3157456352052837
-0.11342455730187397
0.006254532186404195
-0.2986117160543603
-0.05755508548029689
-0.09460266258174706
-0.12868083515642403
-0.10276982708019959
0.03016617282608432
0.07208891143062347
-0.19331116408658425
-0.1331938552023356
0.14947188696987623
-0.00047458179594195825
-0.23953754140643294
0.14595047245753792
-0.036393083687331615
-0.10239657383701202
-0.3648347158661205
-0.17143118430616866
-0.23209174420955056
0.18673689838610658
0.06308856263188732
0.07706558509684433
0.036825075616107775
-0.28098401011293306
-0.22689289735863757
-0.15059377345446767
0.01675113701410588
0.011340794778034563
-0.13370914504994108
-0.17776371674676958
-0.034142042768171565
-0.03776527969687081
0.13499295331384034
-0.20804431793601172
0.1012965179627045
0.14227846107764783
-0.04514380066745285
0.14839823745748654
0.22940897821636724
-0.017838808004751336
-0.02271734434452217
-0.08569495120177763
-0.11386157406973199
0.0025813530777869078
0.171650871225606
0.05552798141942015
0.1963364998983078
-0.1558479565175518
-0.013515742356732967
0.02441373165681082
0.06626692835341506
0.11902898195727646
-0.049151699097418525
-0.07802140623174016
-0.2276024816614018
0.1443758034131936
0.05958870560279837
0.13282011575931685
-0.19004312291102118
0.019990840932465528
0.07931799837718535
-0.09444533275793057
0.23503662833326108
0.08191546301837624
0.13679556850323787
0.07370110632146083
0.15499406686002468
-0.1215429218971821
-0.15783446539052395
0.025740334512882282
0.04531663717074739
-0.22391658669355896
0.16996477903415536
0.15113395643782349
-0.07987979443193817
0.04523463538617274
0.1922622850439885
0.009022159928359239
-0.20168269064310743
-0.17660602569667821
0.003985093810925218
0.09011194526862698
0.1324386800878947
-0.24575323984773229
-0.05474941732835128
-0.19014227157835004
-0.15300727253958304
0.07645353725938235
0.026122999770320385
0.11440146884034114
0.14050443182854586
0.009454453310164429
0.14053146770832692
0.140907864446323
0.010865802003071747
-0.030524646930837777
-0.19885148866283162
0.12522720773839105
-0.03363661999923827
-0.02680717462721622
-0.027536407431991376
0.06284643904888891
-0.39949327119143513
0.0799797093877155
-0.07099404351985455
0.041083330140137736
0.0537941545559079
-0.0008857952772017097
0.2232753914317286
0.29351123886925784
-0.13053005651366614
0.0060668009149602116
0.06477844503314514
-0.10459486211124493
0.3009413742575711
-0.0697953724971018
-0.10973638035228962
0.2944970490627934
-0.05838457072617349
-0.12844830725236006
0.08561006017663904
-0.1313258841901246
0.11815746473914505
0.0733213870788823
0.1419755263653739
-0.08483697609526106
0.026870878653866708
-0.2085824899193403
-0.15768715139034775
-0.2347573448188199
-0.14461744836278215
0.23722621444058276
-0.17299785819094265
-0.16584339523413802
-0.2106340693281272
0.004464225878038873
0.19183007647289516
-0.1067275202608703
0.17045820899548558
-0.1254228615987421
-0.05091017061375917
0.2882972846152294
-0.2294906260888572
-0.10197052737105271
-0.023242912223901974
0.3817699166884006
-0.14850041872319078
-0.1439383374995216
0.06077707400274015
0.05815360713783469
0.042055785403834464
-0.03690179501732306
0.3087827717818137
-0.2010839781190167
-0.15395384448517768
-0.17755671958755515
0.060908100616699476
0.17859058841848516
-0.28208897520016635
0.10558259382677757
0.20777437697390766
0.14844122837252405
-0.2857982459541878
0.21269213979121077
0.01534646815731803
-0.14596724392508062
-0.10505553633787791
0.03150013159858358
-0.08249440212267391
-0.12595737158126344
0.01072378920604373
-0.14821037547348753
-0.14443662645720878
0.025903925512242285
-0.20271278015755115
0.1835080736947423
-0.15431071340445798
0.15728353132513603
-0.36667817100563777
-0.08776657143506326
-0.08738996543521006
-0.04018539480252851
0.10321324041078248
-0.21664610396200085
-0.022717861175905418
-0.2118490603008751
0.08117048093926861
-0.05192652916611776
-0.05917150561717617
-0.087100548779072
-0.20486406559520529
-0.18835599626480765
0.10215959550303874
0.05348453717715296
-0.1288088186926854
-0.24657339809427226
0.22382135090493294
-0.08597686635021645
-0.028387662863517387
-0.22737010360401355
0.16773699735905043
-0.23364485595757228
0.04500740641767738
0.12199279552877443
-0.19400017732737926
0.391166231651418
0.09735597370628768
-0.19152529253846642
-0.10882913351420834
-0.12737132131137938
0.1271940970481722
-0.02531074246259803
-0.11074077538094798
0.04671325097504122
-0.19089638750409593
-0.18238370820825603
-0.16527287222142414
0.01517599542070086
0.026543568290683623
0.010478236514781294
-0.14102700900981524
-0.21372810549256058
-0.17080107592906518
-0.1456892198253803
0.04121641966525848
0.10101692974393038
-0.10142054533478846
-0.27801755981685616
0.39170529236280566
0.0959946847545384
-0.042023083963199315
0.0687097319537761
0.026779637532395525
0.0806651209309218
0.02896099363185682
0.21797712098581953
0.11072728421419631
-0.13713852428354964
-0.10714299703890381
0.1758285872564134
-0.006397816936546244
0.018953201781340717
-0.21378617607852263
0.11792767221846885
-0.18277938675740427
-0.16474811950440132
-0.24706335066097895
-0.16447842221679407
0.07539126757794559
0.23170459997548024
-0.0812958442068165
0.03575301670105589
0.06958690068108643
0.055345141862489226
0.037836682786935825
0.3446470322475799
-0.07298691055181428
-0.2563922667663561
-0.1271548112157685
-0.24997494819063115
-0.33720636468343246
0.0016436055701953471
-0.2980520753094884
0.08634635737852643
-0.35614373495538165
0.10176089969421362
-0.39347234526378344
0.22207190986589737
-0.2355163828015841
0.16618993993743644
-0.11981570864701023
-0.00837110944932232
-0.3339431453983652
-0.03822940610599744
0.2468459092175587
0.08164490319553591
-0.18715276075253695
-0.10281480788860847
-0.024672032595219405
-0.09004606496736987
0.12811695186433786
-0.24362251780722452
-0.07344630543290784
-0.16372657561824477
-0.06827560720706292
-0.20232867698464832
-0.042544445623330776
0.09341245983611447
-0.050375501455378044
0.08547018977145811
-0.1902837563741577
0.05170018795550644
0.0457258215135926
0.19505522434161804
-0.06793019863820225
-0.07582414473234056
-0.14593682791907506
-0.05047594394091113
-0.050388063435986535
-0.11762704002094025
-0.29756685328161003
-0.15556665472785547
-0.04282811852565769
-0.3002411216202278
-0.11065878082312378
0.08445016928037184
0.09122874562111648
0.06816252972815366
0.04791702981390494
-0.15507361387918575
-0.031216141986189272
0.025123530800992715
-0.12695124889116863
-0.08806160506868305
0.039135318701253544
-0.013206966920599826
-0.20021561614188477
-0.36700965245990685
0.09501011654177485
0.027531534804490148
-0.030600383423840655
0.29168737249314114
-0.05035361143881896
-0.2931309748039429
0.07276259194894942
0.0036672913692406594
-0.040511026916612555
0.12492037663160971
0.10672636419524555
-0.1306834159275609
0.02891308669814477
0.09610225035832991
-0.2039343695949665
0.1122688381883093
-0.09657728360788347
-0.09510174095335948
-0.0978514180073309
0.10918546246161925
-0.155079049209002
0.05330791038867715
-0.04584407948407912
-0.20883296836764392
0.1862870767604149
0.012802873724586439
0.15175637308505796
-0.013623256945454605
0.04667865109936088
-0.08909681616920186
0.0030841963882768473
0.014494302859224085
0.09475247374680018
-0.12626173485281042
-0.05451222818362001
0.01701420283575796
0.041370661497304485
0.10775572674167137
0.12223728699028599
0.10361666009332648
-0.0862823565078417
0.12253314155174329
-0.2791062211300738
0.14728714547610489
-0.0653073797292487
-0.06928243932273376
0.13834169476146518
0.29410930209451597
0.056002608985854255
-0.2220763002676027
0.11646476781704951
-0.0900397041857122
-0.29843441844097407
0.07635142575762438
-0.09715897425539297
0.08960565311832706
0.025179911654786585
-0.2148472189186228
-0.06163842502365428
-0.004373725567891153
-0.47880442468181134
-0.17650077120969032
-0.11182836948185752
-0.035810898683082695
-0.06908838793357597
-0.08664353234118359
-0.17551299920632377
-0.5038348865894966
-0.065118749170977
-0.032202192427217995
0.0631318180887888
0.10955908492240223
0.020057850786224296
0.22470910033552072
0.06219304776364615
-0.275285851711982
-0.1790941343265971
0.08448234063963746
0.21312568604375226
0.1173045878183927
-0.16812948984341014
-0.14103968468697417
0.03509021482345087
0.19531982729668929
0.1864957692570962
0.12570615819006248
-0.26480909097204125
-0.04740113301011349
0.1491022383544202
-0.13907223090307735
0.10842205664122695
-0.328229684154424
-0.10844743556065482
-0.23384874859058308
0.2870087375325461
-0.08851170249590483
-0.0599556342719461
-0.02431154617183597
-0.12285854258613296
-0.013301705898305441
-0.112495844837859
0.008509236084506972
-0.019812492194189835
-0.14473448872401143
-0.08343912234685776
-0.08083169845031755
0.1981041578583975
0.03620106201956536
-0.09021113773846702
0.025156971151297645
0.21430028445013122
-0.11169573542154677
0.06599216136574713
-0.09186460106444239
-0.14891607013196198
-0.320970736317113
0.07113670475740075
-0.18512681412230836
-0.24716263740840375
-0.19815294104900033
-0.16730361791749873
-0.11252413743251688
-0.027989020610809573
-0.16314362968985838
-0.11213759755125986
-0.12833946928772566
-0.05534746596527822
-0.08071953763542311
0.050299829043597394
0.04141937587253044
0.08032787729435058
0.04502926629667416
-0.011553575740711452
-0.17710145120790302
0.0016407084773401497
0.06959886425143534
-0.1970958247550628
0.06965270211171963
0.03674355449634403
0.08506513950415526
-0.01954957187858508
0.06930587414594877
0.38887371628673834
-0.04767616284345523
-0.28156269388100547
-0.22683909120591436
-0.1535050983502643
0.04558182140075711
-0.2833967403513044
0.09080567567486932
-0.11369438949269756
-0.10758388012450629
-0.08611582337422606
-0.09370194313642348
0.2877206395656566
-0.15148171374951372
-0.02589133108354379
-0.17261264627662332
-0.1622856593248501
-0.19168149320761974
0.0974620394821032
-0.1290801910117274
-0.2178803901984119
-0.013406087640690963
0.17286627841571536
-0.08304948243331724
-0.20368774413435392
-0.08446314368827162
0.018292859619443692
0.005125904945501501
-0.05626091893581909
-0.08276701519542343
-0.2497612611626612
0.24045868246728633
-0.04300639629073252
-0.267232950991102
-0.0608044047643074
0.07957411179861804
-0.0919171611320328
-0.14583969677795905
-0.044860914450343695
0.04072359977378469
-0.4261549957536074
-0.028243451472257215
0.08669035882109366
-0.10333302721544213
0.0740640472585054
-0.05804562661956389
-0.4126099734731897
0.0030668640121461555
-0.09141484506319046
-0.04374412324954878
0.08001031475033876
-0.23386200652371644
-0.015636660171448963
-0.09051081159975335
-0.1760126235958381
-0.026466778825108308
0.15255583829885536
-0.020509697127717323
0.08293444976270627
-0.11368394223343636
0.026890219175143882
-0.00017794536872247672
-0.017537341936322354
0.12607282856062987
-0.08935414851613169
0.004408348166389645
-0.15604534777910758
-0.18220677011202985
0.07712494493144717
0.1349235488990827
0.16191543016902685
-0.17576638911774964
-0.1000579198295103
-0.26746554470503703
-0.08528527208585253
-0.016036527037304522
-0.2558015617870392
-0.0872423915280622
-0.13102159403466945
-0.17703555461166506
0.3813348467638487
-0.1264287236637429
-0.1181741256750214
-0.0918230907260263
-0.008557875050399191
0.056852513867593046
0.08777098386238208
0.01890906448507912
-0.07632350567627436
-0.31959175847651167
-0.1895511588237489
0.06951231314256337
-0.24737622212971636
-0.14819993153097827
-0.31269022985460426
-0.08993586843691326
0.06664491102914491
-0.06065208850108458
0.1009621652489503
0.11126573107653696
-0.037387612052616155
0.09968506485425267
-0.16088595654953433
-0.07101250440114917
-0.1734712535755444
-0.039929905434953165
-0.19508106109265363
0.428412216950232
-0.2833187616339735
-0.19673682038188808
0.06183304426201523
0.23478260569609866
0.14049777010700892
-0.05489915472620757
-0.0023545267713525123
0.18461358877500436
-0.06675608643696428
-0.02929017042935315
0.042459820960064336
0.030909548276410785
-0.17374272279957756
0.035407524592473864
0.15150108562086154
-0.04354219613156225
-0.0657196868632164
-0.17095000902560437
-0.041085982946989764
0.05119078953387279
0.06484325425989099
0.07471027256368326
0.3437300545476479
0.17198856030178786
-0.08894314452979739
-0.03211696952920919
0.07667994727026299
-0.052240526203846664
-0.322605899467243
-0.0044787133256137986
-0.19798179435439678
0.11912725908614742
0.25340419179458507
-0.10377973849481945
-0.25856406743102117
-0.2299968929909726
0.26893583863762405
-0.1778512516963283
0.07322380474819319
0.04181289993590852
-0.13676744266854524
-0.03319567998988419
0.02437193092013535
0.14332790916435525
-0.018066311226251887
0.16837199415871432
0.2284245837200871
0.031951457294521646
0.11234091394008074
-0.130467841046456
-0.09528293832204426
0.08907774750065639
-0.006800736585823141
-0.021526904636844132
0.15256497545342027
-0.0179259702586357
-0.09635448942958388
0.08129760523835043
0.007618097344655661
0.14161886300445262
-0.1781345370164128
-0.08881162673157013
-0.06350240699048304
-0.1474899207061912
0.1423831324400177
-0.015744378105747716
0.2144723052803984
0.04825004762146055
0.023937314366711954
0.16084686962873768
0.07689740647709603
-0.06012291464431768
0.21277008464721853
-0.1997193070392971
0.18829257227946858
-0.04256552157483251
0.2940208607278345
-0.2573149373552054
0.0568228645774611
-0.022149099215494586
0.1541260310449522
-0.04164245959192313
-0.039106320584189766
0.004825262218900568
-0.07563621694060844
0.4826952537830122
0.012302467955767745
-0.20463420755973516
-0.05646630371910683
-0.04498529041948377
-0.21663976369936472
0.03148530090519372
-0.0548172558461157
0.048790098482549095
-0.1899256640727041
-0.012907874527907821
0.16210792544134817
0.06345996295905335
0.05242646209368041
0.04105764545063999
0.05105575723405611
0.03195700330832449
-0.12382312664555023
-0.1692959209721513
0.07091750281405594
0.21146175695088099
-0.014543680454250977
0.12778507411351725
0.17533982844574406
0.09617765914180575
0.06311100723235863
0.03912754044338271
-0.0362616425017303
0.07750171007848504
-0.11161574244967301
-0.17827958075575942
-0.07509842647045731
-0.07548924813910794
-0.12719266582912953
0.0930695470195341
-0.23876089316183724
-0.021484513462432964
-0.03544868867554985
0.15558801382895718
0.10399191020588193
-0.138399609799097
0.043532293227647456
0.1846512508036988
-0.11776508034903949
0.1937878361923284
-0.1418631250323441
-0.08067657554917931
-0.07774450547238855
-0.04527406404622595
-0.06011820117255724
-0.08071697641542373
0.2461381652577996
-0.0465626757783138
-0.06651252099498184
-0.1866600354496531
0.07763576324251574
0.1554188593736713
0.025691043482209304
-0.00040221384131731666
-0.0006887951838851673
0.003641909893345474
-0.07920387708915694
-0.004487625812589195
-0.024617999333041325
0.15352465554645903
0.0942567023632664
-0.0730441086963441
0.019029580158925516
0.22114715498085266
0.052664733376737716
-0.0387380838753998
0.00657851611229699
-0.1330609142402082
0.028850674531226573
-0.10917052974812173
0.008664397326857799
-0.008198887074907233
0.11941668341951654
-0.03775314852883008
-0.024523252986020566
-0.29414475213150953
0.06638256858049867
-0.1159861580663319
0.026074475518519265
-0.2055967706525586
0.050302545780627254
0.043607020159353825
-0.06339575986600864
-0.10643346961843742
0.1951201183080804
-0.12852156259364084
-0.08592472160900952
0.2095523772526667
-0.14926425358227424
0.06841338513890997
-0.12687216265125828
0.11432546439455374
-0.0326924663817727
0.045811279892272475
0.08154539185700677
-0.2506720098040844
-0.02535877063914055
0.05572750181391027
-0.0807274042149138
0.023973880227191775
0.047345678445960174
0.11358347356280694
0.03656637545747776
-0.1112402764158735
0.07468162158909651
-0.0020202688140934164
0.02270036806090266
-0.1842941855856999
-0.06934800829212116
0.2134148465212396
0.03523638101423124
-0.05886800239134659
0.04882701251819124
-0.09341983838439312
-0.07937865082770702
-0.0017762080960334406
-0.07991703100305714
0.06285840214752121
-0.050345845068757396
-0.09995135497458325
-0.03463764314337175
0.13204423002621954
0.13300471495953609
-0.1613488042875227
-0.10152886955999894
-0.10664056966105176
0.11301743413464184
0.06373610928645704
0.005503475002677896
0.19266046465199327
-0.05854337810837288
-0.11048851437762201
0.05030273308368448
-0.12028551294109704
0.06812769506305817
0.06020469586107546
-0.19178404118475817
0.06181762853591344
0.03974427119978773
0.009197190834916125
0.13534710194946248
-0.19305352649472277
0.013539944558435449
-0.039440319628345585
-0.058576105642415416
-0.0007784127929244645
-0.12967202742882747
0.22113034609923438
-0.14832663436405583
-0.0017825867284495362
-0.08646551434407111
-0.08344479974966806
0.17512357565602757
0.05633104548065983
0.0787128510693893
0.04736270655831322
-0.21313129983286822
-0.15930877041551586
0.020593702035684894
-0.19033679078570112
0.11536086317000464
0.07262028338679624
-0.09453073905948389
-0.1856454102962352
0.04819656633189687
-0.15720450230118002
-0.14446066668143268
-0.022736818638498836
0.1882568948754382
-0.03679868151783619
-0.13683738245523613
0.08914725201457285
0.014307465910713208
-0.009794444745529275
0.07336438804160707
-0.12622837210456433
-0.020686693154629045
-0.19679992965276907
0.06595681573045152
0.11509404983368163
-0.13915038036702915
-0.0478497592635102
0.19849880379411597
-0.24892553086992267
0.0823298096255459
-0.29211628671682327
0.05230284263075398
0.1856957049498282
0.09096993316333908
0.0032949518898918186
0.05003121115290405
-0.14120125834551164
0.08756327100998808
0.07451409101466146
-0.08895838744730791
-0.05739212194830747
-0.16349932552994734
-0.262820700227144
0.03185106565581617
-0.09784896977971941
-0.05749499201470253
-0.11889747985079822
0.024317429074485596
-0.1186545188381366
0.21336105488675655
-0.11851198023666526
-0.09448505382954783
-0.11002890299304442
-0.09775168618927231
0.07943422529448735
-0.04185441095266307
0.05113097011879544
-0.042543880757761596
-0.06837546274280622
-0.1793167012080849
0.12995904916505696
0.07399672885697547
-0.027739280619688764
-0.036831607600184516
0.13250523367082123
0.11000583800525342
0.10558596126771039
0.05940068049039783
-0.04950210837734921
-0.21415980092200904
-0.11309922475173166
-0.07871201817007344
-0.1434087302386833
-0.04303970805050121
-0.3314902178599537
-0.13959488746710014
-0.05421433148246574
-0.20595689116185315
-0.03264568861847986
-0.20648118992889625
-0.043973920530517
-0.02653910930111123
-0.04123660980458307
-0.004676748314556659
-0.14695467652915306
-0.14527806097663185
-0.1246716364788496
0.06960083029267747
-0.10697381544087843
-0.06400127858580319
0.027090116700915896
-0.20595674989667723
-0.1153089536645203
-0.062059360273046725
-0.18079087349107428
-0.15148022640152464
-0.009162668005343067
0.05237413157309082
-0.10010724498293086
-0.2547402896633875
0.03593232608816497
-0.0018406674283247832
-0.20365751685444125
-0.10971499209258298
0.006179128455543056
-0.07213515403061582
0.18141352593160706
0.02355115097295033
0.3252201410909676
-0.17727457826961301
-0.04857125142896452
0.2343643563468603
0.01275466848018432
0.039899686335273195
0.0648097192656785
-0.062945762130885
-0.051674316009401006
0.02671146411879982
-0.0356868069085582
-0.2517591401364085
-0.06484840852881045
-0.2555340451499583
0.09743187243005735
0.18106841633445694
0.20606924224804257
-0.06040154148629904
0.07870150070700681
0.013901389262635516
0.11095301061087355
-0.20318652030089557
-0.03342900630635928
-0.20356434148388722
0.09498892458508254
0.34473957350541784
-0.22272869949767152
0.1642086392144157
-0.1764265776534651
0.07738845603636572
0.017920532258436647
-0.3125856475241362
-0.0277700349858286
-0.025159500962920075
-0.020087693251390953
-0.1303722689366495
-0.15765762128458796
0.1872899282296245
-0.017013829295351494
-0.059127787464153536
0.05422782901547999
0.06608221413243119
-0.33710536332926755
0.021534390296634103
-0.1841007110776818
-0.09881970394696955
0.08055846538656533
-0.06688868451540426
-0.2629323009221855
-0.09769388064776008
0.02787458851746275
0.05510573566200925
0.010267875761200208
-0.15568063425984288
-0.11547751997630182
-0.015718007749135232
-0.037097284605067456
0.14034694980641435
-0.22722346302408428
-0.255362391220219
-0.03714106847608275
0.21049455917695198
0.06724113614064607
-0.08469205787331106
-0.09721481106696239
0.24896647439948108
0.11169015693296368
0.08570627598980994
0.20326289647466908
0.11770418169026757
0.03975430890875099
-0.20554385648111148
-0.10581756491544311
-0.08288851247133235
-0.16435860813236075
-0.22404632023895166
-0.14429799915297029
0.1428358557661625
-0.045731295926034775
-0.05035946302079207
-0.08890837310893787
-0.041391907835398915
-0.1854592420361842
0.11931298526555847
0.07302506762684156
-0.17014607040104993
-0.2526134251610679
0.14414709424548464
0.12260066841915619
-0.17441873604522629
-0.020339727145838406
-0.1023647390419322
0.17352389254613929
-0.09425351611408829
-0.11288776974857684
-0.06769680013927488
-0.22572480750128926
-0.28765294516286094
0.2196626611581022
0.0284485806287981
-0.19101559046131855
-0.01933727274512983
-0.11322532839266947
0.21515885609236707
0.10776665392066032
-0.12116913346002138
0.03895040558373535
0.20354426932304148
-0.264050135916537
-0.11292527475501417
0.06458916125085512
-0.1612411812940744
-0.08954402141357451
0.04570204851353238
0.04212158917264737
0.16451057229286986
-0.14007079587993967
-0.08289123251202776
-0.25047660866277716
0.13359430839726832
0.005267909112898609
0.1066621377643809
0.07597006773972018
-0.0710441348228347
0.0929843162520116
0.25800386364064015
-0.037080025267752705
-0.08619660737240548
-0.03965597424307362
0.3137100057547552
-0.2263754235983379
-0.21650543624926646
0.03553597230405006
-0.11255254131827643
0.06420234486113989
0.0610275526981067
-0.04785989731550668
0.17955455841573795
0.0035193689798229772
0.06222560673843309
-0.14209058231164695
0.027424047521317774
-0.05812095840433464
-0.0891715090244896
0.07247048890904587
0.10906289452879556
0.08381970863484678
-0.033212652647169605
-0.32735485693530747
0.08303952012983658
-0.19305141549076657
0.0016295696086099638
-0.16652492270196864
0.032736074262034585
-0.24079427095049785
-0.01862308540295878
-0.12112259179473041
-0.28484423848605644
-0.00402075544329597
0.22116137737169783
0.021331634648793358
0.32933080731675024
0.13244329598660462
0.0324741914676683
0.31183673904520054
-0.17909004590682298
0.19724621987750365
0.030582548724166547
-0.08950277206052595
-0.14440238707267813
0.07231812193968329
-0.05874213173970919
-0.20515093354526473
0.020150732481391185
-0.10825501388860947
-0.006774602053005441
0.36792210285012633
0.07191623866186651
-0.5379916441105776
-0.053008010979840404
-0.40113343403692486
0.2325542883061572
-0.2707541719139315
-0.08180537622012772
0.022752632798745374
0.07923569136936734
-0.11782416400886582
0.11406277362902885
0.09559732567378287
-0.02876943498084826
0.033261453660273804
0.06152616598213365
0.3491818578797701
-0.04642001898816611
-0.227620861453162
0.14781201297960486
-0.00903567219981278
0.08141436321443421
0.022003489509968836
0.11315133953788395
-0.04507315974812715
-0.06983566094322984
0.2750830975826154
0.07139807381652608
-0.08092721714638255
-0.16939657255754817
0.044388021751134106
-0.26315880746245685
0.0565670140871095
0.038187779268713265
-0.28602069126754825
0.2057849125041887
-0.13607781374808622
-0.2520745975654287
-0.3032062982189786
-0.2259203362913747
-0.10452211779467482
0.30265779107899277
-0.4091652576064101
0.2706765645714993
-0.12080513812366712
-0.11952313944809405
-0.2661018943152915
-0.05526160161103832
-0.2159317856576923
0.12477768877882085
0.012820355493989771
0.12052722522875388
-0.17447794814579448
0.021108540461260334
-0.19150392228865437
-0.04948258001108648
-0.0213655726315907
-0.08438859268533905
-0.2981313202390362
0.11080973545669105
0.17558946494996924
0.13384003197277675
-0.02166238556078668
0.14253649877798044
-0.2987101425202325
0.058113214411085884
-0.08502726483996624
0.0010069239214368403
0.302946357421121
0.0359520053531592
-0.2847624187314773
-0.032643777894393065
0.273840739527999
0.006219438016416534
0.08798050832084305
-0.26733136221940723
-0.1234561647463297
0.22445632085323272
0.2851134170197567
-0.2652937226967565
0.02675123427667666
-0.1772443954178975
-0.042538856550171984
0.06863791360050203
-0.41100110592357597
-0.1712132973221072
-0.0341901190641263
0.05192235897003441
-0.10541845413449263
0.10168869674025359
-0.0050800794287487235
0.4759880582400041
-0.117048422351906
-0.1278175505691903
-0.022364140997114517
-0.20115583555917288
-0.46706981781562645
-0.06730306512993145
-0.2187840162942334
-0.0753305402883539
-0.272815454080662
-0.12465838711929356
0.039184767756323416
-0.220737999995083
0.20789006204192415
0.04391847201787793
0.14474731205642588
-0.08223603697053086
0.15612629939972839
-0.06896422355161275
0.023216590311629162
0.03673543028033842
0.13926188162811723
0.061223248688551064
-0.02129971763588985
-0.25477796667454855
-0.2410758511538748
-0.04725797369574124
0.11524268427868363
0.27204514707114774
-0.020729832080820375
-0.19443049264639578
-0.0030858637664284783
0.06390355732346861
-0.03055346204443109
0.028894543139867467
0.016142284271978193
-0.07143426151818072
0.01598623005253444
-0.1645180503682021
-0.04272366840048773
-0.21059188592608505
-0.14248294466329076
-0.0618819212633542
0.26966559138322466
-0.19858557226928816
-0.13952224271693633
0.11679186103631671
-0.1666567818557268
-0.10218415816412921
0.22325368388018543
0.05575553206355652
-0.014918833644600999
0.12931568299193033
0.2455636652591732
-0.02777476970647368
0.10174009000500629
0.12054575613613112
0.08921672394464276
-0.11959383013677213
-0.0990337281179244
0.015915460086995573
-0.2353390003862636
-0.11963578633236792
-0.20052039981881145
-0.05449621980625355
-0.05328095351447262
0.17288948894237954
0.018133006606341776
-0.29760980449685653
0.1100610581775721
-0.13315020929525648
0.19971361176475708
0.10635188594530276
0.08012964576567985
-0.21969828663586036
-0.6266513697757996
0.18140544446246676
0.14145007177639135
0.1950458828584734
0.12631260017465468
0.04153109729790113
-0.18376634416251308
0.09022391265761
-0.005097115485462334
-0.04812735157009105
0.03454136845135835
0.03417377683200918
0.11448430877096884
0.14186807764436538
0.18540815169316538
0.04969387153832911
-0.18966453261565908
0.00670021602258411
0.07332178053667066
0.21982492509553297
0.038499414318715806
-0.13498340603964232
-0.06464093453475683
-0.095427872423309
-0.061114956940928646
-0.05704770313638875
-0.03950442855113814
-0.03332960857498784
0.05603582120347881
-0.2882843872944989
-0.08966623845578243
-0.01091626305920223
0.22493210190318205
0.2540314925822818
-0.14169006115646798
-0.08318024143767025
0.0993866620435191
-0.050262820238807286
-0.06986075080775564
-0.2235274880914287
0.003189659551214779
-0.0008605911195553878
-0.27758069888533465
-0.1447906630049532
-0.1399126057092156
-0.09643420160259726
-0.04118317928192735
0.08790643919144449
0.11051594062470131
0.04570159751331018
-0.19317188698925988
-0.13151904197215225
0.010838898719183171
-0.25415817455140643
0.15600616430097305
-0.27997855730643295
-0.12746427585570916
0.028647241645075476
-0.09822347486410582
-0.15794518316803963
-0.18262406861875738
-0.34552204050982666
0.07424724644042276
-0.025077682381580237
-0.39658251452686705
-0.006473398063313056
0.087665095386267
-0.08399472031318246
0.10077169207239885
0.11504513823212069
-0.18282905127566065
0.019890612872303065
-0.03847937314740261
-0.01645510912557567
-0.02663856541266406
-0.058276767943949204
0.028599100992140365
0.012183810778824956
0.10804502912329461
0.005858054452562865
-0.04371507314689798
-0.24078973136568524
-0.16327901286993213
-0.09900556723502411
-0.20006803270234083
-0.04735057396758596
-0.1710807703616469
-0.051383170874189456
0.13920112329865866
0.070387440731404
0.38354512483419173
-0.04631993435076594
-0.19991952156241558
0.2301798237168762
-0.23332043981598413
0.1345277161114429
-0.012847190645261766
-0.09465503791919785
-0.24385185460868974
0.14334771791564885
-0.06060189042547321
-0.11924991231509528
-0.1569504989167037
-0.0012083251315514352
-0.1042721474342782
-0.16324758263164216
0.0006390138379968211
-0.09816408365600672
-0.18470897801017436
-0.06017513338421803
0.08481521460599273
-0.17482227420566038
0.04888680847109321
0.18931997605827713
0.009269753156935094
-0.13061142722643757
0.10886597155577817
0.0552914650560806
0.026666633918472273
-0.09815012831561323
-0.10711994596543038
-0.038597475481809494
-0.15784049862930005
0.0456574097452368
-0.08234734582111722
0.061481087403742626
0.03052707129891748
0.02046607425798479
-0.038860624135372224
0.21209476370068822
-0.09208770642654998
0.182241550256818
0.04722519115256502
-0.16659166840677458
-0.05858868770808798
0.16689088335181013
-0.12544987546894082
-0.15781306038408643
-0.04754072101765389
0.05109720535024381
0.12200971542429406
0.05225540613869796
0.19036810623071482
0.079639988658892
-0.12440427542823829
0.015518474685730343
0.04901802156644496
-0.10662277402500621
0.016968668547736855
-0.07434605012579747
-0.09568093505786658
-0.027873999735098416
0.12874362561866218
-0.09004497757915464
-0.075241398128016
-0.10740248952153765
0.12796793575908771
-0.18754244977355702
0.15361516641748563
0.024311039722344743
0.0741676140525695
0.19391365772956168
0.08133156901506648
0.17122735281795065
0.04426541882334729
-0.08010720085795646
-0.004680268230374402
-0.1338595577262811
0.014523780114499256
-0.11153008679962365
-0.023777806436144144
0.16365418131579987
0.028842668155726017
-0.021365057643532182
0.02581061034320878
-0.008176635785924528
-0.09566448761778733
-0.05048232085050476
-0.030933691681696976
0.16332727099446476
-0.013107861362448814
-0.03918409320954671
0.053888897873196194
-0.16282442892749668
-0.3229335077562525
-0.17921245079894288
-0.33769008635412556
-0.0380672588367783
-0.14611922451824058
-0.1297025293426454
0.05570962474499268
-0.17301788736503781
-0.2724933777448639
0.23286413789259283
-0.17282133197099112
-0.0015331505074007116
0.2710331673833704
0.270986491184444
0.07009591868517803
0.016308858777729272
0.23809490857673637
-0.2606447258633762
-0.09848827344093894
-0.09955157701238311
-0.3050932777226008
0.10684365984097859
0.09680639549434573
-0.057308844920416435
0.2477185905965391
-0.04455888578583038
-0.1530234548532703
0.12713074187383622
0.060435562771368447
-0.11725093220827956
0.2568148461085993
0.018737654602983267
0.34952845563020124
0.01728327869699827
0.1950578658243546
-0.29168409539140966
0.22962176295289416
0.10267699480745218
0.23308394722160228
-0.01195700729483368
0.2615669799482778
-0.09949799595561737
0.0492898126736414
-0.1270454216999928
0.035366360704425656
-0.2462438034272391
0.17879811079035857
-0.16248785005407287
0.019858504464800374
-0.11669276223960898
0.10450993440426529
-0.3216000706156125
0.08332768465182336
-0.1555227447760877
-0.04203549592284099
-0.5322482574282028
-0.2910885365987439
0.1173660232781436
-0.16446041771569375
0.24185085690143873
0.06615267113588622
-0.11693555272472946
0.11371572240289239
-0.11330736484966572
-0.03609306521819869
-0.0016418506578364843
0.16783287642232955
0.20408432209282504
-0.1014065481499801
0.01044831289287035
0.16092603984795092
-0.2783590042055922
-0.12080626123000941
-0.02547197677455169
-0.09564876796665155
0.3515164713110638
-0.07289536364063462
-0.08277244459590467
-0.1529588493456056
-0.006972766501318726
-0.24800483921692684
-0.08688984261204787
-0.07760666016442962
-0.03015089980656187
-0.11658440648533588
-0.04655316435886507
-0.1566257586081063
-0.0670352995185299
0.03540313267182168
-0.2901994772741438
0.029383080163367048
0.06252728108235613
-0.5055916477018729
0.26906675942601155
0.17282433066354114
0.41858245296173474
0.06932997144324049
0.12990040574550307
-0.18977608284449995
-0.1451905757449316
0.3119959572894943
-0.21996070090197317
-0.07033377842390717
-0.15929341169490957
-0.2010446451258652
0.1577195054177095
-0.07578204988791289
0.10280850141308423
0.06716926729523588
-0.12513252836545743
-0.41919730990416937
-0.07591437255948745
-0.3062415084358392
-0.022472095059114145
-0.13984127387649167
-0.01972670847554772
-0.14384050542019847
-0.19719326885478597
0.10474957991904432
-0.07151036774703318
-0.432693139841185
-0.1310983827190168
-0.17026767155605838
-0.006862925916753287
-0.013861006144532128
-0.10104226870419748
-0.1491151444111244
0.12272469448446745
0.03994911261683418
0.08184230054434753
0.027244863838296586
-0.08985638198718054
0.1238183588133643
-0.03477081060755723
0.034209139140283944
-0.08870121971078414
-0.396049378385108
0.159780954497924
0.0036274938435665364
-0.19701597070575877
-0.3089610120933698
0.031815644459059246
-0.00022473070731295972
-0.11382143735390363
-0.12831647194058124
-0.008718744300670043
-0.16752830433739146
0.08828068750670084
-0.17094050241160907
-0.031486423004823384
0.3834756031858033
-0.07104780115496943
0.07908042691385485
-0.015740307857852038
-0.20805215789167414
-0.3285986260961924
-0.27181454242314884
0.056094674558067714
-0.09374175655231227
-0.043832831738932536
-0.11147980466358362
-0.16344017863876414
0.3429718458341735
-0.12285965955701018
0.1428866589928878
0.13295931347238682
-0.30998148347790183
-0.272438181742799
-0.025892988396447394
0.08994524453799674
-0.11442852658302788
-0.09622383391059884
-0.24307046183897932
-0.20492030326057686
-0.21274698216353602
-0.11115146200574942
-0.394486893199464
-0.14419167620448098
-0.2228280437560394
-0.13968197002566257
-0.02061452714404213
-0.18590467025287286
-0.14948216476925566
-0.12760520303843706
-0.17102642857825828
0.2607220615059673
-0.20834693397727866
-0.11027784806622373
-0.08698336410866862
0.0298079617394937
-0.31545225654874043
0.16429644163745924
-0.08736634160078548
-0.15211522930494306
0.07363974651878914
-0.21417110217907412
-0.42196543134082176
0.18597823338957464
-0.08743312720349636
0.17536970488902556
-0.16613436894926895
0.06967613708175688
-0.0070951778044877015
0.1739558916474604
-0.4696689777278277
0.14389707179183325
0.12387197975132914
0.1676793528149637
0.0056210981407392325
0.009107990443307384
-0.3937489383597436
0.12305241131145465
-0.23465501363813646
-0.2577287023048071
-0.06677400082838807
0.28772803407209174
-0.2847379561043247
0.05479829433099511
0.06804593709441997
-0.1938480439717292
-0.23438328045919168
0.0371509054182327
0.021873521580128556
-0.003235368432378841
-0.0777306448590421
0.10974722573459746
-0.03351909366068605
-0.011352809755337845
-0.10466053868072202
0.024928741368475543
0.13977404752734418
0.10958846243368374
-0.09228339493463762
-0.07196051199506177
0.4286428877633754
-0.03782294740814006
0.12837540595193445
0.049905558777086675
0.08986926590466651
-0.05086869721745911
0.1260139720134676
-0.08485535854352798
0.13401847770831377
0.15932042202056115
-0.07603053899920918
0.012062404756064083
-0.2181854199839614
-0.024007618524108158
0.10606224209118774
-0.08333950444596341
-0.21460591319218172
-0.06333832768502727
-0.29489788003242323
0.06002562811743992
-0.07761957525328954
-0.32898054223946943
-0.1642832854622604
0.036966308579885136
-0.4178378175865874
-0.09895421645781999
-0.30330191308740406
-0.13283461226195944
0.005465766067979254
0.1391901613221186
-0.053894968178607644
0.25737056062802804
0.05106205528862109
-0.30766611506775327
-0.14679034294671778
0.005494257487094969
-0.12333031188708077
0.10763512904434147
0.08890786790125564
0.053678087198005875
0.10679832496924427
-0.1300872789586942
-0.011545259422656681
-0.2772195475618383
0.0386545040288201
0.3429758233531997
0.07419786790302503
-0.08138668918565149
-0.0008622804144795128
-0.09291407277532275
-0.19779841950567678
0.0288780303979822
0.12179701602366984
0.24790295685490837
-0.00041246826141454993
-0.11260195861160102
0.19471667690680328
0.10050989758559872
0.12622583369542556
0.07430156194491577
-0.1619943962598483
-0.02788500889635631
-0.08651412232139763
-0.036223158869178554
0.14941148664704731
-0.10955962475876135
-0.04181121182315613
-0.22508674979522833
0.19428573244507585
0.009330183131315686
-0.014355637794878943
-0.15030788240101828
0.02850971163454286
0.035209984705604026
0.016000768516311645
-0.14231897200344057
0.06470715519351253
-0.047601336819746806
-0.060406506142270146
0.06007021005919805
-0.11009130018246745
0.16173529729122893
0.1668145408184859
0.04921105661790955
-0.04731032989084845
-0.059321385485852654
0.194270412694037
-0.12236782695204065
-0.2328057883177771
-0.2567631327797181
-0.060130576242584145
-0.0669592122021078
0.058973529542839034
-0.06080957413898613
-0.055154455931238536
0.25031867815398057
0.0381831742650711
0.3509852397488125
0.115724374128482
0.20229962070954463
0.08240007332153121
0.06611872960356772
0.29126477505989595
0.034213852542866824
-0.2531619716512504
0.26243982335686306
-0.19276427024411413
-0.09281627012846187
0.005690132682279966
-0.11768037839402289
0.15253510753878138
0.13591536500408277
0.06353794405489001
-0.07081080754100341
0.07846573415782032
-0.07688048741910948
0.034272815822414975
0.22744305416295485
0.05705491739224282
0.008996931578277838
-0.09492974643133127
-0.029438368231495968
-0.06826443884423675
-0.08733987813021805
0.21417233031784616
-0.22077344463088014
0.02768272778025327
0.03785127485935446
0.30894600767656794
-0.04435005956182982
-0.017231647610141825
-0.14873166708222366
-0.21374594970456195
0.1199807153248852
-0.08349991298943678
0.028980526617144807
-0.057778627161141946
-0.13760188103887092
-0.09083040713148037
-0.08649775709240143
-0.03422967057093901
0.1348430072022367
-0.036400238717808786
0.28829117960705386
0.19125120566846132
-0.29490643266886907
0.031866179974735
3.157347190315271E-05
0.08755458723799395
-0.11792694229438207
0.12031373826791754
0.018845750566804795
-0.34606456364373106
0.03143898827924916
0.22138913467638585
-0.05849169291976556
0.12365932178828713
0.04228346178000139
-0.10234936407740522
-0.08339335625903191
-0.27234776909238606
0.06740001305066093
-0.022905027146792534
-0.25270807799466743
-0.23785934321103366
-0.24713863645957618
0.0189327294345518
-0.09666246074916635
-0.08148399899808073
-0.033776056477195365
-0.11075938896638378
0.06189216182612873
-0.299341710235679
-0.15898150424312213
0.023889866695922746
-0.0903970874991987
-0.034942179631797375
-0.18947558274463563
-0.12378338235082421
-0.08412911518479413
-0.30254290694191355
-0.06517266083343157
-0.028661166657258985
-0.09669780318685306
0.059955664128111714
-0.2441864366334033
0.09902081423388358
-0.01460908695107486
-0.03686778336499826
0.11624997666976897
0.05209976184229955
0.198578617690928
-0.12415976126431076
0.03521063286952396
0.14348911117080523
0.00883497694632897
-0.0453780198586396
-0.056911321074681824
-0.019585768488550467
-0.08807310496307105
-0.3997154538186513
0.15011165538080054
0.18892043547618326
-0.1745097373536178
0.010553558453803374
0.17309774212757134
-0.06755601613899354
-0.3231839738480627
0.03157305424334382
0.08925429937175702
0.02992947450067714
0.045326075255818
-0.22650716828920953
0.21861118116916642
-0.10239674574609693
-0.21212986321045033
-0.14488070982074822
0.09616233593396753
-0.020907582623955707
0.13342866624779032
-0.1796592144288398
-0.2592702362045925
-0.10579810274245167
0.04368004717475372
-0.26261850921029867
0.20487572328576611
0.04862016831900128
0.09682526256709932
0.061393425258842414
0.07487474479256206
-0.03334485067863852
-0.08050898122601682
-0.06874630699483487
-0.09561870942855363
-0.2121493536095046
-0.11606613702724568
-0.2400404280014991
0.09833123159120759
-0.3249329126684722
0.09996935682002132
-0.0041637916466311965
-0.004035685352374793
0.10650911653276494
-0.02333744071716726
0.0324597382210591
0.23167822863632404
0.15932899317492766
0.06893752712932323
0.029733428791497516
0.061806254895633836
-0.08571675656370988
0.1172610225427592
-0.13826505437326903
0.11623435235096588
0.17483961409782475
-0.06056225190637725
0.2561095149950272
0.27724522641425264
0.08078138075543824
0.039793401875719205
-0.021485353713654832
0.007699710628189708
0.19429908876559324
0.01298859005118669
-0.07256178652396492
0.23821091907713607
0.10344448302493557
0.25843817225898175
0.1697982156067774
-0.18483480297490443
0.07992774567901978
0.16988734513395826
0.014943365712756479
0.09692996706474621
-0.07019334148065301
-0.03788806062702111
-0.009742844005998707
-0.13555858854885808
0.20856782930188894
0.09857448607279887
0.0163278527000433
0.04293615878466797
0.0032780633821210547
-0.36212528963473534
0.10723400267886017
0.09396236421614122
-0.1437014912142144
-0.021327845589848262
0.10689750329422744
0.25471067752836885
0.15761950475085337
0.02044164238513039
0.09510905970313831
0.02496949093605526
-0.008334265006225304
-0.04329228668399443
-0.05586342633156446
-0.031203449296665783
-0.10283855815433185
-0.4854382627149617
-0.4455649893760843
0.20053741207827774
0.1776240749786585
0.06975138022963112
0.02865820159926642
-0.1141458844327164
0.02812822086427661
-0.02265270416143883
-0.10540246040366291
0.053326568597905306
0.11047567203037971
0.17353314346591822
-0.2244024484460809
0.11715274526937404
0.2187668799217278
-0.13818312290149481
-0.08273428793081683
0.17570556522601866
-0.19442346789884915
0.04344739845452997
-0.25868385461196536
-0.19146608877015003
0.10307768613690449
-0.2182301065478568
-0.13292347020170206
0.09160308998323917
-0.13656277490397295
-0.1383590174134596
-0.027287877756630757
-0.00206063929610829
-0.22793647124751687
0.20466460145370088
0.12221690237187847
0.02830829125910967
0.2303766616143786
0.015593314329593225
0.01232577748986246
-0.08409479848204461
-0.09092862878014492
-0.24647778807665796
0.01805981585219958
0.1167887579784587
-0.2333695722321894
-0.1279117797293462
0.07645549025909007
-0.21180828035075913
-0.07920218904317555
0.07727794580798861
-0.03916361536325295
-0.02674787018467473
0.12024842588252828
-0.23644271531241529
0.02470969794148777
-0.06745382066136624
0.17637532734046088
-0.14180667598002045
-0.03854691688442935
0.20835554098703024
-0.14273272323436184
0.006750619178508775
0.01748062312992156
-0.4983812141494294
-0.04436348725761464
0.13925105281659908
0.08787176271539626
-0.045464414574166515
-0.00430262775051387
-0.09993857242777354
-0.13719109501842489
0.09168502936482695
-0.09703988678182303
0.06605892615410734
0.2562808899390012
0.2973968762864615
0.10700311698701705
0.029259098275033816
-0.1131992304858195
-0.16513915477934782
0.13471413600572915
0.22016586921281905
0.017756054094857157
0.011966225803915171
-0.16177111779328632
-1.4336981924867472E-05
0.0864585742109563
0.0683074225871447
0.08504515175372197
-0.055423724313101344
-0.07493361100574662
0.2323573033034701
0.16628290310884136
-0.1675177700071027
-0.3670401640453189
0.10212935322765374
-0.06534960927007427
0.23666464911880664
0.08664510120521056
-0.23592824858481404
-0.24552686928660805
0.029564681833821615
0.016509334781971727
0.10249711641516954
-0.25611781426535174
-0.055963946770440115
-0.02287905862941894
-0.08820898337485715
0.14892843197467584
0.0028671835515928007
0.04041702078493408
0.2066563733911673
0.12648812691188538
0.1561616725012221
-0.008874243725944872
0.05791519820387752
-0.151647709657363
-0.09877717325375474
0.13582014851581406
-0.01844773388531405
0.23639811073736525
0.08342729443714482
0.1561967118326902
-0.10779351477621633
-0.15952508967178125
-0.012486178220584893
0.17046686165253375
0.02764369353256328
0.007112479619803494
0.1795729023256565
0.06623997473624192
-0.014334156391684767
-0.17207084895426691
-0.09429270843091678
0.1842945019379684
0.020871804849470186
-0.0313969622129408
0.07174488746609162
0.07160413114099042
-0.01964664214669462
-0.033239232877832266
-0.08021544246313524
0.0690310301113516
0.07908798511900356
-0.23132661985962968
-0.02196131865248424
-0.05967799580279269
0.04612382577451566
0.061657570655185304
-0.06400890555267064
0.022022733981167924
0.25679457544001194
0.032924830736975344
0.09141380505471214
0.1063156557278245
-0.061198079171322466
-0.035218518204424495
0.22443436930325014
0.1471523906166381
-0.003726617060751754
-0.10785650929249581
0.021683235959965564
-0.11727904412862958
-0.40133753146064777
-0.10060085215762828
0.15983874395279357
-0.11088659827036704
-0.2400321771353731
0.1328521848307955
-0.2326069280839371
0.09841501955347666
-0.07890097050194267
0.20412402687099865
0.14241973376338077
0.06491453235306448
0.00939205421058663
-0.10621046014671945
0.06729077895623745
-0.1527743555998719
-0.06339063089484684
-0.09551579313645242
-0.087765758525777
-0.18104014451894906
-0.09515922552447938
-0.0563859420072697
-0.26947962667836073
0.05042978822214278
0.09439342687486753
-0.16902147423301672
-0.13333938904874487
-0.08230184409489055
-0.1043525320898287
-0.2802109223683052
0.032778356551135944
-0.13576604446619256
-0.21533331742571543
-0.06833327247902687
0.11313675336055565
-0.12376917633887545
-0.1036277307392409
0.12263709200697116
-0.0027251961512100376
-0.04012300983995573
-0.24198993681781628
0.08592342438048244
0.28707334296351317
-0.02650344826772633
-0.038673555311948715
0.006553710810561458
-0.06654971405839469
-0.1526183374037741
0.25784164787693686
-0.04036076526149878
0.10267372399599439
0.027098715975420573
0.13014005317297808
0.06286552535127556
0.02497118580677755
0.04948415236976587
0.050543881064622126
-0.1836088307922942
0.12427124881927397
-0.18568082875187134
-0.11302230256569747
-0.2001236667799337
-0.0949187753747229
-0.17968745060770488
-0.1596539208200084
-0.12684145717346795
-0.010802115951237357
-0.09433986076659621
0.09928717408175843
-0.061126709388803435
0.0997290481548847
0.05422657403892314
-0.24339697827286091
-0.21682094393197085
-0.1745038894726228
-0.16163557132016432
-0.26757931523705775
-0.08161834657609873
0.019334029298902575
-0.22528726369759394
-0.15031085578581477
-0.3394587812046754
-0.20181649352086573
0.01014120287936122
0.05850119058340335
-0.18797978556138067
0.23294814666840863
0.0016455504065024332
0.3092365013637439
-0.0800604291876367
-0.020851242350470662
0.15491954206648897
-0.09664734460457804
-0.3377625205484946
0.007073977146821955
0.24409179836956563
-0.4184826661782448
0.22044469535817274
-0.1459102476865134
-0.15219886731166432
-0.019980350402033213
-0.30780362111841514
0.09087028953410049
0.08521292311962322
-0.08675463776236708
-0.027089420668854516
-0.16045943707760726
0.14136546717446605
-0.20026003998473513
-0.31322545111978245
-0.08745975483217164
-0.3486314622967361
-0.028248052705836017
-0.3607478889397936
0.08220914701874008
-0.20258230271023678
-0.2523266519214464
-0.08602299993937086
-0.019494629961348767
-0.12699075441215493
-0.19279547983448345
-0.34793933695851526
0.15741481034250498
0.050933175912131055
-0.43531408474229816
-0.2642097277834523
-0.29793471387706605
-0.01810408555320236
-0.18891352685388024
-0.2604013151622312
0.24987472834395116
-0.23958356694621286
0.040367614344275264
-0.020023227811191372
-0.040675031464036566
-0.5912441727024984
-0.3427636019069618
-0.22995370962733921
-0.18631863638863636
-0.03110873259509057
-0.021180010258299114
-0.0014927381582033879
-0.06629791932406491
-0.27827487234873344
0.21717925563134027
-0.34013039878920603
0.08417861408135015
-0.050165678193174114
0.37126028914920395
-0.3193181182832877
-0.1369270410132479
-0.22365319904728906
0.013676531319632167
-0.07894578865331336
0.1936806399331111
-0.18287135095055754
0.05388092545821192
-0.1132939712378681
-0.07032999269144503
-0.2544594034719403
0.09460894786594888
-0.032867122819604126
0.11152013440333354
-0.138965629764824
0.003249831266296578
-0.274100451355011
-0.13684459087557008
0.1322727331695146
0.21031775023777266
-0.05517101736255048
-0.050666166976355675
-0.24538852250889798
-0.19541400750742746
-0.11334739749202274
-0.032826244182948765
0.06613830740077914
0.2011490672876895
-0.05835042410232711
-0.19925684476080163
0.08629666588499628
0.10266896005770386
-0.022604277099181558
-0.027597242945072896
0.2263040922635726
-0.09362375354958381
0.22736631805369162
-0.02794842336508755
-0.02799188345795636
-0.013438801327971414
-0.3180370322644679
0.12611520437169263
0.012058805489220928
0.11460132517587096
0.14645744670292246
0.08130483045015413
-0.12951041653815745
-0.20147684562531412
-0.10467864296309096
-0.12193856514875703
-0.07247281045097177
-0.056003740090195
0.04275131467396175
0.43161596212490444
-0.1553051333450263
0.021533546204964227
-0.06957565177683506
-0.3200616343302794
-0.0607111062457129
-0.08196312036464119
0.03943129314631045
0.013122826953054181
0.16927288877780852
-0.056582951171233124
-0.12185023385212058
-0.07349675904038758
0.013451250158332545
-0.2565753971848763
-0.08259933358466633
-0.1242448264427838
-0.009346764014470602
0.04669914549649217
0.013173770263979399
0.16307273915871992
-0.008025694948503179
-0.04235732618240601
-0.004569857952929287
0.07970477700070511
-0.11070088831238062
0.1540742996001379
-0.313727161525999
-0.1617626218341096
0.030893487416722185
0.10783464601000875
-0.1429014924980671
0.04676061605167756
-0.002973794882222163
-0.14987612701694084
0.03834138006297829
-0.133681457788588
0.09187582441666468
0.08545215520901218
0.08648789650947389
-0.00466263614776073
0.011336591887385832
-0.052744625897169536
0.05981105669854845
-0.05504906490116626
-0.05007933095827267
0.16972038174632864
-0.12355312124778482
-0.19055180666487306
-0.06996568915308689
-0.12135569646255438
0.04726966501201712
-0.26669441254540516
-0.08870870070547632
-0.27124070904035524
-0.032191064280047255
0.05821456050185614
0.006124782197986144
-0.08183608962014097
0.2158722884603494
-0.013122106172972003
-0.12064967528341025
0.0023063803526675677
-0.16543613517196154
-0.06155504497445755
-0.04603546536208385
-0.17986165935301857
0.012930655640499299
0.10810837534910189
0.10643918909986651
-0.2372068968866121
0.03392057824422791
-0.011374626388442347
-0.38710817248772533
-0.14570420550469307
-0.14884350962536735
-0.03403835707106836
-0.08291769717624436
-0.13974741393792905
0.18834557652432363
-0.09297015929482196
-0.011048282354236789
0.036700673729260114
0.13722090909572215
-0.09906777547646624
-0.28071035104546804
-0.11920775605473
-0.18609624912840753
-0.08150939422291982
-0.10130498476563539
-0.12454753449724423
0.1225446487803931
-0.023816688192759727
-0.06925926404182488
0.037967436927022306
-0.11376206587779224
0.04952946534742243
-0.05035188322777694
0.09422236654936003
-0.03944089933636158
-0.2385957626920122
-0.06682312532303303
-0.40647860616666426
0.07995133667252541
-0.2283175846624
-0.010566307997062123
-0.0369720646816424
0.2288145315767156
-0.17992110370333853
-0.1236701567261481
-0.18970409580975764
-0.25831269998189554
-0.05328109938840188
0.07279959130755823
-0.16948981102829896
0.013641226637677138
-0.2362274836744541
-0.072243493951274
-0.018986796385715776
-0.014413696942685015
0.09971188437149221
0.006033888254300167
-0.1670714928554409
0.015868323338556794
-0.038107871973796566
0.03001588325385197
0.16342509939443906
0.004786184722592319
-0.08214132204638118
0.015412822746631557
-0.02278843016136495
-0.0669938237154391
-0.10775031784326711
-0.010369147125436419
0.15870264722930535
-0.1387011236235082
0.002005195896900166
-0.057797035125289914
0.039479908678873785
-0.23286223240620885
0.00740571377432684
0.13417282892194746
-0.0027266663524016387
-0.16088330593715877
-0.0914214535936467
0.010586711721932082
-0.00479268393760204
0.06694919619489582
0.11034867834166727
-0.0046457480416158175
0.08586797502559883
0.0221744592777438
-0.15132549718869415
0.00042472940823149726
-0.05697590042809746
-0.14560566624472185
0.07010046949825297
0.07903911071681695
-0.2653880520554772
-0.1906835455138051
-0.23461867970580794
-0.1767516537741549
0.07598279724439602
-0.14031857377829973
-0.11527733047218522
-0.005032124140371164
-0.06271888716729232
0.08909451591180775
-0.2166736943587565
-0.18777467526980512
0.04274314842050526
0.0945515044407763
0.051723441040000394
-0.2417459371447066
0.11938212810577868
0.08589378540414
-0.04375468244098485
0.009949821633256133
-0.2412798895558871
0.022374257684319266
0.03988247194379757
0.018902081158038393
0.05593415797222594
-0.1376357119918316
0.07326537671897754
-0.09542972270929038
-0.1532282352916994
-0.027125806618316293
-0.045506101482592196
0.0868648046230044
-0.11191774819746513
-0.019128798744943335
-0.046886003099131726
-0.2728675251485474
-0.07028833306421656
-0.0011803624533290964
0.07132878206506595
0.2036275982436028
-0.009948263302651238
0.20033954793954276
-0.05714455316763434
-0.37782988001359397
-0.12569200997832278
-0.36562715291317366
-0.08807267854850144
0.018546951184057917
0.07578662903593787
-0.30461775573325967
0.01530594232286618
-0.17657960670334166
-0.09962528757371356
-0.17174667391923698
0.17004361082216443
-0.10649909668338262
-0.013836017608151204
-0.20995394355875463
-0.11586844590485922
-0.01653705427135008
0.16747211722988237
-0.05880338374282959
-0.028373568458013965
0.085377039360923
0.15024587132884648
0.0391150207169099
-0.08031856454414804
-0.4061898681824794
-0.10101491539917705
-0.061343764647094526
-0.013511289040120103
0.19332463318368504
-0.038647507039699804
-0.05657832025277749
-0.06051674876192975
-0.11806293507803596
0.021279233547902555
-0.014155175221101025
0.03618809493652287
0.13266818730299723
-0.020491749096304607
-0.05133967042218413
-0.14267290745400324
0.0716755589581019
-0.14416358054424422
-0.09413351757606321
0.25019003782301724
0.014601073406529733
-0.0578329751930277
-0.023745183564995543
0.021536513217250162
0.15066674717487866
0.06606023480552899
-0.2020418891471397
-0.14804465414231063
-0.06606113802940193
-0.14540907321248978
0.06041972453047158
0.08937937329913063
0.21459749354759627
-0.05247886721927126
-0.28201096486544686
0.0684019808658903
0.11785582248839892
-0.08625118870855916
0.2592268437206864
0.1817152375605662
-0.010064825977950852
-0.0049612218285313685
0.02054798454655622
-0.147607465858872
0.042278511260671885
0.18774463213609036
0.19406874901220672
-0.036157922493583475
-0.1504889616090223
-0.404300723902552
-0.08093780250690845
0.1373636838923061
-0.0783380795124555
0.11160989944292816
0.13572295808156945
0.040222910412898806
0.22858245914560307
0.1258998037203673
0.05864334103225102
-0.06781545781691585
0.29239068360143516
-0.12299442414776722
0.09165457047801252
-0.16412804755150318
-0.18244787413549388
-0.04259956354977288
0.08021032215289982
0.07744339933900117
0.12331812607035944
-0.023998068803414097
0.14213391288989194
-0.053525607910213616
-0.08488370893495457
0.2621224768690708
0.02782837582825566
0.06052600024183419
-0.16763256563112677
0.04207663846970139
-0.0570626092966691
-0.3404317958935188
-0.13680175617969104
0.0481349556510855
0.09706449656601414
-0.14690352095268713
-0.107846241727431
-0.07161494485656142
-0.14973495911975726
-0.08996506603595165
0.33124265636979294
-0.09811893494219914
-0.05494390746324022
-0.10343542880632282
0.06325608739119289
-0.06403314191590266
0.12210979986580422
0.1668825292872754
0.03947408197125084
-0.049234020372257374
0.20425201343296673
-0.22557683570653098
0.17404819278463274
0.01397515536087103
-0.10831335197046639
0.005160828137531379
-0.16519008420395845
0.014099594175877318
0.02106177903401493
-0.08223899383939944
-0.24689670235115582
-0.049507402795262785
0.08962412514494339
0.21812466309953182
0.006811072867078653
0.039267063634341536
0.12172200385141156
-0.1660071732032457
-0.15159000837889164
0.007290973724946817
-0.31914770374710577
-0.09373693704380999
0.005156218568428501
-0.20184390155800164
-0.039628779301094014
0.3371523085137198
-0.09622040750960414
0.05757870040349353
-0.11196122854365903
-0.23476350346366648
0.03455186083455498
-0.06625278572811434
0.17346593802596874
-0.05871251521674822
0.1423602628714515
-0.17401547955321442
-0.014987764711574087
-0.11872776787448772
-0.21888154658410142
0.05700483962053264
0.14354248851190685
0.26768910627314707
-0.02538074539456605
0.10843828492605241
-0.2505088504080253
0.01233313677169542
0.013584519710730924
0.12392016725941707
0.07017463670698017
-0.25416660896313836
0.021993624115363073
0.12486687231095789
0.015364334484957168
-0.06447014605821956
0.1989918620586976
0.2204772465519054
-0.08925988436535472
-0.048243106473485765
-0.2755323576990692
0.06325867917603566
-0.10797351669081243
0.04185980513837825
0.298248325273302
-0.04732572860108853
0.25356937905328275
-0.04048457436113311
-0.1702240422171109
0.19744766910916953
-0.1609140819009556
0.0176271482013527
-0.17154822156779967
0.21898427458675357
0.02477689005380309
0.03407149170970269
0.06566612567871442
-0.17934722140204748
0.06428618209742283
0.02211671868388118
-0.09642628540118432
-0.2155579025420536
-0.04723107361311876
-0.08077884137278099
-0.3190668687472959
0.08169571893466739
-0.12399724208464986
-0.0025747781199456075
-0.07533535368065598
-0.004780638560195964
-0.047019854790530766
-0.02176543597933276
-0.16271871309998184
0.11203425823139754
0.02876704890224213
-0.06626287278218482
0.11025239933189201
-0.04285914074227518
0.06642287662389179
-0.13434336307545316
0.0752489221065146
0.02785630372366896
-0.018721754139567347
-0.0927605334306361
-0.037317222593452846
0.10300054398207786
0.16355644767589317
-0.038603176039403435
-0.04462527234307343
0.30053040430253325
0.06768039670200841
0.21807527303082377
-0.05874470038272365
-0.10859390866110007
0.15355133778074392
0.021750994998831468
0.04975579825912017
-0.094383194143169
0.046763287478528044
0.029230020086724737
-0.045222225974320206
0.07204649218350638
0.07455626884602254
0.06941914765875948
0.11351234839394814
0.019356714171056343
-0.06703390502751386
0.06010628006686319
0.1058475842485584
-0.11804619208032259
-0.12961259478431644
-0.0924926442085268
0.05622969969339748
0.12720467139573738
-0.0023396234117885237
-0.0024465113986710477
-0.011184405916806169
-0.12287004480240436
-0.1768475296257241
0.0018580186953017753
0.06237374719497239
-0.16139348885425545
-0.058370188453340355
0.15461113975213728
-0.13347397714127418
0.005917941966187899
0.11733099782829419
0.11484019829360428
0.1681498193859338
-0.12591337933328653
-0.14164539465053827
0.12129349159910029
-0.20224622031646225
0.24265548820303248
0.05261664840083352
-0.13325641326980878
-0.04405092177960276
-0.06852535825161418
-0.1369840412723976
-0.0779483619698103
-0.0013283556532281977
0.2656466758371171
0.1353912815943032
0.016840435501336248
-0.11810444170252822
-0.19724996513023868
0.017138949207335604
-0.03190191545735727
-0.26244026475740023
0.2159485012089268
-0.0015798363902889971
0.15836502876314928
0.05920027169276508
-0.05784155061923758
-0.0706425554993753
0.07493217958018962
-0.16240975957478543
0.08282449828626165
0.14903552410909757
0.2551818016366838
-0.15783212417124134
0.024862194297605247
0.1055316017796602
0.026665528877020794
0.03614860798875273
0.021150096646306554
0.033675926110731044
-0.11415628783782633
-0.15077418030842457
0.20333621700918675
0.015283208507707313
-0.28694492262921806
-0.12668771414225302
0.03625402610924673
0.19188055499464154
0.01861309884517894
-0.15047749367432145
-0.1304048024786219
0.12998978994192967
0.2014344802667381
-0.07557490496975552
-0.1987840560337148
0.20668522236911457
-0.07308369097863411
-0.07420074069529368
0.07200516868629663
0.08246669587854748
-0.10155324661855829
0.2058367067442276
-0.4189086330910266
0.2296530467548231
-0.10448045048864754
0.24267507138998845
0.3335909566543779
-0.24522020608126802
0.000425127424713424
0.21992559270204945
-0.1364255256650849
-0.01610080806699048
0.02259119276851024
0.06450048999780957
0.1352293438234604
-0.20692522286887322
-0.29205695542134497
0.12607995304081798
0.12123575336558358
0.07180631965640072
0.10690141327208669
0.02368608751093303
-0.011683023345160084
-0.016202389166861852
-0.000785038287747405
0.145006186696004
-0.11831260057253921
0.18153057970834846
-0.06234897985151513
-0.07564188885145284
0.045469993968768586
0.02634492527690692
-0.19205719311947914
0.11210121065197284
-0.05451403229246139
-0.021672157982640845
-0.09315632669943524
-0.021915872381992274
0.015282521899597537
-0.12086298157535348
0.008640750967518155
-0.08162221971109675
0.33910594016896145
0.169089221400384
0.27035072253131753
-0.06626286691929949
-0.03835336744613902
-0.23879635604795996
0.11293239543397825
0.17409272364192296
0.012325568388710514
0.09822734407838299
0.17930952806055356
0.05062647885664156
-0.08156542048463951
-0.00697920596071539
-0.04217018941706628
0.03506374006936769
0.2389640431571756
-0.07196537952968966
0.04839073362063938
0.08227344952210079
0.11108961256881834
-0.19934631236170186
0.024368203887826487
-0.1517346493057098
0.14280421315055786
-0.007817859380137872
-0.07930273684439709
-0.1743878010640291
-0.05914131589329232
-0.05681451553118509
0.04928153492050506
-0.18565174146408248
-0.25598502385507454
-0.06310757445847816
0.08227257563942496
0.06554513191716044
0.16572504258720458
-0.0119064040096207
-0.03986824090236848
-0.19146624126291126
0.06783637946746182
0.08193784647370095
-0.2192561490745114
0.32399817783732526
0.13507436609231974
-0.12731821565982093
-0.10438337663921882
-0.03472312142839309
-0.13979784269990955
0.03711593068814038
-0.03019647795650929
0.09103139190518383
-0.14140326706143055
0.06754200128023209
0.0379791748678998
-0.12135160346767916
-0.0017131013879558223
0.25127504571500675
0.09121611032355122
0.16060358796935503
0.001237831066032956
-0.18815921956378964
-0.11920051702172027
0.2772641413042693
-0.21864128563355795
-0.22032464683902747
-0.32913666949203296
-0.03367353736811205
-0.03469711594065142
-0.06823635756348603
0.2782609768177243
0.13404443382685835
-0.20207183523918676
-0.03031051749555253
-0.23516531251953976
-0.09146763513971376
0.20221651137410382
-0.04792126236298016
-0.03376397961960497
0.10191834605307373
-0.0605569016089849
0.02015788107056101
0.0876320955744878
-0.2079128281810262
0.01050366097344375
0.1613772845863051
0.04892167536012744
-0.02480358773186806
0.2751595016659301
-0.12552712573035893
-0.14649165141372825
-0.015946468857157354
0.04549583782447597
-0.094929866906598
-0.10058390822576761
-0.02291534934700167
0.02891147617088394
-0.10152189282604329
-0.1021824993593724
0.3059071941650357
-0.10202464571637467
0.19736671271446707
-0.28870264524970496
-0.006988368846226698
0.020332546048193276
-0.01913183761026836
0.13676069184772435
-0.3622058623282688
-0.10357515183751685
0.023976284601140208
0.006973836186950324
-0.1030926687752371
0.0219534941741459
-0.23332198511679358
0.13540047118366935
-0.21699728719412256
0.1554672656514979
-0.07909713270769836
-0.13959821901968975
0.10614292949584157
0.2271028209438445
-0.12441808956130435
0.2015439219959646
0.3557524712694145
-0.00876962150417829
0.298719805470683
0.044492361155353696
0.025355548512082222
-0.019039723735151455
-0.04415760839682853
-0.004558477438693188
-0.08840522035116449
-0.006477698995983582
0.039495640882296026
0.03417016272445453
-0.1223166961213513
0.0026022870611944597
-0.15680386945131403
0.1469501317476548
-0.03233666056028516
-0.050272830562748144
0.03370404808343304
0.021634247072771007
-0.18787566231741812
0.009888623994082598
0.03181832904081588
0.1129220690381298
-0.1428192308105621
-0.14886265087956194
-0.09515005955123736
-0.12163339611233466
-0.3240343943565066
0.09085406901264463
0.03529895244874036
0.23968061361402604
0.04969015837361727
0.40539010356188426
-0.30418929576163123
-0.09555880456384466
0.043457476960244476
-0.27194049505580503
-0.10411367539883225
-0.01893602346547138
0.07048980168774438
-0.4739366009381024
-0.28435516957094686
-0.013409502870506506
-0.14738843177164526
-0.08444458951476727
0.03776303093789453
-0.0858944273493159
-0.17464477747735682
0.33597769868726446
0.07556453063822954
-0.005544954043925792
0.10340479349813737
-0.059072454312977724
0.16718449958191386
0.05611315817941189
-0.07751991941494192
-0.021495587614933167
0.2870345514755296
-0.016022980286733875
-0.1618404017785001
0.10093088983545664
-0.10443481744099276
0.1271034484102691
0.05177597382131609
0.209754166213703
-0.23191292090181825
0.013947586929223944
0.08306528516163376
-0.10003953651745935
-0.3244306034876591
0.23191991922596222
-0.05271248840709796
0.06354469612821646
0.1350997337802246
-0.021085523299284963
-0.08636748071254637
0.15235643147057593
0.06202258711960204
-0.27609795214276
-0.133228048938486
0.03173712458098391
0.1945025044791937
-0.048029598037323526
0.3204846927240118
-0.21342994400443147
0.029094584278197437
0.19155628123876267
-0.21161140401975784
-0.2655292078155475
-0.07656682015580316
-0.2475181580906863
-0.1114079537070142
0.05048123910515195
-0.04557050544347136
0.10241510502975949
-0.08051315536960535
0.10625149072048601
0.10363745599336385
0.17312196529665888
0.06252531666341818
-0.08876098703166213
0.011843462341020296
0.0017817887130032483
0.06827182149062683
0.1065724421324352
-0.044355116736834385
-0.0753727412229571
-0.3038706170355015
0.12865362960620969
-0.005244640322595069
-0.022094280152036357
0.08503876503942655
-0.13888008860011805
-0.2552082755345086
-0.12943859556158982
-0.06895035155946261
0.024648661714698487
0.025350353791923536
0.0701949711601451
-0.15448440909722977
0.02908399048129172
0.022832597122692182
-0.04392546683893089
0.11435975840443918
-0.1243909838408567
0.10712881648374986
-0.2095331451172813
-0.159115139351747
0.12522569846958714
0.09868847595432763
-0.2863094117600725
0.057948862137651956
-0.17444058302009266
-0.11509807502423508
-0.13181309751912165
0.18995525970283517
-0.2759657099620102
0.002121060661080305
-0.10404739488244837
-0.04711956945384332
0.0011192887255882787
0.16866737682049865
0.04083338905417929
-0.016792792064501884
-0.23962555602222105
-0.1575595369832164
-0.08698140171772137
0.039799129068740606
0.06739444298511295
0.11582866568370861
-0.14752437880985522
0.04725756366771884
-0.09679899193725171
0.10104921065400362
0.03467673830644407
-0.088360079609032
-0.13319471086734944
0.11064442847634691
-0.04249726937051133
-0.25605161376770824
-0.15426321039339566
-0.053383649261236905
0.13827566106510175
-0.21382507992274322
0.10466164830545915
-0.17140267909447662
-0.09650158005442279
0.13873804803861928
-0.1625072540658068
0.032255370162853535
0.010681800198379896
0.06618711523794905
0.04415080013805592
-0.17848806502107212
0.10770760523700698
0.17025038857820582
-0.11338035031382035
-0.09096493830354244
0.08526423856741525
-0.16920708873871632
-0.03245095449332243
-0.20102954375739557
0.10658759667310007
0.15227004315810735
-0.09454289429992993
-0.04804549934712825
-0.015035544549075248
-0.1927340278387266
0.15701146887582224
-0.06457403370064398
-0.30171856967061417
0.21067299049099777
-0.19555455000833927
0.0721765948638454
0.06528541054519676
0.3997248047372086
-0.15607027132685986
0.06640062752022181
0.22565718457848105
-0.06582413292993522
0.07394909312828002
0.019226007059325072
0.1706174371560413
-0.24269309040759995
-0.03131793850991164
0.31456883638081773
-0.11836628985161768
0.19347198172555433
-0.027880309621547746
0.0994036446683467
-0.017609127706873878
0.12146964669411717
-0.014563185939169554
-0.2004417356258549
0.028449205191461126
0.00879912098729627
-0.10863051716332582
-0.14289864201407115
-0.053470006234785324
0.042352538482388284
-0.09436044123241741
-0.04154424538277431
-0.08587026561021283
-0.07644923911788341
0.3651420704549184
0.11872411761815925
-0.23398162794032032
0.12441243398606412
0.21208246696480945
-0.27838425655555077
0.1258338563433604
-0.08709310947209391
-0.07644715911700549
0.1343222948258498
0.08911373944584679
0.13215720462004402
0.0651184551816338
0.11116325561235041
-0.05891094242967535
-0.10550103922947518
0.027622318925830162
-0.07981749806459416
0.012422300088402904
-0.038135980372848696
0.0168844328940413
0.012206693369959233
-0.09535667587804576
-0.223345491095972
-0.047969559642990156
-0.12165468930143017
-0.02640505677810395
-0.2563528239154819
-0.004916523471345317
-0.11810191673070883
0.06845931973390891
-0.01694316780226105
-0.021253342344970817
-0.07726363440618048
-0.21805724361964024
-0.05304272606149268
-0.19579107578779317
0.10186854393763431
-0.194629268601317
-0.001322796741154411
-0.07918630539584666
-0.126795338523452
0.0005927298357106831
0.061062702109519085
-0.20131157110122605
0.07717049896458572
0.030118174864129876
0.08511498073906101
0.04582210035326292
0.05998791024258251
0.1486883145280746
-0.032267111141389415
0.15492436821762195
-0.1327737395551532
-0.055263479519238504
-0.19624010808451647
0.1856510105725632
-0.003919322854677536
0.12552024264901973
0.2462792127434013
-0.10077187897230765
-0.20150365753269137
-0.004672288490967225
-0.22134184832849754
0.061142979916449666
-0.01593036932991388
-0.03680157473656106
-0.1085695893144196
-0.007524839320711141
0.09707517588988296
0.02034734069770688
-0.04647815016133932
0.026783909353915305
-0.13916154397927616
0.2674640384731582
0.014646224186473357
-0.06997861942373088
-0.007408161777625392
-0.10975296848015939
-0.06070444381585185
0.16508638767250253
0.15749925892084182
-0.15828059188755503
-0.1743742611661964
-0.027751672947161785
0.056324818546584915
0.08124811589901892
-0.05077229856900111
-0.1848841369251765
-0.04405529196193741
0.04157310812858008
-0.057038148782193855
-0.10925293859238158
0.029318185703829127
0.4464979153435619
-0.056429136671387305
-0.05958850703625619
-0.08830530712044585
-0.19560193961341985
0.02848117649515486
0.010404469729078235
0.12803792823837667
-0.14276242911425113
-0.21807643378522418
-0.04594233208754633
-0.2375638401762512
0.00022768251514106044
-0.031755183831983905
-0.08299446370571072
-0.15540620982733658
-0.027224477404139354
-0.20397905040499079
0.03234246435807404
-0.0389758862114041
-0.057971041767821696
0.2094937771676855
0.24602470108196123
-0.2250941726044408
-0.3396978801641548
-0.2984981848407026
-0.15023118117505374
-0.20951895146146168
0.14935449310269705
-0.1922168491185266
-0.22076572743386713
-0.063669794511991
0.13891778821897596
-0.26864287903417894
-0.08863065515404135
0.07192485844566793
0.01121397814970846
-0.16028147178045238
0.030767276390526857
-0.1917497679022029
-0.027989570890143523
-0.12181325510256519
-0.4072503202714236
0.08441656728572804
0.01807459126682991
0.15339930149700656
0.14308065590553662
0.13138062628554362
0.09697910032460781
-0.1935613889132276
-0.16518371728605272
-0.3024513949771544
-0.3289528463714454
-0.23179118442756955
0.06398459787974664
0.027493073279023887
-0.0014425894680606872
-0.14687978710810085
-0.09363016093458768
-0.05510548708859259
0.32518120007481777
-0.1043948172691919
0.10537497858046373
0.2005032325104128
0.11477977990962036
0.009192187631460489
-0.056721168843065425
0.12466031517488525
-0.1659615903755943
0.035966340604575125
-0.14996569913354404
-0.1953939869734156
-0.07109956281624083
0.010942094275424648
0.019963848166802595
-0.013650499050947644
-0.12456682803013307
-0.16771928162337282
-0.17737574759017488
0.38043621310635417
0.06789885583147277
-0.4491734254398466
-0.03380299632510369
0.21763456714771615
-0.16605039148317324
-0.11816215006590852
0.0012783625047935716
0.024427405613419204
0.10425881915834422
-0.13115542682469286
0.3144000583717973
-0.021600282857541057
-0.05202346246705225
0.039132993522690084
-0.033269886168530736
0.07096771693614477
0.08438624581512415
-0.5405876626373683
-0.24883490806965136
0.08568665551327158
-0.09462460045792251
-0.07440249405022353
-0.1652474350357264
0.021231930273642938
-0.04683999936809463
0.29976827082530594
0.12131745831333414
-0.16039309406892702
0.020887041866537406
-0.09713201650686411
-0.2363444860045307
0.05657692962552351
-0.10075351278667295
-0.1765718849090856
0.0679891206822813
0.11940421493058456
0.058352796262307056
0.30767255959075696
-0.03868407189772856
-0.0940185324866993
0.11343255155519245
-0.08175787262434579
-0.3264568709876501
0.2540932934591606
-0.0009372224160678254
-0.14119492641365428
-0.12758067275269871
0.018445727933216628
0.20964071248211144
-0.15793542854922635
-0.20260457573668533
0.15600930878833882
0.023495971826756765
-0.033143967919789775
0.18433902250538545
0.0002246134107186621
0.06838469199513293
0.2130339824885772
-0.21491533528373485
-0.2826299360905763
-0.012908166108042017
-0.0909713223941986
-0.08344458660031596
-0.11960854628481771
-0.22438879183160854
0.042996122057357096
0.015616844966720224
0.12999024360005823
-0.16948162207667491
-0.041732194916700056
0.23299892634021324
-0.14908639752543515
-0.09753470290637112
-0.13246252111151435
-0.11660372006909855
0.013597405410200027
-0.16553383515399353
-0.07822874146081675
-0.22749575201410302
-0.09772829988571632
-0.03360329383798882
-0.03317082083040542
-0.008845212492678382
-0.06175835904982308
-0.004682354136393113
-0.19392721931300752
-0.011102855467855532
-0.17701864772621273
-0.14079065623979187
0.22052695968672284
-0.28148156250518863
0.06167463820161275
0.14003959004214528
-0.08525751715852223
-0.261395952903032
0.09218665558346716
-0.07693007973231027
-0.16233967611577188
-0.27313093417144885
0.02847389181207481
-0.2326581849685108
-0.009825188087173834
-0.3503013924583355
0.12316552243798712
-0.24276969535975068
-0.16805482719429302
0.3472789151646979
0.061819259170172544
-0.12727555374158883
0.09539385942398436
-0.03637273419632567
-0.09237573287013733
-0.060766928615688984
0.18540405082015188
-0.02749721169907931
0.012456978595550639
-0.20391970095764364
0.04752645111073265
0.03553992190541856
-0.13005320183322314
0.07209413049681672
-0.06441747545227765
-0.08157372498727693
-0.054144214805650334
-0.15211302230661142
-0.15052052501533833
-0.22399839079163544
0.16933859539209944
-0.06430725602383927
-0.28318936709606907
0.004397954391512094
-0.2599722967926667
0.12494845352722325
-0.19383287349927233
0.05201795603046558
0.17029436651330387
0.04571791277371863
-0.027979378053079214
0.3003974438258792
-0.04244086407711446
-0.002919813402915868
0.14858689695654173
-0.30926781507452833
-0.24422942243544113
-0.03211161947881877
-0.33868101623273916
0.025936762603219705
-0.1385892146033926
0.07873900928182612
-0.17298612536788735
-0.06728284434639897
0.12782808449279504
0.1289995137562916
-0.0784190016786071
-0.008151400581586879
-0.03045777932843807
0.10403751754218273
0.012436169660422927
0.015106058243273442
0.2599460794368966
0.09131362555928438
-0.14200945888369618
-0.0327925823301638
0.11293378471559015
0.17271969057689132
0.13067710162340368
0.09023622811227518
0.061898318830486104
-0.17354075287614348
0.021822799402936768
-0.018929219024969454
-0.00889978125186456
-0.06068057165555935
-0.205295776832508
-0.08303551693818055
-0.29194073725947356
0.3026623231683483
-0.07819687170744624
-0.18954818165414858
-0.04596826344490362
-0.15083673365756967
0.30184272693536673
-0.006263033531546572
0.14167362994655755
0.24559367046819514
-0.13148121276112743
0.07042254969211054
0.15186810141610185
-0.11382362563671605
-0.03979623334390713
-0.32647121860246153
-0.03489062893783016
0.11983245708695128
-0.09197988485701854
-0.022457769472375936
-0.19336966837715605
-0.026797159665561093
0.013137243600539158
-0.22766599633371393
-0.192246757353785
-0.10042902801451556
-0.056650280656606544
-0.1290617162445521
0.2762468835988927
0.041138354171352136
-0.17497054829158673
-0.08297474651195147
-0.15264716685513816
-0.0013160663423745097
-0.08509776619384696
0.06735479239800073
-0.08072706030125366
0.07820846176373396
-0.04350842758289032
-0.181725491876926
-0.06427687795762436
-0.08484578979645074
-0.25840016992629194
-0.12376399906848251
-0.14277487532441513
0.07640693996498181
0.25342534772416464
0.1086560148295723
-0.04509541347338312
-0.1152631487833617
0.08302648489220157
-0.027490984526756527
-0.23566890296296825
-0.1548716071806349
0.024374018046128564
0.11346519442401969
-0.04505908246781392
0.1599394358286356
-0.002834054299423312
0.14029739737381652
0.07196912586477953
-0.17356829610959992
-0.004614382816298055
-0.1528270662246685
-0.0815876790193667
-0.06320702819967569
-0.16229752987577598
0.08360227522330517
0.09789152364657759
-0.3266219480045865
0.08936772372418525
0.20087503825814773
0.13014137851483545
0.23442219388577923
0.03153819085905965
-0.02785089187510876
-0.10170961396787813
-0.3574567751131714
-0.07996056845324488
-0.05183816934121637
-0.09889545234272212
-0.07226969354288561
-0.03852670746712885
-0.2587232720997228
0.15225986431951552
-0.019830453509737094
-0.1445489433537899
-0.12386383245288878
-0.0029261117647589006
0.040994215170038935
0.022450982092123373
-0.007142962533288508
-0.020706510458914112
-0.08008169200592244
-0.11275989437731787
0.047691153694006526
-0.006602482655715057
-0.2536802834233523
0.10718579818095242
0.03460282556540301
-0.3904818115295847
-0.057857363952148376
-0.11835692281231143
-0.05530236492370068
0.0937560270216178
-0.13974242104548132
-0.19728487139070852
-5.448166259262531E-05
-0.05797377779109466
0.1593487166618112
-0.32560297647372116
-0.2184715508773808
0.14690789451370545
-0.005713158679763517
-0.07748409959404291
0.09378952408567025
-0.0412984369388483
-0.1457794417135022
-0.19089035807720037
-0.23979669825336766
0.034410736769682176
-0.07710459611461745
0.00026588835995966433
0.22922253040364135
0.07125355651001629
-0.27825238539507724
-0.03507713377643796
-0.14874552366652388
-0.12842237578768012
0.09139335752245681
0.2376286288564076
0.015449479573013961
0.0695998913843708
0.06973561049434811
-0.133954502240261
0.0839020479873136
0.05557335540960679
0.24619922029862137
-0.16648870822057535
0.04027578828912058
0.010537080899591126
-0.13856089120816784
0.0318925551457604
0.00884814604893903
-0.22097097484035724
0.1939910044473606
-0.09136116725226337
-0.03988068489679814
0.115158702585732
-0.12231873021050707
0.18179746352854675
-0.06808538367685925
0.1047975598832729
0.14912897644665238
-0.026357635925143237
0.0422546941828756
-0.05622923864124907
-0.17096611051332833
0.1292294355382262
-0.013088101443200616
0.04462203172219704
-0.06888552985295905
-0.29200928982495417
-0.03847570482541043
-0.13797707223724098
0.30322125578277254
-0.0009628159372187553
0.029175557286890856
-0.3535944133597933
-0.11335020773674143
-0.37863190676878267
0.032299399437211065
0.3287008347940245
-0.002081273292380614
-0.012978932897124543
0.02386930785229938
0.23065774518028215
0.14804542903334963
-0.05388154690128627
0.1737134969548736
0.00913654441374743
-0.10672192332184308
0.05912744187962073
-0.17305963877841155
-0.04590075390075831
-0.1400237572467783
-0.012476479997373257
0.1894497019350683
0.10505368648657033
-0.09517481502906669
0.15214753755623017
-0.08377244998077205
0.07181338041087582
-0.1512303365077945
0.14749565461929492
0.19897321491260028
0.07452360891739275
-0.16556605797379959
0.10860686908901497
-0.14335333706788123
0.037284656612282495
0.10460116082493931
-0.02810785322510063
-0.08990821136971314
0.30015525920554126
-0.2851616051524128
-0.3128837919624454
-0.1135182519332701
-0.06220545498345343
0.09015087874442945
-0.20516961530793307
0.10455443568672404
-0.10478946509920528
0.19730917150641392
-0.11535545231962073
-0.10774362708652652
0.0012898304176861247
0.2893471088146558
0.021281766078729742
0.19144529141975136
-0.26135112635569296
0.13696952213374966
-0.08308783633449492
-0.0177204471984537
-0.30818537608362073
0.11331934714600125
-0.2676250408339735
0.1635971239040894
0.12385796262283613
0.2891035507902811
-0.1840883484409205
-0.0014516488073172858
0.2194780470436413
-0.08799506534160134
-0.03690903809564959
0.20550412492961828
-0.13332982962202045
0.06516472563940308
-0.047241215827175095
-0.02780169680837701
-0.12309709125328024
-0.11466565870512402
-0.008371262535952868
-0.03719323839570631
-0.014142781179518834
0.0005131687828130818
0.07237575880792099
-0.10974517420248205
0.03548736757221977
0.05087349002839134
0.014646036244002162
0.13737779249783152
-0.24867682416878809
-0.04151442221646549
-0.19022210349379048
-0.1702709384309471
-0.07662083072888302
0.14586538275042055
0.017639916558716516
-0.09057495895476794
-0.10798000631550014
0.032060375802240804
-0.07293152230309949
0.15508634090498022
0.16063566092408732
-0.05380694778114375
-0.10906048812364656
-0.21677228284043332
-0.3649151969209481
0.049433113148850114
-0.12154546702080551
0.0023840807471447877
0.10059479412771763
0.2407414009311443
-0.13485724281804207
-0.19443143313059644
-0.3986118314034055
-0.02245189177915358
-0.09601508601122258
0.06373411255810352
-0.22159396149339491
0.1446393685473578
-0.31144150010106403
0.052627835629188685
0.13874580452585172
-0.04620411176543841
-0.0812985436471827
-0.04340360326164925
-0.01767702328808834
-0.010712242775960362
-0.06766449194857896
0.23574465467382422
-0.09348387584809514
-0.29772731964541904
0.08452551540450966
-0.010148768363651368
-0.11943276480733284
-0.08241086986544435
0.04460742455661822
-0.18788627570092706
0.02670828241479782
0.02824235736710428
0.21172797894331719
-0.15725459324683208
-0.06308218979006687
-0.07102007042049494
-0.07179759892217195
0.04450821798336506
0.3759247187808224
-0.019754245807734033
0.24665902897923211
-0.10641366436033683
-0.01577981262578649
0.035812833072852976
-0.16111640436195596
-0.19589512484278335
-0.13207141637462452
-0.13592527035030666
-0.1919462887279461
0.07473968785394036
-0.07261653999066217
-0.23293853584907181
0.27222707237738986
0.14567927381270732
-0.011839325971552994
-0.28121483995443786
-0.047814328473912274
0.05148356310088095
-0.11068870138391204
0.22489431166273482
-0.018065734926422612
-0.030567898857676464
0.02463944657181761
-0.017238548931509362
-0.2736997573681902
-0.11431765258100526
0.05808364768289732
-0.2880227818561682
-0.07388901261802135
-0.12477833016969561
0.04404694110725267
0.017255478445073733
-0.004080258879955426
-0.05964641411020896
0.21818025235414068
-0.06944660561480273
0.11308276478514251
0.08295457798073576
0.05955268103421703
0.06455000364421515
0.00859963447976066
0.02309846018527756
-0.043440651204901384
-0.0626708240070115
0.06579230772011056
0.19043781504635734
0.05567517338197667
0.01695698648891022
-0.02479552240287283
-0.21846654513577662
-0.05457002326779127
0.04371215978842709
0.19674024901021211
-0.37916654975260744
-0.09369726692153425
0.12661308467537957
0.13009137525173528
-0.052572843248540516
-0.032725104533699936
-0.09907955536909278
-0.1255150462503346
-0.1170607634375337
-0.06926874710558058
-0.022163455898116403
0.039211599092808094
-0.13163433748687808
0.05512266784062879
0.024070826755897657
-0.005692617862393473
-0.07385011544035917
0.11111173155271092
-0.1320675474457983
0.13814519713448575
0.00026830130370645254
-0.16484378083022466
0.42971620959504325
-0.09862558416516541
0.05109850843422978
-0.044151875593835044
-0.2563855775115791
-0.027547327952849858
-0.05352128426246075
-0.10850024596447881
-0.2144739128627027
-0.1077587560000812
0.0299931309282678
0.11669752790305433
-0.034914883894720056
-0.02848533152663672
0.16135817103658354
-0.19112443428909195
0.15006081096341933
0.03300066007964555
-0.03692662933348828
-0.3316673022752298
0.048719099691997836
-0.10241848647182114
0.07738677216510405
-0.2183494986463897
0.13591524874878416
0.09301260091096042
0.06385764843690422
0.1580765915874462
0.3179852422716537
-0.08302482068540158
0.10701415542627808
-0.043809737054891024
0.0747697635813943
0.21951354663542602
-0.04551888730846713
0.07575259739070199
-0.08934859395338499
-0.36155393206785447
-0.04856868027115338
-0.3022476194252809
0.06347496015207146
-0.17901166229315751
-0.19289658379239444
-0.15578273220386168
-0.019706073614965843
0.3170397776201249
-0.012814373218494938
-0.19067381231099703
-0.20244729994605032
-0.16431765275196294
-0.028984220644900964
-0.2362255658385067
0.10886390303261212
0.20967693417952837
-0.19452918927380636
0.04056303472336943
-0.0312742858550043
-0.16970647149090295
0.04926689843158322
0.10431919175170698
-0.3482193400595078
0.06124286033307323
0.042935139826128725
-0.08818042065202647
-0.21855040083239868
0.0025206665412854713
0.13173059735192488
-0.00868968131021385
0.12373920403000534
-0.057759104389928186
0.18546784737007188
-0.05732544562772163
0.3343585659745504
-0.31405878093103423
-0.15878732111613306
0.11685738628232868
-0.29050899981376027
-0.08466919513251833
-0.25832302693505194
-0.04448711628934351
-0.0465085932686142
-0.304445703654671
-0.16313687469269172
0.07360802384495514
0.08362875452972746
0.04183211145739096
0.19532899178136925
-0.29096901663975816
-0.08158033815530813
-0.04812733368837942
0.11835400117151354
-0.02726721761344156
-0.0007576963366954041
-0.2599541728241368
-0.032243966436471976
-0.030569746345812304
-0.3066367572061821
-0.04621569337838447
0.16358199159949324
-0.08008813781156174
0.12334525840835504
-0.022345922811523932
0.14984933863167027
-0.025409169276913106
-0.19239486712916512
0.04480735684990074
0.07456665734669791
0.06598564729525414
0.2932546481518174
-0.0931059484766426
-0.20888113421550272
0.0411905494431745
-0.081498368253398
0.04100925987329504
0.08845256817548239
-0.037362033447021374
0.003860294099144086
0.08600549608857234
0.1474360373308614
0.283368913553037
-0.032698445924303904
-0.07572829275435207
0.1134491302825992
0.38567896256836803
0.03672264752155247
-0.05983969877286088
-0.09479692361608288
-0.15669589691696353
-0.016012668678807743
-0.1275878811675033
0.00704298190872946
0.056282532922062284
0.10325754972289543
-0.10121616257263225
-0.08893499487568185
-0.19151110942842978
0.19437538895122533
-0.17151379557215848
-0.1822171938105419
-0.20788650754636298
0.09511321930672402
-0.030103997324235916
-0.045102741445138976
-0.013869463388744873
0.060513405270408493
-0.18041941831576927
-0.005286110482604593
-0.33585420237729624
0.1585599495303883
-0.06140095587297276
-0.057218050073319676
-0.006777197456620652
-0.012212454901606381
0.01632439274257978
-0.14830948828676171
-0.20777992033492157
0.12609311782063945
-0.18917136944831886
0.05299693343329673
-0.09787435956823066
-0.15097806101687847
-0.32441078553877833
-0.0889009726039686
0.05030946866609778
-0.09122607380556366
-0.000689408222189735
0.20586631036205827
0.2357420234168283
-0.039991619479920804
-0.1140900841482031
-0.12602190869905508
0.03370365931666136
-0.14720001840662295
-0.013371880561523842
-0.2717439717642692
-0.2009619335572736
0.021848351937378167
0.14339804856610078
-0.14197496380596278
0.11323945845071245
-0.10183257700829082
-0.0030834588819476697
0.12099329808480358
0.09936565273855182
-0.13857574629431627
0.03178553736794335
0.034378369630841926
-0.027562209475050843
0.09489908005072821
0.24102163961991038
-0.12853314012500194
-0.034592344229488724
0.15317826244266858
-0.03230675613254053
0.07244888202794222
-0.22966216396798864
0.1519115928290707
-0.007666806690075662
-0.14865196515696638
-0.06470449808279553
0.07465046705188412
-0.024172766457325575
-0.13008178581968394
0.11376627531229204
-0.11958734948077053
0.25313028680757804
-0.05368404777504814
0.09814863028359075
0.03316792299739736
0.292474684450446
0.1655493337845936
-0.08558830492301471
-0.10149352921438395
-0.1097866841953816
-0.05252662589104207
-0.04291711031932769
0.0274679060330405
0.022198516391783538
-0.06195067261015428
0.0770552633697354
0.04609038969267556
-0.0512689487150601
-0.2230802673713968
-0.08695178138754556
0.023854507372245468
0.19109314387751955
-0.12241508404417573
0.1777984071201143
-0.11011951235145497
0.15644961435623267
0.14398321066125078
0.07551123956529911
0.0026861846489614743
-0.05235066229134492
0.09042796015750681
0.00554282755591227
0.2545182065377107
0.27379500438819293
0.10006537112484677
0.0443290358070313
-0.021722540297616943
-0.48876126654367114
-0.11720326366629451
0.015624913714922799
0.04741047952456933
0.12935864496985167
0.08047416353345646
0.15347102359080023
-0.07190912241845941
-0.38169887502475447
-0.18815187305849623
0.016216142068220973
-0.05306717643507627
-0.0794377206063863
0.005373253120178136
-0.17728716189648272
-0.37666901035779393
-0.07458217152852935
-0.08190371053380997
0.10334165674061181
0.13495389526856924
-0.1518844197308902
-0.3336788078180195
0.02616309562272309
-0.18457444367143372
0.14127988085878154
0.1707099887968906
0.44799798875792973
-0.2068597568458905
-0.14453748546035172
-0.028853673194848318
-0.356423797849517
-0.4501781184608335
0.09220593729510962
0.01509042324219692
-0.19986967639537442
-0.04731859702140415
-0.07789833136416403
0.03148649458596657
0.04671722803545194
0.011925392934700246
-0.07109943150298689
-0.019521361125583468
0.05495039277625166
0.11571748426263442
-0.08406368440410424
-0.04095625500297981
-0.09144148285926694
0.0909710749005341
0.031214864530452413
-0.05150676009244566
-0.19571178048955032
0.028229072892310674
-0.11543463563599553
0.011812153511307138
-0.29813616804208737
-0.08817625935571223
-0.17173263646246376
0.04863651469560159
0.3140152855497596
0.3131485342183802
-0.2510088765698541
-0.18549342121990933
-0.16685957957509626
0.333889662698976
0.13766561614487133
0.08273987177315546
0.05448337103266971
0.1021098154527399
0.025100634963744733
0.05038859661083632
-0.045214773593399385
-0.1234740138914442
-0.09348497218016377
0.13925912100001253
-0.0218361824618262
-0.0031425036577919863
-0.0692752610040708
0.06602412617825924
0.025228049865984183
-0.018047790775156912
-0.14964148998599924
-0.09495639314549689
-0.011466484907123185
-0.15348379038363386
0.02288363737655208
-0.012599043656708707
-0.24214999155077285
0.2789647188579761
0.02090351242878877
0.03821272052987894
-0.06581178320120361
0.27382704961565146
0.23449857452039047
-0.060871277354837126
0.15319482746140872
-0.0896260816279915
0.06726754592266304
0.13773901997018428
-0.1493800829871394
-0.05685245683004698
-0.3641348480138267
-0.10633077288394721
0.20601978980376243
0.01450125903630681
-0.12137922991567941
0.009163474347810306
0.1681845314600129
0.0077483871907682795
-0.0006906292000548358
0.1521831169983748
-0.2005736250256752
0.012104479869047372
0.008361009235698779
-0.14398813198191343
-0.14143745553030196
0.10483560014911945
-0.06489127844624844
0.11442511834360612
-0.18823058082589808
-0.10843482941287401
-0.10857340938130997
-0.31696909574311716
-0.05270411494408651
-0.10500208316592437
-0.012654245106697453
0.006615931612427095
-0.1259977620861404
0.12015044008601468
-0.10324687909534726
-0.10341203529700187
-0.012066759307866744
-0.03140768634807722
-0.10858071853473765
-0.0327834792006986
-0.04088458296063536
0.027792340064094416
-0.07652257348740865
0.04100839511871935
0.13882774397899691
-0.043040247683091955
-0.1846296780178504
-0.06414004692289069
0.07322720404411362
0.25907171322307204
-0.1299542860079368
0.18323917014824384
0.027915728209515128
-0.17225372235542824
-0.18774741303808315
0.14267520064647937
0.23528742901619665
-0.171217575821475
-0.07239330907929864
-0.01852856931952926
0.18918559640423446
0.03382595506035242
-0.02227838805402002
-0.030174488830756664
0.16596827953650967
0.21900860798915658
-0.07095303970565643
0.1543063399386896
0.17661309061307295
-0.37762515916741396
-0.0033412794538777847
0.06222015127654141
0.08912835761915644
-0.007766327204725573
-0.24873337245076582
-0.23675386464373022
-0.19247474825207586
0.1427970058477381
0.0816305898758249
0.23277704082971995
0.02347379293096166
0.02123159338686783
0.17810120158461598
0.047836698603973396
0.20772408557995914
0.13524484491066976
0.24416243487260295
0.11948177467657288
-0.20113878887234085
0.12173509378442883
0.004886443668545385
-0.20650479632970148
0.08143303722250442
-0.041727514502381276
-0.05956211949608898
-0.013580432792273518
-0.10695978407218788
0.02117343956666522
-0.010205431779766313
0.06753226689374411
-0.12107986960340708
-0.4529472959220499
-0.09502929716092255
-0.14327670893740663
0.10109108257896679
0.01426748524867194
-0.2613384296847555
-0.21069359796893408
0.028385217517801355
0.07836633151942951
0.03367536540812318
-0.014512185951711717
0.00969909076192592
0.2884285740783949
0.2682574468948799
0.30683575280424746
0.07931353872550287
-0.05564039948340178
-0.25288203649315305
-0.14562731560279363
-0.058763886905726294
0.08826534021161665
0.0396098742462892
-0.07867289095905289
-0.20009112566617052
-0.2828111944192386
0.14251893700649831
-0.1873398542364524
0.14045766008374436
-0.0023266048577262723
0.11032267721887389
-0.10771224154177099
0.15547721664545855
0.10205293952883242
0.02020560954103323
-0.1886836263138307
-0.09404753531474806
-0.19634206307809682
-0.03906305537569483
-0.1281466315995068
0.21355913358669185
0.023070928675651258
0.15053977202192825
-0.24885133763232872
-0.12204606388524751
-0.05683294504723775
-0.260903603247928
-0.16685552791356856
0.31331634660179125
-0.1407407383781261
-0.01862499585015865
-0.0112757228585577
0.04211984046182355
0.006968894368333451
0.07172999873321355
-0.04276299254538793
-0.07743540358111549
0.017927625773621357
0.06138181441536687
0.010921944374337716
0.0240702441657481
-0.0957483402541266
-0.03431187327996549
0.1513253703891202
-0.22008967998261933
-0.12650191640648878
-0.05792745471257569
-0.0418892034618165
0.2515471320149513
0.06414973616829552
-0.23927691556685016
0.19342553262413784
-0.1556095003849086
-0.1231683907753276
-0.04555007750929916
-0.16275447970668433
-0.0053034807567018906
0.335783796237653
-0.015184312259291061
-0.0057409010983209005
-0.09047341541979406
0.0329545332455579
0.024883059567454402
0.12579002416906784
0.13390697262376539
-0.13048466882722634
-0.16592073573550836
-0.14582580549774593
-0.09599988796244258
0.07063288612145344
0.08675980961061708
-0.15891717846974537
-0.06147902337137994
0.08243655875687386
-0.12697609914195118
0.08120133196427001
0.05722533213749831
-0.2174247144644133
-0.30951204390817455
0.22623122495550707
-0.04598886106159247
-0.01572669588376778
-0.13605776535966962
-0.05840624848240374
0.18603282561463164
-0.10986688706104318
-0.18728433014280213
0.14368405000855847
-0.2365888927010822
0.07124842918575336
0.010555991391910529
-0.16054565853625408
0.05622174804566085
0.07083387337037662
-0.022142846112764923
0.13931061409516557
-0.032909809148834276
0.010232382163332568
0.06085417678775855
0.008763764614704466
-0.24143199520475805
-0.00742997371852033
-0.032402577659835154
-0.02538662079494787
-0.060746758001943374
0.12493939261764163
-0.11058021161282035
-0.19323772101438624
-0.11277203109235313
0.2677444778851384
-0.18456528353037435
-0.13150887554516455
-0.2675996803910694
-0.11688765127800792
-0.06057980668826272
-0.13887813977022131
0.0323863890897407
0.0013185087267941118
-0.16917633917475502
0.08245789316240658
-0.07588206642605833
-0.11958204252442646
0.003695277016905454
-0.05655785576148214
-0.18995449444611961
-0.32528318481980545
-0.005599169449093519
-0.09957658532272307
-0.15315605798146137
0.055769360285228727
-0.03566219723306089
-0.024858761348779235
0.18958892807006758
-0.20295829346283897
-0.0399308374617866
-0.019526818315210363
-0.2552049934543163
0.014112445344139427
-0.21714324062250084
0.11788254999849772
0.019385647215270054
-0.009616999396483514
-0.030462071362552634
0.05854423014692651
0.09721649451062513
-0.21779218383263343
-0.09038555143976897
0.028836168775971192
-0.08167065021728723
0.08425962329758273
0.13052626844345497
-0.24731831558338715
-0.10722417976584457
-0.18647018713327002
-0.1650201450021007
-0.2252388490019361
-0.0727389180130493
-0.030256858026940444
0.07456985077230956
-0.09747736560696992
0.3045056532703969
-0.2730376479757229
-0.07123788822321601
0.09876105063204037
-0.023006978483518906
-0.078302467482401
0.013057358347535086
0.04651941949345398
0.05041637941007762
0.05992076814960106
-0.13474511613607928
-0.00200375946552749
-0.2683694705498174
-0.07031899802481113
0.11843712827673743
-0.14775121669305716
-0.25589729162057
-0.08701217924775442
-0.20778517056716578
-0.23108187204334227
-0.17784796824791108
-0.22585757883489493
-0.19380762881381405
0.20374759049095217
0.08947208512418342
-0.22823727522824142
0.11422208348165218
0.05442688340002054
-0.14506723662203305
-0.030824011201605165
0.004894360381724163
-0.3019477366022345
-0.2931003713154154
0.04396935118532644
-0.22907575264387284
0.038936209885803305
0.13763315840653953
-0.10853133468772316
-0.1114142757631626
-0.0935316367985776
-0.16017547458426787
0.06344559317314609
-0.10780408780659936
0.1680507537131615
0.00882450346898072
0.06437550908207343
-0.027123452205332285
0.13018243743391583
-0.1413624551555577
-0.11007822493238524
0.020551459143100255
-0.044519984108824524
0.06738290841961975
-0.08913148850391606
0.14632261219784465
-0.09985088185863564
0.16630689378367533
0.13011010498731349
-0.2911151416699312
0.030036016889765565
-0.21560255509493403
0.27941884365243913
-0.017293136085748895
0.05329557957243934
0.11624496660360531
-0.08822125404770173
-0.03724659070762105
-0.05325387451293346
0.1586779028175659
0.2229780974712051
-0.08684272033936669
0.14968786231355355
-0.1101794864777175
-0.009600360626051073
0.26506129529830746
0.08228385623691495
-0.14496938718750543
0.0694693323293858
0.17620378130469028
-0.15295251893529205
0.17726387280132336
-0.0909335831690956
-0.07229352105162344
-0.18411149190830803
0.07636834361351186
0.10972445517029907
-0.22122721890058025
0.11993904133945997
-0.038840155820955506
0.12551252342720998
0.07963860795578413
0.06735633923957782
-0.19565202519008593
0.060730561904394485
0.08386829663870066
0.00237138403192019
0.051889042833030655
-0.368632761985474
-0.08366293617556748
0.22477421440462658
0.23068841847296134
-0.050061154732347804
-0.08085618400066572
-0.0732080388731756
-0.044592460785420215
-0.2317723941977387
0.22366721286914804
0.03113823620838959
0.01126060750018864
-0.10400867730669068
-0.031765359200697924
-0.004777745601543407
0.037981317860765466
-0.0100395533862355
0.20468546965262535
0.36491969462471135
0.28089454348695136
0.045046601919291634
-0.07234011130598311
0.1593494464450679
0.05617674660617075
0.19213451451264965
0.12476823603730963
-0.11818190231083166
-0.11678104228851613
0.020654153254004284
0.08165073145561251
0.15692809871725283
0.11907482272425819
-0.11064618130031957
0.1475000106972569
0.1396552753993638
0.11866478584033278
0.022501864240475178
0.3467016549964848
0.10767202749913919
-0.10635060329551421
0.05341158322725482
-0.19531650749292553
-0.13817810867998584
-0.07975715035251063
-0.02167617150293339
-0.011343925217220791
-0.053851596291425545
-0.12788144636579304
-0.1911247314593742
-0.22373190875615412
0.10266944052027666
-0.03851123346863216
0.11504688994713572
0.09822751171591247
-0.10005972458382298
-0.09945878812536829
0.1977432912762901
-0.059084873832872135
-0.11426658720571692
0.09585286876306894
-0.025962687728278443
-0.018274408720265208
-0.048630001385160895
0.08695208718519078
-0.056132243508612685
0.11979571096578387
0.11885811626726124
-0.20163561001151553
-0.11453914187577492
0.09828109405139683
-0.022598525937166887
0.014976476352762697
0.22394713262965585
-0.2257111566846429
-0.19393528689022146
0.09327393568734085
-0.024946251074507375
-0.12650990173777685
0.05622691318534076
-0.034688859758861205
0.029127474896139312
-0.054690601055398316
-0.11686482706658097
-0.2472967544612293
-0.38955871493644656
-0.18402923322986167
-0.11534986884421554
0.01567286207479128
-0.008160945426618927
0.04468874553376967
0.10158956146978528
0.032578422344446925
0.026361713091845627
-0.12236159345641173
-0.28885689447521434
-0.17657685239606152
0.003126758462575875
-0.22789096617991222
-0.29612895560184654
0.011558378622734818
0.3106026690857476
-0.012919549813419492
0.0692324640115499
0.13321110755037716
-0.25822890881999383
-0.19553370087018623
-0.21352851804123088
-0.20875737191570246
0.07941924767747639
-0.10156672543563171
-0.1389104419423465
0.025166802481380562
0.02889334525835264
-0.17866789880815437
-0.0026697055486195964
-0.1369570039030513
0.03739665737461597
0.023772214752349533
-0.05177010723916718
-0.034984314257833236
0.09158441636445684
-0.0764321329734017
0.024109981925237903
-0.09322032925287949
-0.067638144326709
0.05649420513963591
-0.14361402969607825
0.16271972071329546
-0.28296945782957084
0.07081061859498135
-0.07034391100838526
0.24569435919256058
-0.2164138409364711
-0.2985721801005321
0.007526224989125866
0.3446279360917757
0.1086095860155553
-0.002264036322593169
-0.19550752995403914
-0.08976261318589923
0.31535940265661266
-0.2622169353901183
0.1557906447302275
0.060432806837977374
0.08885785340890488
0.1497769558235407
0.31235363446923425
0.14152186899201366
-0.10548489398186343
0.09308974806414858
-0.4606778190808107
-0.18050894057291356
0.16960637175003274
-0.02453298482783501
0.17827167249649023
-0.3253745350380853
0.021853164911464357
-0.2777960259039202
0.11665890315652323
-0.2697820355165568
-0.05644141899909465
0.1704664328520027
-0.12525023995958134
0.13794943385591296
-0.1873364325217268
0.15617503318014933
-0.02177202079028494
0.28646806596837393
-0.22758595248326347
0.17670168750132637
-0.05779685161160369
0.05667669348726346
-0.030439933776648373
0.004398249687771884
0.026101042081335533
0.33116322997035974
-0.17318581241385453
-0.1280102781281776
-0.02842099726260205
0.19804379574585512
-0.043447914839248675
-0.17317732748785059
-0.14353028622334707
-0.2084372185268479
0.38177513218582754
-0.4497613149222443
0.2363127698037467
-0.13307191813415592
-0.058885802814872136
-0.1342691840410629
-0.194741247313001
0.13893456759697126
0.2559254586947532
-0.3013622426258201
-0.2675233617318004
-0.12953650256437382
-0.07595701004888238
-0.13642818376814378
-0.08551021830189498
-0.3189943119979188
-0.18045865677791675
0.16827998857082108
0.07804754883852567
0.1565144650250769
0.22100298763492152
0.0812286879577308
-0.12529677788787655
0.21076169602723582
0.07399579061409085
0.15298056397864387
-0.12156843563907217
0.20223018459799139
0.20107555691064097
0.03548970452304442
-0.16326059368122436
-0.11309177569233214
0.013503045354208576
-0.04634463585775212
-0.06108071826673726
-0.2877427830499518
-0.2459141386691748
-0.12382388609034356
-0.02251672308531615
0.042416661165860736
0.15079689536094798
0.020327069171338332
-0.027898797592730812
-0.08803113757195755
0.3515300858909992
-0.03043512002093176
-0.08365499994200687
0.028224717447778228
0.08099768378621715
0.15040422768685502
0.20906408891434147
-0.28663785558590543
0.1013148696712712
0.11766019373804017
0.04745522991418948
0.03426394888758676
0.025630771439760343
0.011847364435733091
0.05534543541179433
0.030505900373918773
-0.0836710591630481
-0.05463020266707332
-0.09888328952302046
0.3396369820110999
-0.010112689186190798
-0.02145861794937997
-0.19770878320230034
0.008623829247432465
-0.022627167479311327
-0.09814223802071859
0.023463895201331568
-0.15450057038690979
-0.14890540862004883
0.015440897541418716
-0.0822984481633159
0.013394416367984836
0.007377135044014577
0.05604210755011889
0.036672053235412796
-0.08238955664751267
-0.12880035957025693
-0.21305733307344626
0.18908565877554975
0.048619146178334176
-0.03467562564506778
-0.03490288128963771
0.10580015799436716
0.1880737840805036
0.014382544518300344
0.016834040276223945
-0.19756766472629414
-0.008911290788688596
-0.022507426194248923
0.08843882083388112
0.22947051880251898
0.09430004474569831
-0.0957797088454003
-0.18723287556526153
-0.07292789487395758
-0.022941142284474192
-0.27471134679889564
0.14876306788077412
-0.16615724616197655
0.10329995011679838
-0.008483638381958473
-0.15526478883680678
0.06050539365264293
-0.0027790385119725734
-0.11054378606567908
-0.1394922634963166
-0.031001294513918535
-0.2045967835811681
0.05124297200576778
-0.019375813495042873
0.06750959870773938
0.020947494744693214
0.06773818319742801
-0.27945273125240133
-0.0833636234720194
-0.3556631494659094
-0.05314527696183292
-0.14101492290331968
-0.11717254094204048
0.017598181727905685
-0.03330293763798612
0.018406878408614238
0.13442316288962025
0.17575428388295972
-0.2335778937021723
0.1408263460968516
-0.08746488367059446
0.10816314875039325
-0.1108707740720616
-0.06113397478973055
0.0460341787227933
-0.11232632569994434
-0.013310385063256568
0.12252436507683442
0.09591927771359564
-0.1612753461705766
0.0159899164087952
0.1305752229935307
-0.12464870561348307
0.032333056644745825
-0.11254581757394073
-0.17542079800868218
0.18259010617707305
0.04192956037969902
0.08695278963667558
0.12483730417563806
-0.07049993830446606
-0.012801558359253581
-0.2132281335105551
0.08427407447817971
-0.059923043495276766
0.035922982584881996
0.30762532408032556
-0.08249377076455698
-0.04855745095551582
0.07440808424797511
-0.007385160040001563
-0.12970439351520704
-0.028874235553332347
-0.14696396281075172
-0.07740065045789021
0.05043382534320324
-0.13035970976320396
-0.07845708737576228
0.12159627209966573
-0.0762448551935049
-0.2087043251001129
0.41847412745795637
-0.18177524282750973
-0.19187433813952864
-0.1430265549248827
-0.08239295574680898
-0.18159873298960832
0.3030057282989514
-0.09487633275789488
0.059003733386549545
-0.44821478778974494
0.06959542060140034
0.23307987812385356
0.19263731156122418
-0.021024472942126216
-0.15018189951300961
0.012361837727555116
-0.35953540975123727
-0.13494104856474468
-0.2562335477014598
-0.13538831816867536
-0.32356666223676867
0.15533084554365947
-0.10111098109965089
0.09321425372090122
0.38695033668912127
0.13338569142617426
-0.03688521598807842
-0.03306490618792869
-0.0012021520716140339
-0.044537077296500235
-0.07898959758920743
-0.1471989858531187
-0.06427826202018164
-0.1645855632937312
-0.1844919211303166
-0.3018492701179267
-0.13945355803353157
0.018622899806529123
-0.4932243820606212
-0.005117932965870833
-0.06184777835437508
-0.06233247139515575
0.1094405799146553
-0.2154909577661219
0.15197793385487235
-0.31093146427425034
-0.13209045570536207
0.029702971369544508
-0.1482778913964767
0.1047343835483619
0.14205799743862801
0.01809012908083963
0.023457240555397486
-0.10793128379412495
0.03024940092068252
-0.05017566791670218
-0.11664490043502558
0.026441425712416866
-0.30213897684450364
-0.2692611948528957
0.15390929090339245
-0.17730412179769098
0.01099553033051817
0.03791108239894657
0.014292453974996322
-0.2106700158665024
0.0897862849214149
0.19776127074579897
0.05543979502005934
-0.07987599014048305
0.00798618745367977
0.09750824197275557
-0.12607710139321607
-0.17788216370842466
-0.19813562269830975
0.005171137499531445
0.21645858204050983
0.024113028153619508
0.030400517711202557
-0.14444349137024728
-0.13867019284787804
0.13473126651300826
-0.1593232416132242
0.2624581458775449
0.16396929988200365
-0.011848884061075909
0.07648140141778502
0.038020907777813646
0.2026121817727123
-0.07574377510136225
-0.08073968932442836
-0.056952521032084244
-0.05082000323340211
-0.16915664315625076
0.13360035115087246
0.22488979936369433
0.13155393438885843
-0.07594381672606126
0.0980550506418933
-0.45093886909317693
0.1857501087204601
0.06672152476943945
0.07834464728430868
-0.013872642796850463
-0.0505278612554348
-0.04164709874660182
-0.031619298401118
-0.15397421915783646
-0.06513635270858989
-0.07455808432176537
0.04341828031132026
0.05970679517540701
-0.0631353520969097
-0.14971345051588814
-0.006014700699504227
0.11024563669383687
-0.020206642670848814
-0.008221952386480495
0.2360212210119852
-0.010082114695368488
-0.021777068565864467
0.11312715853825162
-0.3463066589805661
-0.06673449854559263
0.0057865553652597075
-0.038927480636327734
-0.02808622651471865
-0.0542901318062237
-0.033543229047668766
0.018886428354657515
0.06261315157731144
-0.34953471938792396
0.04771391257524007
0.11656146795091803
-0.1881374938957703
-0.3111301527603654
-0.014688167738266669
-0.20518820581494224
0.007360630860688409
-0.10308789699961683
0.04465534697885219
-0.06770366676647258
-0.09157465069518408
0.03345987716299865
-0.04356691659252973
-0.061393862559975185
-0.023621609957509622
-0.06155054692085302
-0.18811188755639
-0.016360940807410188
-0.03604475692838019
-0.11874153159138086
0.09907100144522057
-0.11925410042145744
-0.2207997505934328
-0.13600500346444122
0.01171299369796998
-0.07973434763742944
0.06364871157442493
-0.03680289047965174
0.09668067228026224
-0.014325598231251629
-0.001155767053815822
-0.1930462631273037
-0.08380617548719492
-0.09213341989412145
0.023473391262870204
0.15118425478332695
-0.020751634183237232
-0.04869225761625164
-0.03491587528623442
0.19667878406581388
-0.08498835274371157
-0.08862053512778174
0.26262737025161126
0.10936145088851366
-0.0035383032499762086
-0.06678200508447689
-0.031181835876493518
-0.0371140237640538
-0.012296934421740633
-0.10221197612524623
-0.06319100030929357
-0.2546168463047139
-0.16429468354055612
-0.22125063353639904
-0.11917800889987983
-0.10163608124377063
-0.12538179390108264
0.2011259974799373
0.17267420446715706
0.021759299132813992
0.03848936107621193
0.1301170766277558
-0.2517466188172011
0.06610464509780695
0.09352761996129143
-0.16751427196096358
-0.0266984354950691
-0.19663827755858565
-0.2881603725259462
-0.03780716994719162
-0.161259022497244
0.23752428472970263
0.07952377567834967
-0.09267647903072118
-0.043583831997500135
-0.02876195410687723
0.02653975043507638
0.020450913864861805
-0.07102648091048075
0.01425237503217919
-0.09063521111355069
-0.15612192354733673
-0.0035725966707303605
0.022255115310661606
0.010992305266943364
0.06146998780692131
-0.09075695234296587
0.027191530388599894
-0.09125977339702665
-0.033214856875329365
-0.13543224489566533
-0.030015603220649695
0.20426613730940382
-0.10620489702659588
0.030484654899028445
0.1486254184575327
0.08718864155348917
-0.1454448678011863
-0.3335146759431269
-0.2894181838057915
-0.15263675939483076
-0.043663795125607106
-0.025160255351676805
0.08823330520725027
-0.22092601398158895
-0.04610113205157915
-0.051148205458420255
-0.26215630762597775
-0.28039141737159096
-0.14927445347547988
-0.22699235194428596
0.09190391512377126
-0.11563663308369088
0.11941733583542914
-0.4022626507731966
0.16329809389001673
0.14638862306602474
0.011112860153333187
0.13572710164980117
-0.12682466251558716
-0.2279557733965541
0.0880823193463373
0.07102367591451048
0.22515689016108495
-0.15947246195484593
0.12191566758906551
-0.12362481136594405
0.08893930585884813
0.141012594250981
0.14400107522080619
0.2867853517765323
-0.04754322076378578
-0.1492084739720801
0.15347283298353326
0.04352170422607636
0.18752685765004484
-0.10360388437080166
0.0639671807473725
0.10091619513589926
0.17702328299476902
0.22045042733672346
-0.2106817492687213
-0.020109461384819866
-0.09461822202826384
-0.09517684347307785
-0.3131910353626032
-0.15218826713128825
-0.052510539528617096
0.18354458830929044
0.17480486778627707
-0.16809588080939505
0.024288626414335508
-0.01502532819375224
0.2113053568238924
-0.12182147956865952
0.07182348191329589
0.10838755338542182
0.0670832558372964
-0.06413416631304121
-0.004995749353030326
0.0961932920833039
0.0965315494035669
0.0678380329118739
0.012093057986511765
-0.1230717702799088
0.03575435883518191
0.009055138935839566
-0.10659013224086873
-0.3076709746943127
0.18878711350664557
-0.2807868121198673
-0.12228948887073213
-0.0902376247057087
0.18570651496802054
-0.23387158729878105
0.026071296596428355
0.028394096341622592
-0.04118222030666999
-0.14753698216935315
0.045730971122890346
0.09211598460811357
-0.2876805054623863
0.005779905281562113
0.25062153523260866
0.22258129309538277
-0.1806991513731244
0.04265575852386106
-0.006198624065846213
0.07629801785072957
-0.4579945036734447
-0.18235821054816415
-0.10998490792332223
-0.03448268860556638
0.01407128329966726
0.02659244552127586
-0.42300684797305194
0.01491496971497268
0.03611518229607523
0.013874528087858535
-0.09646517100733207
-0.38235094756095345
0.10914244432621956
0.10022847779799424
-0.10031498764800852
-0.022776324590113972
-0.10210802689418508
-0.03961312764890987
-0.0828910685307759
0.06839218376998338
-0.059713388693129366
0.10190117058054025
-0.13929620271785428
-0.0745338975076795
0.03700079159834874
-0.013112230249167335
-0.17920313694715787
0.21422836113006008
-0.16237726658807508
-0.04493345841674488
0.17099793411479403
-0.02981604798326658
-0.09861860238917293
-0.023251883111801205
0.1111496012192413
0.05411456175115462
-0.28711135968328366
-0.0019315049494654211
-0.19128869495731796
-0.127069766673995
-0.0313794009355715
0.24338564166892385
0.08773664399034083
-0.36919878057742495
0.16807662153355143
0.015219608631679095
-0.06338384514708924
-0.3285330901390385
0.23960489633816814
-0.2822302412764195
-0.04813984359718024
0.03523194771136157
-0.2301693635687803
0.1727304908652632
-0.0699052919185971
0.12007851935226699
-0.05801827794911505
-0.007277580065313634
-0.3034427390790963
0.05403511998527503
-0.11926268343909506
0.07044252851995396
-0.1494050554096185
-0.1243649570616022
-0.35284335295603325
0.26122654056588585
0.12907393537817363
-0.04230508371957893
0.0032253491990496055
-0.3235657843446323
-0.0913970520119578
-0.012102484502670614
0.11668380916603983
-0.09838541269883104
-0.2231432564355509
-0.07224757510847864
-0.29764759099545884
0.2927506786131031
-0.09247452794618785
-0.10933935903405605
0.037513337979983595
-0.09981747923239852
-0.0012323644967014034
0.017522229128584598
-0.13666376611976572
-0.32519449054690003
0.017153147074765587
-0.2305155201949024
-0.1050662888987744
-0.19018346372053593
0.007112202173423411
0.008957538661272618
-0.0778140520204059
0.03381146383742821
0.3284688917282478
0.009431675945301844
-0.08884073945948881
-0.001463324609229836
-0.2036206427133768
0.05216192457713101
0.056976636079571645
-0.023419894906500857
0.12388187816452112
-0.034575706529807945
-0.009108263470236824
0.08863262403501916
0.17979971564558386
-0.3245018287567933
0.1890943951441252
0.07032729619474827
-0.13435987704073077
-0.1598868982082862
0.01651776632334494
-0.2365418820220239
0.06851884728280032
-0.11653981141196929
-0.07455397264488535
-0.18166227297047916
0.041712926671578644
-0.004956747615533139
-0.08445334092883497
-0.08555299981247545
0.10737366867507075
0.025834147776456512
-0.033358012908745176
0.19451780746801067
0.15461689594371608
0.010315542949399927
0.16876851894042189
-0.11680654787277946
-0.05194189475910648
0.0928905357604857
-0.049348070478297555
0.08099595109145177
-0.0817262195837543
-0.0749240960809646
0.1476626916646401
0.11809734185298676
0.1429494042836421
0.10234995470113777
-0.04558900571418511
-0.13843847954927208
-0.08145197375830464
-0.004358743903011706
0.04386793254988835
-0.03872472070698569
-0.031113973879228103
0.12180818072456263
-0.13370121131847842
-0.2212476961950782
-0.0764104390100463
0.043298472562077576
0.2960550462231406
0.024069905932503032
0.22222585789235857
-0.11522967287678651
-0.0025537372582173515
0.00877178165202018
-0.06570180440633329
-0.13679539343240668
0.12310443742743521
-0.033894711409173765
-0.0889042958224337
-0.2219905332202513
-0.020280181641813805
-0.013421802985271573
0.06250008226160787
-0.08175239298010908
-0.24548960845796056
0.16351958423414537
0.05576985709170751
-0.0344541831369451
-0.14264422033480098
0.01813624790425043
-0.1617327905499738
-0.21812477763884264
0.31051226019474876
0.02801291704572474
0.05722019695500802
-0.06078553692546347
-0.10142324425880239
0.011660121145403402
0.25134828953816624
-0.025453402921298707
0.18186926250537364
0.0714398807084966
-0.174249278824232
0.14941674956231923
-0.011568977856406513
0.3283340234697559
0.0017962384519131286
-0.20209370381883757
-0.016613696460335448
0.26083938828435804
0.09594137492468294
-0.060632873744976806
0.00498644216848292
0.02845739115066168
0.07989366939437136
-0.08408279854563704
0.1059894896584194
-0.059055052391643506
-0.10787812482435227
0.025984467738690457
0.11657808763616292
0.23427018598621382
0.04143972757654101
0.1352313467159285
-0.0008215770451773654
0.06985942183010137
-0.11510132328243124
-0.15271082410815548
0.020734529485529944
-0.06013520168436839
-0.013973771177429439
-0.08885376529759763
0.27330547543014455
0.100638831265491
0.12659036803961282
-0.08556269903595122
0.14790025299485016
-0.026336479970657238
-0.08107639524760434
0.2065256248943175
0.12587021879087681
0.031329274435557344
-0.1288408384468692
0.051213347681637926
0.10974778851815628
-0.09225380833788314
-0.030169549589129003
0.07185069604294878
-0.014179882154990608
-0.028403308783613333
0.12147570471809498
-0.20395612167963204
0.03258057272478131
-0.039791266520372
0.19119125139268128
0.1670343213837737
-0.15494558371589587
0.014287383859108257
0.2387565682700693
0.17781938047119958
0.0006191207627052375
0.049719648504658695
0.1290777973042238
-0.060068999734055335
-0.12757169770147436
-0.06929843304780722
-0.18702473127168534
-0.1993179160973571
0.08529880346232073
0.09073811577160168
-0.06316047906539934
0.051766919995168394
0.1292843085958961
-0.05375373551555564
-0.09466986606786548
0.13228936024679622
0.08965691169859827
0.30787720940580554
-0.20106213169053372
-0.07211514993841406
-0.04748057516371935
0.3925176521540979
-0.11577501404037309
-0.08263575078909806
-0.005267162673636928
0.10649289918445538
0.11673308630754171
-0.15441282723466865
-0.011188861972218472
0.14281576376899976
0.10856802061377208
-0.14312115243102672
-0.21040836223380846
0.040552290850964866
0.26852527518336144
-0.06155699842291788
-0.15911049469306776
-0.10353406397948149
0.09771091227360389
-0.03708281829219192
0.13594665944881767
-0.14004221046571233
0.025024640138844353
0.04480477284541426
0.14083370658931776
-0.023974692259880546
-0.09240737923801293
-0.18278283563776543
-0.1410439727672831
-0.05558422604156001
-0.06247129597970227
-0.17565640309773334
-0.2620746330676079
0.14788818090700756
0.4071807724596829
-0.35671643913288836
0.06947199424687081
-0.1330543667353816
-0.04756717161948884
-0.1654178133316084
0.10664594484319874
-0.3014329201685569
0.08340593622989184
-0.07601699822984383
-0.34923695109239783
-0.13804910798770434
0.1134132356881959
0.1508997914946866
-0.17447447682167297
0.014225064362489093
-0.009281292092740947
0.002803666365898437
0.06643153929838329
-6.349781053507065E-05
-0.10864543844717961
-0.09546382781930818
-0.06787600782110728
0.026830821059285758
0.08726564321644766
-0.06941976423866272
-0.11990585779965815
-0.03760815633553743
0.06349188653946618
0.22441112228673074
-0.1527758104348731
0.06828651397038467
-0.3463781626132922
-0.18535731835171615
-0.19209193320752344
-0.1313462116914381
-0.06452108462082051
-0.04436292517189935
0.04835514355940973
-0.04820059799911454
-0.33082653188589595
-0.19462713033272433
0.21044762331405248
-0.2048900530863436
0.05337349014107875
-0.10616635091954488
0.018160441446021053
-0.1055779842685158
0.12831663164345147
-0.06291676900054136
-0.0877251776734893
0.33118800758692724
0.042803094137973174
0.0256536704924732
0.15851999651368537
-0.09397531825938708
0.06350881680863138
-0.31842202519622104
-0.33569299159820054
-0.02571793773712532
-0.08885394052290498
-0.08971893815547781
-0.1051857480222084
0.08807433240454161
-0.17134917219213275
0.09810826551874886
-0.17889723388752374
0.2894203003053477
-0.03964552304619663
-0.27588583338257217
0.011588946298537404
-0.23450588154024862
-0.31595068534126736
0.2392747994324905
-0.06600072200960606
0.14175123889231206
-0.14646065486372822
0.11019106504332829
0.0009758555164683085
0.021936464023736342
0.20674899111488643
-0.4828575183547669
-0.13113578286397395
0.16786769642972235
-0.25788903130851004
0.018181688473091488
0.23646025327258505
-0.29919162819040934
-0.07376789262336535
0.2241956888297893
-0.11059893877081428
-0.01445076273665074
0.21367600847913268
-0.21256608699881466
0.27113295374326457
-0.06916273614974762
-0.13065311094735774
-0.4913393068102786
-0.30272548589627263
-0.31011041976309106
0.24889039218623507
-0.19195734895411015
0.2394150202775265
-0.2570171423542647
-0.10590832761483994
-0.1691533951245233
-0.31501102740048037
-0.18734241496727352
0.2811821088941662
-0.3292766173411206
-0.05777658115800942
0.1294591488292853
-0.06594398450091797
0.07113915299364786
-0.3430288208922132
-0.1685611289620681
-0.025197383649890957
0.05650964048640762
0.01700212791106491
0.02051976918458318
-0.10882146533186159
0.218170220426612
0.36442782329784024
-0.11113707379930847
-0.005020694634775797
0.13460470483219236
0.07000827620971083
-0.005056640730328094
-0.13060650730478118
0.050367856721508564
0.03819676124526613
-0.10131281196236921
-0.21394366934022835
0.005206358148309603
-0.13648704749700186
0.12930643082743437
0.03748599274297429
-0.34841394164183276
-0.08285746495117491
0.1855279398155863
-0.029455684861485355
0.26872407831773415
0.11636432051687394
-0.15146777115555174
-0.2026254542982297
-0.12900001289445392
-0.07427758650885219
-0.24527308076222856
0.14000431991192366
-0.05912223800493758
-0.2086385408250434
0.046636525497735996
-0.357741817556684
0.2699605468842781
-0.19854271777579754
0.0672049488105024
-0.03262732486756722
0.2585667800194997
0.0881120212811965
0.06335589577322306
-0.22375945039646572
0.0016394276689061873
-0.13861178063623122
0.012661077914321306
0.19359130180028256
0.10372015945808098
-0.34324543625855397
0.11348129697223679
-0.21060216526760678
0.12442991710994203
-0.09756502397437197
-0.23714807704408208
-0.08542491975128509
-0.2259138164616161
-0.22701542353477303
-0.04710706657214115
0.05049921752963947
0.05023645546720473
0.017228789964029555
-0.03670969925404957
0.004379734857346138
-0.009191573141359195
-0.4224703835388562
0.004660627657521358
-0.08136980379093757
-0.10228911695262317
0.03194050533008724
-0.27390568351844
-0.2353077600886342
0.04341219979064692
-0.027545890814774536
-0.03225174481386539
-0.1861113639896548
-0.058542029537475726
-0.055845034117304876
0.29615484019721766
-0.057321166413165064
-0.17698259873184347
-0.15471362631352498
-0.04788466472744448
-0.07710892175635861
-0.0409687569345817
-0.18850153595898597
0.002532528554877817
-0.10376519017764944
0.053370646781674885
0.16689812791467185
0.1800949233025171
-0.03992499580838748
0.31456263552151476
-0.08793421540710432
-0.07986128885508453
0.22629194940149844
0.028998158150665188
0.10813097054766774
0.019920128331983394
-0.07592867565069333
0.004178037734954849
-0.07801590292559071
0.17874573170762054
0.08463357014630322
-0.3464073796993164
-0.12025735496334372
-0.06932471336838315
0.18762324524453766
-0.05779640446836576
-0.2283741100387187
0.025173617967690493
-0.3670836876849044
-0.06983414111804373
0.001729865163232704
-0.08277828112372557
-0.04637520655212373
-0.06574788468590163
0.05369653295402549
-0.04646357344475841
-0.2904868115666439
0.1446265324164544
0.03467657203134179
0.08312361643066166
-0.28343291196256637
-0.1070411043995306
0.0053233243353502865
-0.12077883953767231
-0.34767469131784007
-0.09036342400930819
-0.01028694717846537
-0.023285746014821546
-0.07806827409665415
-0.03866709790779323
0.20960907613547777
-0.08005929476571723
0.15963446911671117
0.03257501420235497
-0.06706423617500408
-0.1127932700965322
-0.286141887258768
0.173511143708431
-0.04732936159634542
0.11134431298448974
-0.20269076293812924
-0.018278395085118665
-0.10241278232575718
-0.2004728309008117
-0.095585617379318
-0.08681963969405176
-0.14626214754877567
-0.35605839112511467
-0.02835098730426579
-0.02999596560060832
-0.06385761828457007
0.057291660404813885
-0.11385018986065419
0.0037661742638149098
-0.16044800356190408
0.15640920675932724
-0.04351815137541765
-0.004230060170368517
-0.042692094955970525
0.0953817463800691
-0.027416514222532364
0.08960669430115066
-0.05875764691755857
0.17178994981589457
-0.03761769304585172
0.13246734111677053
0.0350153108374039
0.15522968161399503
-0.3802180928461848
0.002263485666171555
-0.19546147364412775
-0.1767739742899218
-0.03380504858905508
0.009966596473010462
-0.010328152483846817
0.18973691879029156
0.12798841202824074
0.07071063247463918
-0.02982148747055504
-0.0653393936288572
-0.0039034634009205496
-0.1026481178179742
-0.1338299793924502
0.07983402728015673
-0.10808019645711307
0.01637621180998214
0.32357603481390623
0.046325041674516
-0.05646054513005823
-0.24595443466480668
-0.0720856589221972
-0.020237956376815164
-0.02477488922975094
0.1856825034636359
-0.010567021805138141
-0.1055155884411322
-0.2295295011273932
-0.004156800450994758
-0.17695283263409003
0.07370816200037267
0.03449246235877253
-0.12240403040166546
-0.042682934208794286
-0.06986254959450207
0.18136903801663828
-0.16804621001475514
-0.010773444603474474
-0.17327306385141064
0.18975921988075903
-0.22200406428574584
-0.000264227515855937
-0.06834070536451475
-0.33936416338166836
0.3287831511435499
-0.06759701168923934
-0.19168942141672482
-0.05941970358868916
-0.07172383819452245
0.039556468438745884
-0.27389663609797443
-0.11221127258647998
-0.029322470436375505
-0.13768476829149254
-0.1935603192145144
-0.03417142106531841
0.2853595468072338
-0.4274411399805748
-0.1547467577389533
-0.000596620416272099
0.10262800771141074
0.17801489494217332
-0.4028347192599304
-0.0022997529979534664
-0.05093834367771311
-0.12793548839735122
-0.25216866257958453
-0.21471399731067184
0.10675643474221473
0.09078727008245284
0.0018008237972084898
0.06022659555962524
0.011516550018189742
-0.22784871254729386
-0.05401731555660108
0.008791836302255971
-0.18613173647861458
-0.061410015205613684
-0.19063143112131872
-0.18939339352387666
-0.09463899676431939
0.29150785182905525
0.3516838131012659
0.2585055942199413
-0.06098626949975136
-0.01640923643008865
-0.2507047245941578
0.0025915736632460226
-0.003508437944585237
-0.286110859778492
-0.14096433339171166
-0.19621998054687717
0.16907894573934204
-0.0369122750207928
-0.1739577966215923
0.13231584302992494
-0.2268962350195319
-0.0350753134053473
0.11853689627017695
-0.08512340742693361
0.039326090740996335
-0.2878389990431314
0.06997488015113619
-0.0593252427463518
-0.07591036517898732
-0.14683079024741133
-0.005594570783332275
-0.018331827568561058
-0.051398526610747855
0.016778548657263175
-0.10759113759768758
-0.14423938760420224
-0.1859046046427849
-0.13025979461416093
-0.10086606579956559
0.08359917466275446
0.051298605542618586
-0.04595913090396923
-0.10588546298716697
-0.16641658106233354
-0.12763687887759104
-0.3201249249472224
0.40312915814807615
0.17032574015778526
0.0989616626040448
0.038445723907078545
-0.12629891041318406
-0.17562492570718924
-0.08710681940128763
-0.19556097824819366
0.17337588075897226
0.13415764100597946
0.09656294493257661
0.08199823877793104
-0.11303402431621255
0.056834347860070966
0.019300271085121043
-0.14372308255616706
-0.06203461763125765
0.002002923467686083
0.02561016580539482
-0.1791235753473577
-0.07600910038068956
-0.03418642249132659
0.07192789459618955
0.010084139980213038
0.06880265299540352
-0.06930066630054425
-0.054866606222680615
-0.0889539360683331
-0.1995689991805064
-0.08357398893856018
0.09632483818714108
-0.008696314647473495
-0.044025050661545044
0.127239633728359
-0.15155107061143033
-0.03913683197762319
-0.32520215981647743
0.05608353251515876
-0.06467029829612467
0.07246190445040611
0.07630798171520356
-0.10130299793033097
0.022603744508013338
0.044636361222998654
-0.04030804888401518
-0.01902712804173228
0.10390923248432009
-0.07624945183417063
0.06393259181275351
-0.10057370644504547
-0.12221075804237766
-0.16569707166546932
-0.07218484379035779
0.31276389583427816
-0.29902792347834667
-0.334348997648471
-0.1077239945249967
-0.04190485216818216
-0.00925177635078448
0.005230728165387955
0.03629858368330417
-0.050758718493714536
-0.060704760674742626
-0.24891747106408563
0.1085662062079678
-0.15489313673077404
-0.017560728866955866
-0.02345223934789121
0.08922049982695089
0.07911310673949454
-0.02850553325417385
0.17793612819426285
-0.07344731806534711
-0.08891256382569533
-0.17739409780713788
0.046620320218006384
-0.08462606708801085
-0.04662888156050914
0.09923351406060255
0.037528937461018964
0.036048141543909194
-0.19729686509288416
0.10735035335274419
0.21683114690246805
-0.02506316788713336
-0.10184180930944646
0.056437210136652385
-0.04846705111552895
-0.12023067528677973
-0.11893499701935588
0.02819576851104593
0.3683877512381883
-0.06318105999239466
-0.02320723110804489
-0.00404515495898535
-0.226096207702585
0.008454251965235726
0.009598519446645611
-0.06421572802469686
-0.18204444433289343
0.13171921570099399
-0.11312177733363359
-0.18709708624952734
0.17642862225797307
0.04791156577452903
-0.3167356064879004
-0.03401009625676587
0.20880169351760727
0.04607778415190266
0.27758533557228543
0.08071545774177155
-0.07123010042142842
-0.13440263106923706
0.03383938331591528
-0.0883881403282918
-0.189238887944657
0.07176969279704244
0.034821206268856035
-0.0478842235059633
-0.11438556560483026
0.2602679165766909
-0.07113492491931417
0.0003709903949515932
0.053454106497750786
-0.05127989487265111
0.026266716543623406
-0.08092974393911316
0.1464526769044295
0.03543716142865934
-0.050112014380919404
0.0842965627194989
0.13701651751397023
0.18574059712903893
-0.1270973075898531
-0.03724024831557535
-0.27799886367518345
-0.09929388666083681
0.08238898656347828
0.06916963940706992
-0.26024775167893777
0.07343928275527326
0.053413068252933446
-0.1355088505860454
-0.23427868462203238
-0.14635729249908544
-0.07503536514727513
0.007914784480870879
-0.1189424506735584
-0.16586351981478797
-0.12955522218858673
0.15845709209716818
0.058195355990030055
-0.06729512878961619
-0.14801066724085254
0.028956667586051713
-0.11040334411256149
0.12234531321675979
0.2032484087411423
-0.04279050400551614
0.09784843159948486
-0.034600938182873464
-0.0638356729943603
-0.14526874483074487
0.07832536281526288
-0.15802211340771072
-0.24569191691590583
0.007433838373664783
-0.07167241875102696
-0.19060180053600267
0.10677264919671114
-0.06965414631189373
0.009036955584749505
-0.17749383382441358
-0.12080362212920523
-0.09982949787248982
-0.25125322025646457
0.056056038747185004
-0.09112071864792896
-0.013208405657628854
-0.1525766658714844
-0.27325232449058406
-0.032489665568631275
0.10949763070521484
-0.26169407944428835
-0.028363908755509704
-0.054913089962960716
0.009741561025200433
0.16953702902609885
-0.01965321881925958
0.0722874182809596
0.008646165547201554
-0.03308623519114874
-0.08004442420825311
0.018507419801859343
0.06837851607436887
0.0757154312700122
-0.25728944532387416
-0.06162608981179112
0.21272328436911048
0.15115549444163862
0.15113273664734717
0.09564614032801577
-0.08830716591110821
0.14637312704584513
0.1726133907997296
-0.14754897554185809
0.07142181248883829
0.16558410796598652
-0.012559215416777387
-0.014903543298540697
-0.19147178450832908
0.04828460342821852
-0.07399960814717275
0.06988137418687412
0.16903848627235904
-0.046419413284377334
-0.33759265986524795
-0.04655791945267179
0.011362103459708405
0.11541764536558073
0.017120775781517373
-0.11645594126673488
0.02474758062873068
0.25770419613641155
-0.06658936542469059
0.1859022795730105
-0.36432072466491433
0.18177540371666784
-0.11248129011763626
0.2555294339609961
0.017549887925149246
-0.14314755388303438
-0.010870150821467927
-0.06316957962566973
-0.1119388224287137
0.18953917164372508
0.13099107503329283
-0.006019560226089092
-0.2051474840229241
-0.09151748879416233
0.21268314572983252
0.22425584094426243
0.030597252211725056
-0.060782592545813106
-0.08688836087432424
0.18881300997086742
-0.04459425561219389
-0.10609091091728272
0.14765728741811263
0.11449871210652744
-0.09419663849044736
-0.010165666682376581
0.23829595723039024
0.022326926946571575
-0.08571917950941438
0.06690281904067906
-0.26789778607112946
-0.0002328562933937638
0.02527650266613304
0.14287306300194946
0.07511210890865451
-0.30803951844314975
-0.10546816126320568
0.1593396919467738
0.09195685377510099
0.3684849166684091
0.1163113151174981
-0.04056995164373068
-0.24205867068322423
-0.12284856990988387
-0.03237935449571348
0.19288987132750782
0.060395357668381444
-0.1891707700284006
-0.13813201320449256
0.1270734300920251
0.06999940848721603
0.11784681121602048
0.1969918883889967
0.02101476644009537
-0.3024056120362839
-0.00027799679111212354
0.0427749745142421
0.09346555903326746
-0.03564637625175645
-0.07355714009228342
-0.16958048251296481
-0.07587041651534951
-0.12298406901310459
-0.18024654206321145
0.045046062954346135
0.10753657192376069
-0.27514655532860016
0.48796106328563776
-0.1786788382672449
0.20770207525155993
0.01791750324710196
0.15168099417086284
-0.31781652070701877
-0.5014762315246559
-0.5098358894037945
0.17023742412867915
-0.22991118476222394
-0.05234259332163709
-0.07308091360037619
0.16726030932512656
-0.2960371440460705
-0.1814525017320213
-0.2287023233059047
-0.12509093470022403
-0.2861217423220591
-0.03327120589212607
-0.08004757978904972
-0.0316048910522129
0.15947238783898082
-0.41476923664488535
-0.022235729502810143
-0.018712788339857508
0.01720837455978574
0.223787843114548
-0.08279944224536234
-0.047798140378693905
0.0010380128362886363
-0.21582707423242087
0.024577126956029878
0.09881427793933938
0.06994314219556329
-0.09387238972832365
-0.1077767190023504
0.12531867417667536
0.25369164210845496
0.08033267365250298
-0.032694402685820446
0.11514100156171488
-0.39922787899364826
-0.14328268552777584
0.04822680640238814
0.011723763259074274
0.10243176442258378
0.13128141939837595
0.04387605007928412
-0.0438480964023949
-0.2674677218929975
0.014541662749300322
-0.27488206032470075
0.04364373510789864
-0.0032402081440250003
-0.04476576507361454
-0.13347394382782743
-0.011250008398255174
-0.038287134897267636
0.006569088883179632
0.16518195003452665
0.1823713250988791
-0.11129926789940155
0.027098989631883404
0.12889623019497065
0.1112661643501996
-0.23591918463543587
-0.11422037898503747
-0.007072305671752668
0.15296028631523267
-0.18767387431652333
-0.08492264132095477
-0.1470672907706285
-0.028267887744507045
0.1804808986306982
0.23443850084332912
-0.011236844835989987
0.011327789429495238
0.11785846559539218
-0.11531457016556179
-0.26869689395905627
0.045742201336473984
0.2285058406314465
-0.2086795231650431
0.036191962133781015
-0.07609959780799083
-0.14054658569377435
0.24327370731705028
-0.2705431332092343
0.15098085191395272
-0.020761954645930936
0.039898252284477576
-0.016336132350723495
-0.10802573027709132
-0.07194148528979938
0.0069046601246086185
-0.06679500269478496
0.07435491137714458
-0.04999876358459988
-0.08653891576641791
0.11631010152483516
0.04783400677093054
0.004773591827088906
0.02554662259537619
-0.18298139538082872
0.1401563338603736
0.027057215060918745
0.22954114570175885
0.0022493531702302326
-0.275676332136344
-0.017341617523344018
0.04954063038980883
0.06626959047517991
-0.1669157223791934
0.05570964634751771
0.11451305433841223
0.15521696790536654
-0.10992065904051174
-0.01668440463768551
0.20179046547334595
-0.03195666213080427
-0.11893376571054458
0.03356474732810895
0.1369431460911228
0.08370919159979619
0.08266393646733221
0.1806131349839893
-0.1959140180498196
-0.12006160550542787
0.050617968717779564
-0.1129290363415316
0.22432636431006464
0.06742395028090836
-0.033373196071029315
-0.19489662509729008
-0.12794574215177093
0.04346538013134674
0.28165237178417446
0.1810498945079572
0.24579783085205162
0.22618624915308339
0.18743200202832316
0.15542863497434392
-0.11311156400362408
-0.04090060658683195
0.33488960400199064
0.11173236246732106
0.16153171723372534
0.05927246878888605
-0.09224077584365142
-0.0330022904582906
0.18722753769445813
0.11385535065228203
-0.11371684796114591
-0.12882130857877436
0.024123173207878403
-0.08391726958696694
0.0875288685180251
0.0064168104941856865
-0.32840699603243406
-0.09759577438394655
-0.08412371245126712
0.03832614888208237
-0.10530874997176277
-0.05099220484087695
-0.20835347833088996
0.04702809296019115
0.10413992392707978
0.09750113700494825
0.04020179964558872
0.08495333820437123
0.15746091479575544
-0.07801744439475383
0.07121294345183107
-0.18123228993317225
-0.021025275390795486
0.04927022313836945
-0.05908583115973311
0.17826600407483978
0.031212482255659438
-0.2743079762137023
0.008650501746857543
0.017570943459336887
-0.05259415783100143
0.007854544794853483
-0.1260033647735935
-0.22819919585559273
-0.2876430590742847
-0.06990919548199453
-0.1906438001489517
0.2606155997956666
0.008796057577315943
0.18477670408780186
0.15756200099826884
-0.1748769346385142
0.054432067677094624
0.02194832481907159
0.05775391353486663
-0.25504877892378863
-0.03285433774083189
0.2346017583548306
0.19558769165508585
0.07050975321660137
0.014122237684936177
-0.06275793802358076
0.01796562692725045
-0.007016427142930436
-0.0998421023697813
-0.16793241791870156
-0.09287616697295899
0.10024734824797021
-0.10437545447554959
-0.021691943211483416
-0.241609892429211
-0.14607183279076338
0.0842496538275161
0.029637004822741078
-0.07105283600507016
0.05186413377082956
-0.06943427557659446
0.15488442325865645
0.29879174279822035
0.11988848196887657
-0.0023382418820839627
0.08698576850125779
-0.100092964427833
0.05009085949011649
-0.0802151381738789
-0.05934765551455422
-0.1445645258183753
-0.19833120882429484
-0.15881224484493958
-0.1242105194533933
0.1772826480690104
0.03886573848326567
0.11881819946976818
0.11809691201608363
-0.009808259072009976
0.07416961454870732
-0.24151937208761814
-0.030914772010941987
-0.0478214647225646
0.06783819175189434
0.0732836875419341
-0.0060770321211956
-0.020936818430745543
-0.02938369762715731
0.37061105590500226
0.06182616655873886
0.1268117391951944
-0.1711728859050059
-0.08761880355498945
-0.031761415918974224
-0.008113576470435587
0.14995114386943503
0.1585540173151343
-0.22354867216483587
-0.05202853540499593
-0.023352387356201473
-0.03577522684167771
0.18546192219532706
-0.15580925136929516
-0.16652286941027206
-0.0891350245049965
-0.017436445381503577
-0.14768081294469923
-0.3104329405466176
0.24257805607855404
-0.041326780327563255
0.08300506030125449
0.07635954278102568
-0.008244784903474226
0.18660423102128768
0.23143127853137613
-0.005534914556357583
0.03756384136514186
-0.29670770892335735
0.09273118653999021
-0.06768353226484179
0.1382048080905819
0.12603558845842663
0.13959869823198798
0.2592306267082148
-0.2897992344118336
-0.05310471231562658
0.049188236554506264
-0.08508730365918347
-0.11846699157259279
-0.053596930659205164
0.02423339093402657
-0.04239951913357636
-0.34854701461093424
0.03871139087465796
-0.010323749152880942
0.21312532437612436
0.15261767591895076
-0.15800069991045912
-0.15981247891236766
-0.16373925151163485
0.1632092364261138
-0.11458078130954677
-0.04499201627104674
0.04934608097074579
0.07136417937944294
0.006217163657625347
0.05373495235620335
-0.05327752248314074
-0.11586874279996465
-0.02139002288170015
0.06620578627503859
0.004192965207087045
-0.14516220984108816
-0.15256040475907165
0.04904629310635598
0.02057927779098115
0.08760658249111547
-0.13617456119054938
0.04968231954897393
-0.34583798183220543
0.2949330326653958
0.12863733391867727
-0.18116643581215483
-0.026199694787303027
0.02139503162129722
0.11704286124488565
0.045721550610591716
0.10243035400009246
0.19783229851629164
-0.4223796033205199
-0.1571089262256303
-0.001637027585475553
-0.13855450164697677
0.27031568632185976
0.13161123570566818
0.1795834517828215
-0.4741086542493546
0.04250219287886315
-0.04626770155186462
-0.0849275704648344
0.15028413775027818
-0.15252033354441416
-0.16005356902024218
0.05928193008863208
-0.3896217955677365
0.3741957302083486
-0.16248122532522755
-0.13118929519669228
-0.058701699104686714
-0.22214522552441704
-0.12238225751675544
0.3034019220387578
0.06526523749678127
-0.03159993081068025
-0.0822547277307684
0.002385732598515502
-0.11688313863008032
-0.003777675074670244
-0.061964744134973264
-0.10112856131605927
-0.017530934206936504
-0.23002511045250182
0.10407558526144144
0.07703572918522046
-0.16679775849211156
0.009838051161463624
0.021019283651710702
-0.11333335692813382
0.16031756748172335
-0.2589479894291114
-0.30416454196253984
0.03913610140515024
0.12890252828707724
0.05049781361394896
-0.03699837678496935
0.02525782132701188
0.16514273860128692
-0.06686468047101962
-0.009995496821732786
0.2624058241620754
0.23253857010276346
0.12625845371296424
-0.07097063948751288
-0.14852970556196643
0.03638304281064022
0.048897979761643784
0.3254299988805374
-0.6890476044618349
0.061548025616639204
-0.2435300867155409
0.1612316599715851
-0.19411722507613297
0.034696585775124224
-0.5272385466079886
0.12574794735375572
-0.12256085575257593
-0.05678982905362232
-0.4596071196633477
0.01261475149812679
0.09713447631227286
-0.0204693010754299
-0.03384889697576063
-0.033154270865752636
0.09779916578249256
-0.11230941439512711
0.2189224118884435
-0.09369816582399443
0.06860834183578834
-0.017884179768332818
-0.020780570817788512
0.37431377493918827
0.028326386415526622
0.1257897701591208
0.19803803365043388
0.1052547987525778
0.1280394106834818
-0.027588914653247008
0.38511820026097443
0.2589584214173411
-0.06942896930114244
-0.02858999986789559
0.07752751630574625
0.1575421214700607
-0.1943048545616991
-0.07264572428733086
0.14286373688460915
0.3664461351751894
-0.2509810394832449
-0.10793717033626736
-0.22991195631993314
0.12221891547580846
0.18011193933608927
0.14855113737705294
-0.17717627202930433
-0.13824415799099168
-0.07686172588553183
0.318638607243196
-0.08344602328907952
0.14226360478207722
0.2907316278519543
0.23837762614850283
0.21608612966392485
-0.2435111414592797
-0.001955437362270868
-0.2664762197688314
0.01607340950479411
-0.051968926150829105
-0.22490550986821733
0.050574920556371576
0.0458710466210803
0.02349105468455233
0.09767878854856675
0.17038174206529957
0.24563436020356413
0.012026009670950232
-0.21508191822115472
-0.04671345285812722
0.1297646797807224
0.01087033650992278
-0.2518132906800503
0.09911388626754482
0.05419454450705376
0.002924793183708401
-0.09393488046638593
0.022498257005573938
-0.16316767395383225
-0.07593341128939636
0.06931600500377012
-0.1269302004365416
0.05603494723287406
0.06547557584908567
-0.10507290078375223
-0.3224366467571334
-0.1169236711227457
-0.002472177066691293
-0.14951385340865359
0.20524584349345734
0.07763498997850841
0.3390715203402581
0.06356316249704169
-0.035356894048182354
0.21717243215990398
0.04996121763440965
0.10615461060303595
-0.005198545489255769
-0.18628724421514073
-0.2461467766580854
-0.0660067882139913
0.07021884248865898
-0.035747866678492654
-0.2961199482536683
-0.08053990920526953
-0.02895380766075214
-0.3602317971787262
0.1174292330395707
-0.0775700023971157
0.1771044188418163
0.07794455488375483
-0.08570718812424058
-0.17199725545705216
-0.04594316697930503
0.12871341075004844
-0.23467008956036137
-0.09425125946640248
-0.12842567174840588
-0.09511933629435224
0.18862418218058105
-0.012410735281692354
-0.027013888650342287
0.061738056484156915
0.012639501248232035
-0.17966440560664823
0.0448039339988749
0.04073927770208622
-0.14342450457307804
0.03834960099638479
-0.4216603906621277
0.1282166605162341
-0.1567221161622626
0.1290783402481317
0.25916660184049556
-0.1844307520709355
-0.30854877266178704
-0.17044767344558673
0.2640404902134434
0.0038146332659492257
-0.10965384985483788
0.07644699434473756
-0.05912342587007817
-0.23887866741634847
-0.22848314748857212
-0.07918590665105525
-0.012195841882078251
0.11319433267542114
-0.16253373090831436
-0.002853297457971298
0.040073798834098846
-0.11119898993172915
0.14353841384303906
0.06333738445057227
0.1120399647831557
0.06508696182211157
-0.08033456366853743
-0.13348948388786505
0.0936586958303257
-0.04941073465794406
-0.18507294385150855
0.032871141277278394
0.0104679680258971
-0.0857097617428689
-0.0169814222110363
-0.007954895053533079
-0.08712281608317787
-0.16295412458000377
0.09760508754039907
-0.19866430472595936
-0.015377411195128886
0.07369317977103866
0.09656733894133003
-0.28225267379507946
-0.15048975988634525
-0.20811456821899538
0.08325626048479144
-0.14901357260698359
0.0236048807106566
-0.15905295040812523
0.00932986562373844
0.17093946728807496
0.0060402896625189415
0.11663206885169607
-0.07451690142699015
0.11883096112752821
0.03626992058471132
-0.21346368058750556
-0.05740959141791291
-0.039447393370831405
0.12445656947993118
0.04733163846292983
-0.05086238377241806
-0.16670486123621553
0.041848335016387864
0.017177385212693665
-0.022449081134544118
-0.015245401153206824
0.30049207077120615
-0.3878078961572958
-0.14942130534425632
0.0696572807321904
-0.13067021719505584
0.13558896249499408
-0.0077023388079173
-0.10956993642498207
-0.06347396579856025
-0.2398467853413762
0.03957660717203949
-0.11537605315259505
-0.11510437851268696
0.09593100406039828
-0.0048555100516127925
-0.37027310498305893
0.014335779240288827
0.1844746057358344
0.007317364463652058
-0.012743538656402898
-0.1711411550943611
-0.06679154102616197
0.1271708734739504
-0.04556407583919663
-0.04774525890829906
-0.043645192759089166
0.005609758268720785
0.0991891650630847
-0.13810586707872277
0.06817460116400471
-0.10604014366638517
-0.02594419566005892
-0.038184132090388685
-0.03087106208525859
-0.08237794277650291
-0.18158282293030603
-0.1917377448780557
0.07537324315221515
0.08446660594601921
-0.0947668999586099
0.1489669970264169
-0.12651620083245996
0.12925010696206526
-0.04186360681817097
0.08767325423625508
-0.21890225562286247
0.20417962335658504
-0.04573631586503037
0.010353344225468498
0.19558560355915428
-0.16159178047815687
-0.0618754038962059
-0.2099257069771292
-0.10205641176995177
-0.15290046800130097
-0.028755942739156302
-0.1738957353570092
-0.1974442649388439
0.06699250868818711
-0.1277199390035653
0.08725563192289353
-0.18486056973129963
0.0076125358099602015
0.0031861816857227158
-0.2428464065334782
-0.0826771239191309
0.09962772153442512
-0.20553473057633165
-0.1477823968773222
-0.053673957469503944
0.01919184469291839
-0.13837721803829967
-0.07022743074144508
0.052065633720543125
0.040018073635719
-0.16720744609374444
0.061714493999473305
0.04694457423543924
0.05750438731752886
-0.2186606929082624
-0.06467817849263323
-0.23557865513976411
-0.12446453340751629
-0.05368761778920908
-0.07299457926815849
-0.15752357946576945
0.07171012617969413
0.04684266652734618
-0.05806457154827561
0.46051123837349717
0.10821672932007653
-0.2926285563648443
0.15004642153445188
0.023798042919682464
-0.17918113584275744
-0.0030797934844603698
-0.12550247640375806
0.19328172320548603
-0.07474044187955298
-0.020841026009227794
0.06001086226658704
-0.07687615801123356
0.026285779744533107
0.09458118402038818
-0.03513347135866015
-0.21550271745701627
0.09359115146506396
-0.2687311379145919
0.053661058063849784
-0.14813433505999887
-0.02715185886516695
0.011139806041461456
0.2634224764897677
0.15605226932217386
-0.21976122936335682
-0.5631030498502219
-0.16768770782639128
0.09082847152796861
0.21570106638894543
-0.07202134057141217
0.266700716011275
0.014830019348589525
0.011757692126593248
-0.2224776841587822
0.11979276986432033
-0.2756764489063337
-0.20679626971451498
-0.1377607171895345
0.07922985480151896
-0.04197997525092178
0.25819720553209285
-0.1468374806250475
-0.09688831292086654
-0.08404694622885699
0.2983314679543922
0.2933311706687933
0.12486658137702226
0.16276028990472
-0.009781617295117277
-0.08103347531781237
-0.13745513461170472
0.2147346842330495
0.20100026607091157
-0.3980221164703142
-0.11581849236310152
0.06778070299933248
0.09409444807238505
0.0014462434602177197
-0.07157818496530817
-0.4255910745004688
-0.04697050512597532
-0.19964719046714482
0.06908728996460388
-0.04241764875353147
0.09769715974642287
-0.07946578314713959
-0.2855544968404007
0.09404730091990034
-0.05969963980794159
-0.05972822438495121
-0.17826432137509052
0.05527498016130113
-0.029029470468050683
0.07482725872922692
0.0659483070122811
-0.11252322559421758
0.18198700508687699
-0.10837074182916512
0.1374150689851328
0.16486607829134287
0.007029531663072869
-0.2585647338072977
0.23303766147986132
-0.2594873330214554
-0.10587885337535873
-0.03741516382857091
-0.07288859420475914
0.09493217793706354
-0.1872736385411451
0.10012014293740107
0.20652289188455605
-0.4268883364170291
-0.11797577651137978
-0.27360153400890763
-0.04392254825151509
-0.062326954663785204
-0.25399868040138796
-0.02216198473071902
-0.13009411143075042
-0.0892430889223852
-0.20018340689608677
0.08864707170342516
-0.05436922810599244
-0.19996925194239026
0.15512737877188904
-0.2240600956476575
-0.002136180324590554
-0.14519776844277243
0.24883553607277392
0.08943192443053898
-0.10361760947475986
0.028033158661714564
-0.28841123431311144
-0.22616399799611953
-0.29879542826754557
0.046504686714008016
-0.05277854640708242
-0.0932187223564684
0.03427539299231343
0.11601165771903899
0.1604905786691903
-0.04571033167159754
-0.1422535934315941
-0.0958915350787393
-0.034024491546038045
0.1220778496369092
0.06505858149197963
0.39450990054402774
-0.08833883583549047
0.10128245233858484
0.03862889324078891
0.19977831285470826
-0.16014776293061841
0.12381445681739223
-0.10336960690499213
0.049141855357427204
0.08489733776380315
0.07125110031139177
-0.21618971105842552
-0.016182019930770234
0.04222138086027017
-0.044570442013948476
0.08033423774260334
0.17189069801649642
-0.1433414679297473
-0.03937612997202094
-0.023691186790908883
-0.09956798941098265
0.06290260440737377
-0.03605978790518895
0.32494250177541883
-0.25677978986548594
-0.14391621363886953
-0.1025634396151061
-0.33480102345170837
-0.07121378945246204
0.10188471050975596
0.04461647635023646
-0.0938121641925358
0.10281535944719868
-0.06478851100349611
-0.27081696376780384
0.24638077141956058
-0.3299707796530687
-0.029873129477889237
-0.11858246600318978
0.25389852884725916
-0.04556685150663976
0.2933905070204745
-0.09615426815227669
0.10156529628321596
0.13509981223781686
0.13914021934961243
0.11636811921401023
0.1167745062667225
0.009036962153317125
-0.0431825317284853
-0.0687166868679564
0.15148551041104488
0.07540683604923822
-0.09275233397139014
-0.1956869648512663
-0.12247054859736947
-0.014345970136262324
-0.02735315898817344
0.15512108338416897
0.03585125733773217
0.12951675294940465
0.1746038677038963
-0.15982788764901515
-0.3497703259028592
-0.17309502835677082
0.15580128548326322
-0.053473582058704526
0.16616310301644738
-0.0006333380766681048
-0.00966508241287689
-0.20634441153220656
-0.14101361064200751
-0.00519969830545197
-0.20553843494527613
-0.044561653104960776
-0.21790637755522277
0.0028377266959563026
0.07245033255355127
0.0005700807785835022
-0.3397515906093958
-0.013410817598447979
-0.10889658136257604
-0.01927524504286866
0.0451270552930101
-0.13705289587648853
0.037192813066505986
-0.12317464856086033
-0.0995592398316072
-0.024774707013217344
-0.11985608995255638
0.33564704092995934
0.09018312092431807
-0.1857638522733384
-0.061427675160875043
-0.032699586835701726
-0.07443429779537057
-0.1418198584929556
-0.2164906842511667
0.1022150996989627
0.1089164109062758
0.14065941028868928
-0.3771777421458419
0.3013625861536962
0.04904687698923009
0.09492965231809929
0.016250955516232384
0.023282985743159318
0.18421577082568735
0.19094987107435668
0.16339688933834928
-0.017524320142256883
0.19342411522459238
-0.08392275239094027
0.03672173951579208
-0.1674151148664776
-0.08524172328134832
-0.04268934567846318
-0.2579296842635281
-0.1356849488921323
-0.05739909684169337
-0.11206123892974011
0.03057836373771325
0.003956279803828389
-0.13501936172017298
0.2639244948464013
0.19780492242600217
0.0922721148495492
0.06801683440243732
0.07396473055666133
0.1348240356857318
0.15793398249950072
-0.09473971635704952
0.17335441511341224
0.009474207114420747
0.06295719962176774
-0.09543001358883196
-0.07712469275061551
0.008034172700105247
0.07565652484319726
0.01773446876152984
0.07193474296096175
0.10560512747132604
0.1152705015553509
-0.035065282511774244
0.24560822942648183
-0.07453205105490109
-0.025383888852982518
-0.0746086716363316
-0.198962120405141
-0.15308122640367083
-0.10647638696742566
0.049200335056749325
0.05507749037716976
-0.007362565834680547
0.026724186217812505
-0.1273216854728603
0.017981786257268328
0.06914537788567303
-0.021174919467226168
0.031449651385878706
-0.15327929747847932
0.1766790934504153
-0.17853586004373234
-0.18637381606709066
0.07856967262295893
0.37391743006200273
-0.009150402147652914
0.2135916868274881
0.01010606419688901
0.10464152427919372
0.015762518816921558
-0.06273619372480757
0.12489694002151594
0.03717013753121437
-0.1274316312071313
0.06768628874286975
-0.10222398117363471
-0.093595737137357
0.07201477626467187
0.21070923614253467
-0.17103585122873557
-0.022077394581619416
0.10978394904620924
-0.01995178963658203
-0.07580827393448902
-0.30434202886195977
-0.05377356295924466
-0.09782262466972848
0.08183104382046029
-0.25909458415141906
-0.1974337305411477
-0.1452967619039068
-0.039001397875853674
-0.1524089271497341
0.12036095388601903
-0.03894582487258238
0.00033728495302337233
0.1333729370487387
-0.1393735839269539
-0.020022643796245108
-0.11385702991973545
-0.1797359199702267
0.007964863267161457
-0.07978081764926584
0.12371609874435875
0.20618909480346412
0.08959552810528333
-0.08409090857967123
-0.21809317667747655
-0.3310306386935149
0.04776844044977116
0.008337450592909761
-0.001137295349179511
-0.15243269190502837
-0.32799287183572673
-0.21087045781647407
-0.01831617062896518
-0.0030304656455894135
-0.018563666800202723
-0.1638532290569774
-0.17437003576016216
0.1232337727104338
-0.05806495105378725
0.2735929586584927
-0.13681490455252343
-0.12429768537660407
0.22701767622654287
-0.25307505747059034
-0.30995907269557343
-0.11704949508848549
0.014290064996957494
0.05640574512292068
-0.08139951551499586
0.08279189543513887
-0.07451173550266951
0.009526210849340546
0.20311470923828798
-0.05032236014520258
0.0024905108723044384
0.11902495717077044
-0.02172585374524519
0.14468015789771568
-0.2717752378227657
-0.0988024322784099
0.09132788981411492
0.03737640530513758
-0.11147381126579912
0.023270080227890563
-0.015333363309768637
-0.18649992617641215
0.029583423817355996
-0.1264240836606995
-0.28152361229628775
0.15876822380778582
0.2011399667652622
-0.05531930892455258
-0.15228669871125222
0.12047154662844302
-0.32551131617679935
-0.07529314896361375
0.09581720492927912
-0.010385154890479054
-0.07101690189123143
0.10492778741286568
-0.04678033220980672
-0.15383128979737928
0.01083262557774003
-0.14193861612955708
-0.2603888746165162
0.019598632005839164
-0.007240267005581305
-0.012557341967867064
-0.078736867338261
0.12803733223528013
0.05519200856711163
0.05613692950384991
-0.14370399030557007
0.21029825385886555
-0.0707204719260973
0.15168056615104183
0.10520034692932327
0.007109570274496986
-0.0386138510506887
0.13305593501418989
-0.17255093073569314
0.09989690213962839
-0.22083284367315284
-0.0849955710882428
0.06964747868986905
0.1268163367625638
-0.18892502205464046
0.04700478231975277
0.1830537868737795
0.27800108081780567
0.07511316335880674
0.1566711245112792
-0.16788120718585364
0.04430746949417216
0.1062124737448468
-0.11163690008445581
-0.035270403192036275
-0.1259131688721655
-0.3126504628331845
-0.2428887056751305
-0.05923098437307715
0.028470534948065934
-0.23416402531371971
0.16185481213471517
-0.039254205665428615
-0.16532848290700922
0.06535947133714046
-0.0631272179090519
0.009671794629633143
-0.10949312299720257
-0.33040011546609493
0.023666312725043676
0.12865448115970238
-0.09537914248735299
0.06952067730218539
-0.0064220509291038255
0.004096931918337011
-0.08582212163050672
0.023610949892492662
0.029338491839710157
0.13218106401469637
-0.22572645720088996
-0.2813363927977281
-0.39437596066968494
-0.06530818744913205
-0.07532422067937758
-0.042081166767596885
0.018929183267285148
-0.18657709450999094
-0.030966881790285016
0.08799506418420322
-0.034119650655849404
-0.18755390564005403
-0.156408456875979
0.14311357653817913
0.04604526650434581
0.028138988621128503
-0.2047306111450749
0.14176543634662092
-0.014411191258172909
-0.06463759460852765
-0.07009007657157687
-0.17145009345815274
0.07741994372865629
0.1376225521390262
-0.24052193404109642
-0.1197868210224945
-0.2162728164156528
0.03472879282215262
0.10589186210723726
0.0830299779242641
0.03831987870298349
-0.18895272583157988
0.13820555891491446
0.06413683605225598
-0.14353089740962696
0.09867431338367579
0.38950237773356083
0.08053645014890215
0.03617360530965282
-0.005956483572501513
-0.19163020592657032
0.1011019770898259
0.12938336980282436
-0.030183809158836818
-0.17067300346701725
0.006728436827656197
0.01770678777656708
-0.15634398974745375
-0.458703891856487
-0.06275213966266217
-0.1037464911195171
0.13308254509841927
-0.04570427758460752
-0.2497132924120565
0.09554016367443917
-0.023769185362232822
-0.05415961770514061
0.01051545539769624
0.13945988333542766
-0.07407997628534274
0.2705652833608939
-0.17560822172734414
0.010911129612640492
-0.00022871751856496682
0.11968952581259037
-0.022011518163662175
-0.29546166930228995
-0.16889780674369292
0.2500693462813822
-0.07511194077022638
-0.2158896658359696
0.057481639759542534
-0.007837632146566222
-0.3893842296793159
-0.07504417763604379
-0.12968658430624427
0.08412956779034748
-0.1543905347089797
-0.14535822587575556
0.14964558019821858
0.033537747928356884
0.08924666580238116
-0.02495262962392257
0.1435975880591992
0.24351084234120549
0.07643544424404021
0.26024067955437263
0.0726571545393879
-0.11788133273281313
0.4197109279775474
0.0513719756135659
0.2877400872927368
0.029079112080347254
0.0902780223082012
-0.22687543653668238
-0.06306418546454497
-0.2746019828470666
0.14074795848729946
0.035856612223506314
-0.10352909585897961
0.04512463426075489
-0.01181900250086093
0.04989848561826622
0.26790167671064874
-0.23385323129497368
-0.11649140442088679
-0.020677435574317386
-0.2801852472541821
0.06381498371118856
-0.1692764619258428
0.10585858230992694
0.021598389782732763
-0.13538459142343315
0.2205701044208698
0.034549633002573625
0.19340815252273183
0.23353252413453643
-0.24171671948878357
-0.11688232667091893
-0.19888139848189224
-0.09877089045444447
-0.024636520638304467
0.057712647796689644
0.097889389570604
0.021549994279246743
-0.19528201732315623
-0.005744843855688986
-0.06526515038490865
-0.03066050406075679
-0.287979925183254
0.0590916085720059
0.11705920683177848
-0.004044395159598945
-0.2006042295130131
-0.1432688751754826
0.0014924617873299816
0.04207932986336681
0.09751190778103365
0.047981775430503616
-0.1456804351467342
-0.05255483156095903
0.05645995956702579
0.15812126632018894
0.33155017316582874
0.04609723995375568
-0.17602023496185468
0.2711349256858831
-0.035358730792232326
-0.038875125227531046
0.0898628794596472
0.06751650009387888
0.03207795010169366
-0.20828690483417817
-0.09800212898700938
-0.14183558704273688
0.018094171646228608
0.014265634394431662
0.12816736841093485
-0.22309315438259508
-0.009512840984740716
0.016642373024241014
-0.09153136302945188
-0.1696948704174789
0.08379745569657675
0.10120032654472848
0.06371507856906876
-0.05478499626066211
0.11296330793470652
-0.19895643528154577
-0.06873947196224543
0.1755897599930814
-0.16992198130167957
0.09739431559126557
-0.009162965421897535
0.014311201599062847
0.14482530083149864
-0.1906987923764557
-0.04099168777323574
-0.297798451124339
-0.05040187629256229
0.08187726387760906
-0.11108353967811287
0.12933456701254886
0.27979233426572536
-0.16326927852698853
-0.0962688419998483
-0.2524013098568186
-0.03956424204381808
-0.1111068193478202
-0.02140894481139552
0.19032135779710355
-0.009965347328925346
-0.2622901429274163
0.25978278916064146
-0.007664619277442337
-0.19204978468570968
0.11372075806878959
0.03597081280653317
-0.07379117986270192
0.11883581992108229
0.012645816797598016
0.1184184611010856
-0.06425937341968938
0.16301640004824364
-0.1263936406004695
-0.023195826035872034
0.14294861947691329
-0.11750887962194788
-0.04657022587383625
-0.018955864034187534
-0.04822607064866158
-0.05929327858223404
-0.007467958625377519
-0.12981418161609304
0.11935164291878764
0.05126787774850927
0.096267987454229
-0.025691053434653152
-0.008153720749207317
0.05505353262149762
-0.1492106222481047
-0.21139471915643263
-0.06943227821026943
0.0291078393502306
0.1175690718284083
-0.09971186171128016
0.12342004904998734
-0.11890993055065684
0.19688706308203616
0.025332821538315568
-0.19527250157925236
0.11119273311622364
-0.0990700347505533
-0.01607663263660625
-0.04457866268224311
0.08777524985496986
-0.13160717667867858
-0.24568491075554447
-0.02756911488946453
0.06186766524996687
-0.0035786712202975743
-0.08130326113912735
-0.14524194124719045
-0.03224658016519485
0.058701007031955646
-0.018292447047331312
0.09369597273558852
-0.020228966092273263
-0.17316894094274962
-0.1842443600484674
0.05698422241559287
-0.16664974795546936
-0.04544363602358102
0.07603132085876034
-0.260338277686129
-0.16743398852919758
-0.23071210207838824
0.03512684677325422
-0.0770533352321726
-0.004625815264665633
-0.0022145832835816152
-0.16404989970374212
0.07177571710496665
0.023989031503279256
0.07071761085602651
0.027151106648497354
-0.21458754377348083
-0.05656005641908093
-0.06318633899269363
-0.02399875816266528
-0.01659490493700677
-0.05530135578306247
0.09924189029682984
-0.002771735446156788
-0.012165239236646233
-0.3998777152007632
-0.026077065348060473
0.1430514907325653
-0.0019346371343525186
0.2630237907836577
0.11894625524520899
-0.1943518591211413
0.07592504089418689
0.16628622693936246
0.09834710277129154
-0.013827621977691221
-0.10671876699472942
-0.034496293731799126
0.0015853251571226964
0.043531707365809
0.12935419722105165
-0.06611011663852383
0.06913722937736902
-0.1405953275866466
-0.11697541010611946
-0.10097811414412981
-0.040038907979312054
-0.008685987191535927
0.10327939169431849
0.08801746471406531
-0.0837453598722393
-0.024165608708758536
-0.1639104727912108
0.06178528747255589
0.051995923281877
0.23260931899680848
0.026592033734809343
-0.12013801523963837
0.09871480020165847
-0.17745735188688364
-0.17198307515318656
-0.1632518256601114
0.027677536078727052
0.1741274591100844
0.0874051882946219
-0.061775184987748255
0.19448054783576899
-0.10616547855222826
0.062764790122028
0.11805806052253018
0.08888714729912588
0.006543163719003633
0.058909616241232365
-0.17331426167029648
0.11828597712730529
0.13987649519346645
-0.08985044693115793
-0.04351369752486973
-0.2486705336541792
-0.14934483907827403
-0.00647150631920713
-0.21520545303094263
-0.3273890917527646
-0.05053597765057296
-0.04882451372095833
-0.10843159512787108
-0.13131099785508454
-0.06266476595441269
-0.1619793629556406
-0.14381220075078735
0.03996802388567505
0.27230080853327204
0.013755747258728636
0.0650014808621622
0.04000238200208428
0.09335675922916878
-0.10973115304956424
-0.05729900031967805
0.009291043709210533
0.09069307902335992
-0.33781145268113816
-0.17717150238732748
-0.12309236698005893
-0.16836509165683394
-0.17801422872631514
0.15700261071377714
-0.24029591528086008
-0.07653605887012149
-0.11080800369399238
-0.12453343739845797
-0.04137119576759937
0.10971067901286893
0.0660963260720022
-0.20077311134326567
0.1283627588246899
-0.033450876545216404
0.217864146871282
-0.1711565971803304
-0.5378083912585049
0.2679631312661952
-0.1611444886096381
0.07047849630271663
-0.15629540431485744
0.45120265215749616
0.13661283345139688
-0.06325674431828796
-0.060541431758267594
-0.290327718344628
-0.01515994254988289
0.15142409611463187
-0.060806632118544306
0.17959477150398104
0.1531599124948118
-0.20189590098829005
-0.1534323077761313
-0.3129944163380079
0.1987126191329348
-0.0747650126671595
0.15798436980094427
-0.08550871609109555
-0.2016179146344336
-0.08272596130357528
-0.008976856876723347
-0.18322195238774763
-0.05585775163069669
-0.09169064762220805
-0.00284678252005473
0.1846498127854583
0.05652848211371186
0.00020329183007662894
0.24859326664345152
-0.10630271872140397
-0.18605062885292592
-0.19805665061812805
-0.18423096625824562
0.08386878096521418
0.20927488679610223
-0.11500496100398354
0.0010342192259933502
-0.1878570030814504
0.038996142868013874
-0.006657794538626917
-0.027515254990687556
-0.39858077676975995
-0.02233548192431634
-0.06412332275355828
-0.22754105173002784
-0.06427961981772715
0.13101402790991948
-0.19299643906837646
0.11771110831204103
-0.3577959245586644
0.17348572519734434
-0.45363330654891987
0.0863549973622305
0.22224620659032718
-0.10821391659500075
-0.09568244397369746
0.026622815106777362
-0.12164622405495996
-0.1368918477949678
0.26820921633669315
0.14146073664539557
0.007456152814639046
-0.03700959681480417
-0.27293337175964016
0.0015729919601643848
-0.039232579438689096
0.003477489700038619
0.030563262227925818
-0.03562431157236494
-0.06301868103511285
-0.16553631163828855
0.14074828319010296
0.047756861437457394
-0.23582810209113259
0.09934747655685362
-0.37501250725539775
0.036333859818098634
-0.02117228476226399
-0.03995110563063625
-0.42821617706854614
-0.24512546661749776
-0.18852781417708273
0.079041811140379
0.2090177502698419
0.03686977789972619
-0.010573490605333552
0.08898947755804532
-0.2725119509690665
0.07649767310173464
0.15839368523724975
0.06070277896875876
0.05067594154836195
-0.056028186962431045
0.05770845721134687
-0.0857331621576958
0.26014329315801893
-0.1033818895289011
-0.29309825603924505
-0.10563230339529925
-0.2439346533690614
-0.1390703243562228
0.06497092236854021
0.116790127446697
0.1227892801204646
0.23292847775710676
-0.27724509689296706
-0.23434734603986035
-0.08133249785742733
0.12883448352898458
-0.08294772214043405
0.28486889165561224
-0.09896062570235936
0.0006637788789345305
-0.0426803473254351
-0.2023157136956131
-0.30278479215636256
0.03157123908034671
-0.08079356033197624
0.2188627328570694
-0.22997022652101176
0.001033560745683108
0.14196751079720593
-0.054587956157034885
0.0984485808369771
-0.2119886612409263
0.044461699539700604
0.07024144471223873
-0.09835840439275323
0.023820494512003777
0.18172036660247598
-0.09949429980037548
-0.10643661984349376
-0.2453972011557921
0.04389770354271869
0.11056373356238759
0.06311987319193041
-0.13866042855355865
0.005810592223231345
-0.1010799383157549
-0.12431476152597185
-0.01584500880278145
-0.3231410408348746
-0.012010540207985176
-0.2809211515437232
0.13645516626667067
-0.07954518255163694
0.11242103214318762
0.23918486513558035
-0.15600288525306183
-0.11750757925974455
0.047494410004086135
-0.06961864894970912
-0.09233930364223848
0.20137554482904016
-0.2162276366346744
0.2915522114315615
-0.05724332550432877
-0.10648962964638897
-0.11212336341980172
-0.1060633310921754
-0.14736726728169383
0.12391726298490166
0.32276427630935955
-0.318187736734489
-0.11944143169979264
-0.23350200572378058
-0.3320477084815266
-0.3713103911231803
0.15696129638413242
-0.0737308389104801
0.2457693497686874
-0.17790117310878648
0.35299600125762814
-0.0008866394001021461
-0.12101114295583502
0.05231067939823541
-0.13201877296554845
-0.07152423880524186
-0.10302922690421829
-0.04322494930745684
-0.09114656723858787
-0.25059021792209435
-0.19830210771877188
-0.26688734205999254
0.04565004725974983
-0.1484447734492999
0.06000532309976792
0.17974726621480974
0.11656341211306023
-0.12425644438286494
-0.09519739966973648
-0.18081101467392272
-0.06953732398194767
0.06436537995134507
0.03268614443666007
-0.22561719025290236
0.03621011585235932
-0.0758072902318485
0.2142128721433058
0.36675754493045787
0.003365085044993968
0.0017138430196454917
-0.07051681261170174
-0.05455059600627154
-0.15304506897362158
-0.10864364980761197
-0.018817520962368203
-0.20627339596549726
-0.11382674788726281
-0.33172511723766496
0.340338309373504
-0.35174065945907135
0.011744136679993158
0.045673161036938935
0.08076717776222955
-0.01750767345701029
0.0415964071408176
0.29696709738794885
0.09151792233828804
-0.514801567602888
-0.02281259066535865
0.00823972905500205
0.0432536900087568
-0.19421568640395348
-0.11542983681672375
-0.016028571357814644
0.1096740493651743
-0.22156713507029424
0.11380350936186953
-0.155482908969593
-0.037690406384985886
0.14811547643970288
-0.14955570929680528
-0.14536920377995097
0.17170459236997215
0.1634603400882302
-0.22413724207329064
0.05304767950534712
-0.014249977664508407
-0.19636332349248137
0.07542883023037647
-0.18834581397936712
0.04004926287008567
-0.03205877718953259
-0.20856406486415732
0.21004147614629248
0.1806366038404347
0.059136062840001474
-0.22478620031139393
-0.2478210961555482
0.02778972450433385
-0.207127408562421
0.07236288742014205
0.05669328906692088
0.07045211365402594
-0.2299963765974663
-0.08123389977232305
0.13744982098161967
-0.27872417274620537
-0.10967764563528087
-0.1577625664644009
0.1835164147081187
-0.04573977064465352
-0.1277279928057757
0.052857562739539524
-0.030093948997939515
-0.08148287060245221
0.1567394188298541
-0.022049119321362203
0.03853993833964337
-0.03940463199599585
-0.0382262789047955
-0.19594747422415273
0.14462475955634285
0.07678535099095456
-0.07322788902597427
-0.009270530030056215
-0.10523743673430165
-0.16764466395242356
-0.12378058188551795
-0.184410229325079
0.16074438610177075
0.12013323634054701
0.019328477291300303
0.02064276386312057
-0.059389604807096326
0.09750269608374798
0.027109874624918946
0.17382875544665297
-0.006784755601614213
0.05275513171602525
0.1504470856619054
-0.22267207030742234
-0.08832832414671851
0.0005980669227092066
-0.25054198315407117
-0.053332682919825604
-0.07171187054346109
-0.14711102515948682
-0.3047314108583379
0.15846008904478348
0.014696683936026548
-0.0018293531144250909
-0.06191181749815973
0.13837150012614693
-0.1364287422924022
-0.20124738190301453
-0.08718144413555742
-0.0941273053348061
-0.01621223938052242
0.3134105426112744
-0.06306784278315371
-0.0607483419011702
0.17698105510739032
-0.2569915095051319
0.03726793026257957
-0.026000926165476265
0.054927799229556776
-0.004704413083554924
0.2055969579843035
0.08811869484385454
-0.06339103767870827
-0.005972741129388354
0.011889677766570798
-0.10901233137428802
-0.09089977870939946
-0.2031020422004173
-0.10911573744482186
-0.1307631577887172
-0.005189347069389938
0.01917117126463423
-0.050241072258436804
-0.09653699171089436
-0.04813768495344645
0.22334212466131664
-0.1570081636859767
-0.06424882308168993
-0.2834799391171473
0.19310424396286674
-0.12947679552756414
-0.006279756991923244
-0.03128262580545537
0.006911476528521579
-0.18692358967131797
0.1265637760921913
-0.036898079052480603
-0.04731548445786491
0.01743920199840641
-0.23587728267735542
0.017402360199917012
0.12511814544407526
0.07825916085592567
0.0272125496278323
0.10387328182641103
-0.10268906119440066
0.16405104604473564
0.11867057335598451
-0.03450599325434306
0.038246426885574517
0.15330666775991733
-0.07835938625234666
-0.16197092400414834
0.003386060563914317
-0.17998136383100954
-0.017917749097155093
0.0946117499466885
-0.29912098500758894
-0.17695435340977766
-0.056038382718714794
-0.1259205035682592
0.20626935056099108
-0.16164721443400043
0.015083886233474559
0.16748466921997585
0.2439239068716457
-0.19572495948743407
-0.28927892824806106
0.1493182825602806
-0.0025868009515565924
0.008187538082543973
-0.28235797449513655
-0.13179506552882256
-0.22267122549014168
0.07940986974129909
0.21239515024056393
0.11271691031755517
-0.30561357757672675
-0.19449407364773874
-0.01421442883200044
0.030551788615637225
0.1167452197592078
0.24562995534736837
-0.05312864511781354
-0.014518780844483048
-0.03524352497603081
0.12147179375894686
-0.110920409193103
0.2760416066688263
0.08596429361404892
-0.021131921813258944
-0.13905657098977792
-0.17053094391809
0.09633261991363747
0.24404696513136867
0.01191106033712631
0.007123133695154474
-0.112262349890749
-0.23549201104075307
0.09625495992821662
0.13097219650190406
0.12703128057100707
-0.11512805496591029
0.08930704410603243
0.2107548397361217
0.13889328042203547
-0.18670899015857478
0.13177574136936546
0.1689027016214787
0.11553351254331225
0.02725230599770567
-0.027537583693561053
-0.03474231205563202
0.18291167856059454
-0.10958483440519833
0.13854193846680937
0.0638515883619887
0.08829330915917963
-0.04084899725911237
-0.028770526648969754
0.0009734485311273914
-0.11456188554937946
-0.07526607479869049
-0.0523538873275144
-0.11291567793100035
-0.14177600894108328
-0.3520236826675365
-0.02874351491452309
-0.07000293133338772
-0.1270918328082452
-0.01711549045392645
-0.05164878760376737
-0.04477155480008338
-0.3584906592329517
-0.09776213816782048
-0.05400773020510893
0.07504742248888675
-0.1843276386434746
0.2966730712549149
-0.04310380839731106
0.15687243127345818
-0.23510650806231592
0.08803881972200528
-0.014712093813611098
0.05556375412143274
0.034916449641907786
-0.05971812396771344
0.019257022501704996
-0.06347660018685712
-0.033912594544891685
-0.03351475111777895
-0.14330518013496402
-0.27256162895824376
-0.08805844005771106
0.24476809817714307
-0.03969159740513049
0.010594771435129983
-0.20020442408915512
0.0899416732746696
-0.014891928191136298
-0.09093584869277543
-0.008273860386492377
-0.18702806483082302
0.018337862014137844
-0.35049532032536185
0.03560590647625601
0.10954552604851778
0.3397616300184808
-0.10813723634051751
0.0032365157384062677
-0.08830239404577606
0.038118730039910696
0.003915015007210495
-0.1990598991394283
0.2102867228645105
0.15861353679992335
0.18381299022445477
0.12308364566628914
-0.04995608487727438
-0.10972648941827041
-0.20985456524729085
0.15649802195634388
0.1687726048101322
-0.09718552255880444
-0.09494100430474704
-0.06925749546825298
-0.07370165454762989
-0.03922202432467925
-0.008518471186029749
0.08467631136954414
0.25951077602133144
-0.1320180446833791
0.06513832695698528
0.07439451474879478
-0.08108741878348624
-0.0363439285263076
0.005442587419429028
-0.11191209281156182
0.18625170567592617
-0.05463480077992953
0.04932022958209606
0.13974812070253204
-0.06439554636668988
-0.03641766939420108
0.08633252028427071
-0.07258500768849428
-0.026457392307414528
-0.21237468647816007
0.014206009110936352
-0.019530117433221757
0.0179365657821025
-0.0660893871027287
-0.1909306645981216
-0.11540902620258432
0.1458284066189288
-0.007540897331434029
0.08999670498685647
-0.12805923585742296
-0.001675000259153242
0.2333452954341046
0.07417906490007518
0.04703781760306985
0.0641904212916631
0.12602041952408785
-0.2340938646158476
-0.09794716093115505
-0.01760658441876336
-0.014679255240192491
0.18708759114134452
0.1073936608275884
0.037403417610328234
-0.1556710854522382
0.03342966387387011
0.00811742305896728
0.10172586539834562
-0.09046258442017308
-0.055814499942904584
-0.04086476477033145
-0.0003011149724455776
0.023055134103285007
0.10761719064112983
-0.15574172425387978
0.14614329624538308
-0.0029230391979205494
0.052902269170313376
-0.021872161725679736
-0.07307425541414797
-0.0346178171467309
0.18482775902004156
-0.08919620496090558
-0.01363587554630077
0.02098580411318306
-0.15006727756574234
0.09526351948503735
0.019748843675308506
0.04960879746426551
0.24609916139869467
-0.1367864815202854
-0.09144573312261949
-0.24949839157248416
0.1573208339263576
0.15101530724174478
0.26213805704973325
0.3080035700421404
0.030644547342604522
-0.32277558340163326
-0.15553004829953382
0.09849288711543196
0.0510068854577645
0.03906410935094756
-0.163049729239527
-0.056101131839863816
-0.20560311636122272
-0.02181963476570592
0.27713297153487626
-0.08527763538067445
-0.08281302167257143
-0.029677281365554416
-0.24773060097249297
0.07952245331339028
0.13295567518364765
0.10309012697282725
0.17834684714777496
0.18828381437335692
0.19552303927108958
-0.09629687179472703
-0.15171611768766363
-0.027142956549767477
-0.054831701744745186
0.14617709428937067
0.03492769534975405
-0.0672665838838809
-0.058061974988480376
0.15102041628470503
0.02620791675303361
-0.1639172272610694
0.017628901740624228
-0.12091424393349252
-0.10502494114310547
-0.0007463761916119641
0.010117047983935725
-0.20124471762426324
0.26966047654881986
0.020269197029179956
-0.09839690304458679
0.05015689674989391
-0.011068146103472244
0.06675508661715661
-0.16446060341273536
0.13063794346868526
-0.22000107947420733
0.11185049112528432
-0.29639100649866207
-0.012073226836430395
0.050119641877031766
0.06851699573097994
-0.14301983559405282
-0.0742617290120349
-0.2612830015556138
0.08136917822232577
0.13524135788781258
-0.013296894852652764
-0.03550960718009393
-0.08433966421779787
-0.1701661394918948
0.05978163047577684
-0.20057983413659092
0.019866587228433128
-0.01903433656284373
0.19867093178957432
0.06184274744781128
-0.1581340754602413
-0.0807085312410572
-0.2197622376643837
0.07899983991879762
0.1477891888053199
-0.09257199555036752
-0.10681215910444405
-0.13915279157767063
0.046741632399864765
-0.1776760645259961
0.20988348411608115
0.21921647175519765
0.21227151879811462
0.08926657933381493
-0.1693596195013193
0.16041412795904322
0.0375298819472193
0.1444098846697573
-0.026366590837927698
-0.2914721241343519
0.09304684461552554
-0.4538289688318326
0.017023214619676298
-0.23326488393924938
-0.10732914375851958
-0.015755572154499808
0.013668807109909729
0.07624734043573132
-0.1271065564654609
-0.09175754924042823
-0.02193815881291452
-0.16472521423934627
-0.03385825194907002
-0.42258827916268044
-0.046573105994783426
0.17491352219868317
-0.0265821006904211
-0.14669222920830347
-0.036498877596052914
0.2698321292149442
-0.2448985636454723
-0.09767063801292204
-0.012776107301815389
-0.1555451503420054
0.14434074981291375
0.09862784559860784
0.12253279225579165
0.2274927373878015
0.16210467918998148
-0.15013403399609007
-0.22689966802926795
-0.02821888826087777
-0.33663875492568257
-0.10758587445798781
-0.047979789897321726
-0.10027812773199479
0.19897333052884694
0.41586678576572533
0.08917180985987576
-0.28072653166611117
0.0036208901498450967
0.058528961734782
0.1505978932208261
-0.20349160325233007
0.012635490933732793
0.06622726248548778
0.1751982963091531
0.1140764707594628
-0.11111847525608094
-0.08582716800606763
-0.1169832464653749
-0.21841575772363184
0.017038988325717628
-0.20566622861869693
-0.006358650689694201
-0.26043103304400256
0.2024542841257449
-0.012220407412787834
-0.14983302960964975
-0.1956924053438263
-0.17571091081446014
0.06266452874489416
0.1721535643894441
-0.0786347334483555
0.05344052685629909
-0.1516460335800435
0.15952163588342963
-0.07314021006282555
-0.2739004668632726
0.07704521460182531
-0.06844418042179504
0.05458304588781587
-0.09993739734018908
0.10246096260378862
0.18700454005398368
0.05502155664816896
0.09608570013500603
-0.20439966688917566
0.25876487322464886
0.1134596610436031
0.22637169738899027
0.010535540924176945
-0.14629732859034678
-0.1190225169392048
-0.14001792982036043
-0.028285999196251008
0.01465660546716537
0.02932919650045853
-0.055859498307386714
-0.07467824642165712
-0.4039997387579911
0.002313560224613652
0.10879796942037655
-0.3806896624165377
0.07978950468112045
-0.1231371422711079
0.04670857221045089
-0.15115197586451087
0.015878394066087743
-0.17811352561303337
-0.09558510207823795
0.11385777006105895
-0.22038586595788134
-0.13385909893612183
-0.04121050530877514
-0.08261846191532737
-0.26816407157781935
-0.04995541627356675
-0.4301031075064535
-0.07968568119589609
0.14919381033058424
-0.15142543917025347
0.07440412730068093
0.13255179289418623
0.07475058286205769
-0.04243123606557195
0.2164389564621764
-0.1269000161026306
0.16561506539828508
0.3364550841987082
0.05801540944474152
-0.06519149849669052
-0.33606563335267087
-0.05202504312244985
0.05775791192366441
-0.14830774421333429
-0.16137086917980606
-0.15664446636062473
0.1508626127145022
-0.1501762992774981
0.04511031719028386
-0.13974814170191513
-0.0659442869552149
-0.28816009879358434
0.2086441931639573
-0.3919965154403581
-0.24497734692939727
-0.10215439845974653
0.06536403158562673
0.020707391278592016
0.14840323101074596
-0.13435135042971721
-0.03669346082481394
0.015251189541123391
0.09754362732719303
0.08787794130365682
0.13166379108409026
0.11978606690797922
-0.11972408050365799
-0.07968888673913749
-0.15727138313336905
-0.004846444239516892
-0.05220797937447673
-0.003034653077373009
-0.18764224196718968
0.043319385963988176
-0.013534391272544754
-0.36497863418624354
-0.20257876029845542
0.012436812576991902
-0.11588003863920202
-0.062047157058046656
-0.0844157875358777
0.20361268763114393
0.047361647779709436
0.09212809321575256
-0.06891246523033003
0.11410106286983326
-0.10427360154681019
0.16615361831023848
0.09124628565538978
-0.22173201021117608
0.05344563319414532
-0.26239795811840744
-0.09418269006548334
0.06751152183916849
-0.13901301078293052
0.0401237895463368
-0.16281146091721851
-0.1141833073844962
0.24562507174272177
-0.28798794805951267
-0.14062397372066043
-0.21477655901943088
-0.08186814550835392
0.3065217811548125
0.004910891052831204
-0.19171024118468855
-0.1943397786245686
-0.03714747906191168
0.04789175519505186
-0.34431025360353806
-0.06662229916515894
-0.03230296567804684
0.05460335247770334
0.04602322325510808
-0.031192306500910427
0.021954151957358944
-0.1504318672924886
-0.01256769643557269
-0.09101675897668923
0.18343660374639453
-0.03262023199978551
0.02830924511299993
-0.09058176728913216
0.039284158690937966
0.10017540611918381
-0.091006878609341
-0.05384538655326786
-0.09912029990049097
-0.06031030289031273
-0.04160665602135045
-0.25134943730355547
-0.1903466333322195
-0.17684934015534035
-0.012367918488671832
0.009623388663509484
-0.20636181908857035
-0.10438725179215189
-0.06324657173601098
-0.1686520143940227
-0.2670344819114839
0.11274624955433447
0.08707905142027869
-0.22445874800750015
-0.028939970700224846
-0.028212277523362837
0.01662188828541671
-0.062011349708501654
0.10547391353966094
0.019495685893837204
0.1005297265242391
0.03164968415769627
0.08483791771781007
0.05656122667879501
-9.24475781205503E-06
0.0006873161216219659
0.07844286257804824
0.03199638198347755
0.20142478815593515
-0.1432518532479583
0.06384642372896047
-0.10571807310066303
-0.013718031313065874
-0.0027468446514469064
-0.10852853696822784
-0.11797850402519501
-0.2392123887586426
-0.08694230904958135
-0.14897347232630173
-0.06374667097892178
-0.03556537607507463
-0.11898507991910828
0.028527771327378968
-0.07577874807091996
-0.228323560812873
0.02667733829576596
-0.29042194424851586
0.0833710288386034
-0.04320831209606794
-0.31129689050877474
0.16381642139673136
-0.22025662328075665
-0.2583410080403003
-0.025566167280992192
-0.10014223805761234
0.19099400106999642
0.1092450322756437
-0.2584124668688205
-0.108864619026781
-0.1306457007866111
-0.058311327985370594
-0.11716149009297673
-0.09572231349874295
0.17841299746459843
-0.08756704363158462
0.047981936072887144
0.0822383164001952
-0.20189163139802746
0.15278819189562212
-0.1485061418797882
-0.14366288012447834
-0.1599782805498822
0.2283037121191306
0.3109336850273354
0.18823083226060297
-0.13654824182128733
0.1526094003075848
0.07196856084656295
-0.14107022214686055
-0.0717562425760478
-0.19793892900260113
-0.30274266990949583
-0.13144294647484076
-0.078159945455183
0.09507119883512347
-0.10556685474966347
-0.14455844997357592
0.06416111895293693
-0.23086986199666878
-0.44096078705577707
-0.232513553296287
-0.12019582527296026
-0.20610603378505254
-0.0583280877337035
-0.002187791589585472
0.15856109273875163
-0.21907346247609485
-0.3061540295926728
-0.24892646242954045
0.06972057245998581
-0.17197393853880122
-0.26480250131199
0.08891373772925806
-0.10869676580906629
-0.15027957501329706
-0.006030254420958558
0.029506519462018856
0.019851072570372837
-0.17249068679659021
-0.029073077647410305
-0.16012294661712087
0.026927067523674464
-0.018364445392994172
-0.09487903917945632
0.03548722994012894
0.2204289672701196
-0.15147071311599453
-0.0982718259976859
-0.0751678493367541
0.06207254654436383
0.02215361544681787
-0.04436118010443039
-0.055265400653132346
-0.0077959868793615085
-0.37038087895583666
0.10676099796018601
0.08958049575009994
-0.19988500638690915
-0.2617371410044723
-0.07340981566561315
0.083802431557022
-0.3079018267751685
0.14950860030902888
0.15604037745627566
-0.03828857279782354
-0.272882111665953
-0.03992108431492061
-0.13228716093771167
0.14794274626272264
-0.22964465919580587
-0.12176578317690112
0.09658464273565405
-0.30887587073917
0.26498917211124406
-0.050317758695996605
0.02385678973941873
-0.19122098631138
-0.010368739609151658
-0.2400345665712899
-0.07030084690271825
0.10434792039819929
-0.28868121437084593
-0.10632812911768598
0.008978757593013389
0.1415939793620393
0.0632237655438311
-0.00793712853113876
-0.2611454973262998
-0.2924560477216161
-0.13377090670445235
-0.10200338911534979
0.05045388082687346
0.04966539121065499
-0.31593617222982723
-0.1792347450480744
-0.1653270592526901
-0.03317009059272926
0.13653898028948278
-0.12028903642795148
0.07596855395126426
0.0667150835488686
-0.19999045592891868
-0.18249438261915116
0.3200537631995322
-0.14030400317392305
-0.3196406836381686
0.14099937714726513
-0.046799430816793774
-0.04058228554338023
0.06285572225188106
0.14411843140693684
-0.04571790724283817
-0.24580962997351774
0.017806836706737498
0.08897080719456
0.06795772028279318
0.08268846113190569
-0.05199461248294348
0.231016321189983
-0.29653369987130274
-0.04655898215574972
0.019922277135424778
-0.08561791012931719
-0.16131990526980763
-0.14171350502416463
-0.2973451498923719
-0.23082259713379186
-0.13156311061639667
-0.11152687341639148
-0.16823362293121963
-0.10244145579054954
-0.3334047308438928
-0.07693143045798871
-0.25775450513087333
-0.27338517080320196
-0.2884800922505616
-0.08878410673962868
0.0673991254992822
-0.34575432516957233
-0.1467989752846865
0.16863343082448504
0.20466349319496435
-0.07692030218898109
0.021072414832567568
0.13303995309817293
-0.1516371849887038
-0.07603435631799231
-0.015545635522391599
0.12693991168035815
0.032309592541481226
-0.002996919290695683
0.06598048835130893
0.05795664125617938
0.1631828553716142
0.27853564558398264
-0.21537221117677186
0.07590950002293899
-0.1811968300886435
-0.14307293252613293
0.04312149158050423
-0.1046649147135541
0.03933719372562155
-0.18982531253581522
-0.24265821342442342
-0.17043044097626242
-0.04311982149417078
0.060019786191596224
0.15599717982258138
0.08707464681626356
-0.16929555294153398
-0.032572029526657297
0.23586560188329225
-0.3712110181554018
-0.19633825692476864
-0.0024124161761786564
-0.05090462767815053
0.10287858949011545
0.002157969596491872
-0.09176155303388529
-0.24406076692851325
0.027338479709507667
-0.03439260672932849
-0.4411957963930504
0.038412821023922565
-0.24881012160902138
-0.22336393189848133
0.0006242315340815332
0.15320517604899722
-0.20169423825435057
0.03772500004115265
-0.1505469449484206
-0.27413542211281905
0.05573327620327205
-0.046191244488897366
-0.1487655230385932
-0.06672444631530056
-0.17400135023717753
-0.18519701651308562
-0.1031487957376347
0.056389789982089385
-0.032555968565721495
-0.005175430929872576
0.27636141722215896
0.10548110609306265
-0.2599842723324167
-0.20240285319056867
-0.17706256542702606
-0.1978496855718657
0.11669918661909028
-0.3503838690934325
-0.19031513515504583
-0.1213813565868577
0.3778300904945544
-0.045813208011160476
0.05198949963809667
-0.13824442620891103
-0.059374314828850326
-0.17356688997064684
0.014535547598276525
-0.08083771052116497
-0.1277510101948784
-0.12290920274849848
0.022363148309330106
0.1309101956417214
0.11934413927618195
0.0409545707741182
-0.02623067920280076
-0.07336855572651112
-0.3851465191282112
-0.28044298829446507
0.061588854838775124
0.34062567301891733
0.11447470900669585
0.05726663230835814
-0.06574269863828966
-0.126784373273407
0.20252449388863386
-0.024546594605332088
-0.11777147175462906
-0.18612877803295017
-0.19626336496389388
-0.08186178402081036
-0.11411755866206752
-0.042532589177790174
-0.069984304279428
-0.012807864117284556
0.1138666760347737
0.02728999905123514
-0.20301033635526
0.015520451957932255
-0.0644109126319457
-0.31715206894887654
-0.12600910508425528
-0.05586061351588979
-0.023674491008126384
0.2577363797540178
-0.24417078074253928
-0.05084917332894371
-0.16162374392001927
-0.11138559533828761
-0.03461594235265945
-0.11366727843090654
0.2820345793534394
-0.1658597133896976
-0.12750862112308736
0.17328785969267388
-0.1454464896967295
-0.29137032572269234
-0.4308855778591667
-0.07453535006866997
-0.10148125432230422
-0.10929701643044042
0.07314567987717845
-0.04243704074482602
0.021689901397303615
0.0300195726168757
-0.19540262458068652
-0.11380478010632665
-0.02289196195553147
0.04503344669587754
-0.08658167291987263
0.3071523084203523
0.06831335154160745
-0.05446265321611248
0.13846418796433696
-0.14700803270079985
0.09261215388370043
0.11733287468051509
-0.15911359535868605
-0.20025718288651131
-0.10398401074127403
-0.2414690862430538
-0.16722490492141992
0.023039859064454868
0.006099501002908381
0.1718411463353886
-0.10418352665665953
0.0698022342418089
-0.08978032009740944
-0.146889942498267
0.07239871651904538
-0.3369404562839286
-0.20343953934329076
-0.4592853628931981
-0.11414313490484712
-0.13645690561224974
-0.15742496176974702
0.12206484190406616
0.2843073050407932
0.3657170143163244
-0.0568036317553925
0.05451779040177693
-0.4434728925330052
-0.054515812867374225
-0.03487058971375232
0.07497422556492868
-0.1359590757447095
-0.14872259136421964
-0.15048643870670725
-0.14817520094015532
-0.32569246428651105
-0.13848261147071872
-0.19997485200543633
-0.11209651215681535
0.07580699030804362
-0.1427411637108892
-0.05002018013766987
0.11549694911513791
-0.01893162015494932
-0.18948776496606823
0.06928493619202748
-0.1470838941114347
-0.06854248085615915
-0.18212314701430465
0.05467035736406434
-0.4743980948938711
0.08156421432883747
0.1206440435137092
0.0920052104135437
0.13710718107806047
0.16801152324553728
-0.0511820405404548
0.08630478221808997
0.08985889493652915
0.17732715313863787
-0.06392255646751947
-0.016421164397502616
-0.10216343402748225
0.01955246584345774
-0.003998500503801636
-0.023726738294024732
-0.06796889654191182
-0.19155917399191888
0.03911008557311062
-0.021214587634285714
-0.20743739534793307
-0.04701416607884729
-0.05243579082462991
-0.024642352973309554
0.02696645275402774
0.015364357503444366
0.2060210050688745
-0.022286260245868876
0.014392550335273743
-0.028079176049658695
-0.2067174328606359
0.015594641759969243
0.04536004053600071
-0.21705824327921755
-0.14730125950777323
-0.13107413353413216
0.014789504016065243
0.013436916470570576
0.04617491462670693
-0.1356596293311937
0.10436030608887056
-0.03950838478241032
0.05102076452888261
0.1040567737694324
-0.020559919411358235
0.14479253317967666
-0.020067086990607736
-0.2262057063708765
0.11693169088397962
-0.11660601686497928
-0.010452344958961992
0.004400574843262386
0.021080907422781136
-0.002874564051225251
0.03458632480953234
-0.06721735004200945
0.018864221524477736
-0.09870160608599311
-0.08706555248432159
0.015070017411284534
-0.09214545514407138
-0.14448070723613426
-0.1038538549362412
0.15350953812493232
0.05763672764032955
0.07834742406776073
-0.23334694959357966
0.00622194218395389
-0.1065874250661008
-0.021621572716966936
0.01977402515841766
-0.32312804762792846
-0.07420820815356523
-0.32593632868614064
0.11188248836275996
0.09791725034190882
-0.13256948215735284
-0.26463416975370213
-0.28510191753164466
-0.08208452479729639
-0.14967609293059117
-0.03894428952976479
-0.029966342140650488
-0.22649848890824079
-0.1509092729871662
-0.11120058979467393
0.15355237614008363
0.025688868655056044
-0.14793806497331402
-0.06748807007367325
-0.4217467359962653
0.016158593873806776
0.15037429439044703
-0.35982744412453826
-0.04942944132678279
-0.0007296593540428439
-0.15363725105725456
-0.058315387921238575
-0.07520329608801297
-0.09535644953728502
0.1718525681878532
0.05645068810014939
0.12906747268610683
-0.0062060011940758605
0.007190648279284543
-0.13764605071788616
-0.003574438233891999
-0.07225416024204245
-0.11285467265034296
-0.24018406881547008
0.07029333578089461
-0.3046030935643331
0.09123036330480579
0.17185601862584182
0.26960655927320315
-0.18078079203734626
0.12872821763408226
-0.15172675067823882
-0.06392991486145821
0.10253277355013662
-0.17642234963683365
0.09089840640846339
0.19811386468309086
0.20748340159955617
-0.1001190204362718
0.18126345251274073
0.0787923659486664
-0.2701663960255523
-0.40056200992316265
-0.18665650078930754
0.2365277798368295
-0.09565589023913475
-0.3024560491846241
0.1799773192923262
-0.06012225931758048
0.15685401323682374
-0.06402242270753687
-0.20605232068166737
-0.1529012967073702
0.09385762187883252
-0.030385444844115504
0.0843015799645134
-0.11476003986007642
0.06053417636062413
-0.20811271651404212
-0.055177507037433765
-0.10962593198206039
-0.27891330943469345
-0.08780944093078553
0.12368782963585684
-0.05635968790687744
-0.01788416535189565
0.040124416205395495
0.03668356194050393
0.02691839245895882
-0.010244018825522332
-0.4018213968153128
0.3310670588604769
-0.019647437480226664
-0.13191091705996144
-0.04737933502793594
0.2723234282675826
-0.1469663800620032
0.2929839018241981
0.1484672866031349
-0.021035653954711103
0.062038483127165325
0.1355021346647465
0.15624010275646838
0.1690620806379798
0.0685291479987452
0.039724616978076575
0.062170841047171195
-0.21359496269554004
-0.32712970186868345
-0.15150692999335771
0.17017249829475198
0.12197556336516477
-0.013704929893510211
0.10651657772617495
-0.03130560630765436
0.008167604246381067
0.06719997235941148
-0.014499566266761207
-0.03600555384509622
-0.08542478988758376
-0.12377152454283424
0.10428322710550492
0.2290166048411727
0.16380160507128824
0.06076103499187729
0.0058476319308593235
0.135092459388674
0.10419737679886056
0.45601977689005946
0.12276163936521554
-0.18910273718711948
0.021694840811124588
-0.05189324182306032
-0.5809417518671947
0.06266543821227097
0.17762064327359398
0.11751380563811287
0.13030093823866443
0.22387117301759898
-0.10168032236190097
0.09702931707195296
0.09368761443013912
0.16975300857106443
-0.222584028114312
0.05906226037006439
0.24161585547263648
0.22734485429908707
-0.10555651528105622
-0.3312851769970061
-0.029512611445046046
-0.2617975152560277
0.10022396348379702
0.04511643112533726
0.046174736903298645
0.1250452530932721
0.08550435796586513
0.1712146768350408
-0.033775716357170076
-0.0661556406485659
0.17887630550235906
-0.1156433061883867
-0.28963057494864425
0.05738967988399443
0.09861171862371648
0.1995038330243181
-0.034910165920346924
0.02647759274944046
0.005664825029264385
0.021452391283127356
-0.0858264555274089
-0.14991004751671258
-0.2572449385393182
-0.18511057450299684
-0.15223943274596163
0.048786806647840734
0.12390653419023476
-0.1725846476788475
0.006080940041188382
0.14617325894882566
0.05462325471124227
-0.2794436630145326
-0.2059229918833775
0.09478485953424014
-0.3382223875066183
0.07381181428743738
-0.06225412999379314
-0.15424197609718163
0.1634637275218474
-0.2686935460805807
-0.2302470399063623
-0.1516126491116095
0.07205501461479485
-0.18223347431940204
-0.09318505278180593
0.10410154757819429
-0.03881105487589129
-0.09720630173898387
-0.18018857188986567
-0.1011904528563377
-0.22425345219649093
-0.3741539899443264
-0.13030368004101747
-0.16803610515047268
0.00618926861747451
-0.060101892491357375
-0.03730068164167826
0.2657330788884134
0.11160218456931452
0.03477319204305149
-0.24983123462545656
-0.164506316639833
0.12304707806211011
-0.015174049798028414
-0.18879671595870803
0.10386638142966954
-0.21616719505982282
-0.3862526793952761
-0.1562396757150182
-0.1257194325630131
0.07636683995321952
-0.005774708620697127
0.041132300014075994
-0.10844740668919575
-0.2010920130678808
-0.09977444646346115
-0.18435809722169594
-0.019958745351233813
-0.059161077224797465
-0.11940007338320413
-0.06446364985445568
-0.08723188719177305
-0.03813459479308661
0.06027424119629284
-0.09511889536491024
-0.009729560624431796
0.005597589918663478
0.10055583072102976
0.1259888026936556
-0.16207866768083773
-0.013911593369085602
0.01947894149470825
-0.07307315817784588
0.24407800030921883
-0.08983808573900716
0.03335471929180846
0.019753401785435075
-0.1264290173613615
-0.017098379562167726
-0.14554781862684435
-0.03423687026630051
-0.1460973268796373
-0.1895258070971627
-0.00046989457120363815
-0.1830828603857086
-0.09243072360005421
0.0069724884074110535
0.02679020252051655
-0.09295994982063115
-0.26893014242174734
-0.03978839184364704
-0.08813118053188165
-0.12037233414370035
-0.05388744574706447
-0.0016906125258561934
0.07867781247666437
-0.09488099924104292
-0.14153290413529784
-0.13827427646331747
-0.2539603491262021
-0.04176817924894875
-0.20615773962905398
0.07000079378379173
-0.05161705808118095
0.11578505232350479
-0.05985237226215902
-0.09607179378174455
0.1310752961379106
-0.1725877561125682
-0.11982399955626047
0.05613204316015204
0.3164385579245313
0.11278852791886848
0.05753478871345031
0.28079912318798644
-0.28744814579856365
-0.010001134446011493
0.10144687284748649
-0.1456691366783104
0.3051481373301071
-0.14259035108220666
-0.11379415855099946
0.14317863523686522
-0.09780962648056442
0.15486173675345433
-0.2103916398237145
-0.08639697834728406
-0.00708257668607278
-0.12804121969297763
0.0005511649803327484
-0.03965843515163693
0.22299971394829543
0.09099396187647377
-0.2883630347768865
0.2689304705769455
0.002357768732006955
-0.18761131320382726
0.08103059580949107
0.259039689336382
-0.1772879161677902
0.12192449378490362
-0.13832335487309888
-0.09575227364579045
0.10256701291768118
-0.11779126593832404
-0.032845951056994796
-0.005890166368927223
-0.08268327421794068
0.13264685233986384
-0.04402457652735678
0.0937129722292181
0.06716483823873606
-0.2062902012092578
-0.06889264659596793
0.06242525579550686
0.0697848356335097
-0.154323096557749
-0.24296513681946566
-0.10454291914982625
-0.12386424877034627
0.034481504176361685
0.05918406257426011
0.05021424661881433
-0.03113824917263425
-0.11633958726209889
4.6307785132413716E-05
-0.08443373211101442
0.09273613328745971
0.05657917721802178
0.09023712338700438
-0.002661895143146886
0.003448730669784855
0.17997229116726737
-0.008224603420590478
0.12317403581677142
0.12758805761089548
0.13490779476735743
-0.0591492909676477
-0.08805757200880643
-0.17938268585395403
0.09613187231621323
0.04556201495653861
-0.16021592724195222
-0.030704405519968815
0.07957104949977745
-0.0306497982369192
0.08268113394157582
-0.1274615521713072
-0.009792730126330215
0.16424837487903873
-0.014943489214788054
0.1948703635442703
0.016488623372183653
-0.13522273485171932
-0.16367626747260614
0.1400142268571284
0.20129051554122657
-0.02210307057328412
0.07227401842721841
-0.2747102448638342
0.07657246169560936
-0.17918218036257186
-0.16142497277552023
0.10613569614531482
0.0022545609664053608
0.012810836422331174
-0.02700553705407812
0.025452940721595037
-0.21363253599493204
-0.05382832646666972
0.007860169766798914
0.1129491092181912
0.1241677119581492
0.03125870571271515
-0.015147244537884862
0.07534318585623768
0.015539352595917587
0.021654153256489835
-0.1673154871062926
-0.11232591308479153
-0.13849387070673908
-0.07316818156771128
-0.044769676470434214
-0.036649836585448355
-0.14577340293931437
0.034471210055550976
0.16516940314294745
0.26122524813599224
-0.11955299399933655
0.3977824022678062
0.13913133444308318
-0.1801939424946381
-0.029410572355169324
0.06014760229750248
0.0304357901275465
0.2575399068809571
-0.0874223067573029
-0.14961275748921
-0.186066720528095
0.15917172935528434
-0.08174005188576602
0.09880264923430772
-0.10507340576626921
-0.15904018776089263
-0.04255970401439951
-0.048536677883899655
0.06920355884581939
-0.042843238085841374
-0.023601784472670084
0.13195362915607492
0.05410557924867144
0.07598665415436485
-0.04901980126616561
-0.10089906410861146
-0.010099268041909637
-0.03502090448296908
-0.2556218388043956
0.026183758593289173
0.11599102971720528
0.08180140463020409
0.011765657366941549
0.21171594253133225
-0.1415437849358684
0.07540486531424766
-0.0961519599448259
-0.05292625789347166
-0.10140070420796923
0.02324173267529023
0.07848570323310053
0.04119588100935202
-0.18207804051058618
0.023049420863611673
-0.2439798640212031
-0.07890130670970837
-0.15073451157841822
0.0845256109124279
-0.07068794207786565
-0.12226409536168521
-0.11022810562957322
0.2235878778889902
-0.28071673285946924
0.06470742696871008
0.06442837316577898
-0.10020103549829579
-0.05331793147465178
0.06690789998926903
-0.1938844933520657
0.13773300837459823
-0.2946694577941626
-0.10488698353498695
-0.1834527053167405
-0.06861504502149
0.01895492122901101
0.19570552521392878
-0.029875266438151492
0.05501743502229184
-0.09888470615990115
-0.057678606074117456
-0.04490693752850243
-0.15119927859124022
0.149675530308175
-0.16373426332512253
-0.06992992461423173
-0.15167523577349615
-0.03461923410897141
0.03483629745794058
0.11242658403600264
0.11959178975459364
0.01793522806320612
0.10589104254312154
-0.12135386815765827
0.05253799035878537
0.013632544765258273
-0.016567238779987895
0.14013346884988018
-0.05219083760481184
-0.027825971695475002
0.21927693188849665
0.0290867258003924
0.020710094573424213
-0.152468724175745
-0.11638889016362887
-0.053496256119687606
0.0971392308648364
-0.016932420034546602
0.12317671172784549
0.022732726856950033
-0.16664359623330552
0.14034776335820912
0.13040820132011705
-0.023512819596480026
-0.13828143071618018
-0.1850458863522055
-0.017884187142207977
-0.013755058398609568
-0.08292816373795359
-0.19508685984470342
0.017715953859568655
0.21548664277619525
0.2180306697423011
-0.16981768236094735
0.22314235611488561
-0.05599207854391364
-0.004131124711713084
-0.019047654038478985
-0.22406111415629337
-0.28319686871099153
-0.12018172100633334
0.01791449872243014
-0.3847911005813692
0.17935601825566239
-0.226705550925147
-0.07134780227511732
0.019107325964035308
-0.04799907327026272
0.10035600507213131
0.08304193538203321
-0.012208234079110545
0.10048653516020725
-0.11821862929913275
0.10918971454158258
-0.03904116141211092
0.1387904895786201
0.2571510608183311
-0.16054216908525806
-0.09800318349565704
-0.000695383121850849
-0.04208483298051181
0.09349645152720373
-0.0796622223729859
0.02122918416773963
-0.05169466302737682
0.04175534545013959
-0.0407744288551109
-0.04600756505845036
-0.07009214453096871
0.20283334981197804
-0.07360947826032319
0.05758252440556253
-0.09312444820947222
-0.23639093344921738
-0.12526338312330135
0.273307040613246
-0.07305093360618554
-0.10340106048975396
0.13610594285086283
-0.4110355086111524
0.08219913574401007
-0.08909730823432364
-0.10640531242948703
0.07020073672959597
0.09573155956970998
-0.2049665495966561
0.10869633912952027
-0.05784222157399591
-0.11923510246822844
-0.1664263349693669
-0.05409636310880964
-0.10974758660650125
0.024742376596911985
-0.058293828516751536
-0.20262042128318367
-0.19482327397753949
0.0926184922361557
-0.4294240293717416
-0.289123171471363
-0.022120705697046106
-0.1442344600019061
-0.10615316469667636
-0.060459543371004884
0.09605694155376872
-0.07254501047589781
0.04184055828807009
-0.027735053638642537
-0.03706262224254966
0.2891324697401549
0.2944068389493564
-0.012749636347276822
0.017979901871143244
-0.2078736953950308
-0.1683830907811757
0.06937829281912652
-0.026853356239047
-0.009679226931209569
0.11616272737730844
-0.0897698675905094
-0.09706894586296515
-0.013175252110188062
-0.07794788695923115
-0.09854245614996204
-0.023379549691434943
-0.27161447016621537
-0.2466848979697846
0.010979915323241838
0.1852384026806545
0.15914715678852584
0.04753591297723876
-0.10760235130842644
0.20814851013826902
0.07199198219162427
0.039003173813913536
-0.13441061285374786
0.037922464236729
0.217596024352175
0.1804757314580141
-0.2602645377784371
-0.055064956684626416
-0.059613934759598225
-0.16272995915858804
0.01131399488296663
0.13482605441778775
0.027112557352715817
0.003472054757306908
0.11063281352897386
-0.2294757673637891
0.042240973824538966
0.05684691057364713
0.044789412076801836
0.03533287166009467
0.22858429776664657
0.03225645896571082
-0.04798683734725681
-0.23463828179126806
-0.06548257644599621
0.005738063706392847
0.05800404364764579
0.26231176536752254
0.15850426670023854
-0.10187941241116584
-0.139331655866527
0.2220375014803111
-0.2270614329314302
-0.20497092053063393
0.03274169556302132
0.04564829505326565
-0.11415322088562918
0.08571241532869911
-0.13131358774719823
-0.10771009260743239
0.15219049123102515
0.1344688002884026
-0.10549998228961932
0.0749680508233727
-0.07316642150644283
-0.038130969675557944
-0.051475065681427234
-0.0683251173152339
-0.259283704381151
-0.01628318062486936
0.15947202441068103
-0.11966741200518817
0.009566333470866226
-0.13934690196203495
-0.1136206313711522
-0.1755275141759864
-0.03822742994951035
0.10675358138296066
0.06005163799780535
-0.1313828187444902
-0.08336278938786819
-0.1057486682953624
-0.3006628442025472
-0.005718989081278506
-0.06794384058730552
0.03135923159419047
-0.08719306426381784
0.048611102178122374
0.18111963235956965
-0.21688168021920493
-0.1521129408594464
-0.22868598019172928
-0.14533985088128795
0.021541931164583986
0.4572010904846569
-0.15284576557159235
-0.14952045886538295
-0.1599566099451335
-0.16137599500048322
-0.22262675771532064
-0.031385825900565385
-0.1766086122235327
-0.18165314131299376
-0.0850047410913583
-0.4411640998210764
-0.4491239524157301
0.09469484101243582
0.07304721071450904
0.06235725243491797
0.0848548211624141
-0.017368524203158226
-0.21854299278592
-0.01775724510121541
-0.08688914869145464
-0.2488333477230217
0.15141111000900362
-0.12336428092211287
-0.13120281792027705
-0.12134339016381548
0.23093132636858257
-0.16331610905714253
0.02281472013653656
-0.17727565582073931
0.011649292110888757
-0.2607779304110326
-0.017096959427414835
-0.3206724055816827
0.025137439088290615
-0.23956621977615225
-0.21811430211655713
0.05190211155345645
-0.13796206583610673
0.25668884860374247
0.2688599319033965
-0.028786513002512136
-0.11759446566914232
-0.1500664178448235
0.12779959734161914
0.19213948020258184
0.20049281661385215
0.10412521058591735
-0.08825725961390016
0.3275200226008407
-0.025969742074281477
-0.05501430774854634
0.028983982097915906
0.06859115403311113
-0.2254962568324836
0.1126993500840636
-0.09387717209400076
-0.052855813961974286
0.2870940536461182
0.1682691276491982
0.0948630209369999
0.03790702228821577
-0.14829836973389995
-0.3713352315778404
-0.014370122762895305
0.05823443228271557
0.1472289671581989
0.1666310109636756
0.15476120374644295
0.31768620668852154
-0.0034683286479950145
-0.21962106311690055
-0.10347801476455297
-0.3544787490422265
0.13804002500753318
0.15672028627761272
-0.45473980883552106
-0.05766974974826803
-0.3599003098960357
-0.20015474773447528
-0.05191474487745202
0.014143133593701444
-0.17845938460887042
0.011271689909159388
0.18828120468615883
0.026193818053143695
0.11154202512391483
0.15033534887068256
-0.0037663614622608474
0.02977283362465165
0.18098902448012985
-0.08080214005197929
-0.23504588773502963
0.043072640213859134
-0.10320245060374499
0.2688517609353954
0.1876243965153373
-0.03432203832834225
0.25022890233272554
-0.25717839591301683
-0.17335362009976987
0.03172461538484039
0.002753174109916476
-0.10265892369080364
-0.1584089810787886
-0.3358420907887063
-0.30364435921262123
0.2700710749693319
0.010534126691842437
-0.21519590463540875
-0.15190132649912658
0.0008741955105462955
-0.21306765591013316
0.15126532346869404
0.2637807065417473
-0.03258369895679207
-0.06562654517743292
-0.19369064341584852
0.055521626705529584
0.08765158771507581
-0.2626528215708421
-0.08455837139540677
-0.009010976269310423
0.4008197859195686
0.11535568145498772
0.18587967995519883
0.047641572065027504
0.0500368520907914
-0.05860257680570124
0.0634334392370432
-0.06543403815194311
0.22937869497680463
-0.2871330648354671
0.16649638554825166
-0.054062802795730995
0.04843297119235817
0.07716158367581791
-0.13537679168095454
0.16179362974725248
-0.15112234840568384
-0.2809730223171356
-0.07932986915140822
-0.009444531976543201
0.017798494594981094
-0.07584134895987538
-0.046564612830564386
-0.07839874029928233
-0.009735427768768758
-0.06332697949968526
0.03689146379452816
-0.10866692414768253
0.004969106514947942
-0.24658921999107022
-0.19931595292101634
-0.10495696961990941
-0.17085041568354734
-0.07692463485226608
0.09008884916342788
0.08361368485908846
0.07976644518051718
0.2096475091117972
0.31221376283384783
-0.025435981753229763
-0.3207047364169969
0.10723316279662862
-0.045486555062197453
0.2107471640198301
-0.03731383277138922
-0.179184726477671
0.2871432578952539
0.11323718443784694
0.30934999078036246
0.007029119914871525
-0.061919224579627834
-0.14605421443710812
-0.0498383399969502
0.09552559438942283
-0.1415788122867802
-0.18300445070863583
0.0827174870821801
-0.07640861729411837
-0.09280018884572197
-0.09070319980497588
0.2350362037420319
0.17395601129742308
-0.10292873708534457
-0.10826986283232391
0.02633674357640135
0.03092905929448872
-0.010377005716254344
0.03757638678174525
0.032457344698811334
-0.16900518148380994
-0.08319885671027845
0.20262118798067855
0.005844784602866626
-0.09945963911111691
0.14219206913354648
0.08722397936662679
0.1999757408859257
0.025464304168129104
0.23913133393908917
-0.01387664493130651
-0.15263564631116575
-0.07718299169705373
0.1169679514372134
0.09305953754507805
0.025444678820640818
0.18071917148600058
-0.16420404274074812
0.16108707018488808
0.16329059436704044
0.04410500453716479
0.17469399565960966
-0.10080772051014349
-0.2687547028983479
-0.11070755913792496
0.06920445688006462
0.054449760457436096
0.10436776570192788
0.09050443308961667
-0.11650083691758754
-0.08437024467655939
0.10258746891623476
-0.16275437435424173
0.12288673620203677
0.1110226506397701
0.2889035740696609
-0.12196591235025717
-0.0005943046596945822
0.025794233524786502
0.11756396120887898
-0.18862470247940666
0.04882682930032188
-0.20668095324793828
0.13627511350180685
-0.08591785733159063
0.10692747850143279
-0.19158804821011188
0.0826233255820175
-0.08416562618698192
0.09821821488257629
-0.03689353857565608
-0.1489288795467984
-0.012474056692142126
-0.1633107973991839
-0.045630305955943154
0.0031042460665866426
0.25951315361402416
0.25234356546518255
0.09048372309913827
0.19385522583804057
-0.26594641345190184
-0.06848275196470748
-0.15823407616999804
-0.05444143294495259
-0.07357846598673927
0.05218106133911977
-0.025405317557188948
0.3140688459100892
0.00016596045960942912
-0.007135471959010909
0.1514750127027062
0.14226682998625506
0.032973407368144116
-0.1880930825857937
0.35524033945484995
0.07559143837774164
-0.009925145283102975
-0.14217330724007848
-0.023765012067829164
0.07324810233939576
0.1420194448057892
0.18137346395410542
-0.14307677952716782
-0.1596856463205242
-0.04719834249099867
-0.02515331926059852
0.12060066321198566
-0.2011907655371641
-0.03988259100133995
0.04554044814525532
-0.3430161068057768
-0.004007780256607752
-0.04958765749372484
-0.19485361066411302
0.10626110362112948
-0.10738413415983367
0.14531058628607604
-0.03998290222454116
0.07526923473042932
-0.02441022748316601
0.2598011834373146
-0.06242721239973801
-0.0899401863939461
0.15835499585925414
-0.032453953697061805
-0.06641846998004222
0.15325779597206915
-0.04710320395535997
-0.19966547317206446
0.03428603944897118
-0.04011281221680604
0.07187665980749412
0.07147260905826135
0.1315244942276502
-0.05780077197227915
-0.15336665291914914
-0.0203873205205902
-0.0022677914797008306
0.11401612167496036
-0.0027233136195779118
0.09837798225406252
0.005866316185167814
0.2757188498657608
0.04610601925075029
-0.056140347136028716
-0.11374335751279738
0.029001794661976988
0.05072141301568971
0.19442922764030085
-0.11356610023078136
-0.2181556758001153
-0.08356888603326172
0.12251193214990154
-0.1284696079283143
-0.06536048878516797
0.05320167004806329
-0.02936241850983685
0.015588423572669414
-0.0066583221750584065
-0.12029718384776115
-0.05707282747821372
-0.17504011534407815
-0.18119665304284627
-0.14339407353047814
-0.0747904765392273
0.13898129435323012
-0.09996107235494088
-0.03992122063906015
-0.20756801519200932
-0.2826363743573338
-0.03699449510769391
0.08052252737498114
0.02107814259133963
0.006661077406450775
-0.17863928977482796
-0.13892456843646833
-0.09881610187792178
0.1420190994006881
-0.013532540690390341
-0.12450499104538384
-0.10229579159295135
-0.001091644407888
-0.2855617769428779
0.12775537119122313
-0.09176010459855574
0.0956970996197884
0.03477648077152213
-0.35136140084300976
0.11325750526023008
-0.010159370477384915
0.03334617473386688
-0.328053178996472
-0.012191566551101408
0.14642513519785832
-0.0975660480861504
-0.09438278487621413
-0.07155075785875764
0.21764658841151496
0.06073406958228463
-0.2637493586167373
0.03608895905749963
-0.05757411524316084
0.04070112311768637
-0.2224622037178987
0.015027672889692251
0.043388321533786696
0.09494541140162191
0.4480306646973825
-0.06586090025965888
0.022977085384953137
-0.035139303960420976
-0.0007995786093406539
-0.08167201577304835
0.1933336773093887
-0.13990689692014077
0.0301258826268096
-0.26586161117644624
-0.024259152767276068
-0.062135512417273796
-0.13566842757221925
0.14267887581412453
-0.12682000354870956
0.07711738860400204
-0.00939065613623717
-0.1759597506694273
0.04815153309956115
-0.021111721699985597
0.05358261950975076
-0.22483415113136437
0.30439617476529157
-0.1261735160254016
0.18603439283685613
-0.09687039067340662
-0.1441114036878858
-0.3741518908300933
0.18130529706945905
-0.17483551192026797
0.1491045548149375
0.1766452118878819
-0.046981965415659695
-0.09626351293123918
0.10858765705238464
0.15359897788193969
-0.2086306210440474
-0.0689393654534724
-0.07163191323285047
-0.14738846806687828
-0.02161425437723852
-0.08186258367713566
-0.08444408596684072
0.23616002765217298
0.11151590481311617
-0.03894561393435095
-0.09811442667974418
0.022941404039831522
-0.08583124763684222
-0.10626017381216808
-0.05482002224433272
0.03563855976280295
0.19168411957021822
-0.265128523680043
0.06557652215838307
0.036925622619063826
-0.16990799554903221
-0.0768503165038466
-0.11883470384830225
-0.12697265561614773
0.16234232594528875
-0.2913005704252218
-0.07378184521459048
0.1531013063047213
0.11535424826155344
-0.06067166231414169
0.01366330558476475
0.07542521439229165
0.09822994282918376
-0.10277955716540996
0.028242158751066244
0.1161343120485232
-0.11844083948402673
-0.14085920499312835
-0.01695613100964631
-0.05362676724003048
-0.10121477798091537
0.15890169008033478
-0.16143858887614249
0.06818441840772925
0.051289068996203266
-0.05318678591397817
-0.02343035988669893
-0.11475689793449381
0.037452530191378786
-0.08241564554613434
-0.1588635815339078
0.06569978382649004
0.05372970697012286
-0.061142833528669956
-0.18906818321817534
-0.03898150357107733
0.031104298054109223
0.026848483811389698
-0.09713835326723425
-0.016026492922998528
-0.23279684072287463
0.06112593576904357
0.04413299894905127
-0.0008134609615058411
0.11970839833868745
0.01215567288316524
-0.179551307359179
-0.1417341585466916
-0.07905791763303725
-0.3307539539563611
-0.0038663559620614268
-0.3433101392151124
-0.06610631385776981
-0.1044414288905344
-0.01847805930005264
-0.21850144329358223
0.2484230990161024
-0.11596705470900923
-0.12169439271364917
0.11009265245890039
-0.11814351528260839
0.14069868036028516
0.012665295311388769
0.05927474598869065
-0.001804594139856458
-0.08640838213316503
0.24682652045615786
-0.010023965793175181
-0.04802525194882014
0.017640702034226907
-0.018107492741236814
0.04166563428444807
0.07644471669036706
-0.06666173501802998
-0.06705420485445503
-0.020735781841169927
-0.22314805694253306
-0.2400320640142321
-0.12575837304040974
0.024938731662436212
-0.24191131871130045
0.031343607159004305
0.09633276494137158
-0.16869047013209065
0.0824476513161774
-0.09725066681908096
0.029502213421128853
-0.16298819898734046
0.05545585158168651
-0.3411353239300866
0.09113202671694103
-0.030822174633217025
0.005245735693514128
0.19690427272553992
0.20606874959741425
-0.05680452674132919
-0.1612434880364158
-0.21981990644765512
-0.04830179170156619
0.1868755353826672
0.03389576103570022
-0.09839291612655227
0.023863965702001597
0.3863324783164568
-0.2503361050895825
-0.10235506475348012
0.023557242707495218
0.15924886796673407
-0.10705317834172949
0.07325144648506923
0.016016381253354972
-0.13401012702524542
-0.21771695732007754
-0.24298171261040385
0.08719357936641824
-0.03514827715478489
0.10059521919685595
0.4399421723707518
0.08214136143273587
0.20655738139683957
-0.03899118940113606
0.03472886497021237
-0.0072823556312815434
-0.32424571983991657
-0.07710997085391018
-0.3458229973264542
0.006695500521610926
0.0640071757504508
-0.10026181722959682
-0.14869660491714876
0.04015969890065285
-0.1617378360640794
-0.1587276819590636
0.3132755269181432
0.08715683064493124
-0.17306273035704672
-0.07187149556772712
0.09260776710029393
-0.26778735954402005
-0.05342459668759471
-0.04876541900446713
-0.06504066516631297
-0.12434164250855516
0.0071804816799473535
-0.20848302031863158
-0.06463118298078334
0.26673439079035965
-0.1911398263003458
-0.15868603217105523
-0.13498231588192502
0.10759686721332598
0.05513455910379452
0.043999608969480374
-0.010679054585350218
-0.10394211053628416
0.04782382406410053
-0.16931936977621193
-0.020251517575072875
-0.15964398248621786
0.05152096593562849
-0.004371124123335554
-0.37363989011752063
0.055997117164992595
-0.0754772800690819
-0.026993806915780114
0.07106830679714564
-0.17385884815351813
-0.04380307018674479
-0.25418785811390116
0.0029562103635623546
-0.2580561135506736
-0.16112635718079588
0.16703357994604792
-0.12873844585304348
-0.2770926677964382
-0.019006499284373063
-0.1905265783746788
-0.2791866211171902
-0.07930534959884393
0.06493040522528129
0.2664219520839921
-0.38951529230492626
0.2730242833064281
-0.10126742797388441
-0.32976191598683974
-0.20323749650091966
0.08051206028353004
-0.06988125840415754
0.07345671433035804
-0.08090001975090243
0.25877084094742786
-0.07097098920815645
-0.49971128412435173
0.162672068671234
-0.11108332666885408
0.018966258511908918
0.04969294582994192
-0.10490010330847588
-0.05900187439754605
0.020913624255589597
-0.045119216454246804
-0.011250719183660721
0.04952291809358966
-0.6179109864588869
-0.2294389317208973
0.1802582881187953
-0.36912414248685793
-0.004389979623327313
-0.10795549818598282
0.24042328474672908
0.054691926994748764
0.18398498387450882
0.07510730965445726
0.16023677417687493
-0.006779817495874158
0.1373150865430016
-0.179362909583483
0.1828782080453812
-0.16859956853917565
-0.021662160904697504
0.0524748910597139
0.414758636346926
-0.0686281979085585
-0.06611862667490281
-0.2874465141854787
0.07020125934348645
-0.27799852540982944
0.21013504821138873
-0.29192116707346877
0.20391798531200772
-0.35443003011124197
0.3580086772814922
0.0572166243300021
-0.31521111973121224
0.023331512296316862
0.24065074101912717
-0.042823271141813446
0.036341829400491965
0.05726326944970639
0.1936468552662168
0.029270767012392424
0.10553769815730112
-0.06755203708760682
-0.07024489850397965
0.16355598559164786
0.05432777589206075
-0.1992819453248266
0.04556838865788912
-0.037994460515513355
-0.30847986230642727
-0.14431401410942243
-0.17959228257861468
-0.01867020801784642
-0.10147778756918512
0.006334001708264922
-0.10007528317799311
0.1976531666000764
0.02902013676634938
-0.17018377337402724
0.05719625542563118
-0.2510436622002998
-0.14461795318287163
-0.28090286813700116
0.09841739904682342
0.16168628248434974
0.06824818294112178
-0.04233533125376658
0.03762937976463125
-0.25963393023097614
0.09748466938606276
0.30411182034851575
-0.5155631324594712
-0.34501551233430455
0.0029704850421489936
0.04852121217979511
-0.2434378898365401
0.19429162435414218
-0.1073831270099931
-0.17782349199940128
-0.19647921056479087
-0.291071572059993
-0.3190275377683409
-0.08496804885714411
-0.04914690085271181
0.23581370224367745
-0.16293873633895742
-0.015068880797007082
-0.07245690013287576
0.19969424043237674
-0.3182542001110412
-0.07001755308382163
0.3139499908639098
-0.01710032611158009
-0.13828671455738334
0.02724883378030769
0.19028459233421388
-0.19015397368096343
-0.14900865840512484
0.0428222807090474
0.001974847212024795
0.2424628356702204
0.0278636748711982
0.042499547194188116
-0.19887485770074176
-0.08812253225628557
0.15802499483188515
-0.47166668972624415
-0.07650152709271348
-0.019714028203881243
-0.1392747743566417
0.13116386763027715
0.16293259344548544
-0.31661771671150774
-0.15267635498662482
-0.15882014206879097
-0.46208858969534794
-0.25364886856456115
0.31253745507233294
-0.16773273831413202
-0.10342022860718923
0.2574294808823252
0.1298018575144863
0.2661941429421446
0.19673231541574848
0.08321552439275984
0.07077577612771539
-0.04139967150195524
-0.3445184674725591
-0.16363843808464834
0.009147432118275303
-0.18569688966551928
-0.4570730758217875
0.24891722537910496
0.157742936769888
-0.0790657508192861
-0.06960820832267536
-0.15756229088247156
0.04408607540318929
0.0618790002205587
0.1628636164405198
-0.07486394785704895
-0.23283228646241796
-0.16964057918960396
0.05950419928940404
-0.05927055211180254
-0.1679440479662465
0.08685885010206819
-0.14582559816726812
0.04566706919239094
-0.05172382204306758
-0.018632049764636397
-0.14984909596678017
0.07363426724600201
-0.005399395888487472
-0.02769593417629676
0.1289289124368674
-0.19888359592412916
0.05155197070383613
0.15717637036969231
0.03718634776878794
0.28491862713985466
-0.008074799053842929
-0.23619122637959797
0.07644787054276793
-0.3092854227848942
0.34128557895440365
0.1784601272890314
0.19194449280560685
-0.005083534187465994
0.12108908607636762
-0.23248667576956947
0.04321958375944627
-0.17934279744112835
-0.031190169223379534
-0.25353294491139317
0.013952946276369131
0.17241843982586125
0.1212904363618328
0.13784596300834778
-0.05369307017063091
-0.0013531385577145723
0.06364774106045956
0.15231938038126222
-0.025703325007591968
0.02705679567140734
-0.08803935298345429
0.3436845205157194
0.049467593123983536
0.01555324973018501
0.15536684401401354
-0.1389673043647841
0.10473829357980635
-0.08556318346822847
0.05222937898487653
-0.029090495723067947
0.029542252609972636
0.039600738768506
0.08382648697546907
0.10406098417648707
0.08455372922399543
-0.04474799132858857
0.06415317848010323
-0.04782746764827305
0.026413270806810524
-0.020886280953745822
-0.07898718767518959
-0.2235704439726656
0.13113144265060464
-0.006829786038787194
-0.039407659636734815
-0.05419410906994934
-0.0730182886475887
0.02212902885721827
-0.15953995174481583
-0.058316533015475784
-0.24371625490649587
0.013728970194838123
0.06893323280934753
0.07297092224935842
-0.046432382206932056
0.22542345503126
-0.1221082499653011
0.04106728631032971
0.02470808260465962
0.2070444823778948
-0.12187490656236533
0.03260762961376663
0.14861841343180032
-0.0681568757506706
-0.08824103139356135
0.08392613345526247
0.024914363505332777
0.008888835450510677
-0.010269630114954404
0.1863888210249744
-0.28526598278337534
0.04646692050952434
0.010441977254604601
0.11889261397358857
-0.05478648350476766
-0.06254659236939705
-0.09912632154261514
0.08477978273727736
0.1098302253532557
0.041766307031193675
0.15125972220979567
0.1329674250071939
-0.18655901744282208
0.2944061911814684
-0.07793644868387971
0.22777440818104164
-0.044049413314148675
-0.020762655375924886
-0.07299205988850122
0.044818973583402574
0.11047876703322723
-0.3243740402956551
0.053705887121467316
0.0303734187507594
-0.20496737228608963
-0.03727617562714195
0.13828237080159017
-0.13065109132599353
0.25157997158505446
0.06816496354985938
0.14905090868279902
0.05770044981028416
-0.08083431360812011
0.20635193561892018
-0.09219540921475591
-0.15544669194291916
-0.009141275264316833
0.09488090515480702
0.07542788992452604
0.09554040707680234
0.06387865913130494
0.05681727087849944
0.10443153150640065
0.02979806213628726
-0.21764968925277497
-0.028148060454114162
0.284842295563306
-0.0820789286717533
-0.19270147429526938
-0.16499886536849312
0.2596025480893832
-0.2715439745012406
0.12206065068246535
0.16903087377498704
0.08247302018456228
-0.06905024154985835
0.09642285028646452
0.2365199383786251
0.09542663931660891
-0.08821695456444045
0.21125457470506778
-0.06581719485490156
-0.10487661848010282
-0.18279406767929357
0.0964219718717599
-0.07642187972256306
0.2786630622279696
-0.140757242412936
-0.11103267344324694
-0.021793782770072823
-0.10439595737717895
-0.06309297552589015
-0.07840709529703765
-0.001718756702571695
0.036686712462783086
0.278440878324732
0.21385913469355566
0.010180290357798619
-0.11212585579546651
0.018833731806779608
-0.08083289340371876
0.01341133340179735
-0.1370628335092876
-0.0022823991844142352
-0.011543315587177508
-0.13712309317125035
-0.10765282102793358
0.04469789305655654
-0.10521921445246345
-0.17154013921167754
0.14193472437423116
0.22667460850254956
-0.04232562900590803
-0.2242060057348092
0.10255417282501497
-0.05210421706551068
0.04001660227554579
0.1517758725981459
0.04603472511406724
-0.266902047269031
-0.12372975219091006
0.27498417742795267
0.21934590798915496
0.10296336121945447
-0.17290106930286267
-0.013317962906264826
-0.1432276671811268
-0.06781660051767886
-0.0032014318409752775
0.013959474130891346
0.2727388750146694
0.2924786710720975
-0.05447468011110275
0.031918207407189696
0.1384439651001917
0.029351667228070078
-0.2471641366423561
-0.06592965662501683
0.12854416993653262
0.02223571241676113
-0.15911802595688754
-0.2415160411772478
0.05013557413234218
-0.0390298060823201
0.07061929582691717
-0.040760541070806344
-0.019930300736040678
0.1390618054297642
-0.16788519705891913
-0.10255145239733561
-0.061773744031873676
-0.05485497289042534
0.08599995589450593
-0.14863345364728428
-0.07528346823311867
-0.012551097408627159
0.032838021116782024
0.144282828427969
0.06996944952788224
-0.08500541655570017
0.17582532623865565
0.16474374190383184
-0.007071546883803293
-0.011715445035665177
-0.334781453626029
-0.14194193980403808
-0.0856132395999621
-0.2750111089936907
0.10488896627183841
-0.20241051910815244
-0.23026658755444135
-0.11018955596528644
0.0002701905309423533
-0.14556486652488718
-0.1931084735173017
0.006977817322615908
0.04156729499088741
0.004413449668258027
-0.10290119447446117
-0.29359489632639885
-0.05233831707046871
-0.2285424989586613
-0.01811168383828851
0.031204730240144106
-0.0788093263120943
0.06004163729371336
-0.05624032834396081
0.21670237855557353
0.08060175678770927
0.05613521824459808
0.03982315852712347
0.07985584614386432
-0.035762329114566574
-0.18729894300525388
0.044551349421507604
-0.3544360636626723
0.11974938156147058
-0.26772656092771113
0.06140182691388622
-0.17975724316374075
0.1971402051790267
-0.18112673740005863
0.07223513422841157
0.21537990817018657
-0.12029909443799634
0.04409135607916425
-0.1610705436038795
-0.01028283552304951
0.0015878098772920822
-0.05339411519885374
-0.024655515516153345
0.2360941267350747
-0.10095399303591696
-0.31096383584122184
-0.01169086376703197
0.10028201270482381
-0.00911796622942613
-0.01446552737246172
0.014628419711944184
0.0875175125527598
-0.08454408150276578
-0.24875186697657983
-0.2852732610861757
-0.05224617902138809
-0.12373521103625731
-0.12801839679661306
0.08346610035680338
-0.17841191016519414
0.11545245255018532
-0.005391193723584074
-0.07269335989987774
-0.018421973997226747
-0.13715670122268872
0.07456874842438833
-0.058229580154719435
-0.006264970266902426
0.08356169091400835
0.09689436635688214
0.30070765536210503
-0.07426763067907297
-0.18385255503130113
0.14078474256104975
0.10181392840652205
0.25161896929637373
-0.03380094133272111
-0.015504796220462837
-0.10004275895988714
0.11515195027613186
0.07130312221766578
0.08214593610171969
-0.20642850028199483
0.0421062097092014
-0.04831778760781916
0.04076472602308593
0.05783249687363156
0.08000714093541197
-0.0504384658665291
-0.1577592411805871
0.018561206133866602
0.03505326351747512
0.025530979013039513
0.07459701493326552
0.07821827832346667
-0.13040997847428376
-0.13574940450220216
-0.11686813706954133
-0.030683346436321587
-0.02939943234700253
-0.11961465917234088
-0.19652602792797713
0.030471284940036914
-0.0262407794338225
0.14745814489411635
-0.014756990331109806
-0.09747242659631708
0.3174474412586283
0.060709341957063546
-0.06948961776901627
0.06660827810744664
-0.036742136599259914
-0.11103630859556633
0.3728988830998495
-0.2164989678183482
-0.04621474040994779
-0.09922477298037158
-0.16008260613038022
-0.029085214643471607
-0.1583844400339788
-0.1941455101234844
-0.002912148911782644
-0.19736700606020638
-0.12414349442525771
-0.0700479418308847
-0.06952694961271853
-0.007797622246383037
-0.1196493376878066
-0.3271030561380155
-0.20127204160921866
-0.04491244067122325
0.10674155413399032
-0.08495240411386723
-0.2567503807922929
0.00492661102981752
-0.001548408447365255
-0.016520391271470355
-0.061407546520977956
0.0662465924384093
-0.009870738443222261
-0.052675924829617235
0.007172973769352059
0.05838351012555483
-0.09711265663903391
-0.020494360369922745
0.0006554576223006757
-0.151206611086455
0.12795820839787916
0.044626117268909964
0.3273456243239006
-0.167453841075887
-0.09589898570541543
0.04495041625805229
-0.1909994980832717
-0.19944601186817884
-0.1132651779695718
0.11389487831604053
0.04179687280976929
0.07690023229843256
-0.2033586645614765
0.18617639570272784
-0.3176361344484106
0.149411561172608
-0.14333144745444854
0.1375005884453366
-0.041943483991177366
0.038694722403700074
0.056111739051497606
-0.17421070005629122
-0.11417506946892368
0.10162710566668949
0.1103289832986592
-0.30479385330667436
0.056486758107423825
0.12230900061292989
-0.07785366434617554
-0.2984124102172367
0.006297331302296239
-0.12397172590968672
0.1933630602271723
-0.15468796479560515
-0.2674697139542244
-0.08098014944591059
0.13483919851096704
-0.1629211731431526
0.1139449721859272
-0.19504530439909895
-0.10729999214781999
0.08440592226583286
-0.0021083912038724205
-0.1966147259783344
0.0037413298611563726
0.04919829525918806
-0.11627642037012334
0.0696928470434357
0.3563395325932431
0.297387021132811
-0.10882627267732498
-0.05156059919311732
-0.11285397950478464
0.02382291105599739
-0.02647005933236495
-0.18977701244575765
-0.014637210734991742
0.04953922642114097
-0.04425599867430703
-0.23433218104108186
-0.41490772615806804
-0.04059029066804144
-0.23959011466275973
0.05241720539603129
-0.13615377644360427
-0.11112161623740494
-0.08400194188247855
0.04112506142303327
0.08233244760482865
-0.10461831527533279
0.10721141331710814
-0.14686985511254447
0.03888434379909287
0.07408447531367836
-0.11335467122660746
-0.10440783066590331
0.10633740950873344
-0.19738048545897416
-0.08854619341777674
0.2040314056270189
0.16832819735361543
-0.08353280199666707
0.4444284006744299
0.07960277493534632
-0.07191375566974355
-0.16044901644038986
-0.18664162788017988
-0.24855213076999036
0.1090133766004795
0.15305629341698077
0.06300839962240234
0.03200212463175388
-0.04109738324589091
0.10187884610964851
0.03165385117468784
0.2755476219758245
0.17307500756821767
0.10647974436505478
0.07285775288027886
-0.17152253540509863
0.14456015188066224
-0.14170394014491872
-0.3819685524916727
-0.017470295908010778
-0.23337436474724527
0.04911513686516505
0.008945677730662542
-0.00295926411371493
-0.32756979599184555
-0.06427150970496724
0.2158213228076675
-0.13258791116224794
0.09739786862703699
0.13406328346232302
0.09590358836067432
-0.08212473526455698
0.056725830847525
0.06399674779423441
-0.10422953682113592
-0.15622693309049135
0.1940977069881779
-0.20819803083991095
-0.19804517377981773
-0.1299525399602575
-0.20000050683430287
0.055015244535585255
-0.04058919092500715
-0.16289481510569415
0.17245747634024616
0.020831022906049254
-0.05724071314331638
0.30393604994998136
0.07964895546874669
-0.29072528565454986
0.033678557248665385
-0.18105026199217178
-0.3375431711290177
0.10201606576975697
0.0897302302683043
0.16242627869151105
0.09230271921741763
0.023296275748806692
-0.18906859468915532
-0.15507082947544523
-0.10714921519252997
-0.14091340478679198
-0.1856151053500055
-0.029687953538781578
-0.04754392721449367
0.11542082317713229
0.022793946962430506
-0.14563065360654345
0.29353329243776
-0.10128496234766923
-0.002640440653081879
-0.0184036569785347
0.10978469954082727
-0.09182093109501697
0.06436203200899966
0.21050488531220327
0.22899894653763445
0.12306934134878338
-0.15449786128598444
-0.0014162780157184404
-0.13736769287166845
0.05745557824477153
0.022195870669847503
-0.08682988069250429
-0.3674949152887284
-0.13384891125576032
-0.2559030922473809
-0.34591935972283555
0.14867637494621563
0.2600060957499112
0.16150828385290658
-0.08361616878658457
0.050358301703654317
0.19044997643800438
0.22665367752761595
-0.21303907437988256
-0.11106766215587564
-0.13441471241183722
-0.04960678683728956
0.10492669344325514
0.22830838570154866
-0.049788352495458085
-0.2122527399989485
0.04237955170474015
-0.1528763044653696
-0.15746507083418657
-0.02631213863361999
-0.33783310944801587
0.004390459368939038
0.04223640912440845
-0.12227501774870483
-0.04311651508297396
0.012312481612577541
0.028036152499892542
0.04615874640565271
0.13124218169611881
-0.25629428642651403
-0.0175711317259551
-0.004674930728762577
0.03890437963338906
0.06485971933988292
-0.058638865129525326
-0.07551648666929794
-0.17268856974587113
0.07202550868006952
-0.020648218240418032
0.08133850036228459
0.1819223454547906
-0.14029713673138314
0.26385106083961496
-0.06373014022929831
-0.20332098197381193
-0.15703371009798647
-0.17839352830334032
0.017154808804162328
-0.24851736675552163
0.1140570835072006
-0.0056736383886371025
0.5145410315094533
-0.17689129868631526
0.1586005787382501
0.07284791352658943
0.048783934184833545
0.020981064776704285
0.22796835019982908
0.14522874871025607
0.0635677507448809
-0.06546517108209117
-0.18887110736646567
-0.03223144403409592
-0.13979854748038
-0.2839104056094276
-0.05762303738761865
-0.19953701882677166
0.046232583519456555
-0.11159154620825902
0.12020119264732797
0.0380773175979997
0.06571842713212979
-0.11871898255587693
0.07148394413939159
-0.03886105057544353
-0.32676619832760434
-0.08875145453238245
-0.21648829356635502
0.13538042860840746
-0.09089621875213105
0.16127001249993816
0.04695861817648517
-0.030287736442692188
-0.046826851694005085
-0.028924826201871038
0.11792380053226531
0.11116978161211093
0.00957164272055596
-0.08646296565921563
0.05528388813075529
-0.13311984914875533
-0.06693351633352969
0.07336216198408617
-0.2191511053689996
-0.2614398500405707
-0.02590336066919439
-0.06862510569473809
-0.15719299756860858
-0.11944469036034809
0.013231445302082846
-0.015189726912953007
-0.15567688186366269
-0.05217242385438712
-0.04385824815604435
0.03196069286748195
-0.10687016811234347
-0.04110774805715253
-0.08615080833075488
-0.07577714999784226
-0.1512339370813907
-0.04568158608693306
0.019857974397013943
-0.17957694804520125
0.010109661644700844
0.1614449730382372
-0.18171948170114077
-0.001805281642909537
-0.0990404747018145
-0.04531691370398815
0.10100960016415308
0.031891483162942554
-0.14085098616769196
-0.003341160563456969
0.061646968106028696
0.032262799214814404
-0.256656882412154
-0.06540635199215486
0.09401182118618544
0.10126997113817003
0.049778540796591865
-0.1425345202173701
-0.013568938497203219
-0.004677636828116856
0.023095559381559234
-0.051750249619111954
-0.03417780463646819
-0.05583231456349936
0.10160876545253968
-0.06812650921247526
-0.17878255425168163
-0.22002190229795165
0.12440896041099606
-0.055096252477836
0.11242667947250744
0.14549767030089575
0.06923076978021164
0.06229817054849678
0.048450344812407606
0.2685516654983939
0.06369367036188288
-0.11384247054248214
0.09461249496601239
0.09032791912173388
-0.056958717482605364
0.12199682103226171
0.17612605781356921
-0.14310383752909175
0.13525491844036763
0.0669422891785247
0.009855379596939442
-0.03756191738124709
0.05919389507607593
0.1326980054815189
-0.07786824129614167
-0.05451664181772873
0.04167332246701973
0.01816748200248553
-0.14584108280290264
-0.0924295253167446
0.09591284724798836
-0.11784811224127661
-0.009782668631331409
-0.1305754567104342
-0.11928668129162524
0.1134556107128892
-0.21107456556053247
-0.0012021449675686567
0.06733288139801796
-0.03614188899431079
-0.03324267871244461
-0.0590498988060903
0.09737876616167536
-0.14327301318591534
0.25464590562726475
0.013751606590133084
-0.0489270838999772
-0.08995794213419826
0.03552476732496718
-0.3648724294837059
-0.11823131443436125
-0.006100459867788528
-0.06389576265955142
-0.1792039145210455
-0.05276865035481855
-0.06671677248797754
-0.22927979492378964
-0.08971902520440671
-0.06806179108501458
-0.21796652262627136
0.14286359160068304
0.06170248788623158
-0.3121288364383512
-0.21261664321883728
-0.016422183856835228
-0.012778677791640665
0.06425654525612685
-0.09547526362414516
0.2477217026287239
-0.03971830849751075
0.1804605101210791
0.02862129386793718
-0.138893109143148
0.36295199828532876
-0.2659313280604994
0.17796548930441772
-0.15279532098143725
0.0524632792341136
-0.03217154001826223
-0.06512853073618918
0.07702189899695501
-0.11816331081567398
-0.399172868781741
-0.09204374178940043
-0.14725531594361374
0.09483417394474279
-0.09194835562107269
-0.06107365120469256
-0.019501204878322857
-0.42803765366403473
-0.16294477360922835
-0.1638294184706933
-0.09315525780913149
-0.04997333931763039
0.021410257205125734
0.041256780570370244
-0.08556264874058953
0.08687984497442175
-0.19451447816094236
-0.09935622804578312
-0.12676319931158186
0.022238708224195634
-0.1287005675029402
-0.16380493582832978
0.011153797894208521
-0.029186139660894624
-0.057227540864073556
-0.04113911562283026
0.06666890793851829
-0.09059418812515477
0.053925579664328184
-0.24430614869064762
0.31346731260322164
-0.17949174887297656
-0.17312330532056608
0.23502025362406098
0.10652775344885797
-0.12648467802049232
-0.15192435403598603
-0.01955681657404046
0.11093324224299775
-0.17427850232361394
0.009945224080196212
-0.11569852538796631
0.05150049352668394
-0.026072110801206926
0.36039974441946493
-0.4377787656614124
0.06833537502866238
-0.04887797625003948
0.04743049290852159
-0.0189428316391867
-0.00953361930893044
-0.008057326032712975
0.15716874350290666
0.035570917372582486
-0.07846477698887125
0.005153829125500046
0.14993367522933632
-0.10733785783139951
0.2373312228199794
-0.0026977050272602708
-0.15580023172644475
0.0996202861109283
-0.10948787985750438
0.12103173604821824
0.14600971926861414
0.09233811803844297
-0.0983065733778327
0.0336825583073283
-0.006185643505726181
-0.04915940417630566
-0.2820248143510016
-0.05768133928195851
-0.05720196501195372
0.23864216111032455
0.03383325084792404
0.16013295633896668
-0.04012501876543107
-0.17787902727809313
0.03266526810021715
-0.16288013171988389
0.022193988667204106
-0.13694076049842585
0.055923087761456464
-0.09436225506425631
-0.1552240568245013
-0.25272308813599165
-0.3315383796205057
-0.10927519956798537
-0.16887798561468312
-0.11707146744938353
0.10389917152429808
0.05498285759921369
-0.1344212553927832
-0.09150811155743716
-0.03326918139087107
-0.1520922804955209
-0.19064890448845317
0.11373200056836942
0.2024661759646034
-0.21477340320672003
0.026268775941325814
-0.4044251816555715
-0.04122694616202536
-0.14518717399169467
0.004720607588811986
-0.20824982050945035
-0.17475464451576797
-0.17214531408375225
0.18562184162269776
-0.09101422932743695
0.20774080717668184
-0.16080325472324208
-0.051472368905682825
-0.130586605850583
0.1083843623901441
-0.06302012178208173
0.13056028616624252
-0.04116893465533406
-0.0658177244245869
-0.3235816647802868
0.09692140180754977
-0.3020364099435726
-0.12843007501261453
0.02168209175637533
-0.016944915735073236
-0.23853396487860803
-0.1539287706612137
-0.1246245346511551
-0.2043225725903479
-0.0952756639565153
-0.10586322840889668
0.09457870040492553
0.08295432744350797
-0.1402617337556369
-0.2979638960904854
0.045035999619323426
-0.22395478487384407
0.24216232560833992
-0.12218454749974257
-0.010454890172881039
0.009854804212264477
-0.09128287470113572
-0.0015609760076181678
0.06108556843835447
0.04628552163641998
-0.05602222600582649
0.0852678090035191
0.09525467234386174
-0.05054089014982341
-0.28620344469809195
-0.04670061626975099
-0.04507895924630602
-0.11876727235200978
0.1809427482217844
0.1076510055533535
-0.17459942026711192
-0.07417020682040071
-0.10928511980559959
0.04366015083325872
0.08213313441134285
-0.0453584115999063
-0.008651441571717152
-0.08413914528348414
0.08740747308862501
-0.22561476170208417
-0.26633756680631643
-0.14462629413125946
-0.2806557438842777
0.18118953279577432
-0.028313024599057313
0.07208292694776254
-0.2571434852438807
-0.15965292932212832
0.06138762567888113
-0.10738154478039927
-0.1873568268624388
0.04016303332934352
-0.2654038975821362
0.16010319123300124
-0.2068167760990321
-0.11865155934338781
0.09796232602935083
-0.010936702829296388
0.0008529741129778194
0.03862144995529548
-0.21894393315281185
-0.21550134154103967
-0.20799602389979538
0.31708872646881675
-0.01507700139269482
0.14929545727619767
-0.008374534603366434
-0.23425251224099383
-0.2189020098249185
-0.01876505362041688
-0.1112792606943183
0.013121094079793824
0.09029653356628942
0.03290227102926676
-0.24691892589329956
-0.13312351253008067
-0.22466548590491417
0.24625527899730762
-0.21051795372482632
-0.07667662373378732
0.09109174217717915
0.001945761514765537
0.011768278797543429
0.19781862983235185
-0.027316789852857133
-0.14419557632448365
-0.24167765360636792
-0.12370997102322306
0.0059271736244849525
-0.2806319890530061
0.07061632672027741
-0.013896599673248754
-0.054165904196051974
-0.05334026738690286
-0.007260284413735367
-0.24766195633098567
0.1643922999420283
-0.11605787509772261
-0.10986057970542812
0.139476102811841
0.04650011409297657
0.044210580145510776
-0.23246843746402693
-0.12327259501193559
0.0072354330806531615
0.20832751977314426
-0.04650796996912942
0.01780763670812627
-0.061195925388170716
-0.05521101701471728
0.1271823448887984
-0.08056192896515021
0.19014799615651318
0.17489340250535065
0.0939285112194316
-0.27364553426760985
0.06366672668385273
-0.2168848988660073
-0.02853087568557392
-0.049553987366027404
-0.16573858459202598
0.017906478937779025
-0.09211579106390394
-0.057459132491626166
0.17422788923560276
0.031325002505446904
-0.08537158806398018
-0.06971955440845486
-0.07046132048357374
0.01726754163898139
-0.17359014131796785
0.02812474208383521
0.10188340293299422
-0.11043548408626998
-0.15783520481526556
0.10717870047209804
0.13800917135387228
-0.06961878062654007
-0.06422810123610502
-0.15668505574145047
-0.17904480044549037
-0.0753674403770486
0.02019296595282283
-0.017391218763710692
0.14437387251545203
-0.040434965454184096
-0.23932051104106444
-0.03339655633895286
-0.33801994283469694
-0.01805314062665004
-0.11464175315270725
0.2780927339196672
-0.04055990361174528
0.027316146515619272
-0.0696953770200093
-0.0844301023316991
0.04984195674785249
-0.023689193140876613
-0.06721657898569873
-0.12079792185371917
0.03128307204104358
-0.006375255318461399
-0.0921571736255918
0.09901515219415939
0.042272055790675465
0.17365197743051478
-0.06199978450760262
-0.23331042824265322
0.07982706085376459
0.09934689932375239
-0.11840966373940635
0.03617665116430443
-0.27523456123007717
0.131700796712416
-0.031488933535077646
-0.11415167024342325
-0.10388636038475799
0.16510616949393392
0.050947742533397906
0.07034803645994814
-0.07477997443217244
0.08890055458359757
0.005987500155270774
0.09128309143217055
-0.044934137446956596
0.12856785385380404
-0.06462748759213957
-0.12030248500636598
-0.08642058053630224
0.033443325218545615
-0.03322166357917142
0.019041049314635343
-0.08001899028315007
0.208960278595033
0.08996569503795845
-0.01194872920996371
-0.20383405148628883
0.1432243595173671
-0.1121367545437405
0.09753197389495087
-0.008697252352235764
0.11303901187930944
-0.008352935951848979
0.15024178164758023
0.016963752511277932
-0.1463621318936943
-0.3012241320095216
-0.0288412006505025
0.12204410350874224
0.2685650924349823
0.11539454174454682
0.15538303989575908
0.051291658452703545
-0.03152522435612412
0.09879558642840255
-0.09306480562100183
0.08150315937044744
0.2189875415977758
-0.10988425524281174
0.2844784463726939
-0.42873714860945883
-0.07520708352060164
-0.15441649593345297
0.17840341891259592
-0.037304376819585205
0.061990319073219176
0.09365751958335305
-0.12135882636304637
-0.0286960198292594
-0.13651286296368564
-0.18620726119576667
-0.07221195262145902
-0.1784096221257176
0.06898957163277289
-0.17855738561127815
-0.25038592645958035
-0.2369622380978508
-0.05682267926914628
0.01652556140914199
-0.12317308920660588
-0.056733304738831654
-0.2169118415626436
-0.07155277779141568
0.19631574721883624
0.10119748784981919
0.13172176117651527
0.04229563089567617
0.10984169729193692
0.04445329463823232
-0.056599937136338346
-0.01151840637649547
-0.14348025318800942
0.10400837310230016
-0.09457785072964799
-0.252619213376892
0.03598923592658964
-0.3567565097825995
-0.14438949851356433
0.02036465593858097
-0.17124810164386894
-0.24798466959347423
0.008199326076374407
-0.2358789519621249
0.0853217477160236
0.06656560630529108
0.06274137482148524
-0.06164354317019159
0.11606926741354509
0.08132587888788403
-0.26244463691499154
-0.03475607096996839
-0.041399129430331034
-0.19254145172097936
-0.07798343259980892
-0.10527056854682076
0.021485023338142503
0.015472273790015879
-0.0820000857202652
-0.14040634016486567
0.185952006867764
-0.06254829568627653
-0.26338140420992606
-0.016009216623844528
0.09319171714001688
0.09731394508547198
-0.08028083395002054
0.08588609543854829
-0.24322601775110722
-0.09941969846723771
0.07264671075008775
0.042350212932607594
-0.1024141984255317
0.17469342728582749
-0.04497771459640265
-0.10557639302998867
-0.23636688155738053
-0.12824004427458208
-0.21759037566306444
-0.16133292181273817
0.029006275040808147
0.063775051011132
-0.10557573440441773
-0.04673422445315924
-0.03289596370897506
0.04010082173137199
-0.17047190864605108
-0.1725699030296954
-0.08143303526077857
-0.01680574295259633
-0.16009002560193408
-0.14908854959318257
-0.028181164165687448
-0.129980503769543
-0.15156545812835545
-0.05856099641299636
-0.08556287343047841
0.1425938544403498
-0.004843420943783688
0.11227879280738923
-0.12394547803907209
-0.1586306091405545
-0.009974104401848243
-0.14238044326999333
0.07987191748506595
0.06813574195905485
0.11162393803004868
-0.0025836057813698353
0.16068206873832436
-0.322858953086355
0.016874692653987826
0.05937809363218535
-0.06986350902643185
-0.24767118023374016
-0.005992720073248609
-0.021222216503061875
-0.2353703880612142
-0.06845222750147854
-0.04901009906420718
0.05653378733936482
-0.04372948271518907
0.04170868518655981
0.005149780134127619
0.11049816768871361
0.019521995551429326
-0.09593431414686193
0.07347829718220159
0.1463146220447872
-0.10229696731699135
-0.07012513276511506
-0.071527175468414
-0.2870850020857577
-0.060753839024457267
-0.07744767903255766
0.05487301778003847
0.006361723092069126
-0.08006321695030735
-0.14707717720149202
0.08199452150991861
-0.039215798949904894
-0.23231826087120988
-0.07456117580594139
-0.12092462800456602
-0.3599145708721804
0.22704730231935888
-0.27164859685923504
0.08706049291244766
0.23555880676279273
0.04606017431046632
-0.11862545923953607
-0.09308412891614365
-0.10266049501134755
0.15783732798723488
0.015607452559524077
0.047299973386198915
0.052367542125918834
0.29644464049171393
-0.23319643009474228
0.09537081876763102
-0.06473526872715069
0.10977881115682381
0.08362048570776709
-0.06796365582985295
0.3452658564285444
0.07622869870872073
-0.06473036399990204
-0.01072205488972958
0.06288594307806578
-0.06530145578549942
0.014486641326409493
-0.2543671168232963
-0.13829177099059164
-0.21883882316731237
0.04024003542930192
0.1421898883311066
-0.17349913388584745
-0.3496214001693487
-0.2261030377021159
-0.021518849845448863
0.0073686614142562746
-0.1867144393444024
-0.07918720907677439
-0.054595243861493226
-0.005044159612261115
0.15422826208891607
0.043488930504607566
-0.11038024808661519
-0.16394421876905071
-0.030612536558616964
-0.2947396940664877
-0.022031948807935763
-0.2904074068089459
-0.06959905388324196
-0.06547815295776921
0.12592755055880897
-0.04649232908260607
0.013323114255688887
-0.2722202767161112
0.202414794823368
-0.19953284670652624
0.04971297771999641
0.08966026739611527
0.11098456504976209
-0.14208651088888044
-0.09544864643269925
-0.1476281446027223
0.0815651880719952
0.07772919126480118
-0.07171599735189631
0.12476842726114466
0.04107022668102995
-0.18176253779608692
0.16873200301848254
-0.13094283995674466
0.0551860481883888
-0.13283755946417694
0.1955765122323332
0.13716753939132567
0.028398373998495593
-0.4030943182711658
0.029981066243978425
-0.11557525161750366
0.04827511046261675
0.20274111441373963
-0.058978757365708
0.11910447603748164
0.0226554594303189
-0.3224150352422064
-0.2178468935061311
0.0018512104028284128
0.05687100278257935
-0.05972606334893817
-0.20761358336078306
-0.09583406939974637
-0.11893524064596477
-0.1664396688180308
-0.061992974945103294
0.07547387065889621
-0.2256437851963552
-0.002039350160497961
0.13652252344163698
-0.28993965471585464
0.09315427363406188
0.06584819209911025
-0.16292926422359413
-0.04513172437458248
-0.0812613296809405
-0.04344517154412187
-0.15989938309650997
0.10549792310603125
-0.16636841656719883
-0.24943246120920076
0.0515052739596601
0.17161052756426692
0.006620184169019726
-0.027584715702072035
0.09492809573299632
-0.0034087518535564393
0.044830173793537105
-0.008225681648728509
-0.2139852043908799
-0.17538069850172228
0.3753309689844643
-0.26542534136804646
-0.06764384398724914
0.07037856673465621
0.20704037169830283
-0.42912174307069234
0.054351005913577645
-0.22477253359783397
-0.14813326282358186
-0.1946990606375481
0.021014680938828575
-0.20919146456997612
-0.056364240804211596
-0.14581730160295675
0.07219224387961738
-0.23422864563038953
0.007661325791241431
0.04074927317207314
-0.0132364075052567
0.03832804455405269
-0.02604988030357111
-0.12102480734439902
-0.02737324038886756
0.1366524198919067
0.05357956018893021
0.01709297401201537
-0.0661590432559001
-0.11572493574758083
-0.013934154338713292
-0.13517551126996394
-0.07301264987202069
0.03652551543030927
0.014282321637236509
0.09707102996587019
-0.09712113137586989
0.017937150082446
0.055636420384270184
0.062234580831943415
0.04840594297851657
-0.07332154571150634
0.1164563855938113
-0.17514099986811518
-0.012821460701109174
0.18312667226968035
-0.24366174643593044
-0.02551184477317318
0.13424959284280938
-0.15958083259582803
0.2813742305510419
-0.026914181771313883
-0.0911460783431808
-0.1956707306604864
0.024330251609567106
-0.07042153787206303
0.08167242679885729
0.011802132365485739
-0.08658795339561211
0.00986233977013701
-0.0866553661770377
-0.29572338642485807
0.06584012680284589
-0.16293700990226404
-0.11000252378907746
-0.29737086456308937
-0.158425012810676
0.1457281964442626
0.04049095360597301
0.10637141766971765
0.10006944100115932
-0.1869473956411927
0.00804237917305576
0.1536571406254319
-0.020047127217949053
-0.20971875279663754
0.3404875296811998
0.014272414284647678
0.054745756589128676
-0.15584977068769976
-0.05383889417258051
0.16555489032263093
0.21070054799632953
-0.0035860191600308945
-0.14001281954205363
0.1743241739949974
0.01234161931983499
0.253041749873384
0.3605619731836038
0.015969980646982584
0.005972641357838353
-0.13908291541805512
-0.10835557586331032
-0.015427326759559264
0.01863644694901111
-0.15220176460490062
0.310229073715381
-0.16144809649963404
-0.04597927486369626
0.1625016114548073
-0.1463587142597314
-0.11850132691440608
-0.08962210216321424
-0.08803479420270853
-0.0031087673853127324
0.23174931661024833
-0.24302378387149787
-0.17685058849727392
0.05188921620949135
0.00981346360150018
-0.0961296658141854
-0.1961519419460599
-0.37291990268446035
-0.15413787096552564
-0.019494516406230396
0.045855171560636676
0.005949570549755708
0.20763623707905116
0.06851613446996702
0.002328462130401639
-0.11249549543505276
0.23324051161725307
0.007532843275960454
0.21175829555146175
-0.18669150757708
-0.13333707532567257
-0.12786489295449324
0.03149830129767173
0.0019241192785601096
-0.12097252960116277
-0.09843149372949443
0.07334563392185679
0.14124939236221387
-0.3125944791105403
0.030469394397623598
0.18466476974656365
-0.04577427124279986
-0.17567112385599043
0.32309492443622484
-0.0017163307643910863
0.17480606797918968
0.03449156563689989
-0.1092705830404174
-0.080570650276571
0.046867190279122055
-0.1412727255418493
0.042729631963961755
0.08853136967896526
-0.04199549291678586
-0.04408972123562649
0.2558539983536004
-0.17081327806448487
-0.06552637363175741
-0.08671445798695107
-0.3342149724330656
-0.032661824595651624
0.13400110746761362
-0.2676002683709919
0.18070767356878584
0.1545621722532947
-0.034769341729033815
-0.06841291688916398
-0.35255889142834995
-0.3341498223087995
-0.2308912762446527
-0.38701654150105264
-0.1820950596241611
0.08021248993327289
-0.0756461857637014
-0.1661399482782537
-0.11306595172794816
0.015535155233545974
0.13705395834156187
0.09187555804337262
0.07396770447612398
-0.05660151485165924
-0.23791568348403716
-0.04892656104235438
-0.18166053276245725
0.4248442867496657
-0.07580805145041744
-0.051507453261040094
-0.08702400350998263
-0.25315568394368676
-0.025781824676549166
0.11995590762201118
-0.09630693098097637
-0.07377418908123033
-0.17133634897411315
-0.33484287598310586
0.06423618363735904
-0.08274478531564312
-0.10924100426285485
0.05259367260493562
-0.2631098715924537
0.3269517484933126
-0.024226680377210794
0.07575714709951381
0.17790224211980094
0.029969417480654733
-0.12623518362903544
0.26164960687688965
-0.08203397666685278
-0.1586077285622066
-0.10927549074867751
-0.08959753086014592
-0.23667687189102735
0.16703991191356768
0.10777273683301317
0.11415704076388863
0.16519458236672732
-0.22534420410649392
-0.1614408585330966
-0.23103163426808268
0.07686073183920032
-0.11564447747849953
-0.16058436923520628
-0.12436957711966415
-0.1183735468491264
0.09424622154070254
-0.11906728918098189
0.19504642309209158
-0.053790199281995923
-0.14318701494590785
-0.07037823656242458
-0.08242590437826439
-0.1459284269264903
0.15531248081006951
0.10360452650510094
0.23878183265934724
-0.058187722342030346
0.03555938298568264
-0.17825415045242377
0.19864001895307498
-0.044925115801564504
-0.15230395565464108
0.07751110617302781
0.01768760279442669
-0.012745502392456996
0.14730419107272397
-0.056756805913465234
0.1929705391060882
-0.07396043870019914
-0.03233976142058141
0.0861206754800367
-0.20398707446687672
0.0463483318573238
-0.08414292125053577
-0.05571146840498751
-0.029187625769052056
-0.11142532812521662
-0.11987152480657542
-0.1308060796623103
-0.09584820985792265
0.046133847172871646
0.11676507265499105
0.26182167287308217
0.027236339055467993
0.08732692036267725
0.1064189636754992
0.03794626529058724
0.24079435405088795
-0.12582859180126918
-0.13696109561366338
0.04688874206889028
-0.04106026804676719
-0.34043689609818717
-0.10606316368053208
0.176497734878088
0.04881565756904651
0.15749620158512662
0.11203747300591271
-0.10216744993688516
-0.04826771908866703
0.0033947554257220897
-0.10852516365665257
-0.2216563848853513
0.14108420416963233
-0.008604374917848708
0.29144898382268614
-0.05014825070828823
0.16875323661830263
0.016576862590748864
0.009204929714199747
0.006771383002113085
-0.12582890158689963
0.2518307707496854
0.15928538940269046
-0.015969640842826354
0.1165028517272918
-0.13948958155586907
-0.015109413047568885
-0.00481248836165405
-0.21452921153703397
-0.15037341127091436
-0.17005776964117547
0.13171842840927234
-0.2070108715821897
-0.11798943815789442
-0.01665650595751048
0.13181827163736076
0.041628968071957456
-0.1763969803835488
-0.27850963645433086
-0.0694092387671719
-0.007009034796973018
-0.07891922118820054
0.19079933089051773
-0.11184438404272323
-0.12389683255582441
0.09747695993053415
-0.1440107677315171
-0.24696907810956892
0.1818866147694632
-0.10463585743812973
0.09831024874923637
0.2752022536789313
0.17398895228381753
-0.06093725392235125
-0.11808911162329483
-0.04304455072335025
0.23842737018317692
0.11291506157786277
0.07417402907720314
0.04877890480941978
0.09853408138302429
-0.10069980006018907
0.0976825400296427
-0.04316989995571894
-0.21304417128991562
-0.02482788598594518
0.01365469689077403
-0.1609965123280255
-0.05178164026975859
-0.005575317547175361
0.01932317709798573
-0.06894231909970464
0.036591239346000094
-0.2718036979393109
-0.01103692966658159
0.19501239715793622
-0.022632273721153336
-0.06429208105510692
0.026115401619751732
0.12756398981551262
-0.10738674877073821
-0.21435375517928684
0.19034313071469133
0.04368419395236174
-0.043281509993200344
0.0212839315882147
-0.04368168063885526
-0.10698746229948651
0.033874507558642845
0.16803639824275016
0.1307006306251093
-0.014701515773760618
-0.14080005352212638
0.03280708597611527
-0.03731508417625636
-0.08316254701317095
-0.038361903257633
-0.04444934678249936
0.19219929230291255
-0.14958645971025736
0.12417692976698949
0.15029494836456755
0.025367784821840603
-0.010140213393670479
-0.120660942333373
-0.09409626190481259
0.18830200820666254
-0.12498582032238797
0.039248160244350225
0.01897133796928123
0.16916448052860142
-0.08047624577413753
0.24142130620785973
-0.08038613939271567
-0.04140423744264261
-0.11300721367882693
-0.17402496898194933
0.207080733525149
0.034761882364509035
-0.18991224877529236
-0.07322257178906538
0.20827921776857167
0.1799197572861652
0.09457440262835261
0.15465095590974612
-0.40450315771402223
-0.053938562611929655
0.0430113463318455
-0.08327020959573851
-0.07766602962987773
0.03892876017541379
-0.1660920844145639
-0.10744013412637879
0.19481973811104403
0.028464461721045557
0.08177867731910943
-0.0919351451146662
-0.13258510257870934
-0.18655072193866135
-0.1351284575130222
-0.21484098474050897
-0.22988126914041984
-0.2035601172657562
0.044960661348990294
0.020968517581258717
-0.4277270712647834
-0.030021261990529582
-0.058793436944104376
-0.17979365539323292
0.06444251962269078
-0.07286279710391559
-0.09178508579607203
-0.006287859152275433
-0.11804202213285267
-0.05430951092752378
-0.10653781497260575
-0.15931130696044746
0.06434660691789573
-0.10796142983530976
-0.060759552913952
0.1828759956338712
-0.13545162212522227
0.22896176062405346
-0.1304837148349883
-0.022179947664290583
-0.021450665056422034
0.020542251647279637
0.04323889955424949
-0.18851733255302575
0.16220697003299142
-0.27842870734336705
0.20982116545837648
-0.10729842068817334
0.07616645464129247
-0.20289504389101842
-0.04601261424138746
-0.17057683645517854
-0.16460411646772447
0.21882478972560926
-0.23581596471453772
0.32171132575216244
0.0025093276221721554
0.10276609136367873
0.07623159215976436
0.048373172749210026
0.10128206383049525
-0.177839512049869
-0.043812970341548095
-0.062023402978681315
-0.07291995321232266
0.09400016125230748
-0.13156401247216395
0.01430633845160005
0.07141385857190256
0.1475711963809446
-0.060006314601916
-0.08123071362580045
0.12027824077904668
-0.04290758605681793
0.23473622863941324
0.04205418009835156
0.0599536575660646
0.05134438867633946
-0.19881790888533962
0.055309262288207414
-0.06733773008573392
-0.022020185628517087
0.10614062458883419
-0.2199003795729051
0.18494650549765007
-0.0934001646545474
0.22392115643232047
0.021219884962163527
0.008727065637267141
0.18845323353990237
0.1417097428853682
0.037597619928783785
0.11334990961173834
0.02108626482345624
-0.08110169366361923
0.32450672993842095
0.02655337697405691
0.013880642958567401
-0.15604910918267123
-0.001634068792384579
-0.006948494317722912
0.012716746596657053
-0.027862228756321154
-0.291531628251512
0.05161857497670532
0.20845600934423705
0.0884302206287302
-0.40439845426399
0.09317373102000104
-0.033935270397320305
-0.21402270887327793
-0.06645026532741505
-0.09341470155930794
-0.060339679549511416
0.04858626607192636
0.0770722743757285
-0.11862602574539462
-0.09319541824746508
-0.023497451629140156
-0.2324090617624396
0.16913644231392128
0.04331393545147811
-0.12275610452960162
-0.0972743784324662
0.12353472868341044
0.2897474520056206
0.08355944262359637
-0.1420046674779565
0.03846683923414713
-0.05297787692390007
0.08532853305343811
0.09209060351969182
0.07700763635272803
-0.014334019380233261
-0.06238795173087911
-0.08680730647948529
0.1738670371400609
0.17718820543473318
-0.08226196489458902
-0.11743552200257487
0.11047565259518817
0.003371127518609501
0.2504331854489502
0.1438801653276192
-0.022186502494588544
-0.08822654303897687
0.23426386973712005
0.23968706067608858
0.15398595618299887
0.16817735652777277
-0.022177926905648786
-0.17586213064070402
-0.0019163986633993523
-0.13804889619523408
-0.12124148297490106
0.006344837229597873
-0.006710810131251097
-0.058529658264139625
-0.10236182324226738
-0.05049245857984876
0.080702914082392
-0.04959445344001431
-0.107879705508783
0.0012669014342710028
0.028846648376314964
0.19895750288998926
0.17475282784423468
-0.047275717597062505
0.2655408337506443
0.10774496835763342
0.06096708869978289
0.1380296364436072
0.12673513246740412
0.04663859131807999
-0.052345262973151396
-0.15611873076542732
0.034201883491006765
-0.09569127275079006
0.010446063692937239
-0.007088756744899255
-0.21446217410120255
-0.035153007614767556
-0.42963489225670265
-0.16116604602695495
-0.035840938874932615
-0.08592362262125551
0.18305247760045934
-0.1302749446018256
-0.030782487854696967
-0.004346271005036821
-0.07216015637563646
-0.040758413400891064
0.08526434396530996
-0.22518232603531604
-0.20784992295859808
0.05033964247927665
0.1421112116756867
-0.06946894362705948
-0.1384068296062992
-0.1545274007340952
-0.022857711846787507
0.06074311029611585
-0.13912831987506993
0.10155774805948878
0.07645348662217089
-0.1819320077672809
0.08160769955429155
-0.03355024868659337
-0.11346846865861167
-0.06171584684511947
0.08955691367790336
0.07472602395166714
0.09707526457275537
0.10843161091807979
-0.20309887476687988
-0.16889885323626716
0.06411749665720225
-0.15511915683959757
-0.21485806635058902
0.1035520507980638
-0.12535225951284798
-0.05269478549553879
-0.036483345954285276
-0.13792742547465553
-0.10770918641131928
-0.28562741042919576
0.10331327881149768
-0.19370560304875897
-0.05210937262108354
-0.2878179568395498
-0.01830691145188192
-0.1874290972146232
-0.032562505545835875
0.020398783201783698
0.044351739778347964
-0.07512234000104574
-0.17551033528359516
-0.028957662176967488
-0.2549218412588401
0.10623820956999067
0.09861893540923954
0.10623796549643362
-0.12825151371422383
0.33855244786693584
-0.40034290605708295
-0.20441715241894412
-0.1668409262959806
-0.09814182060055195
-0.0070443259163653306
-0.12894519743343005
-0.004448994932886045
0.35781109859894233
-0.3063289196640145
0.0982818149269904
0.08846959057357856
-0.36831022110057365
-0.12807376694086928
-0.008421914382399169
0.12283095161498873
0.28112636323088697
-0.15086300045730824
-0.22350220711282023
-0.3768160912864004
-0.17440400775881268
-0.06806302435008175
-0.03677010469767156
-0.08326351629483031
-0.19502576929872784
0.05552078029562504
-0.023333176232124546
-0.2781454000835018
-0.023010226592676878
-0.09783652854792141
0.10773894749406554
-0.11799308623012446
-0.2279382072224805
0.1518876728674556
-0.06408744591428003
-0.004395607031872553
0.02394977230797321
-0.2002204634495082
-0.037046331254824684
-0.03389645083438578
-0.17861539953978114
0.11857334205290075
-0.13354235791605426
-0.2372022808440307
-0.029668205080094122
-0.13233986582580484
0.17204797310795977
-0.12793608111452526
-0.0901595359613713
-0.08642561733842569
-0.10990337297388951
-0.03435282658005825
0.04373420236152308
0.030486011560932225
0.11641454981392453
-0.06700845059412022
-0.33103652036599773
-0.09276756829224522
0.07792303851899496
-0.1763723071394744
0.0017800908740249794
0.08642052605545612
0.21919095850724526
-0.03809420928177145
-0.20612589507476262
-0.1115239185609406
0.14368224568319474
-0.27372836160162
0.038445553465544416
0.12388125218085955
-0.05943228661312358
-0.07743563412924542
0.1047919823737449
-0.021256656447696125
-0.08187921079825551
-0.3942897553988044
0.09428667481412153
-0.24123291022436114
-0.13489663517452155
0.030720828058687945
-0.04073856684806637
-0.02018153669104267
0.15344720394964823
-0.275723940739415
0.21287812559269412
-0.43691561891577857
-0.020153279095303952
-0.281084246714807
0.17858149026092848
-0.03184573745530557
-0.008072749584870363
0.13783334279492468
-0.34941467310431984
0.3305837989708204
0.11589809728745089
-0.150041775564244
-0.0046411479837212815
0.14604739984302764
-0.03625471635123912
0.0966433914439539
-0.15007480388154756
-0.13589131844913313
0.10675701193773839
0.1685118094721589
0.17284355633251675
0.1767624016078801
0.022601868827133324
-0.3857780120005363
0.054962712454265476
-0.07349374175253917
-0.08590437127891666
-0.09915506876968624
0.14468723235745415
-0.054725751432009334
0.23779091828887428
-0.22871421073395645
-0.12074332127721853
0.034300189679147976
-0.08599712137222941
-0.14568910501093627
-0.2057220882729831
0.07493235665527738
0.12427521535024019
-0.17105362028681664
-0.26700860847106006
-0.051933432878715276
-0.10787808457009063
0.04024866905517449
-0.165854453860932
-0.00920679073738165
-0.19142325059478119
0.056875253475335875
0.006956439898820216
-0.1613224995906892
0.09000493896804605
0.1401590708212932
0.009746261483740389
-0.17399208243108855
0.19390044807937412
-0.10946855859346243
-0.13026543657205736
-0.0410589761028995
-0.08556123946294619
-0.0005746167365711573
0.08776650945402714
0.22209288262447582
-0.12882417744675032
-0.03392425578004563
0.00662383452177386
0.1543433396618129
-0.13916013366481172
-0.09320258993336408
-0.04760933045173214
0.0032624597019498083
-0.15416435297989015
0.05319181423591052
-0.0034636349069980584
0.022218920921977754
-0.14771731310412006
0.21997522476387238
-0.16534119830882565
0.13143248644437108
-0.2831367253244132
-0.10741571672803636
0.17972475567118615
0.012002162214948821
0.03644112647919309
-0.07042216499838566
0.0028301680798541932
0.10247173519402564
0.14844306692757997
-0.02844784946661315
-0.1337800444344984
-0.005039388382269462
-0.24323346949854774
-0.025577685195750075
0.16452191877730651
-0.11590353400235473
0.05828057795986723
-0.01879561115565189
0.1292241568143585
0.0024365170902766057
0.04158765402291033
0.11910716154282022
-0.06544925693656979
0.043902967681996925
-0.04542768826356964
-0.19176476650832083
0.01856653863279434
0.0930625263041411
-0.11494560487300015
0.32167432887778824
-0.1603255858860529
0.25972169653347144
0.06536328017050048
-0.08458105241940977
-0.13488889026456888
0.025450182802288283
-0.12723141706664556
-0.030915568894813852
-0.06312403669590164
-0.0068515625177307865
-0.13802240370977267
-0.11417758963631042
-0.2509462974219766
-0.1672602635740666
-0.15408142499647612
0.3661561494830507
-0.05532628983354068
-0.19229742049052728
0.0698105675011515
-0.13624380102215705
0.08632984594548371
-0.011740166529906745
0.07080761876769
-0.06432845787464068
0.1378294575988209
-0.10663708218952316
-0.02727551301991165
0.2665417104092344
0.08132145896774505
0.08183841054657112
-0.19798583319124022
0.1181650516349177
0.02425254840113707
-0.20641538827107997
-0.009562114621939559
-0.10441851598797898
0.022421337011474807
0.2523551355431538
-0.14657336545204913
-0.17734035956365532
0.1094641336100293
0.11668093756042508
0.21572016510750838
0.021419389366768144
-0.019557357676231537
-0.07514179428244813
0.08760051764259728
0.3424319715778186
-0.20941000765192078
0.18185364862810002
-0.014838367921560241
0.04129188818455925
0.2066265216402078
-0.0856254813950912
-0.31457006342291105
0.1378929163196699
-0.15635520401334888
-0.05543245026747878
0.061279613348781084
0.07371828470097569
0.2973337656395098
-0.2289443764608327
-0.06488625884536857
-0.18061396069448613
-0.13584820236973053
0.05449946371279058
0.10929741462957487
-0.1585524210597798
0.03438492174913751
0.023814780678196854
0.08500383094442589
0.16241254473494132
0.3459679865042318
0.03389414124410071
0.03470776603536927
0.17644489911780986
-0.043277420696357996
-0.11615877319077306
-0.07238174934815939
0.16091586329782956
0.05329800924854878
0.298114213268884
-0.11511223441241851
-0.03287914791019004
-0.06516382034409285
0.08814741501104065
0.21962162562144683
-0.055717349845450695
-0.13453425903029287
0.1616926279643142
-0.24635112836142495
0.14004129545188707
0.20653773236770145
0.04246107440312184
-0.2015730068508001
-0.13679954793681035
0.17603630064704212
-0.052152583121414096
-0.1394409781785323
0.21033963424858987
-0.008321342242526336
-0.08377678157593718
-0.010563031978006832
-0.15369063961930932
-0.18151696756209815
0.07966984347517007
0.13827705491816145
-0.19989011570186907
-0.06222127248767591
0.15065636461385917
-0.12033432872917088
-0.2014823307468485
-0.11389209032591836
-0.26470936657405086
-0.1485830763550666
0.04666600482810684
0.14529722184040486
-0.31813924616760614
0.3150951156780558
-0.00862989778120607
-0.12501935790706012
0.11445635541113228
-0.08996238263659422
0.20299330218353726
0.005428149218717414
0.2003997859295806
-0.19966443306143197
0.07218165573845049
0.41666219290493073
0.01703542896056459
-0.2129691257232577
-0.13146519669576112
0.060345648826988896
-0.02485151640308718
0.036194193450841974
0.12385866667270475
-0.23371329334953722
0.07562338478244231
-0.07861846949064841
-0.10375755353972256
0.02524237424784221
-0.16211895271547083
-0.0505439588764887
0.0846438069415682
0.01082506523201072
-0.22063869353822263
-0.09317470055764679
-0.01085645309006173
-0.10346513042195646
0.2072593370813406
0.1026869359743842
0.05843709726278757
-0.13119009959660327
0.05675960713124891
-0.07165933096300887
-0.06961413567748112
0.16064380946338397
-0.29933810846702147
-0.06435631496306533
-0.08130404943106005
0.024288173794868802
-0.025732750083979707
-0.10786949176579796
-0.03400531677995816
0.008817437437887344
0.24353781671358488
0.1324792871775676
0.012045313473106854
0.12292194223576264
-0.05405120733781921
0.041256611038295296
0.35368683362134945
-0.019309758781697783
-0.20173346250070914
-0.16606672876984596
-0.0890590832618478
0.12994613718561973
0.268291525557309
-0.26037643631862617
-0.21751482899992242
-0.08236249826747545
-0.01518471937446734
-0.05551690658002705
-0.2353460184514634
-0.224423518732843
-0.015262625606517689
0.04784397262049517
-0.05488548496932462
-0.04738580523316742
0.23165047751474915
-0.01900258193983003
-0.019913185092941096
0.15858580883383802
-0.2718304947579341
0.04061542243933196
-0.04408775337832572
0.14018912563526695
-0.09818506326684263
0.11046059043351335
0.0012789052606868854
0.08338234925530155
0.23444207005410816
-0.15527439271877508
0.0033375440246997826
-0.014732637821975402
-0.10338283644977636
-0.019122350532436043
0.119831518251456
-0.17566007604435807
-0.32982457368849805
-0.10635282271159818
-0.08269488935348503
-0.4630075192866373
0.04531282065063619
0.061858992416052104
0.06737501754121682
-0.2069090828369885
0.11747201600494014
-0.04348589918543422
0.030973032510874715
-0.21885261989578633
0.018096671011670916
0.07653285913913645
0.25873822866005364
-0.12726556524777757
-0.21970436327323684
0.24069903052376984
-0.22181246113823117
0.14832563033524435
-0.16593419214156965
-0.11924570840409673
-0.10535853019509438
-0.2063742345728297
0.04039093976869206
0.045609954953521874
-0.22380296003464695
-0.2265418779363811
-0.20219931063277377
-0.01313011692939873
-0.0817524983705779
0.0030143887475279235
0.1298166987287583
-0.41020320427302664
-0.09995993828950193
-0.13645175798412762
0.03388417227301327
0.0749181027948475
-0.16898529473969232
-0.22160059120933834
-0.16551560894835615
0.16289729297264438
0.1177954528796523
0.1350162576517961
0.02936621621303339
-0.04474926545651826
-0.27620912743577214
0.009745802942809412
-0.1732420925576677
-0.020434254462668583
-0.3486679832430281
-0.26318100065535716
-0.1790071835774653
-0.0678263327873695
0.0856619984312812
0.11056083073680942
0.2373914893673448
-0.11965425657806972
-0.045021995431491435
0.08263404829875241
-0.14148020870295394
0.022615026220564813
-0.13833379927977388
-0.09531263389806076
-0.059228460322609595
0.20930941148450805
0.18723043785048046
-0.11235845817688518
0.1769146857828957
-0.2118703424602495
0.1254597575381442
-0.2935736311915117
-0.07811316035689478
-0.08659996082377294
-0.1116766415062401
0.20636489930083446
-0.4660209526066381
0.007757802095226224
0.11396703637300955
-0.10269182445649193
-0.13383472656172296
-0.12931921545190286
0.15029304199751045
0.09477033304477066
-0.09854376031481789
-0.1152727867175684
0.07621814339408749
0.1258389676639763
0.24705372231639608
-0.08889524806423701
-0.1224270361806991
0.07941151720423316
-0.10604594881885249
-0.00755328578994844
-0.047348173049217596
0.053977862797638866
-0.08036124345222674
0.04505666802326194
0.18491584686799697
0.011399296529727923
-0.18617528085112153
0.04732341417820769
0.05824149683347492
-0.057400077320409325
-0.06983334838872428
-0.20567669677384176
-0.06207973147510666
-0.15451570137677856
-0.04513752132279858
-0.16200231991646968
0.0010938680712927443
-0.20792255594793035
0.047199764357535194
-0.1250825818325925
-0.10434982322630397
-0.08059356408803361
0.0646637958030978
-0.17641870445438324
-0.09174443483981057
-0.07789496176745592
-0.1711410301278057
-0.1059584465452647
-0.1625231513860664
-0.04696986944363639
0.02031403584232888
-0.16522369477498436
0.15784475382226038
0.19183231282988167
0.08979639760645622
-0.17545411723185295
0.02995182721148081
-0.03030970571261702
-0.05622950440091801
-0.11866962835551619
-0.15616520517332041
-0.09036949928504577
-0.06559942667800138
0.026355418160290803
-0.09694338884608171
-0.16899006632310343
0.07267156339308864
-0.15035097632863523
-0.15789073058298556
-0.0663269744584923
0.02106658508756451
0.2540311713924792
0.18531805176921928
0.18363797394514617
-0.04540183283196679
0.039838011229256946
-0.008789420595814203
0.09165662165656557
-0.027148346352354136
0.1331637923834153
0.03958443406836079
0.00471854244258231
-0.004903057035751187
0.019932550876775146
0.2693912321489718
-0.20362295274065878
-0.13676808696956744
0.21960183412537573
-0.055904211144237034
-0.053552078524292966
-0.07569542986966793
-0.21347676609614727
0.001956511461116938
-0.08710384877080327
0.20742142717470094
0.14248990146545312
-0.07059086863332574
0.2047181907485715
0.13441463254372923
0.17484426476609902
0.09416014964415038
0.04300245790377899
-0.12030689169903752
-0.023396294986514684
0.02889261900792521
0.20921949532315434
-0.03410280492894721
0.07709029170402021
0.22098429677999828
0.2245538888568072
0.12584214824811335
-0.15728752100692134
-0.1688689720858043
-0.18164561582738384
-0.018653933515736246
-0.03278764308528042
0.07929120089572027
0.04207025759346895
0.12628287246284484
0.0426114960556285
0.02878462044915012
0.10456965600119258
0.0704439127868776
-0.01992534204692914
0.058983724813557556
-0.18876457084299852
-0.0025971522367247636
-0.011062074126699935
-0.11495819772341838
-0.11186692444277466
-0.26964063033328683
-0.30718240090780247
0.11003190911957222
-0.15609251226053947
0.010847631354110043
0.10642843494019327
-0.06965814911042068
0.08123032101040624
0.05506339360602272
0.04189919407423016
-0.05532471262032172
0.08814351661828501
-0.06515553223117357
-0.11919920515661628
-0.03887501511025616
0.022178123950443062
-0.14693080769633676
-0.11284324373549671
-0.029750010672033637
-0.006443823568365161
0.0011966881701620823
0.19823094686442205
0.07864161080546356
-0.14069613149774687
-0.08708309515905453
0.16285443149648307
-0.020972349633887066
-0.08443280150687005
-0.07401509551523705
-0.10968049470629514
0.019693004490655874
0.09632114838819517
0.0053077032437578425
0.12258937833938215
0.013145476296794226
0.0321304047029357
0.002049224503358291
-0.24336776394867174
0.10030463462897261
0.042970176824111916
0.05079339819506845
-0.17907660539261686
-0.14195075343658817
0.024226415175308755
-0.07561940368283604
-0.10118606452930741
-0.12020500937943812
0.20556408621541034
0.03071070298362679
-0.03202060536655176
0.06069435914972516
-0.08394200203763862
-0.11667877483758436
-0.11394713869938156
-0.0616129398191101
-0.31273597888109667
-0.06833712217990139
-0.05468632452800656
-0.15587007218837404
-0.028605245270222127
0.13347429069318847
0.03827743026341911
-0.33871002780198955
0.1875545800258386
-0.1450734481293519
-0.277772625420131
0.06613651264668056
-0.22562826858200466
0.22117710580871766
-0.0316231306537997
-0.09765308013461907
-0.15450568995857916
-0.11324455041254108
-0.01564566868267158
-0.09543716685317964
-0.1258614323477381
0.013841375608701464
-0.052586578414265985
0.04437858550376876
-0.0873856085345819
-0.06187911791017644
0.14092217130159948
0.0819135609762761
0.20067250896804387
-0.266506833920777
0.01407809186993069
0.002788995452729603
-0.18044818069032467
-0.17845364328834867
0.14755022173436172
-0.09181033234542686
0.05379008904265137
-0.10082595074640933
-0.09701579385309712
-0.18953577556786824
-0.07002594601242276
-0.2281194144901231
0.051417079851103636
-0.09054701115125652
-0.006282194434488057
-0.05079085847890671
0.017801986510979514
0.11875913995668752
-0.05229261915559042
-0.08881683400281642
-0.1603444104785906
-0.028123909558324382
-0.06550555925236065
0.02241783648716311
-0.061796078167305445
-0.14614265804089813
-0.01359969721599782
-0.057066328382630635
-0.15344421943512657
-0.13675588547443854
-0.1379667508488725
-0.029499041226924125
-0.019144328326188214
-0.005839348202441776
0.02380580764724696
-0.184712910571515
0.05275342869851394
0.1484115397840834
0.029859684468526694
0.07904282229540649
0.12098722237506102
0.09804794864987203
-0.24872208345378083
-0.16478214118412232
-0.3292879004278202
-0.12399332305160154
-0.009499812872792585
0.11467302750034584
0.07735784247056482
-0.20505394178436495
-0.22959446238846035
-0.11094701137624385
-0.20412910592802522
0.03596464978888866
0.03943760226286907
0.07024805594958293
0.2372500295087878
-0.02820354075029291
0.03714806816624285
0.025818671656800702
-0.10840797721263563
-0.05023416058203238
-0.08405913914283
0.11297834067341368
-0.10452363796092552
-0.07805518652927194
-0.11372440129416558
0.053059993454095865
0.09909761362121641
0.13677705465685286
0.11066578995552243
-0.10128119993372983
-0.3045250702818248
-0.07350016250367994
0.009160015433319457
0.022914718012030814
-0.11146464540371227
-0.0801246290387755
-0.02094443763918212
0.26021978168841775
-0.04505240934270357
-0.14749487297323693
-0.19497186460030025
0.016916350850287993
-0.1311216822424504
0.04542829907929978
0.04456647809081478
0.21110732395512768
0.018968438039880686
0.19586877814307713
-0.12785964606009617
0.14050851726995658
-0.006880336667529877
-0.18698496278584154
-0.012053842241289863
-0.25409923564944126
-0.07373588663599213
0.10974038422126027
-0.19588997399923713
0.029109077702675613
0.1094891976202488
0.0624337471610929
-0.227643306265543
0.0814934885158384
-0.06009041706566105
0.10609876587036743
-0.027640052402502523
0.19240776771970464
-0.024840862618395833
-0.051370985351147966
-0.07366736730673781
0.06657039120012753
0.05784247349253612
-0.08415147493253321
0.22587868994989913
-0.2586169914878458
-0.09121846748491817
0.05012377332821234
0.1290625949605955
-0.29269837159123274
-0.2343613702069066
0.281020650709017
-0.422241284930399
-0.1310570365085091
0.029495862375555074
-0.012365129950013112
-0.0018847994258582711
-0.020289580559352222
0.15045316438137188
0.05187817332696407
-0.05981284188367317
-0.3349842324495052
-0.192936767035207
-0.08356906658546803
0.049588483559788024
-0.1422204352810512
-0.008741967115752028
0.004449582410013974
-0.05422136030094355
-0.09164365895205455
0.16816453855097224
0.0714202543511261
-0.256875160454845
-0.10299887424663355
-0.02318770702354627
-0.0046738069323317005
-0.10770590031144825
-0.10162633838295324
0.15349050462964176
-0.0092486498623354
0.2383139777890455
-0.10822469652694316
-0.16162839854910233
-0.16325076876089484
-0.030014668926532276
-0.08124132791314288
0.01764361143594439
-0.15434525298272855
0.025581941724394028
0.23813185162957295
0.08936435960144327
0.10325397434698896
-0.19681462402465405
-0.16973226714689812
-0.11168351590213603
-0.17042601490144246
0.15753866416755063
0.07642415804155696
0.03340795313586845
-0.07399942271283963
-0.1044318955227765
0.17406954036238872
-0.07769606320461529
0.0030270631625366963
0.030718055053594595
0.04819277125699266
-0.10149316619709212
0.01685006568582494
0.08823492538546353
-0.01910406315068647
-0.19392963285515735
0.03647635049849923
0.19824284887231938
-0.018332182714412643
-0.030250540434287102
0.22838595593780714
0.112820395033859
0.04336288576351362
-0.032687353466915245
-0.05252260299812676
0.09735344867579854
-0.3001588743438355
0.07269613653042196
-0.011518198883175497
-0.04762623429020266
0.25457707658686396
-0.12870264141082868
-0.20537146973246936
0.04094028187777354
-0.09781769163172718
0.04198203816223541
-0.03623734647621343
0.10626331678197443
0.052399486981851894
-0.13724291679898584
-0.0506392124611418
-0.26994363439466695
-0.15910216977096325
-0.39030179719770974
-0.2829604943599577
0.09018534550161926
-0.3072415456703269
0.12445157123908122
-0.21500301568724006
0.04191941252619672
0.19329227657130213
0.1433778724438487
0.12479387985850118
0.24797094181824697
0.06347446578891841
0.06231134013703736
0.038993091471754004
0.045669351721177975
-0.23156146144577366
0.04152757018339568
-0.2676991335387647
0.04622462173103721
-0.14713776045839258
-0.0571581667197295
-0.10037417982736963
0.0820627297330923
0.10550740221997354
-0.13332920462860262
-0.1253331430349053
-0.17756652655813673
-0.1797864266054531
0.29048030754095416
-0.011113130415132245
-0.06555364212548341
-0.06221724343933521
-0.182246817031531
-0.2288621549071777
0.027127596442059667
-0.11823921476437621
0.06176900591485695
-0.08094196186535772
-0.049909571964237585
0.016436583293664826
0.09938627973407856
-0.11227350389758349
0.07592246898251673
0.057001905511293804
-0.04698492298968048
-0.12719992599577906
-0.2984912595438754
-0.11156978786778873
-0.16749685035655382
0.0851419094583285
-0.07973298114429167
0.1209792420084139
-0.006704635312752955
-0.17585800664581175
0.01295235037318561
-0.21835574339343897
0.055450570858187075
-0.07159306143170885
0.07732960600046719
-0.33455601689007086
-0.04433444990360178
0.08599481435834702
-0.1564500042871149
0.2596273512062397
0.09450318807486345
0.030171930153075475
-0.11393633013892437
0.19577839005033118
-0.16492910162499663
-0.13502915725439912
-0.010180378748322167
0.03038806056148739
-0.07749618594812112
0.0654228445123968
-0.102778597998312
-0.16127688384654162
-0.1996186634343166
-0.0082340351462966
-0.21003421894705288
-0.07840579745108474
-0.01118957471879447
0.08714977846211688
0.13313541609721502
0.08104284507490396
0.09335754224093028
-0.27379318781340356
-0.00014515041953031498
-0.07448305311275213
-0.059778277424703756
0.10660404893190972
-0.13490583806834958
0.21041170106243506
0.11868435050950281
-0.26564480555158704
-0.2148254821760983
-0.14953966338797858
-0.06890117815169364
-0.13459487083548727
0.11592965968722625
-0.009936256087368301
0.10178373948736473
0.0007420026558536573
-0.0367584123240427
0.21763801488620252
-0.1357984258308973
-0.12810167697808578
0.1687311444942148
0.0004918776129192692
-0.05818367110714902
-0.23045221416038136
0.19673862644833615
0.06987430855200759
0.08734770049679838
0.09166329913317994
0.27424729274846377
0.031987305804227456
-0.1137626687409146
-0.08692626126469588
0.21374913447601326
-0.1299755154033082
0.0217830626895604
0.37132321996960305
-0.17352813924990945
-0.23766362443186273
-0.04393043529885186
-0.020392248618604877
-0.14266154511443474
0.10159808525738744
-0.017297485825602553
-0.03383020597672106
-0.03225256019214282
-0.025632007325139376
0.05363851478185892
-0.046517134576376
0.21451958335139926
-0.19156215135949173
-0.23400966916080962
-0.2844967284627927
0.08681832592960771
0.06682698559890876
0.07514355996831108
-0.08822765326136017
0.07679355697463176
0.18160240762555357
0.09840811534026314
-0.08231472793487599
0.285934583197071
0.02144308191561299
-0.05371549504161382
0.025757545875131644
-0.20535856110130937
0.09526847568885297
0.14133689057905408
-0.028636368455922608
-0.004159327040729509
0.11896076828402712
-0.04647702253892397
-0.21255832675792946
0.14255848884898173
-0.12882647511337783
-0.14734333548361006
-0.06722721309151386
-0.028340264978192836
-0.006096083321390902
-0.164773968195236
-0.24837744739491982
-0.14302672253895948
-0.039542940463230924
0.08757374074617136
-0.11788040562522557
-0.045811557289210186
0.19052775330801136
-0.3964114378573094
0.03603511223472768
-0.1756863030624304
-0.0001201369329158424
0.1286607525038409
0.11898878403252747
0.14933945997831244
0.03680878150256651
0.0378650894817531
-0.1594159315764558
0.11794179856182968
0.0005784022581250545
0.044664186049001596
0.028561066709709496
0.028518155048225444
-0.21040524684698997
0.32049637367818296
-0.12958169990719454
-0.022647907561444153
0.04552240578263766
0.011145609294408098
0.0034700217710673478
0.042913618869340815
0.011015260884509237
-0.10120941089877324
-0.2594066091058827
0.17762339878567807
-0.31686001613185966
-0.08383877059638876
-0.12829609550249413
0.3030528027490516
-0.1622190728454983
-0.1904152972502215
0.058870541838060564
-0.03339247651132897
0.2200955425937976
0.049297789219512715
0.06210225607662624
0.16548777666190476
0.07305291016313262
0.24468841991988916
-0.14545189805134942
0.09332709166396135
-0.11724815796995654
0.07198340995548756
-0.02465371210047449
0.02239321133226834
-0.040752851660582345
-0.17502655625084498
-0.006164865589647697
-0.031854587783127615
0.007585265437375708
-0.006093226043436012
0.16968007594825146
0.2098679338692557
0.2211293634862203
0.011025935780316558
-0.15181018136182103
-0.15674173786990447
0.07554134651606487
-0.11746115910608076
-0.15763345926840103
0.19199846582914143
0.12734939799265174
-0.09848905326249122
-0.08831485644209824
-0.016970464529847115
-0.07752530925991208
-0.14543138586765586
-0.29092607413497273
-0.036242562699691165
-0.020791899779274176
-0.19390008001717643
0.16969173610498972
0.15895835398096964
0.10243007765696135
-0.16460457030709813
0.2396526364402151
0.11819477562477185
-0.2045713459037025
0.028673899136836108
0.13816087706703958
0.06793548376625036
0.3773074530264337
-0.088183846999717
0.21817833102112383
-0.06958879996131911
-0.13406023271122416
0.03134141329257088
-0.2309815608583799
0.08385589284756383
0.14159946780669475
0.07875166720895173
-0.030084556478801365
0.02781684621379061
-0.06711859521840217
0.3088731143788773
0.13449516312224888
-0.0023381481588251153
0.16973542355316396
0.11832159922220997
-0.11444059344998654
0.016546739663103126
-0.0031327474439086945
-0.07399229027546426
-0.026838995863587133
-0.27118820793119824
0.04899241096321349
0.037639975765326
-0.24454922059158038
0.04005574600684958
0.05290030030520402
-0.21996581084028477
-0.027454243052100875
-0.019894179850359347
-0.3314248809289619
-0.03309734139867825
0.05335030289920527
-0.004750402585205907
-0.05724473538296909
0.12533492582855635
0.10323527303640888
-0.2770607863677367
-0.006013861479924236
-0.01968046290096003
-0.09850929073457204
-0.38918536641530277
-0.27723825574457206
0.19686869103983823
-0.04322347970456343
-0.22667629282210294
-0.05109722016078592
-0.5953875321490291
-0.012500273592112778
-0.2049217841149585
0.018332282900848162
-0.11732854119676518
0.13498181965173747
-0.2025102419112726
-0.248227929643324
-0.20810698113043344
-0.2501896196331754
0.018959436192336518
-0.3994616522744932
0.06232849391814062
-0.05883380656660035
-0.09066041858581593
-0.07580609641102441
-0.04467936135170147
-0.182002365844343
-0.3180590766309392
0.20803221655635515
-0.12939142151948127
-0.023633368245952
-0.2296669209755943
0.04798745995566615
-0.06090617302068115
0.049827958917650766
0.14496935963404164
-0.0754677584985981
0.23053218129242303
-0.055304348819825364
0.022803062796112456
0.3670627554656415
0.040119633583828855
-0.0678209886749156
-0.17237492307487962
-0.07685171964380771
0.02442935064602332
0.005352736808288878
-0.3179555400295341
0.08263195193209848
-0.052784604811388
-0.2052036445121347
-0.10772896652020439
-0.059127314526975235
-0.35421487762102344
0.14510772490953885
-0.08910374418503203
-0.14940145204469177
0.03616453196494938
-0.11202964556171317
-0.20738287470961164
-0.12072402003847905
0.05630296230739391
-0.03503916886433152
0.14725749295927776
-0.052120097932563766
-0.1505713578174778
-0.2201961757783772
0.026574920238502813
-0.12414444085786185
0.07332644681960852
-0.10314779683085397
-0.16107682173301194
-0.1388671124611159
-0.11039605143413478
0.01922711353246733
-0.021756848515775525
-0.023395551473043317
0.05518776016843367
-0.06180302951613795
-0.010457538952491003
-0.12062997377323299
0.006071438639138314
-0.1386094869885954
0.13447702519428287
-0.15217473227067604
0.025321384739739248
-0.26138357055446293
0.03464913071703707
-0.05549842544565281
0.0106206498116853
0.041349457086159495
-0.03268674813421727
0.10163957564867662
-0.03876633924183202
-0.09633500030662766
0.11984386803748551
-0.33391858191727875
-0.2148967145135693
0.028916543105477387
0.22610624866447096
0.23265014265505424
-0.07851090414651812
-0.010177051820813377
-0.17526926552347202
-0.01979794554874173
0.05587066819036541
0.07358372632739776
-0.09262040329917377
-0.19413903778539424
-0.08313094119899919
0.10901052575829116
-0.21946717798049695
-0.04024901051660006
0.13249960193466168
-0.4712028111913747
-0.06713870039688623
-0.12470638432006471
-0.09303884686607906
-0.08819559192276964
-0.1657841290549894
0.060552932030706795
-0.11352335941362192
-0.2460163394316532
-0.07818525690685828
-0.10033340358345214
-0.2019607590066643
0.07290672541218508
-0.31397613847116873
0.07595394918679964
0.048338580277631486
-0.04285692247515364
-0.15727828296486776
0.044202408910844274
0.2490640374933047
-0.11326367364280007
0.03877130320026225
-0.09045644758105002
0.15845220571613577
0.059344683846201354
0.12155840325685648
-0.22033795388558602
0.06648347470557077
-0.3154387821383309
0.24461854679230652
-0.08106299585574217
0.00812472243792044
0.24596496761242098
0.1917639167449928
-0.11359401847591302
-0.11738820708609021
0.18509768366280188
0.15646814828466574
-0.2778124556203616
-0.3361955159900152
-0.06230100910383963
-0.09219133258252142
-0.14303563525403262
-0.057238390600382036
-0.2756120237660737
0.08685439399245211
-0.39264952752758836
0.03322382213878113
0.07810682542760418
-0.21517907971810074
0.12783078152096533
0.16013323147275701
-0.20773846818981984
-0.0670327007626839
-0.013283533920228643
0.014903489531494982
-0.07440996485129212
-0.0058728243655100446
-0.12182709973250129
-0.07689364190255939
-0.5103822596892804
-0.19836365216843205
0.060901682695286875
-0.038960448945290015
-0.14639433528481297
-0.014591945903957126
-0.0978388527019775
-0.050771724860591665
-0.13972420394103405
-0.2562818798667198
0.01687359311397719
-0.3179964921004693
-0.09781010576108841
-0.0018823641147067654
0.04324546784151336
-0.014529891599486065
-0.05278187912865508
0.18715883211259937
-0.06976152414596355
0.01481278582125057
-0.07413310340431827
-0.07414668215259054
0.06490792055548594
0.09144916064196511
-0.11428060027611603
-0.05475639169872623
-0.18111970615732162
-0.22355993720645967
-0.21268084604127271
-0.4385593004271594
0.007889227270255796
-0.10571220977442414
-0.2190478536274022
-0.10820698057365756
-0.07635063617614596
-0.06329226538502734
-0.070394166935674
-0.029465913044846033
0.024069919843651148
-0.15961034484844303
-0.0503695694791517
-0.2000168483844213
0.14158261614269135
0.1582963880573605
-0.18133727563935959
0.0400987783508211
0.2032337123993705
-0.045029231623244785
0.1830919585321819
-0.07305539073734622
-0.07436957114390383
-0.01901461868516456
-0.1736370136697209
-0.16841835826354482
-0.10234723474735244
0.0313213541341348
-0.12268122781773241
0.03309738808040021
0.0709374416805482
0.027066451274008307
-0.04634767416678973
0.07873359242042827
-0.041976197597686914
0.04219408854332657
-0.10921654380144502
-0.06847035376181383
-0.10630033799417477
-0.10019487704739845
-0.056598010775476354
-0.15617213967485638
-0.24170625778207044
-0.040145783807111424
0.1598588983123701
0.14311171219242824
0.03356320702331809
-0.0772330832046473
0.2923146204430623
-0.02650484042032998
-0.10188938524303161
0.06999764982949502
0.02481154636819141
-0.14939970341961517
-0.04958154314882359
-0.08902479287880397
-0.01017758201083078
0.0824402389703413
0.005835693356194665
0.18235229190591323
0.05895133434912816
0.16550347771199747
0.08208264459875045
0.1865846733183117
-0.1485691386662889
-0.08139883061421882
-0.1608282154056772
0.03969786247586956
-0.06830789017497448
0.0752900032964979
-0.05575517360433249
0.15277475759943768
-0.1719286057168495
-0.05421795865241804
0.23815485013374685
-0.11539412758645474
-0.13318854858505158
0.10263540429084911
0.03444114595205315
0.015036675630197541
0.04816414814638861
-0.10260113234756792
-0.11736178682730265
-0.0665895074135811
0.3047373162111069
0.0021242903793671796
0.13281737290512588
-0.0445096120535224
0.1883324483245158
-0.019095794929116373
-0.05729566973158602
-0.061528810470251286
-0.06037262957327259
0.06125468946773391
0.2997212440217265
-0.135229885623516
-0.2156102144728101
0.05261489810798283
-0.06500445976500378
-0.1472656964944334
-0.04647626650408243
-0.10055993298740254
-0.07200274472046117
0.13382462056614977
-0.1298567673499334
-0.04404045142175366
-0.06532867103530263
-0.161699652881724
0.17533622183165745
-0.12148548714932647
0.049442588827229614
-0.24928729214118242
0.0554167930106158
0.07044253029281507
-0.11830681924417301
-0.20333125329797178
0.07826316567356803
-0.19847623748267795
-0.1439946786235281
0.008874882020597458
-0.02406992767098899
0.05554893404211297
-0.15581136285242844
0.1497124780895635
0.02118578201492907
0.0017341128306419217
0.04660544363082898
-0.09668822135629644
0.2596536618693994
-0.1515482621370975
-0.08501309217959643
-0.005276336781238549
0.04360851099443099
-0.29696991079185103
-0.1841502203460144
-0.12492224545424142
-0.008980082838719969
0.016341217149202985
0.033113508995615985
0.20979977730513633
-0.09089832530116743
-0.04456667620262647
0.07479874727699307
-0.22669134784349734
0.043596817891779105
0.21578367499527373
0.07531274051597156
-0.2890132366438064
0.08614037732210375
-0.00044466118840298614
0.23523413791411346
0.11597517402606995
-0.11781109514841777
-0.04939992506425678
-0.29413160314659986
-0.04010284926499873
0.05956028396214114
0.03751909050527515
0.046005255165335095
0.06268086226127734
0.25000223896226925
-0.21314089973049233
-0.0680645912175281
-0.079339101339626
-0.023595979113525716
-0.18156592283285142
0.006888703725605935
0.020709389067610166
-0.14931052251451998
0.20822132363672843
-0.1341776224597708
0.27917145994234854
0.1972574606963328
0.10832239308635326
-0.26702594498507176
0.10180750073042165
-0.1420886089395832
-0.26494831678087366
-0.2657267675840448
0.25158600826184924
-0.24686723132336927
-0.19348713572550857
-0.14954352704303453
-0.005754109549767691
0.20093428558615925
-0.269690054173403
0.027177814315177806
0.07426607724978752
0.050073043196894484
-0.012556836226824053
0.00732389629911616
-0.2077166664336654
-0.0701758211445868
-0.21093610439702765
-0.27529257599569806
-0.20920399615231022
-0.11023438432300141
0.11477335191575573
-0.015380321336704349
-0.17150819410772758
-0.26104422704386776
-0.11219741117387663
-0.16573394474284597
-0.00910567787081724
0.13634191129776418
0.09663709377248443
0.071900570711357
-0.25872475720960914
0.03237655272430508
-0.2560375222768366
0.006181127387735894
0.03822464609785404
0.015199067782497291
-0.06356235248222587
0.19637569566572727
0.1879673638122024
-0.08163131355774576
-0.00457601978497074
-0.2502652631470639
-0.4385118293696431
-0.11887001252795473
0.05740505870127976
0.11515956713457133
0.0048385985544345455
0.05403634503100437
-0.08588362664933516
0.03675397190295186
-0.13225146229342832
0.05967903093314305
-0.32460836240883906
0.13697454878157184
-0.10919077834702778
0.2939738146932381
-0.08104002656240411
0.0030977140105374066
-0.11070059937921535
-0.4579667265399781
-0.12817396889757482
-0.20372220077198017
0.1878923794507461
-0.27081155165267823
0.017057343025501475
0.02087700085790426
0.04827438015706902
-0.04920974277716802
-0.4847630650453568
0.2524638467212697
0.05120489162017913
-0.06425152887208009
-0.002498815394895007
0.11833797746581452
0.102181278922082
-0.037325191001583866
-0.3575118201264544
-0.031767864144344446
-0.046332268397742155
-0.1396581677375289
-0.3442365201468492
-0.3479937058879564
0.12213915532503879
-0.12902180135612967
-0.01943846594821911
0.027925416788526516
-0.020014966663157538
-0.13575620887978754
0.13447369558362374
0.007229541671261681
-0.18005268047959808
-0.026332703751745068
0.07097480953621152
-0.0703269988795103
-0.10650721234962
-0.09142510664213907
-0.13633787367912364
-0.021131694713072597
0.2305082464127736
0.06575678833564372
-0.13225816307965652
-0.050133850005177845
0.0893017216433536
0.07033786548657503
0.008377461187331186
-0.003509904987389682
-0.34940654560247036
0.1811314315864895
0.12686627977923803
-0.13445355359181463
0.02084431211579763
0.13390529942383533
0.11693227386472343
-0.09277130220782326
-0.08586306933366296
-0.17143976748443285
-0.05149834271837105
0.09231375025990257
0.17594361062678732
0.05446789623955708
0.062116235748091414
-0.002207465925679624
0.11817591134207801
0.007142333352237913
-0.06949302999218125
-0.04069991574720358
-0.064612723666419
-0.02938563239330584
0.33641739145816696
0.030200463819469774
-0.0542481454769104
0.10430019125549951
-0.1314680625488815
-0.13399562794693165
-0.23100733906694482
-0.11207790773487415
0.03629762376183989
-0.17923582662067433
0.1920219408370811
-0.1809731093689749
-0.19453799471085514
0.03981669198612023
0.08397864462091907
-0.04771552692118703
0.10796202576950152
-0.029249860414486146
-0.20745838052983887
-0.2723815198610435
0.0683375582933542
0.04163895472092983
0.009764134866193567
0.06319079678499298
0.09039485214425608
-0.014138575125656196
0.025189154623741335
-0.15373021632553469
0.04293790239860456
-0.25464116012367943
-0.08809188748593415
0.01450368064318069
0.16330073572828457
0.07561943284105614
0.1816467432356865
0.1337737229671619
-0.006707697870433939
-0.1293109522083428
-0.03294084355407796
0.08183968094904498
0.017265167113134458
0.13759677010054322
0.3773765946637088
0.1370677513045405
0.21514741323325012
-0.10152539809713257
0.32187296423467965
-0.13703772565139088
0.2436579354372731
0.21864071687611994
-0.10460248738162255
-0.1370359959725336
0.08707071197087576
-0.054876420274072434
-0.094052068313614
-0.07217148979738715
0.046084050834153276
-0.053192766962430395
0.08546465844381067
-0.007968246432056767
-0.031000611142255063
-0.07633200219564398
-0.05627062059582645
-0.046725819182743045
0.006864170785967508
-0.045123341178738174
0.090969728083701
-0.08449194475198966
-0.03293620426091298
-0.27998114791699286
-0.13459831199592442
0.06623030871668607
-0.056559185068108156
-0.042078651568188574
-0.2072706854375856
0.0877734655975945
-0.13450644541076506
0.022469099027709976
-0.08382784214783329
-0.07087830352726501
-0.1974731001446268
0.08258610014557795
-0.13216133200582791
0.093288321801394
-0.07148772322683479
-0.09690755135121738
0.06699900035074843
-0.20420142128159427
0.00929592184987625
-0.039523953393120696
-0.08905714594407399
0.2541291674022115
-0.16314150844462127
-0.19742378363730603
0.0707876089593718
-0.004568549239980772
-0.12127598196657186
-0.03574736541966638
-0.1580266406776777
-0.15060437719316938
-0.03781623412540463
-0.04850405771124609
0.1484410912803608
-0.10356947224503346
0.39780377031444264
-0.0319699894305975
-0.0196952835948967
0.050866443486727676
0.11565014250072954
-0.01881807886322744
0.22479368818587933
0.22294661478418742
-0.18963469933084837
0.1550161403713175
0.10108791024146642
0.14533443550669156
0.040904886834341556
-0.09095270366121846
0.005148806156097897
0.27155852952197856
-0.0946160218344324
0.09556823805499107
0.3374120753029983
-0.06452469183051736
-0.004250576768392629
-0.13188161000180454
-0.06666394292575335
0.33406184730174887
0.07427292024024547
-0.05707180869600291
-0.12172762529122491
-0.10160377191196131
-0.1368888657699052
-0.01764808804321338
-0.23403047565440893
0.0693711765990786
-0.14200958424786053
-0.1093927470728469
0.07441149856043126
-0.037449980543553
-0.19342491418996885
0.11447000534477303
-0.09552539956668517
0.06265483048721351
-0.15249147140366134
-0.056602281309926755
0.20256524738979276
0.08605539129174698
-0.05338971053230012
0.15211081504262003
0.12403779114502798
0.11879489881507076
0.11455573289290136
0.09040488455109495
-0.011940229025882931
0.2019914731886136
-0.1760620776972968
0.13494503414494427
-0.0475976027578644
-0.05996188554380886
-0.012678214831785205
0.17870912171257547
-0.3192417838805668
0.18751811349432218
-0.0745964441649672
0.0941528831543537
-0.06827921385110373
0.015751560617311026
0.06287315936272037
0.28033055473758367
0.23281449887771186
0.18896744751662475
-0.2057060501189125
0.14181595193791752
0.16447980640433443
-0.06748921190902199
0.03626365337576311
-0.014925141481263008
0.20159370354443884
0.10522911460639986
-0.08420521680390165
0.2592211723864463
0.0029633548152270908
0.222294760115666
0.08021695019290624
0.2515783610235134
0.08688289717583966
0.018590131165754593
0.09269634665836468
0.07709722692010934
0.12202526476847998
0.0688756999500869
0.1236521522352944
0.29553275525634265
0.2757340552873051
-0.05100658384862628
0.2255479031309867
-0.11996750930998396
0.06945125532240129
-0.03274232472504639
0.05165349130287687
-0.021523806636724617
-0.03565969232810864
0.006042198056971352
-0.08016285322792606
0.035213061225187484
-0.08481183724709145
0.08488302799010035
-0.1284344663460561
-0.03933948864841544
-0.029508954960075023
-0.10866383907093746
-0.029635668563539982
0.11360376108580508
-0.09040531838338947
-0.2564429778522649
-0.08679697584597598
0.022481391187433256
-0.08866061905255691
-0.255403394470218
-0.043205881650964145
-0.08676042337320988
-0.13651320701270267
0.08069699896310582
-0.058162247081458014
-0.02377687329444553
0.07130384165351664
-0.01708670654376664
-0.011758548967604148
0.14555584834135493
-0.1832387054364911
-0.08340931207720818
-0.09374204384957
-0.012214613325304229
0.04505625480426161
-0.1637843998375113
-0.08842509823086477
-0.44051383629650376
0.09200109279328786
0.041992958908808796
-0.10697037166490256
-0.011394060270487026
-0.11688738526322717
0.12035414588691892
0.07506209617581364
0.08111803988326703
-0.13182341112117496
0.027323070153736178
0.11732049871058396
0.1105182376647459
0.1703334884753948
-0.09265926923194866
0.11444266168158312
-0.28676417513267727
0.17162858990766225
-0.003848819993487411
0.35965833918232515
-0.096932784929337
0.06775716615181758
0.07428011781288467
-0.12280347004028401
-0.0576387849708546
0.2515033135100138
0.15489347968754638
0.09746762401932968
0.02187515650285483
0.15793690412212663
0.02649706383674885
0.019468444077419166
0.031158856235359227
-0.17248843871531022
-0.22564647528109005
-0.084705953801308
-0.01784482715363068
-0.11820395501367119
-0.11986643546182446
0.10184785527419973
-0.17959484275612217
-0.012562828836254966
-0.16680048748341494
-0.1870744671788515
-0.3142144952153376
0.040186224518448665
-0.1359569492916255
0.06463053557482289
0.022980648631196955
-0.32540783143507146
0.1036969221929616
-0.08815332933739996
0.29359302733426873
-0.008622028458543297
0.12997096884097312
0.12333110309282508
0.27657388229464525
-0.1581231072973509
0.020325349075055166
-0.0440128358627395
-0.057615442640795565
0.2252591570471869
-0.18754522240000507
-0.08258548984970232
0.11217565587152806
-0.014384752261437624
-0.3200614485926564
0.20496570281107537
-0.2756530591690102
-0.04006110932650336
0.23679156884015215
0.0003948408318994441
-0.027753482182577217
5.595335778286429E-05
0.06410386750166656
-0.002734748616638921
0.21145497437954086
-0.10887719276828851
-0.20890522646762738
0.10280541895397029
-0.04500589336526098
0.0327773957371181
-0.03797052795587801
-0.053477659541358545
-0.02394798637457269
0.06449572821306188
-0.08948913039071478
-0.08400537884523604
0.06588035419944084
0.12100886782853895
-0.1285622154036826
0.062025587468617825
0.032903783404086985
0.012846433218419464
-0.19442324660010213
-0.03184676569413769
-0.2023768578839378
-0.04741503023137328
0.037665707915887484
-0.11005970725473727
0.13580732453991715
-0.1304999095013742
-0.08713614431789761
0.1790496744356652
0.03736817667477016
0.20024927455298813
-0.1340921291567815
0.270120588627582
0.03823688045542224
-0.053946673788193816
-0.19337835674673767
0.014360164528167735
0.10030321460160793
0.16878917256669906
-0.0012752196577420964
0.11836576156718212
-0.12363637982099461
0.21808989233990594
-0.20490794912777335
-0.01069860658618604
-4.593083929975615E-06
0.05209698956943601
0.0629697113234064
-0.3145044844310125
0.04555291368388612
-0.14676645542145608
-0.03593433995582747
-0.2883151017717651
-0.18227662787122043
0.08156183690127485
-0.13525591377050356
0.09831575232858834
-0.0616073057261659
0.07558574570319967
-0.36037273602098263
-0.006808664662059134
-0.15454972134484743
-0.16439331543384475
0.029408681447423674
0.0030807497530769977
-0.04485131321935749
-0.159377377859591
-0.008304138457262697
-0.06608949357316679
-0.1202846264396506
-0.21305046022982743
-0.21193666498991603
-0.15089541817251242
0.11199633828436933
-0.17050107079595744
0.2006626381704366
0.21614839735565142
-0.08320704900296083
0.2745561288047342
0.029375312818237336
0.07039893484882224
-0.098869386853213
0.16653505479775169
-0.22924395848223722
-0.09059103430886194
-0.07633565411302966
-0.1887461349650741
-0.05946122168769515
0.04785310163664177
-0.15576623018934793
0.016812271517562496
-0.274377763917
-0.061971582979408184
-0.08655690432146906
-0.16986676973271628
0.0779247904285418
-0.14028816843782616
0.0035965029802069075
0.10612745442646643
-0.01687732533465979
-0.15403774899861508
-0.04819453058741292
-0.19294234117505452
-0.10641027514923904
-0.042899932998127874
-0.15526283749138062
-0.063109910214473
-0.0013645085597772312
-0.1274612423113045
0.008050514181065243
-0.01969587858664689
0.024432991138343206
-0.07902468734302705
0.05154601719819733
-0.1784474590175577
-0.062398152540324874
-0.12595804257396365
0.05179404456597627
0.03274978562182793
-0.13871798487797068
-0.029361442080008533
-0.1356969994864154
0.041116363870828225
0.10335907164349382
-0.09257320309536367
-0.36502305215045433
-0.04200093416923837
0.02801588651743483
-0.21408832710136758
-0.15971671380725472
-0.04271680607097276
0.07828963556110725
0.033382537756831046
-0.13156930131785172
-0.03189511038277114
-0.20609971184517362
-0.05586793529173335
-0.005799626940902264
0.020633379016863147
-0.008969948900592219
0.003759842465736292
-0.2793516524637735
0.12084459964856213
0.09551671451977299
-0.09103529998824067
-0.19659727306362743
-0.17428947914116494
-0.09737863025790341
-0.14962992063193636
0.06040854490720981
-0.20916995263555865
-0.13194824883764913
0.1356764723241522
-0.08926848041663081
0.01445803274724736
-0.06779835563772692
-0.023025261615654387
-0.049959019458323595
-0.05450638261463628
-0.09944007843993233
-0.07555830329665214
-0.018327073664004632
-0.013532064813522152
-0.10949351654624712
-0.07693510134114258
0.023982085782128737
-0.19652865173514697
-0.20268118373228106
-0.1777394979248492
-0.02825090321962091
-0.22769693167223698
-0.11462142488747218
0.04289455541320077
-0.06346051331443067
-0.07048646772944742
-0.013624140214836942
0.06700618081927937
-0.2792579178677764
-0.11841671821623652
-0.24718621305648472
-0.001230934057522579
-0.148335158676086
b2
0.05670453882405915
0.00367239494169552
-0.07511260489415428
-0.03448239987315024
-0.01095581180180439
-0.019201690325427536
-0.00998581078956903
-0.006569707196147228
-0.07852275661617864
-0.02620403821291444
-0.09139210536231801
-0.005007976462811568
-0.0436462322842823
-0.0860045284670556
-0.05123199046997865
-0.06449761891665398
-0.0178514373456654
-0.04217282937856641
-0.06253067242574545
-0.04945170652153763
-0.046966602877830284
-0.022114142155504765
-0.042815451956718716
0.002607891035606745
-0.0659156312163957
-0.011860917305764782
-0.020306723309224
-0.009923473829630823
-0.024083362905383338
-0.01876146933101681
-0.08599679337879061
-0.09708143791481226
-0.007898105546753683
-0.027941066317251868
-0.0055795612686965245
-0.021273843443100838
-0.07378231579896165
-0.009327471851736392
-0.057605414829067274
-0.022225387792231193
-0.09083017371838363
-0.051709584092909676
-0.04136724645588558
-0.07256704502049152
-0.020356400682964373
-0.03520998133080619
-0.028008439152000346
-0.09520294459097628
0.021261118334398917
-0.031786302115450006
-0.006999593014564875
-0.0871422398067303
-0.056424397148930244
-0.04176088482775553
-0.05468753101269645
-0.030970698058070616
-0.03754116372614215
-0.09518253262939853
-0.015054413434074276
-0.09556718007047783
-0.05354232035502542
0.00888429112550371
0.0068691639418410975
-0.03866527400860225
0.023488418066325865
-0.043268574818338866
-0.1124488516004108
-0.048987003190134194
-0.03732112650413044
-0.04672656812462333
-0.041402514948588806
-0.05703404035299596
-0.05304043999702213
-0.047224867959561524
-0.04162666102632496
-0.05353370683541472
-0.05922016857727815
-0.007573834662808011
-0.03591010726467777
-0.08048460303994837
-0.11204900535764062
-0.03951602872175498
-0.07827491882118882
-0.07794421486600735
0.021324930777387858
-0.06618481456966502
-0.03229747122204937
-0.06802345969329772
-0.030555684361939034
-0.021650798675837035
-0.008892585975981315
-0.028877767183939005
-0.038554860677338015
-0.05103905907808283
-0.06492138722164403
-0.02099435092844843
-0.02956364460295792
-0.06403371389770304
-0.03416388273314478
-0.04172229467504245
-0.062434392715798946
-0.08759690202676675
-0.06497717613787225
-0.03263392116371843
-0.06259699794432554
-0.09630194509529277
-0.018039249610400723
-0.059393073734559376
-0.012851948379613572
-0.02142709811175473
-0.011248290618354044
-0.05540988208716323
-0.01708031238513417
-0.04489158749751273
-0.03372672371468088
-0.03630403615624421
-0.039963732761595615
-0.07062437892716038
-0.04833554603188214
-0.01643916502823202
-0.1121974643792228
-0.07647799981253363
-0.03867510251863046
-0.06987511642188643
-0.04123746480259888
0.00016023173709680595
-0.04992928333848706
-0.11828697471219926
w3
0.43388457877048503
-0.0489236027928214
0.012581293327628173
-0.059499775203956065
-0.12563718976758712
-0.017956561164769114
-0.24032667189264545
-0.014510309560055138
-0.5867919606060953
-0.048831091281610804
-0.004833401914329144
0.10696153778145186
-0.0188579528550777
-0.080468447640916
0.35774289253131836
0.34197892221373294
-0.15257730968747013
0.001340924879971786
0.01302630818317314
0.007735000203307094
-0.02352982619974085
-0.05726061430737844
-0.004656441351979498
-0.10469748058644246
-0.2613355002752946
-0.06325263104602272
0.01615213476413169
0.03928346680678266
0.006854458101953541
-0.15569118434900722
0.20205373821527103
-0.010934392255125679
-0.050850061828938975
0.14369738998050377
-0.06338062911370251
-0.08804149239434968
-0.059749535748165196
0.04003997295628588
0.12297209142618909
0.14257335941284288
-0.15867417613407647
0.026373514859313326
0.05531776732730171
-0.09483131321613389
-0.08201602890648217
-0.005065723563206767
0.06105385159482358
0.007618588579741875
0.12488483516753253
0.21608371726908207
0.01721891147402899
-0.05237788829253329
0.019536802236975907
0.006064278626284017
-0.032413808371307994
-0.01879036561883529
0.16191343616623885
0.010271071427313264
-0.1243957863222353
-0.1472524523158589
-0.012488110938020033
-0.08950306309595343
0.08836003036077321
0.020313212168490146
-0.08338157321258838
0.019309221857123884
0.0024867766795693418
0.013403592100844455
-0.07410817180743619
-0.059979401285441776
0.12004701387616445
-0.07889982528298288
0.009156302365589447
0.047340473810461386
0.1510201450750459
-0.008055400959769784
-0.028479965108656517
-0.0418815405125596
0.04951012003257313
0.0960461150479499
0.04136001493325511
0.24122266568015466
0.07758418087210767
0.011804774004684378
-0.07954646666621053
-0.021486453139688673
0.11727048888356252
0.001604504204584526
0.13008133024523427
0.2329677045691252
0.001095899751565951
0.14254876252643775
0.0439404108006813
-0.18910683897269306
-0.2290109524496453
-0.0015470977688413778
-0.008785627189489388
0.09101462358574382
0.030506079828682704
0.06498213222051948
-0.005955347057179004
-0.05733533414002885
0.25103594992030653
0.0335944939206992
-0.06391031895575815
-0.02628588959848438
0.059416371129282955
-0.08683077721418722
-0.0482334820777656
0.06298663332616043
0.04002103792872354
0.19193308929331468
0.04047472430914236
0.00776684815800939
-0.0597666297919516
-0.029359691825955433
0.006000454260717467
0.009541661164593474
0.005245788734250617
0.014771735724118398
-0.03452619663696951
-0.012356710097694018
0.07914490187998072
-0.10837652184220238
0.005528099264855643
-0.10118135769673188
-0.030055430853106416
0.024130837513369783
b3
-0.005154252475375108
