# croquet value net
inputs 60
hidden 64

w1
0.07615460890207361
-0.43232259801689576
-0.012921034878520666
-0.16979797687122117
-0.8757726301736527
-1.116931311318926
0.004253249120957949
-0.22850920626175375
-0.09867267723924887
-0.36335893718876106
0.3825641894597847
-0.031107522891861823
0.3181364375777999
0.6031674615719939
0.05319823879014601
-0.7208085333798367
-0.10620473717800602
-0.11761792557102721
0.16561649947976625
-0.5468151246435982
0.17786195112650413
-0.04637008250402267
-0.2540327772097869
0.6536334611421137
0.21230542028398902
0.0781432028014118
0.06742102385570097
0.14433307508357934
0.07786280837524283
0.2945308494540113
0.012121084039364072
0.011586391919627768
0.6021977214304937
0.06097644636473966
-0.2363395051189524
0.1756989907570003
0.07598492155445698
-0.05277512623797949
-0.183074404557248
0.30867848608838355
0.1917698145341835
0.012497091068802996
0.11257958874755683
0.008380675175671683
-0.21685211570668386
-0.3557558291754694
0.012976079776111225
0.37635549954657316
0.05500700269930879
0.10736265639002114
0.0689065813846292
0.15223939025855607
0.21879445116700794
0.059752713216494904
-0.02081328726132014
0.24087412842389386
0.10404019485196324
0.3805899155130352
-0.5699772034333721
-0.3418976820763586
-0.08284236254457773
0.19653550419992488
-0.04605810320832861
0.004886985384058848
0.20932380889535485
-0.04171016239959132
0.03777115864187234
0.41742860865180803
-0.3314872527404772
0.07110400315759609
0.3405015864650934
0.13225621907095497
-0.09013011781346784
0.38077947675675966
0.13410791824772528
-0.24367356544376614
-0.1932923833952159
0.05862922113093866
0.24397172713814227
-0.021637684381165177
-0.23674905633200086
0.0569719340168697
-0.4734021468097186
0.5015615468800776
-0.13893814584799424
0.1294909476606236
-0.24554723049659624
-0.14199606264040313
-0.09424724260223491
0.49494092041822035
0.12056141520479421
0.038411401688669286
-1.5365473709100457
-0.9698933841441298
0.27493762720033016
-0.0007309671078801419
0.11695861285474204
0.3351832234651235
-0.1493758880148621
0.33956835976352073
0.45404043038720643
0.1486538987568448
-0.024518565742013124
-0.18888545386387498
0.04630781914503146
0.2862996262022103
0.00917029308467134
0.10166216798815143
0.36158651925088203
0.002719409431221713
-0.1952272475646245
0.0919353911164213
-0.07206048895490565
0.3361486585778138
0.09667246477531993
0.14899561398344555
-0.2777513908183736
0.10297157179052949
-0.18551073089373468
0.3342173787760978
-0.013364538174445731
0.08235073873649397
0.2951099395293484
0.1028479738732916
-0.1851383962491034
0.19452607098484975
-0.03940752841744182
0.24046203898537913
-0.10201654054516796
0.15957139266680886
-0.018691573221609435
0.6235465269492465
-0.000986429110249607
0.14252552162890042
0.11356162820765585
0.28161307286020426
0.09823816449660808
-0.12488215747540003
-0.12530925151094616
0.36132978144447286
-0.3349571532591994
0.07232600524058296
0.544865452599134
-0.11612939303889716
0.31608879855591776
0.047851736934966395
-0.1321134912899758
-0.1356508224858246
0.15396317191227404
-0.24401455439917907
0.10775193114007973
0.4177288113143654
-0.20078127182593958
-0.578301126505223
-0.0859300996509035
0.33691728881489275
-0.026076375243329276
0.1346230534770266
-0.2551314503059974
-0.20094000426021036
0.07753532623350835
0.05742691266257806
0.2604539908777929
0.11719996057116651
-0.06017266901314815
-0.1869441812816296
-0.1030541850427461
-0.18298188623158723
-0.022666216374569396
0.15750405147150637
0.04041054163222012
0.06342765214680197
0.1304070162935425
-0.14102466563270752
-0.47183656086961295
-0.008122437890624007
0.250212311147025
-0.3808482867697188
0.26346861687486595
-0.6454422527011309
-0.04839148724938984
-0.21604341764656346
0.47267070941525335
1.007385757193569
-0.391095151106715
-0.08150693710318518
-1.1912835185734876
0.09138903299062906
-0.2153512522300454
-0.01656894038385495
0.31582890040889855
-0.2754545961180338
-0.05421084715240185
0.14793061158860182
-0.3252554368338552
-0.36485467936238203
-0.3088440093379871
0.2109880310050554
-0.25250495748235846
-0.02693838359063106
-0.11828706506935642
-0.15613563622880572
0.024815419320672043
0.2634047439635144
-0.04499385304926965
0.10750842779986876
0.19629533007990843
0.3120279073176113
-0.25606783869452593
-0.24244035120039914
0.03649317296572612
0.036776104555345
-0.4587683800289269
0.37214992322093615
-0.10360468576577345
0.39972352642819114
0.31622663779692695
-0.006099146101798651
-0.2244190812707252
0.15148993758143897
-0.21778992901936284
0.13119778203694066
-0.04324337854014347
-0.062271244362340654
-0.45669120591613105
-0.18221034769634503
0.02873910980995895
0.14936215064161165
0.034965972962318986
0.1990229077576558
-0.31335783817634777
-0.14919934993800751
0.02497857336338425
-0.34601893600914996
0.04869163306572032
-0.24153180191309015
-0.10703052082251067
-0.179933546704713
-0.1673228514246205
-0.11087728207213636
0.036757668045670426
-0.029399670400676994
-0.5901535387479516
0.3779720099041621
-0.42512263011356854
-0.38113199305924195
-0.8029231375229948
-0.18468168880616156
-0.059059564635801545
-0.09551835762834106
-0.14793234025671592
-0.3067531469332512
0.12351732089808977
-0.21102343093034226
1.1363935222591337
0.2139711878532073
-0.4324633405566981
-0.09203716361203314
0.21738865565036244
-0.006098756949136867
0.039288182199569734
0.0007495305819692176
-0.33463697843147866
0.16765117937840038
-0.1299953591436425
0.02305721408634667
0.12045408408107335
0.1086571112862094
0.036065089127443856
0.028780415185147828
0.09748210727836405
-0.04349036149304557
0.3640492553761577
-0.14702515344874995
0.04851212366781075
-0.04962876486508262
-0.07374311946180766
0.15642980325563377
-0.026797631681318535
-0.23896377749517875
0.06462894665106624
-0.24735629220067795
-0.3122628279311873
0.26081390402591315
0.020558544994726213
-0.2645545585065363
0.14957817423104944
-0.21900216921248924
0.0017104122110261286
-0.07472296039039975
-0.11361258022457875
0.37002674237466926
0.0023667626094430617
0.04510283961721026
0.03522581092632566
-0.03230090164671592
0.09561829692444183
0.18562295970109235
-0.20772660720381633
-0.043105893032361654
-0.07422871409025851
-0.5772811932258116
-0.8342789083623424
0.5051880360987898
-0.6466117690570425
1.114781283157154
-1.0254013007362586
0.024698765248131416
0.21054816467414209
-0.3902345707495614
0.26860808559826205
-0.3483608399991011
-0.18029360974453254
0.4407373566443464
-0.4882818604526507
0.00019460667084482595
0.3359651631494012
-0.06021420722738513
0.36684197201325713
0.32595638133537386
0.07264290750271926
-0.2039717658270839
0.036887219296338966
-0.08252628174025171
-0.14261946204705292
0.004809815756590912
-0.26474395969787023
0.02387398374962417
-0.06361167345822336
0.06338718643003813
0.0389305656439545
0.27845365183805076
-0.23098489227642607
-0.078875582901936
0.0013504043354021485
0.018004428372090594
0.3919784989302521
-0.04162468790471465
0.11151548577670756
0.18160222436357806
0.42313481952094917
0.05132145449789291
0.03790990470776667
0.21709501294028322
0.12370489384977991
-0.14218471867093183
0.01499173689578011
-0.1295712827318337
-0.028245670437946402
0.27032702165064265
-0.005269725393738542
-0.20818779197466103
-0.001280497686620449
-0.08202040213786642
0.06972314861632853
-0.03562614859288686
-0.1961666519328204
-0.3156566990324375
-0.1043182579697614
-0.3814433173273091
-0.05436807749305185
0.0077873921414538015
0.12895572905135222
-0.0989783335868176
0.08343707266748211
0.03602765821725387
-0.19439802511540674
-0.07426792459381895
0.004268836963168917
-0.06976807012222248
-0.013218919847054632
-0.014608600584394567
-0.12268141819567999
0.1669365695978459
-0.09898147378735431
-0.43211276388402137
0.10756006584394666
0.005810885914997564
-0.02771417229060395
-0.5128022336711335
-0.26991003551633125
0.9499153686120025
-0.6516274871682178
-0.07569801414312448
-1.7632452521471111
0.2132680812366859
0.017760908054758107
-0.3775243211534792
0.07881724123185069
-0.33794316435901117
0.10958446596256298
0.6398910867077084
0.686644156071489
-0.12401369675414223
0.03131147161810349
0.05711359789672498
0.10892063941673996
0.028250185538353335
0.22404896818974457
0.24438289550441397
0.12522378685956168
-0.2183694887785917
0.00970252951866418
-0.1497763855537098
-0.10599826827767528
0.1935214465299665
0.03062513523183229
0.11145900981930666
-0.04019013039497254
0.02803813695066662
0.02395073567332816
-0.06822990826257308
-0.052916562493409675
-0.03857497647039164
-0.06277070983898837
-0.10620552501072235
-0.10867114410456426
-0.19843396017038423
0.23765182448990058
0.24116222631650294
-0.3478133969514338
-0.02616813395814158
-0.2367435625803169
0.12582412315855024
0.19380227036165124
-0.06068286994308392
0.3259019461663691
0.18955231776453094
0.15578267762256245
-0.015317176934062392
0.41799541771764914
-0.681904098791152
0.02617483928628603
0.22368411230852925
-0.17493155386467166
-0.5949194323862831
0.33109502083729825
0.015890029765715408
-0.208563012963859
-0.5011919675466933
0.2566468372786091
-0.012658885488570281
0.6182357976392061
-0.16662883280963817
0.2782259912928714
-0.30371113997978333
-0.5486630327458762
0.21030063958720627
-0.23556880221724857
-0.02924495734903773
0.02773897262490612
0.16837198932134798
0.008088959288731188
-0.7831720300914556
0.02503906994113865
-0.09901341264451043
0.05770490844929629
0.2317050679768065
0.18455149426004347
0.14412540038911775
-0.1426421031962325
-0.05324707292012208
0.038557573956980076
-0.2143895722350035
0.1878711282675493
-0.2676964266482165
0.16232626222759428
-0.2296244227005271
0.18824605013971404
-0.03424499189195015
-0.1808857958977268
-0.22175249808135494
-0.08537160610924464
-0.03723435983861858
-0.18022395732595817
-0.2369040121245672
-0.01831385594726143
0.33886019797409894
0.11032184608143938
0.008274076877255778
-0.24968131219796968
0.12099191901769325
-0.42418517339903367
0.12756831163606405
0.27217935130534243
-0.8967310311736558
0.5053109968050313
0.2880950219253793
0.39688749553534036
0.2132805030569786
0.4170173820670505
-0.4925467109320035
-0.154507581540055
0.46561197203932136
-0.9223307360729963
-0.4311363516300681
0.10336728169851059
0.04273138105463733
-0.14460946653367704
0.018512969764194663
0.1011128629336364
0.0620851021910631
-0.4071350406561386
-0.1087886127014534
-0.19337295781946406
0.08729662926142184
0.08567611850263628
-0.2293013584820059
0.16459326097524102
0.0682750393912423
-0.03405259062245672
0.0956032370391486
0.2212532863578535
-0.15528810919588212
0.10898655479188649
0.1633734003748975
-0.3749616903929927
0.08521459062379862
-0.01462913733592683
0.3133870262133466
-0.2222254406610162
0.08759457096418677
0.033218252348197655
0.004218199071628381
-0.11807009972915261
0.09396410259568545
-0.13950585491729184
-0.007501005092394678
-0.1436102758844317
-0.03888565835033201
0.033298739408851905
-0.23638278189280845
0.16011907847786094
0.11802655785630083
0.11400399870231148
-0.1786869122577241
-0.03189545715711117
0.4198918982762602
0.017110172151633456
0.638324616262566
0.16764609736476155
-0.1555226571259109
0.403403337078046
0.35978693181329713
0.324429118589524
0.9748036597460646
0.11111307778855069
0.303456692862017
0.042015467725697725
0.1052176253871017
0.017231954632658333
-0.4960104155059701
-0.03348362509870371
-0.994466173019339
-1.0270584220245276
-0.2700817122423902
-0.11978534665780945
-0.0012797745078175597
0.021223946390772973
-0.009223865955052297
0.19846952724617822
-0.12712420708046931
0.25597310846898186
0.15049518885144997
-0.17779037609161233
-0.19752272197104012
-0.008808178256731934
-0.2715603522052677
-0.05828073018746324
0.1505759759888332
-0.05110546280784551
0.29540385988206447
0.2686870063613913
-0.2963160741428967
0.06091071413512565
0.029825576156039185
-0.09915099834743239
-0.3501804087242482
-0.009873032728522736
-0.17410645590415225
-0.20656898804494767
0.21779931949719727
-0.1219023055573206
-0.2731465120938008
0.1028679073742153
0.09461761491430537
0.13553881476792073
-0.060375958680117796
0.21346153029040954
0.044840321993654036
-0.28234607915388577
0.00452288384168871
0.14210985347157262
0.16141683470440546
-0.17179046839763634
0.2032310744023336
0.10355626356238398
0.07598560034458447
0.027491851229030716
-0.28006490676649237
-0.23689798625795316
-0.10212092356916637
0.2944966054029167
-0.23141264222504088
0.4173515484566349
0.025375236564612547
0.5438613512856136
-0.28120706775557563
0.2265563235137502
-0.1859631683496091
-0.1519816514258264
0.3039380533680871
-0.7381703031911173
-0.09747255380873981
-1.0670678135580909
0.8769195454352124
0.1437348382479855
0.03905381973800853
-0.10531661684468635
0.30585425846487213
-0.33571430535564856
0.008074458870179378
0.39530770167017415
-0.6647406011425524
0.23609135449994237
0.23595291751872274
0.2301042487608967
-0.21915806033009846
0.1626743836028997
-0.4586717953288255
0.07919158581158853
-0.0751641207624825
-0.3293470690034196
-0.3158733390938529
0.008588429387811632
0.2939423535746961
-0.06528082894014733
0.19287742918049122
0.05177608439199518
0.17754228195696706
-0.13527311969217523
0.040346646130245474
0.5648656713817203
0.17626202534724777
0.10393348107964949
-0.05701911946702614
-0.07916616818858203
0.01210096629804321
-0.42369893844646705
-0.10937734851706131
-0.2648450460213026
0.33877743212836486
-0.10318943239643087
0.04868056381168552
0.2362828827559316
-0.1568014458709904
0.030088659956740097
0.060414220662217036
0.09340680234895073
-0.5857823152994281
0.23314967121683727
-0.5861245269185822
-0.20893891882334786
0.04541134554305548
0.08228069519641498
-0.0367931655980571
-0.3216110861234215
0.09699368584282025
-0.23980747158364665
0.034804235994252086
0.04920543977872506
-0.022517557360300724
0.011785054984954142
0.5341001695972221
0.9398327332267755
-0.33053609658230315
-0.5913897525420121
-0.023059480908961073
-0.05510409296158845
0.3023638491410388
-0.09548324385692918
0.2983262687154346
-0.07858255687845964
-0.8553872442638024
0.40186179397946814
-0.28582484843970474
0.06927897087801146
0.09593964435596297
-0.14493564219085417
-0.435676175887358
0.010149477942914448
0.10432217665617309
-0.8985535020891713
0.5152211924889049
0.21529248409334534
0.44620870664089224
-0.02138658427762488
0.036822690642957207
0.048109622853069654
-0.1294257580800884
-0.364370537346445
-0.36985656279045626
0.013015823392499898
-0.020198430536930583
-0.09816595391536993
0.3022449337570535
0.09188310960400127
0.06266221503970791
0.17042677050490362
0.16808852971002936
-0.03755394986286688
0.0843258236544533
0.22102378464590014
0.274043226243741
0.11576309662641387
0.00833694801051857
-0.012614628414003728
-0.3746300304184419
0.02776713979126643
-0.02929610096410797
0.10179690034053226
-0.059706509973906745
-0.43087721798750594
-0.02005981901989746
0.07480083487307385
-0.06702886734458373
0.28874298148548416
0.24848532185573283
-0.29445446562691924
-0.05454065259878392
-0.015204313863780386
-0.43372624053526426
0.559719017521705
-0.21525929368928126
1.064737770002446
-0.5818356550044119
-0.5232750991645261
0.022334473678115
-0.07861490089899145
-0.18148907972864423
0.2604309981615172
-0.20885118875430475
0.2615467221439038
-0.3133195066014552
0.2186189489752518
0.20686566826465508
0.1990190456020077
-0.14743935106705777
0.10368752292129256
0.22721963536026235
0.3865877327261056
-0.08863963250284683
0.5625503141210242
0.39594205583144837
-0.24149215608302074
0.2036184929805292
0.1273101560129311
0.16630045702704796
0.2633961824845654
0.14825718187909717
-0.16810710519778724
-0.11349932577575803
0.09784994403777633
-0.11678494389081455
0.08660359802649463
0.0381191890286255
0.07216845223283463
0.13427135629302472
-0.08204649212026963
-0.008744003208618375
0.12396312459196078
0.04648659550706176
0.17420001756857137
-0.23128867981539805
0.39823883203875743
-0.3751778178524546
-0.2923551884379737
-0.14474815544102423
-0.038680875154660656
-0.39001661341130445
0.23900629874213558
0.5711965045715734
0.012374341058771948
-0.08022399194441006
0.28429739192798886
0.35165174628477974
-0.08041237175623643
0.19676003092982375
-0.11508167663814792
-0.42915560471495573
-0.14283979205820274
0.038750546085476865
-0.053015754483924205
0.3166929340763341
0.04712696287758121
-0.2257717618018571
-0.31837117696195216
-0.05131100515426668
-0.12961082173560892
0.5990152346387461
0.020349066072717616
-0.5343710992941926
-0.2845473275934424
-0.5942616876156096
0.044929803363670896
0.2342157997143888
0.058343327523959036
-0.07177866606858456
-0.06367235582969412
0.0988143817643313
0.9357514140926576
-0.23984855023569648
-0.5258943831029022
-1.1339970067309029
-0.12522831824343475
-0.30475568635612243
-0.0547488125340895
0.27790342695113734
-0.010678776502847756
-0.2255498492714264
-0.0060685195390980185
0.13608894998867313
-0.10024919241296112
-0.194377453402316
0.055992333054251234
0.22662162408705222
-0.07421270521735829
0.13813121850616372
0.13879760565840868
-0.14482051910779664
0.009867675378427424
0.08255009253512773
-0.1495597355761992
0.08088651512745869
0.11054922164440709
-0.02438603067683499
-0.18292322796681798
-0.25654896779034353
-0.028017692474075817
0.3596148063863498
-0.9173732995945424
0.4246029449890926
-0.2845245299216987
-0.34535564052299156
0.3024424623590761
-0.6505470083526791
-0.4016495698880218
-0.04674467219378789
0.2081967957628719
-0.5602477252210919
0.5716845030585485
-0.2914816046050154
-0.16355268509572563
0.3662286935782237
-0.5822340633286115
-0.4626268836970849
0.2288623581616119
0.2462795217430002
0.044248453418932035
0.07296718660588282
-0.2431744433340923
0.1365172109947822
-0.1336253596599941
-0.40954642982999884
0.20507646764492599
0.04442350209581681
-0.07078413794516854
-0.2489893521591354
-0.08907452017858783
-0.1328999294179863
-0.05800424889907687
0.02592910671603985
0.19859268657805176
-0.12728133019690402
-0.0743033839127243
0.1754931605929543
0.1749933431265534
0.22839519626433272
0.21085051783773043
0.1822082945659889
-0.3061792365306937
-0.3127509811253237
-0.14066813421511976
-0.052403205254109346
0.17133149702564793
-0.02222189724568722
-0.382113716626365
0.056566407451435326
-0.2658123733908731
-0.00031581779353426323
-0.24145628292825141
0.1184466969740423
-0.08982473427881885
0.13014684079255343
0.49500872626156517
-0.040019695316308765
0.28678060484064394
0.12635465655672415
-0.02264011624284777
0.47999040571160423
-0.1076439589622317
0.2510363519653199
-0.20581708154747833
0.0821583919137701
0.13630161937011454
-0.5625857735193269
0.12579789378327233
0.10865005704525842
-0.0636157001113828
-0.11526004315684232
0.007107500587237316
0.203243891760267
0.2961705836856683
-0.2851670772171118
-0.37132641409416467
-1.1640228020107966
0.21766631351897492
0.13470863459052973
-0.3456812151168136
-0.037323078186267664
-0.0691980573872703
0.26839613917687366
0.13674143479203188
0.5755399710055894
0.25974599108640845
0.30614330660095157
-0.3098753560811673
-0.3262329504817079
0.2478498403676611
-0.04317241779910012
-0.036735316746036625
0.1724272167437795
-0.1461062477392726
-0.5194855054535648
-0.18116946762891725
-0.40431618229460614
-0.25290061520894896
-0.10033740492473033
-0.1336243651026214
-0.16095399679852254
-0.08735902513324191
0.0049324933340636435
0.11896630964889798
-0.10956498235241109
-0.08170378928864973
0.15097784236431674
-0.01587031792295854
-0.11795579808425725
0.01197828305604426
0.01001126193403059
-0.07959955983527693
-0.37574322751525613
0.19440721082795479
-0.2542871237180892
0.002449784453612067
-0.13493470424835258
-0.16196839076167152
-0.31299207391481676
0.2395620787784405
-0.25500843232248244
-0.09810545604011772
-0.049647847827146055
0.14875076038927262
-0.006629509396791737
0.13725010071761826
0.40898827298677004
-0.14970704863663678
-0.13082899259867245
0.26981506731603944
-0.04457621181626426
0.08242268256012313
-0.0832242854698642
-0.15136221254294516
0.05915733337537858
0.2519665651765923
-0.4519228008917855
0.1502796666977005
0.04769155152391471
-0.0813487679355264
0.09741835829217842
0.13799556283422318
0.23768297495008503
0.6161215872915233
-0.5548662400783048
0.44474374938134803
-0.08238773956901776
-0.0921436060629943
-0.10851161387529405
0.10734130855616056
-0.3338133363809328
0.04641850859731677
0.933662868056571
-1.2236659676086818
-0.4455428354540639
0.10184218977907518
-0.15970178721770634
0.01492935998174932
0.21820353718409435
-0.17862511798615616
-0.4586036372049052
0.1717623448662494
-0.11713233064399617
-0.03250134987034461
-0.33524320054172635
-0.0003950601407748848
-0.030693385182289454
0.006566744289858409
-0.307176548623956
0.01578722537770706
-0.03904783298411269
0.20596570988152876
0.03129330291217373
0.005797132864190756
-0.03520144258287669
-0.023457035985898135
-0.09681188827000653
0.11707091118120463
0.028958609267824335
0.12424226607333849
-0.6317606111405956
-0.012597314813771876
-0.10545189650320906
0.32912151249221844
-0.14851015876919713
-0.07140198449840497
1.0294647719161847
-0.08369069790857246
0.04638134866748503
-0.35684286679655064
-0.16598874499118912
-0.5530013150427434
-0.19630449483703094
-0.5384022158579304
-0.4990660877044109
-0.18367939843674522
-0.2384564578680661
-0.06509581151444603
-0.15627615691023866
-0.010087122609536685
-0.7137664449204201
0.3905519122823559
0.002970473539987406
-0.45105255814196227
-0.2329667262332601
0.8323484320815381
0.3060585347620676
0.2751621564362182
-0.07200240038581388
0.5620189350465195
-0.31891982949365283
-0.03681416283141161
0.25418039177765467
-0.33999760760025993
0.6182566148803404
0.07036818083908156
0.28267789553291
-0.4368036806549644
-0.366698191921831
-0.32115170013946165
0.4724638645747611
0.022298438911433315
0.2650213649602245
-0.14747166976250908
-0.10020044551845912
-0.23125726611742636
-0.13237115013184067
0.07511520805059105
-0.1757065224770403
0.1314930799434192
0.1423425010609228
-0.08742620092985155
-0.16040379746651928
-0.1365819445620864
-0.0010333818211198122
0.05996439049363777
-0.14008418109218895
0.0953133258637161
0.10569996558469977
0.11052085310516874
-0.2587598465015352
-0.2111837189700142
0.31780268948525225
-0.2118239770555913
-0.22646311989272594
0.05408284434716229
-0.20078129725868388
0.2100384234012611
0.5373118665795437
-0.13327657062412118
0.17999437971853144
-1.0986080468550745
0.17061764905799529
-0.353858690548203
-0.4495587132932183
-0.3572766749351046
1.0912649290840302
0.03207590923862406
0.03330005209497681
0.11056301265601079
0.020684521440836216
0.5312085439262194
0.02074718569821674
0.01602434268709063
0.4674801226075927
0.22819290775004317
0.13316636018681513
0.013524880867961485
0.054219514211572686
-0.17342098188902466
0.4027212026684448
0.1379396581842428
0.10385921513754037
0.6897903676141022
-0.27499682976378076
-0.07171042453382065
-0.01989372278284904
0.28548532200788146
0.0008206644037892022
0.008806505697421968
-0.33646419615774276
-0.2183217124829652
0.013842328946087239
0.4535961142140193
0.35335799886207103
0.16021601722677983
0.1897556673053651
0.07292136251625993
0.18757904414135637
-0.17376453287330737
0.11262043464063523
-0.07375978747383438
-0.09826949052748363
0.14304487724856932
-0.004546135951385643
-0.05548325262971959
0.32284326759179327
-0.23705285102219503
-0.18891922817324897
0.16639608166013503
-0.22288342836911693
-0.06801292739846183
0.3773992217120408
0.14886177095662687
-0.1336589427160715
0.6036606342403877
0.04783133981153752
-0.5585855884395966
0.13201658151412354
-0.2704485099124699
0.019955743538894892
-0.35835086650921316
0.036703828383947174
0.6257536069813803
-0.5681163342555069
-1.9405893680277115
-1.6894683897733362
0.08758955579774885
0.2593087209377208
0.07382877406549199
0.17534353349285456
0.10178347332349477
-0.07963943313622188
0.03824667068883675
0.05583293582371376
0.4052388999272289
0.008800027478961725
-0.14744405504988367
0.08638529169562391
0.21479370027834502
-0.12975359286932966
0.07785886243071852
0.1069496571041037
-0.12156298116233569
0.2778299965857665
0.05617841966841617
-0.17219270342482296
0.22772796323204042
-0.17276821418755683
0.2970358088393472
-0.3088313264185551
0.12205703551127993
0.08995902973181218
0.27144093244316114
-0.15427461689828492
-0.1541101903186185
-0.19711117551238386
0.1273344502592546
0.03238152620770374
0.27013754053632694
0.38164752709072397
-0.06233024848400155
0.18122165603912174
0.24718991449299096
-0.06876970978730583
0.0156898878393182
-0.11396667721868203
-0.16801334606540994
-0.14009207361637538
-0.09477712772451737
-0.41754324084886235
-0.05052830371257006
0.05289452374093917
-0.5922281865234472
-0.0906412219077808
0.392638882295439
0.04700651951122452
0.3204000571233302
0.21073132955502055
0.05514193942751497
0.02679729300676216
-0.20061919415611965
0.1439819868387633
-0.1738921118113344
-0.2758106177239116
-1.2122845062673209
0.6958131699207594
-0.15557147886419415
-0.17947929519917197
-0.2370268013346377
-0.6672366553653658
0.1706997261396502
0.05693093973851262
-0.2665409283795965
0.6859790486971254
-0.4195625378716969
-0.2611320651361749
-0.14883373191785498
0.07168442900221167
0.08202245676384197
-0.01642131998688756
0.05712276431484006
-0.13910888552568765
0.9800731635271593
-0.03777933891591219
0.31775603967463717
-0.07949383262040208
0.12111338178158622
-0.043302637230362415
-0.029273243093275492
-0.24580907608238584
-0.17613529137729966
-0.002976810025825168
0.15399137150356415
-0.19545423044383764
-0.26625990470809213
-0.02213083639244907
-0.056036698593771805
-0.1390792205865448
0.00505719275887758
0.24427502842330087
0.4093169567824952
0.15992964790582456
0.19619779257155598
-0.1802833934885035
-0.013365156483607398
-0.07695103104469009
-0.028617877269833822
-0.054702250716312316
-0.41586683895001836
-0.3386752725190272
-0.11520732957237668
0.039837115789854036
-0.14959893605919758
-0.14299342766918194
0.06556674395968856
-0.411719330538431
0.2002775366310235
0.26358687404084963
0.011270488474307064
0.16983066671331332
-0.2845212330313652
0.5050684522577494
-0.3115158909579894
0.3121064904141955
0.7156703093065898
-0.054648225548136885
0.03153678217539147
-0.056254993962295045
-0.26843746868110174
-0.08096013508524012
-0.4791354389800689
-0.03902380720515445
-0.38234628790783337
-0.3590030641182799
-0.013391210314470972
0.1851286695492733
-0.13649123058972704
0.18706469197408168
0.3029655513168163
-0.05552932677551662
0.032451146252342765
0.3361146284611429
0.5638715757713971
0.04155285172696345
0.08683727013703957
-0.46956614381531164
-0.26529263454309
-0.13402369384483392
-0.23231916547443898
0.26480846085653675
-0.19558707673673315
-0.20551078895318997
0.20162887425290674
0.15050204173944648
0.00603962776997157
-0.09406940709405849
-0.0025112555528332085
0.2954990111248694
0.07327817649142768
0.07464939707948515
-0.10555799734645367
-0.16362438500019866
-0.13782283776649665
-0.24792136524028457
0.0546857812053761
-0.1815734123901585
-0.07104798427048215
0.06227145811108352
-0.20866296472151868
0.41801890039484524
-0.30852737045582296
0.24796447611036693
-0.11547082798320238
0.3167457272729365
0.35679463380768683
-0.14502667465635785
0.34552051353590457
-0.05409130229345636
-0.17103774538083832
-0.21364888405329235
-0.2525749429409509
-0.7288151613306635
-0.31969934998229366
-0.4769122186911588
0.6533634729909215
-0.2234951834001038
0.08738326200153496
0.016181794301595734
0.10238465692816873
-0.0368648731793327
-0.05811671396286344
-0.0037355027245365158
0.2735086352876729
-0.4355602789459521
0.14283165794799044
-0.1903832038927211
0.17045465764982612
-0.3132583080583192
0.5177437445870278
-0.22934683702990438
-0.29268556412691266
0.049734378842605655
-0.0446051135235258
-0.5953441932146958
0.20863863088893145
-0.003045670121885157
0.03893333399084562
0.13890161198010742
-0.06138138159575546
-0.10318692090879192
-0.29965407487607004
-0.11428572257713475
0.006832426317804912
0.18841134832715448
0.06000358815505783
0.08806654205223388
0.018809134482765645
-0.5085208103852
-0.10776140625703991
0.17208136165743476
0.11697924358714534
0.10761105628937001
-0.30242692239048014
-0.044097282828022555
-0.006511205478199996
0.08412161331351296
-0.0753445624999586
-0.0036559133838950666
0.15769652377014376
-0.45756136847013656
-0.09462865443690845
-0.23332593639673993
0.1735340677835073
-0.02759897944431998
-0.016443701572071298
0.2866132558599675
0.04198154520870142
-0.12829738518833345
0.20213623605196707
0.07726593084077657
-0.05956157670892775
0.12002066977562927
-0.11518846781470285
-0.08443746669886136
0.45419250885625384
0.08878134987791078
0.05699999640853838
0.02783433004553108
-0.06829452884182692
-0.05893928770673586
0.7888744644076292
-0.16766880078841173
0.5190841999851253
-0.7506439714962997
0.22323209022969423
-0.027956732321498833
-0.02828926565817409
0.10930573310776662
0.27166236728962073
-0.6129522665693994
0.16548536217037324
-0.7385402099622025
-1.2093657513377356
-0.7042207657680014
-0.11881427561698743
-0.16477733514203058
-0.23087733958667092
0.2388067841678742
0.08801365750973503
0.09780708940773009
-0.0817623312982177
-0.008940005488721472
-0.019832947874970103
0.058045464840143335
0.25243252445302666
0.3882402424042795
-0.26343259795210844
-0.3439877580638212
-0.2508567442120568
0.38651084704294764
0.06892310536795597
0.03812885673007185
-0.06262114399978694
0.15973530334812278
-0.02991505083661632
-0.19856324730659775
0.03809580732238434
0.12127663755448069
-0.00622766714921771
0.4427939473821977
-0.4561734697057689
-0.43732540406340065
-0.6398408864595654
0.046500118024786895
-0.6382767344558987
0.1237768406075473
-0.6274042989557602
0.1427996426872438
0.03691240086228908
0.16536283471015542
-0.12662112838523068
0.35611983041692447
0.13835615964154518
0.3296398558807728
0.16915752792084554
-0.01690355707448565
0.1497427015029856
0.3364626206204426
0.11781347674678201
-0.11759784146848057
0.11832061319148407
0.010133077477611817
0.173334627909357
-0.284587084338172
0.3404278552519242
-0.009476994306672966
0.02304033462430124
0.10229213687409901
-0.2817574992025766
0.26007315434537126
-0.03590231117690079
0.4677707139908678
0.09702786746156888
-0.4216722703695552
-0.28158867177039376
-0.33599147824118863
0.19957020707742598
-0.10758363695363363
0.11916151525411849
0.18891790898884178
0.025349773533133446
0.4134542810338147
-0.01845736566576996
-0.10263698689703529
0.0621921408176586
0.19162301496225898
0.13626235768201883
-0.13962527061064908
0.0744123339241824
-0.15416864525218393
-0.03844962119250191
0.13002713704888344
0.0022978179040136605
-0.16860937347152696
0.00977968997967469
-0.13923562077676757
-0.0639776562386269
0.11953203852544034
0.04302772396885584
-0.6984863808740156
-0.18265257864159332
0.024421517162807965
-0.16727059346296014
0.1853367920026443
0.04395020202935891
-0.4577056175470581
-0.3166396463056139
-0.3750420429276442
-0.30875573891518554
-0.3111906151495575
0.029636394062096214
-0.18952814147192804
-0.05928496362129257
0.2096852045872838
0.39890344733888683
-0.020589025449926066
-0.22521617103009905
0.03894142107472389
-0.6217337173559626
0.7560438368428241
0.011142914240064401
-0.059130731132664545
0.30925648693721947
0.09504585419136839
-0.09336530097478617
-0.23920655632241475
-0.13925838992910453
-0.8812091671434329
0.3477175649169172
0.09449731377649681
-0.19904182891256536
-0.4666537500939769
0.19704565992273695
-0.3363866080815292
-0.17321945660749466
-0.4879922681618349
-0.20783139554279007
-0.004362681681296606
-0.1003916987268396
-0.37765357660445875
-0.22382389673509354
0.12304259527953634
0.26274260708881686
-0.1729072829063154
0.046914690576978196
0.15229271049383716
0.1616000817668865
0.060409087212152934
-0.23024401785526277
-0.27106739064042307
0.0331656972471676
-0.23030560569008635
0.03563080189135224
0.16894118888010407
-0.11452145351936184
0.11264132152832367
-0.30499857515981343
-0.17321470541854322
-0.007078061572881228
-0.4692692864159936
0.2092884443767063
-0.0509100406651215
0.07284864960393464
0.14570026397950758
0.5745449324676106
0.299219115596578
0.13327006450508663
0.003574514807851817
-0.22216098935825773
-0.00032394303451430026
0.1449151501342396
-0.19267476160572064
-0.1440047606714941
-0.31060134452545524
-0.6344250206116434
0.5358663021949481
-0.06780062025238094
-0.5377093132656966
-0.23155199799059173
-0.28785906062685307
0.21522331584415688
-0.474086645999674
-0.060816838172813026
0.10134263857783761
0.38132705288699303
-0.5224714112670015
-0.18445360455202217
-0.24589145280093033
-0.017134594809654922
0.13320970741190824
0.045478907640232345
-0.09300130432434495
0.18174219272668166
0.2281181007308395
0.061590113132458976
-0.11301469549721081
0.2829759492623995
0.13938378406072055
0.07445331215787929
-0.12491174947189303
-0.24792533831371932
0.07660568698738919
-0.1821822249111553
-0.21783240111411253
0.1780839381380334
-0.14827155304392356
0.08558728724638535
-0.04721358345697563
0.23979026561940636
-0.00777990120016674
-0.260416114786532
0.0358308396565122
-0.08952228810392245
0.29743599797613046
0.37929136697754035
-0.33186354419120945
-0.3178262063767276
-0.42494521141354175
-0.14662918674958583
-0.022951077667164893
-0.20732251416077446
-0.32621261792019673
0.34679891809405256
-0.31454721598547236
0.01795785194613641
-0.32106604732510774
0.49817299540882565
0.0010398421243370578
-0.05670378519107982
-0.16945017349331473
0.01823355578319086
0.21765622811194205
-0.27250512260316895
0.1358359269848439
0.12661053349652995
-0.16931361903728362
0.017106895637312144
-0.24873708232697328
0.15079574714538935
-0.24068463830794953
-0.1005496763996878
-0.003142560402498916
0.21958290290166374
0.077913345577105
-0.2867102078107866
0.367586820325569
-0.026316929572557286
-0.38365191564308176
-0.19334759875128407
0.2858997570867816
-0.2619725260008917
-0.08857812576678209
-0.1294937797585125
-0.583723807555784
0.11189633499492749
-0.15101407792896604
0.30529624644635445
-0.1470860031374875
0.1598870697383709
-0.04913349213234199
0.027349090421485017
0.08616042145736001
-0.06996470042335705
0.2558944346993582
0.35207393906085793
0.005539430469185725
-0.11328937000618029
-0.046234725214065256
-0.011983335259918619
-0.17792457791400715
-0.20600561023546213
0.011328753870355215
-0.21193699076682587
-0.20379409830973305
0.0726843938085884
-0.3838562166117992
-0.21048182737381607
-0.1350998414703279
-0.5387632285152097
0.12939553993592187
-0.14170989349440236
-0.15530364568877184
-0.09114682324167805
-0.08150790485953065
-0.07954293092975503
-0.11636664947984898
-0.2427315102800969
0.2757105567776572
0.06110127437746713
-0.18163199895610996
0.059280709384285986
-0.17336719465672495
0.2481314554439905
-0.048614321400588176
-0.20636248411272684
0.3531622750560336
0.22646086877972063
-0.0008157655707510004
-1.0415533721446935
0.3004181866201415
-0.2002026160264562
-0.14816904088300983
-0.07536643640621266
0.11217545081097852
0.17472148882715632
0.3959362409911404
0.08315633866716816
-0.013314170028640049
-0.2348963866660368
-0.363535283094686
-0.2075004995756968
-0.1751772535404235
1.5886200712722593
1.0584108365853673
0.14123908676339364
-0.37922362682558836
-0.029988555674867
-0.05253391184067678
0.05932485309454046
0.1566582161317347
0.487947243077909
0.20176993006318578
-0.047321892084337736
-0.020615090106928156
-0.20795232073643752
-0.014667959412038589
-0.08092611201721805
-0.06275271795479495
0.15001270146086837
0.3721112735994899
-0.10065053544341139
0.15814689236630633
-0.11236678469075286
-0.00781613921511795
0.028369323462845875
-0.07721091026988973
-0.02619469253414287
0.10986575880522009
-0.15333569406323294
-0.11358874170909
-0.06374067938040744
-0.27779142448592326
0.06733536061280852
-0.03161423481357727
0.29471382181950795
-0.0020700981811435566
0.09704125863880257
0.24027681834453107
0.11301525012595487
-0.06639311706591308
-0.14824883164341704
-0.1522189612734534
0.2029868240391903
0.06585810469732994
-0.37725134313642894
0.02823042128984978
-0.11664407348690292
-0.019743920575606484
-0.20268576790215054
-0.13320945677957097
-0.1503585467207461
-0.36448874532338743
0.21364690478649978
-0.2881147441372831
0.013525069310116234
-0.14367865039205407
0.08574531570779816
0.028985773403096812
0.18109550717723874
-0.2577583140660326
0.09395056111072585
0.22136542549799415
-0.06082936231843481
0.011602147169285622
-0.19468647836508843
-0.2411348092987854
0.18822275202298464
-0.23958565484424707
0.2941907285536992
-0.0030255757976451417
-0.07258375725327622
0.05576783742474411
0.16319313061091706
-0.1976722371803515
-0.1584830808980364
-0.18050649705206476
-0.012054312075798143
-0.13296588754610547
-0.2960325287425096
0.24910331014430773
0.5598741788262149
0.15384817803953302
-0.45051295150822324
0.002434845669246333
-0.03031300152966824
0.025381230176215186
-0.03564954559700997
-0.21740237429957054
-0.3864314380920961
-0.12895886591549435
-0.27202087579009143
0.24683014877036213
-0.31899349691748635
-0.01583166542460796
0.3585723394230643
-0.5109005269186464
0.04181527843801531
0.21593893668901182
0.13648069765523255
-0.30101895949535784
0.17108822942761542
-0.5461537147537863
0.12310958953808226
0.1573368212315034
-0.7428355816785966
0.013860197786074427
0.14337742709105591
0.19248798587072583
-0.2580523031460838
0.09534502179309585
-0.1589236783203392
-0.09261930530194157
0.29627293896075985
0.1854784082251184
0.7638625437379135
-0.0028031102757002744
0.06453923867057398
-0.5078406993445145
0.1154649096180594
0.13512935566994308
-0.03663718439355959
0.41429086475728805
0.047365167948666506
-0.4219604411751724
0.009948025641538912
-0.19061846559294138
0.05782735119784672
0.001752796731133834
-0.15677635012202112
0.07996163056556183
0.10608475078502158
0.2550596692977983
-0.02438281991402019
-0.009520082906637506
-0.254274466442517
0.14026021642551736
-0.04259610529933408
-0.10859360607902749
0.09598462113943206
-0.0914228078253138
0.21842486616537257
-0.05996397023084755
0.090640759415211
-0.1318562572800075
-0.10850697325481638
0.07261360519313155
0.022584666275839386
0.5165738670830896
-0.2259580556027668
0.6920474463250127
0.15652343987588588
-0.16107447807594416
-0.6212089180726164
-0.5399658987286675
-0.3036273211026678
1.3752173306752833
1.4105731642773964
0.15255080256078316
-0.545185349870561
-0.2585430803426896
-0.19383370021933694
-0.018677150546326383
-0.05674823012541564
0.1989723381784577
0.23482144201276736
0.48320984306992715
-0.13655177472715138
0.20365793651988676
-0.2542419508256639
0.23208326571448515
-0.17449988790181908
-0.13572106203862044
0.2113277045717615
-0.6096117027810415
-0.20111583004221326
-0.04603387826074539
0.10991136144727381
-0.26131676170432777
0.03234041297407136
0.0018390869426268895
-0.2840313802404992
0.3036929866531357
-0.015554070241796013
-0.7396912805752786
-0.08231368580229578
0.007192081621229431
0.19899974925101346
-0.038531765335537406
0.08574787842517236
0.2611755211826727
0.00972569230096834
-0.14004709345642427
-0.06959400847921647
0.11522544665245436
0.08122928233596659
-0.31150310040645446
0.1557090904420289
-0.07622955871080637
0.18132530978814163
-0.17286833437682678
-0.17477334520824936
-0.15569940423507755
-0.24449785243651817
0.02283371069758597
-0.02027239226576201
-0.1623429854226222
0.009356303857175965
-0.09267311706154972
0.0834029258701609
-0.17489443856309625
0.17919707742701085
0.14267306043698877
0.4269485316785004
0.20533571632825948
0.25982366537837265
0.5802004382096702
-0.16991131561241418
-0.006902398092706574
-0.04639225105880444
0.04664280331677512
0.14231365550291084
0.37907483515263907
0.6174140912894185
-0.03745983779475882
0.6183885928115334
-0.4822430181106501
0.06267536348898543
-0.07634160104325223
0.2648062157797453
0.22891124264264917
-0.524651097685639
-0.23878437667641417
-0.24973813080194707
-0.5450709788906365
0.36224344490168714
-0.11385605039891276
0.07613523865263182
0.07574682679969999
0.023010829513615765
-0.1360450362182042
-0.443326749747721
0.08629342009271328
0.20374899208700173
0.548237058415754
-0.5331247594279657
0.10533026581450854
-0.096427894643369
0.20218271792326065
-0.020348544176860085
-0.2751602116677485
0.13835822409163737
-0.08557287632873305
-0.12484166029347352
0.2601949529616148
-0.23088379758594493
0.0445064913321696
0.1401347435379584
0.3135150054308244
0.031576626086164426
0.014752754469734149
0.1517631775278457
0.20456987525830006
0.16710295008794462
-0.25448520318992
0.3174056620110202
0.022806202006007394
0.11565757644165746
0.14508414944651235
-0.19783780614939558
0.282840757587885
0.4843293128510179
-0.39232868285140254
0.11964438241099044
0.10642497776883213
0.21517163144794496
0.14226390766129654
-0.40995459249660915
-0.10734311045256582
-0.2171364417945789
0.13650912886975938
-0.02453223285797035
-0.0020932539646106823
-0.10296946756487023
0.20326223467281382
0.05305511405905618
-0.22540399954321416
0.169627201074004
-0.06644420683980053
0.10762058285481543
0.17154539583796227
-0.6181042288192117
0.24435541999527982
-0.17790160379383257
0.15587945670777292
-0.47808986515196444
-0.21299695554978038
-0.23599034376474018
0.08955139923375711
0.09692406738696988
-0.3377690197880705
0.09738003822956724
-0.5398735098378445
-0.8147806619193546
0.22190088061739063
0.007746423524440494
0.32626548865994043
-0.009624419582990726
0.17844758961709442
0.2168865740421942
0.03272829185669212
-0.29451803625423595
-0.12517585819589547
-0.16309524606742712
-0.003870861124166324
0.021319400041848575
0.16113454938116287
-0.06208445270157736
-0.037030376943028326
0.21968277903987843
0.10478700121427736
-0.04864009509801081
-0.16703884490701262
0.005204433985015953
0.29529787619248704
-0.07378927625876494
0.03774876215970142
-0.10214827232460733
-0.15567867566565896
-0.3323170464926559
0.3880365525705685
-0.09335352609336886
-0.12081528008369953
0.018576050111096972
0.2178562130579959
-0.10537410262858833
-0.19320721768483304
-0.26554847483330657
0.1720130333454971
-0.064675247317962
-0.2114413786710537
-0.30567559402251543
0.006686158892934927
-0.02736184287357581
0.15718932334439445
-0.08300781156568446
-0.07644184775694304
0.4531703817270191
-0.42087408762365813
-0.2616242271390067
0.28420626170314184
-0.04334507931193235
-0.17481728316451334
0.17126878991228187
-0.07152630684955229
-0.3381202443533661
-0.1867976332514389
-0.05653629383793571
-0.12859402940966883
-0.13602603862411383
0.16347592030043367
-0.053760168936287066
0.007732680550179009
0.37762667180058074
0.31495911226499396
-0.517180784447058
0.2933692899986564
-0.11694835120195855
0.28882810003108633
-0.18016026658297352
-0.020841662331043367
-0.1739737132755994
0.1364469840966172
0.018999566417663424
0.1467570461012122
-0.14585912024582767
0.17236993878567883
0.02825097160507563
-0.0865043781342641
-0.20812026053787513
0.20593473958145564
-0.30103815004163104
0.17323543290685162
-0.26983956725473696
-0.021275212733507368
-0.12342666210098013
-0.39631470416892667
-0.45274548223901145
-0.005765644585449083
-0.35786009021036674
-0.14613344613471232
-0.00033563529704457186
0.04318421066576215
-0.2669541261192988
0.10577782512073274
-0.29189504813232287
-0.8118574600902491
0.02883289266502184
-0.12124480509112902
0.008704721169550338
-0.19543301732698143
0.03940523729260875
0.43398659579041965
-0.2063871441127756
0.10740238669196481
1.4195995136556738
0.20403658503068006
-0.2969734332748059
0.15176093877935345
0.11398627328661166
0.3252625292594562
0.2261080477842081
0.008173030356359868
0.11970368792391375
-0.9519983897671398
-0.3807714109616633
-0.1362243340598134
-0.46036213538104076
0.059979688439572534
0.1962023306995078
-0.05889611000149001
0.16422205985183785
-0.1555368315049153
-0.46929541141330655
0.20406292534987697
-0.23876353894276442
0.31059856432866256
0.033193485244993916
0.18853768321569664
-0.15532964829640367
0.169955238972532
0.18067955714545297
-0.07938865067784304
0.19442091564049513
0.11422287928565424
-0.03572084370252039
0.23324673221676073
-0.009760411556544987
0.1711492134265943
-0.1868304177401099
0.06433704246908029
0.07697115733669421
-0.40491899771761847
0.006841969058660379
0.3446405501447373
-0.009374260236951048
0.02904715251672625
-0.09861772379730992
-0.08324418633099953
0.052900715306653946
-0.29278154495100867
-0.11831810011917308
0.004969756720518546
-0.2596607725861637
0.11495579527406395
0.4471551954038427
-0.5159088588366029
0.3169392072436533
0.061238239807254714
-0.09318713897768709
-0.12231739498726756
-0.013628342050159276
0.03964418865333783
-0.1422126621869399
0.12182515823295573
-0.26756073828117444
-0.4961952306465917
-0.19021606967559515
-0.31280778960126104
0.07542846071324108
0.1071123285039108
0.02198923363853306
0.08039230514611334
-0.5319667671343854
-1.0855274163492268
-0.06306301263644727
-0.23642016460392848
-0.1216077502920077
-0.19866686706882258
-0.12422353518184404
-0.05365497026305892
-0.3387519798232525
0.3170879519955251
-0.11180994866026142
0.3858835424773589
-0.1739140945930136
0.055893233859817
-0.021295655836014542
0.04097982169992127
0.16808119743965697
0.25522926445922883
0.08209486309640773
-0.03921225080340231
-0.07616935215331101
-0.08053684994828958
-0.04539451469845884
0.24829092523825694
-0.023718665537464424
-0.0285531052716912
0.13458181458762047
-0.07434890713293604
-0.12285368964404098
0.22211146482348246
0.12434468195334826
0.2843846267456706
-0.10839213191796845
-0.1527011513608298
-0.08712732892599634
0.12544440980912944
-0.05838807914757643
0.6393615886375152
0.03112555726040891
0.08014665888231204
0.15334144041760123
-0.4390182119999539
0.1662777223486706
1.887593749545564
-0.08623650913516326
-0.011874871622668296
-0.1213237766973087
0.29411508822596805
0.05829392232226813
-0.024105460024423937
0.06623549114975598
-0.6448139322708701
0.3908162825334862
-0.3195612269496806
-0.19310481239951025
0.0384252942150565
0.41744390408906856
-0.04918836986270441
0.25857439415600714
0.05463293277687531
0.04705675309969514
0.42251203329516007
0.18872067819473967
0.1149865071429928
0.13664894715762613
-0.002630673353975216
-0.17836712482361441
0.17692934339630928
0.041819643152791235
0.06293304447808087
-0.12637398611813036
0.29165625130278516
-0.0419936674796785
0.16619091918967746
0.16933379589833636
-0.018451695940505268
-0.05840304296975241
-0.25544548309586584
-0.07144373803054793
-0.1067056532688242
0.06257052125481209
-0.037584130201215656
-0.18299913152261932
0.23178186328814493
-0.0359884449831614
0.15826779429355345
-0.3853310570010355
0.21787158824912872
-0.08785019531520491
0.05199778409426629
0.15886629266022864
0.10439685769252313
0.1112819246999923
-0.1088048390331618
-0.04276018888044783
-0.05914033033330326
0.06946422910071734
-0.21126971305706327
0.06905343147978903
0.33290674326225
0.30089290019943765
-0.08029859046613783
-0.023493371312115034
-0.3624912384577957
0.222613230271922
-0.029794956990037386
0.19268258297952984
-0.24625201768102645
-0.2256064693476373
-0.5061019346761029
-0.006680486097906598
-0.10349892596399317
2.5777037068392326
0.513263753386702
-0.002976932430803582
-0.007578576794947463
-0.18129234377346853
-0.1515757046944051
-0.16389098739658675
0.2504886265305623
0.3128400954338611
-0.10807958547915973
0.5087103960572487
0.024025585491837986
-0.060982234980713
0.2977501309662039
0.1267301673261696
-0.14781561846169766
-0.05608312434302477
0.04881288473630472
-0.04140369157062036
-0.4612804735747968
0.0678907929397285
-0.4625412593680486
-0.03719366516992685
0.34479573820662673
0.010842831519333726
-0.14941152422561227
-0.04399997800107613
-0.06905961785863692
0.6699135917270858
-0.08105637840190624
0.10537298041530378
0.13178829236022296
-0.08255019810393709
0.18632497685381746
-0.021121451701166867
-0.18665248731258094
-0.3341175153616203
0.005906271969279089
0.2449781436247238
0.37016392794797703
0.004084635171486403
-0.027323657897306952
0.13889483328633837
-0.3704538578990824
0.1653137150969822
0.2900071095183563
-0.2919742976840813
-0.09277794386986768
-0.3081365942155243
-0.17410695356081693
-1.1180969206107745
-1.2015424618889197
0.034055209834273924
-0.04943932803713284
0.1783275129919133
-0.4662910380496531
0.1488826769025002
0.3218166342762384
0.16018305269293934
0.22409222238395896
0.516019378204013
-0.15076954863866454
-0.3928755837997203
0.1906982570718614
0.07235034830560651
0.13275229429097557
-0.04907640637861918
0.14325165435064055
0.16587423119208022
-0.07544036352600447
0.2735073560770615
-0.21872537466713762
-0.014130066961865482
0.35943909999379514
0.28278105704981193
0.33980124300373854
-0.13568741542986398
0.31123544352879634
0.6772207657704359
-0.3582626949632359
-0.024791433317381782
-0.34021484440625976
-0.2668776746402959
-0.11847729758290222
-0.12139421105704111
-0.23354660785827158
0.26945701941361905
-0.12857349280035718
0.10257811854237531
0.24442996272917444
-0.1202198508847873
0.12142321117670664
0.27213885882328875
-0.026085516978564923
0.24571668322473716
-0.05946764265617264
0.17812372891042202
0.06965111023644023
0.038578095291665004
0.15167825437909246
0.1536488616871921
0.25150059356855925
-0.17719701046986502
-0.2726148218969489
0.31087201235139134
-0.2874746351411222
0.25717569715562716
0.2090395431285121
0.07604519266060585
-0.060458043339373914
0.09679959507241535
0.38428447854754
0.05168963463607808
0.08493380866853473
0.010814840453746692
-0.19503958750077668
-0.26549016250088636
0.05081769050252309
-0.15695302761345917
0.051975694787536476
0.40955322143061645
-0.4865403002212105
0.0072833593493168685
-0.06335448719740101
-0.21816931380631985
-0.05427046304584035
-0.3804661830474626
0.029057187358213176
-1.001044755888227
-1.6655235372613968
0.09692155043544004
0.06241940075541811
-0.09508779114992465
-0.10045704505037469
0.3848178484693418
0.4211949622797656
0.04222553083908756
0.729014410474205
0.9874897303032244
-0.11755067741783934
0.012716112612724682
-0.012592109270183897
0.11666578519812566
-0.3054646022468997
-0.03682601587816272
0.04252700751714001
0.3009273870321619
-0.1643035728515291
0.02939213915111101
0.3474492676575178
0.08403269936829053
-0.010091001033934321
-0.2642312641134465
-0.0677687200541414
0.0504013269567609
0.09112524424621216
0.18536086944070576
0.01791954712177232
0.1310132906493439
0.2810837701436483
0.0018454265888780382
0.07924527030179915
0.0006502536656682451
0.11358196743808335
-0.23326695588157853
0.13467249953401103
0.08849030670520171
0.30042756521535446
-0.09435665441912731
0.08715192706754676
0.5950254287519239
-0.6374205701381261
0.3712518372904683
-0.14862980348097715
0.037647706532909934
-0.1452899173959468
0.1618632931324356
-0.3136282646201848
-0.3342067060649556
0.15409876352918522
-0.3898202365237141
-0.47467904849933573
0.02709106816091489
0.13738237738122988
-0.1862286598785353
-0.22421230899704558
0.15239066379717445
-0.34803270644412176
0.3456886511645038
0.5092090814368285
1.1002247919842634
0.13680509592243978
-0.037033214392085664
-0.31162677402823785
-0.11434841374445666
-0.7228413978595816
0.514559473647833
-0.212905923374164
1.1910114817612958
-0.5209815441977331
-0.07170523303276422
0.10979993625316177
-0.08796801740228798
-0.13616056483134775
-0.17446093821065636
0.002611584952544475
-0.09510345217217099
0.07369928946212663
0.37749060294811615
0.10263639461403698
0.0011113777005366122
-0.059925544157733865
-0.05971845507607482
-0.03781233170451527
-0.10031749612883552
0.09772293829359807
0.2399026178331023
0.0034897637204827584
-0.42386806526397713
-0.2401136795710663
-0.03227191634481432
0.08445132317805852
-0.09550991707699243
0.01858389349826962
-0.06009363336593621
0.48473260016712366
-0.026174274889941868
0.21089267549304644
-0.20200140457918375
0.21991259607866587
-0.0690410928241926
-0.18638687156676043
0.4557835309844693
0.23296077195390902
0.3572789898969082
-0.1695277467814354
0.5060516611194019
-0.0010757272503722876
0.1350569257162188
0.289112624981089
0.47419383001887216
-0.3441253174506833
0.06986168556430343
0.07275138134615922
-0.4085290700277603
0.3115037308717365
-0.4353469495766072
-0.2207809253186529
0.2803176318321118
-0.8792525230447575
-0.485277092335986
0.24852574042054149
0.11471527446983372
-0.5990634987827204
0.2533812522896343
-0.5457435579839641
-0.0688052098569319
0.26521209778696325
-0.6365863753460982
-0.5614146480231886
-0.7139788839552159
0.04516697556681125
-0.16011712433023934
0.03067403832679139
0.0035888593043193026
-0.028160984131351655
0.16387394810133415
-0.23999421003388832
-0.062351213974893786
0.12340101421802409
0.2590834890236426
0.0967225924884196
-0.1896125748535208
0.21212828986334958
0.25525294285405586
-0.08217615089078013
0.07256622320399686
-0.2596776391787271
-0.1558954085556558
0.237110340898004
0.10598949319549551
0.03894293123756965
-0.19836759991209346
-0.15896737756707363
0.22564637429856044
-0.4910080415558351
-0.38262027781083124
0.4399295857303342
0.23203316545150918
-0.36672883829680947
0.1645671438049339
0.02859658337853016
0.35301058541668456
-0.13977760697566613
0.16107224515836607
-0.1619367756740365
-0.2714965403015664
-0.22914826640431937
0.8115660380137015
-0.3258801628565901
0.09793835583012443
-1.0164119372122802
0.288871115294691
-0.3238629617516924
0.032222294476106444
-0.12084336899033078
0.19565992363898235
0.07469522902927789
-0.05271443044628556
0.4926587179993542
-0.24247623524591289
-0.09469191071053591
0.07047800973418804
0.0029003819420206642
-0.1013214151432903
-0.013140359215833541
0.08052175535517556
0.010565478109172155
0.06358117666399875
-0.17998733107876905
-0.587798935318839
-0.12701178720738704
0.08654669463116428
-0.1454240510668873
0.04232693583437255
-0.11040629029790082
0.04348022964515445
-0.5856387466816068
0.14589692218065345
-0.08556117721892463
-0.0821460612494013
-0.13834138152642372
-0.3302532369133508
0.45046503884235656
-0.07273292227209106
0.06748144176230446
0.038143703537025196
0.42717034896291384
0.06641649836608131
0.058125880806093606
-0.06071445259542554
-0.16538858347610147
0.26495104634193645
-0.0016396204580629561
-0.03832020746372406
-0.22917521349588735
-0.2316772911656622
0.17471499356717865
-0.11085041195395429
-0.07347351532045922
0.07592253061195077
-0.049611683647305636
-0.17511177464098293
0.09929000024367803
-0.09768634217676112
-0.10019891141466784
0.16840805651908983
-0.1656499029683492
0.025958225382364686
0.07530625781957997
-0.45675980085130397
-0.5612164771784047
-0.008135837665714437
0.10996577408124282
-0.029432266014544472
0.256163084226716
0.48715488451164324
0.10320275627762866
0.7745172965785674
0.9945763212233872
0.5034904654459519
0.02927364246188094
-0.04552277137200487
0.24802037065998916
-0.025799006392745037
-0.27712811173813207
-0.3720387691544247
-0.596364245740593
-1.040966195762007
0.9537340118065473
0.17349873862353313
-0.0327217808785595
0.13054677805627046
-0.3108145443628245
0.1821983553041887
-0.09958007751303247
0.30034296070442795
-0.06804446287488394
-0.28544794533799095
0.2623609802407476
-0.24626840834866087
-0.1900236763637904
0.08996775931917174
0.11167206817205212
-0.2130218085607129
0.07580586950810582
0.0008850087310925591
-0.09251137208803052
0.17911398991706173
-0.0560562929565284
0.05275328424454402
-0.27949234471053486
0.06050306559805837
0.16455284244845095
-0.13589317846642143
0.6286307234830989
-0.19405147871032405
0.047481725646593906
-0.10492132090800897
0.07379782923221237
0.078461214975731
-0.11569993995065113
-0.1470755079803159
0.23349005242068416
0.007964022991571668
-0.0741345387707911
-0.17625949187529022
0.04210770576640905
-0.3096558319139056
-0.2110495641352892
-0.3206488622278653
-0.4923835830285964
-0.32565248602166397
-0.2909051239193259
-0.5429065659651183
0.014462761664815563
-0.13034706253856276
-0.11537377564319816
0.05632737295611853
0.0220161570702648
0.08238609692303504
-0.1810788607591633
0.2774949654940604
0.005929132408596936
-0.2142184331043032
-0.02282876983027621
0.04648353062613852
0.11071767151122355
-0.025307180414780344
-0.2637449006503296
-0.13562478965747818
-0.07683857866458636
-0.10876607289623373
-0.18019437880933795
0.1619285879006089
-0.14794634486826821
-0.18463238574640173
-0.037640534630183554
0.01385726679217162
-0.06512878982167274
0.09779816359428525
0.0742419499780796
0.09039792683272092
0.10263660298950801
0.12970746764489163
0.010586589428748051
0.1288973837429928
-0.04714939918395319
-0.06007779405275998
0.1149611874913937
0.07147495459465046
-0.06119451433896233
-0.45997146690643687
-0.00963554299603796
-0.32044802247657844
0.005230133971618
-0.04127271592419489
-0.3489075512520202
0.3409090394939388
0.12661412186496207
-0.06237885406125093
0.5246831535179854
0.33303418966923654
0.2420140057062556
0.229090418465693
0.16862660039411512
0.029521413187285583
0.06667744082344647
-0.16335396415276082
-0.18607065541919426
0.5124925814647423
-0.4547628417109953
-0.1957899337483642
0.23200851127024966
0.03859592068642147
-0.022270140396779898
0.40484431760260586
-0.042763299952569625
-0.5019545231311947
-1.407887253452462
1.1217710901010012
0.1560189328797637
-0.22393656602318704
-0.062024319084467594
-0.3778411705750997
-0.30640773124146653
-0.13277346620951444
0.4145964580617156
0.1921915133076496
0.586996350197364
0.22566972414978612
0.20911554138210456
0.02538100348948491
0.15234919210627607
0.017987392984933775
-0.08717428718052272
0.03899932307856089
0.09498013301506925
-0.033721715907386464
0.2664277949088126
-0.23947529739613144
0.014930583219505945
0.09973275202298824
0.08429225760541402
-0.23645655678791586
0.41386654504352116
-0.19504610539155182
0.0668468435696107
-0.26769006945272494
-0.17745698004643692
-0.030993669026932274
-0.12220275673185219
-0.05876671539260149
-0.28561260157210144
-0.11157405965274332
0.15733636876303342
-0.00047419204110799365
-0.07047813756538429
0.11895346116780707
0.006967250679670959
0.0741853502043484
-0.019521651698340994
-0.031179559495327615
-0.40620661757342463
0.032054559050470305
0.04302663114927812
-0.19200647725730577
0.2082039279719379
-0.03945758326537132
0.19907700360908517
-0.09703047281729618
-0.2528860552568398
-0.029019051981685348
-0.6119527941166089
0.01343882457857536
-0.032919483806884864
-0.44600841923026463
-0.48743623424128874
0.23783538061792103
0.9861258739341449
0.8425299185922696
0.16355159648248943
-0.38892154699569337
-0.07712573534882884
0.12691343502040378
-0.7011983071825619
-0.4729006790449683
0.19279259345319877
0.7244973412950612
1.2280739733552894
0.05701512380458247
-0.20635414651733874
0.40796183400140246
-0.36924082014799187
0.05049413449043176
0.040881080392711044
0.04126485184988501
0.18908657675553373
0.06723703296981244
0.004975617442868033
0.05595335581739363
0.08070392164018737
0.008320886141263042
-0.03436638325613338
-0.25299736612042817
0.017340374300250923
0.09209255222654933
0.3265461478282213
-0.03968373494743897
0.4845503815797311
-0.1861621485132042
-0.2218500676196803
-0.29474373407752624
0.007092024005801221
-0.14238737300672794
0.306552350669198
-0.24390397276630196
0.01579857528781666
-0.3986351786339128
0.20980852311355214
-0.2897180678578707
-0.5509825189466556
-0.2996091093321609
0.10199160400921044
0.103750428621248
-0.12927400234047245
-0.013904131422444888
0.2416226427556578
-0.006660862756099515
0.2801767819467181
-0.0771515430954954
-0.07104851217672764
-0.3232436595743032
0.06352417896447368
-0.38071095134963095
0.3461771065557055
-0.18322832122746166
-0.18162194481411553
0.17305291382104204
-0.30723094691280967
-0.2741028188674408
-0.0797582316912371
0.09941944926057616
-0.3806629691465878
0.4065570472185877
-0.3537403589211674
-0.025231025428158464
0.22661829163499272
-0.5744910877273689
-0.1261412390516255
-0.13594734509354384
0.1496572834345667
-0.3389054444533179
-0.2845047470494639
0.09682496617698688
0.2547274562987298
0.3012417711608931
-0.0029957212982200314
0.2858274240269711
0.1697334975323005
0.12476960941039193
-0.07606114244860722
0.07988167083453052
0.04622691269466619
-0.1455399779325119
0.27088952204755884
0.009092602351385216
-0.1656500532008516
-0.23916628602298035
-0.032923204291608374
-0.5194817724834113
0.04704229512553105
0.33913670887305075
0.027941524449115594
-0.06723186514509807
-0.7316179188075235
-0.06755382643485172
-0.05970636896339306
-0.16736326361474252
0.0047330841104770835
-0.6296696708154081
-0.5066058960422517
0.09828066677405109
0.16052103211047145
0.2875139339332355
0.2503274394907826
0.36542203956930125
-0.18056121258923116
0.10800786929769084
0.06496671432449257
0.039988906887634165
-0.4437181325706262
0.15416155095508538
-0.043191057460266954
0.06730053276788633
0.28572299784390165
0.2888275913981803
-0.1283654082363489
0.1114270241619018
0.3710709146571714
0.0069918210455142535
0.2065761310556769
0.3215064916261504
-0.22356154052726207
-0.1708923922727987
0.336669223851966
-0.04915014589874996
0.18000690009942777
0.9343145318968232
-0.37811703718032874
0.08864477502438788
-0.01385935508454533
-0.10914202043988
-0.10368436254530082
-0.07273623056373067
0.09627442607518841
-0.07385332758898022
0.14074251666198626
0.2413263599806446
0.04328763255619169
0.14517940174032767
-0.19650255505541356
0.047254969869781095
0.020739056843014896
-0.023671361989263527
-0.0749186188902131
-0.22956211324056053
-0.0497400520221738
-0.321404219783784
0.20318102227925275
-0.23570931195796904
0.0005601316087064945
0.07713105508754117
-0.4023854111932054
0.23702623173241413
-0.7758890376136338
-0.10464252687240279
0.020399794567589263
-0.001616079400293669
-0.16660369323381502
0.31979560442688926
0.3965374378144966
0.2041361834701446
0.08528806642671088
-0.13498962446499527
-0.2626672403078748
-0.21099229282378468
-0.05553183036674982
0.03096415656834983
0.05114662014862327
-0.2167832911496608
-0.3473821844835229
-0.16668643191991372
-0.1602337425480458
-0.18042869435583106
0.2820978224416041
-0.5027671199175251
0.3662049959992901
0.5287103017239199
-1.0001815405830339
0.4987543108737261
-0.02856005184072527
0.21614992244535775
-0.19326957849213489
0.1967951873812181
-0.581598487342234
-0.030014665149083755
0.5607998389952175
-1.137064181176223
-0.4157180494348008
0.13480686689871188
0.007973088758663255
0.026059240125581726
0.01570562601144991
-0.0698397190882045
0.18892496332000355
-0.0017174254260991615
0.05064007824205516
0.11136799290901757
-0.08282694098070195
0.0014582567111159626
0.43966236783519574
-0.40736201105451686
-0.07006430791767865
-0.0888236572683059
-0.34589876168770145
-0.2346535666545842
-0.2676603361731231
-0.14231819156760808
-0.06739990696956474
0.10887018705292534
-0.10558191493684733
-0.021245856979141522
-0.28816401732135344
0.5671771278890348
-0.43244816195251173
-0.37263095995968554
-0.2661153519854475
0.003420220153383962
0.012858345260562018
0.03146391298229593
0.1274629981926847
0.18907693042170656
0.05618486685318558
0.2179080701532056
0.13529795471625244
0.26653150605901194
-0.014044273599443125
0.1084688279591524
0.14371530508092703
-0.15287410827545225
0.3612065602289277
-0.1337104246511591
-0.16729853130525565
-0.14041370094963432
0.39880647897754434
-0.05664764622277022
0.008437388475087904
0.6425268517620277
-0.1014656973229935
-0.3442836659223097
-0.3010788166747003
0.13991326407938015
0.2908715854800958
-0.04041048647235109
-0.32577846124469456
0.6345393668841097
-0.4707066353607129
0.7926086334611172
-1.386307499178213
0.1392796236752438
0.11828923793586231
0.31826475215172345
0.3499091153009854
0.06212758525811257
-0.02649462685755587
0.2288410998453503
0.13354254959219009
0.06802294424364183
0.16571077142765514
-0.026516070893819462
-0.04100671006118759
-0.18677418541358398
0.24286940568230864
-0.23427722143727708
0.2916063602419457
-0.13620321701788962
-0.2127003900328967
-0.22254644663824957
0.3824265927716334
-0.1372419700508256
-0.1329870241448016
-0.12570223929259156
-0.034167138238828665
-0.22076992471391585
-0.12624303007738852
-0.22656528418797212
-0.34803835125223576
0.5961189425408739
0.09527316049965177
-0.19296236954142088
1.0621906970943575
-0.3179616945323427
-0.0530518380944517
-0.03106077284832635
0.2809552822611595
0.12346290417926686
0.36348101212938916
0.06965578943030458
-0.08741233700614014
0.7199685302866325
-0.2828517223293641
-0.04781620438271632
0.14808053635453772
0.06777515523844367
0.01080467361780256
-0.30289332660387347
-0.05208542239322088
-0.33042350695084644
-0.6443697400747964
0.3195210158512748
-0.07043021533517822
-0.07823322024605317
0.10585525261643079
0.35721550527643253
-0.07772511101847161
0.40308818424294063
-0.20729447480456323
-1.0678102271658076
-0.15212296699443315
0.07556849591424282
-0.40768961746201415
0.06282519386973798
0.2025293672895718
0.24068569102422224
0.11043317589466989
-0.25841915484829575
0.018666405503567
0.2794665921499728
0.39894234954853297
0.12278408927125628
-0.1849254838501737
-0.045907426146418386
-0.2116374484134329
0.00010292996388637599
0.03948338972236452
-0.05347876108670551
-0.15187920580408235
-0.2585458022680459
-0.06279251181350005
0.1638358170868043
0.2708360155007639
-0.11719110427403007
-0.17631202940732976
-0.20878269259409282
0.6095489483101562
-0.12535059625051007
0.1772494495272174
-0.07662547975111306
0.20615950983146758
-0.6994125754896576
-1.2474535385553172
0.375108302019563
-0.0167518620961974
0.24329687801801272
0.19112038945083054
0.4929796638317228
-0.09311863318395949
0.10244035023922898
-0.10652234731448808
-0.7744052040074286
-0.5963812250682388
-0.0008763672279934371
-0.04507527956352286
0.13255200726190935
-0.40271999765129785
0.10133486885392101
-0.18580093217321167
0.28709739058681333
0.21871242937396648
-0.6423820175222438
-0.05415863622334669
-0.13162519103341777
0.10192955064655553
-0.013176497453632191
-0.08802899133636129
-0.1704192686671179
0.1015989064348452
0.08063185923760689
-0.5136113020095345
-0.07315285758395379
0.09658608503879616
-0.5783635431146891
0.12312074407059725
-0.23355440271809627
0.16957979970916728
0.3177064565497987
0.17521043582976514
0.006354141021449008
0.012649597795668911
0.19099023125641587
0.22176452022972631
-0.09911305048700772
0.03567788140344724
-0.2895350622803874
0.1404000569321221
-0.15962652919773043
-0.0935794804458612
-0.10507386619051222
0.22885639757319334
0.034549463311099746
0.30253110092616947
-0.08903133371845964
-0.4063363328617891
-0.11520861423709118
-0.5067190367289696
-0.14439987106593333
0.21172508245102134
0.1051120376916688
0.23459701308345002
0.5629148459003309
-0.48147512025057515
0.6707917227500202
0.16302554212578338
-0.000827610086852056
-0.11573140836373388
0.2644807329584878
-0.10993810991303672
0.11169251419336675
0.7361591251493277
-0.4608464685348759
-0.5419324192554502
0.01048074660058718
-0.17656184039850645
-0.0018361063687883635
-0.24869071697990375
-0.2996862686170515
0.16758394019683112
-0.0639505971499839
-0.046242300326198284
-0.349267151768686
-0.11946428510305639
-0.0815612629242773
0.051625916095521134
-0.5438150147171403
-0.04605069063977433
0.0066335281232524365
0.18311737178674997
-0.06358451881448575
-0.4377434574070679
-0.21965553958454517
-0.22770609349574242
0.10328666670257418
-0.10097647393267913
-0.20021196526347948
-0.03510824826945638
0.08759766815520226
0.171101008173586
-0.09906379124871396
0.01190025588210544
-0.12616442794416935
-0.3147622540312715
-0.07918597325575054
0.07308778224622482
0.14961836506419832
0.08417111453929395
0.07902637536412511
-0.05347263712901471
-0.3110369897477406
0.07606872805938265
0.10774134323837109
0.2716643477324488
0.2808363284624776
0.26903905629363933
-0.10366152430876595
0.8200033154942371
-0.31945246319298043
-0.09989082850711997
-0.033003838681489976
0.024865188625391308
0.18006546641435595
-0.007227000974552179
0.32868718637559763
0.14291737539352314
-0.10915834555326193
-0.1684946737308571
-0.5913364690854233
-0.29613260396439317
0.0247875958914303
0.2676025105720659
-0.13746454549955833
-0.19161329498188825
0.0005698564584665257
0.27865473510036376
-0.14918357400550247
-0.229452995936595
-0.16487049192925474
-0.46859981491343944
0.2723701654638385
-0.013943260599107544
0.5568711348217801
0.006441799646441852
0.12702406400506833
-0.11085909820313752
-0.4881019953216066
0.8876149045983659
-0.2860446647058664
-0.1009390980587245
0.3399726043280223
0.6336329051014279
0.46552880474458075
-0.48050650645696813
-0.19351817425259144
-0.29235405094166234
0.3616186088257111
0.1133103745695869
0.26044381097380653
0.12193392327756347
-0.07514432050306954
-0.09126673564149701
0.20678517463161147
0.18719112439931546
-0.1840370999113727
0.11843311000654334
-0.27530919716950736
0.00313075999570975
0.35031611595208506
-0.1438320941512476
0.1245021851973661
0.1568956346602072
-0.10567641168553046
-0.11334068533094441
-0.046473778703939365
0.0156623428735625
-0.001242759291424441
0.3130978077564678
-0.4146344254320719
-8.747180839394682E-05
0.05332419155031621
-0.2769700897726095
-0.3614201846550264
0.7401669759511232
-0.2545195710277756
0.09207893886757751
-0.2886711469716407
0.02604694714194966
-0.49694740934462683
-0.5294759401922234
0.6336582171271128
-0.3905981184305756
1.0441948062786857
-0.6603069536064557
-0.1634329376581334
-0.20394729090406039
-0.21556410445411728
0.0835159872549622
-0.08169812150388357
0.16112633504756405
-0.1696507215935781
0.03504635787485191
-0.1542628513618137
-0.2739580508655854
-0.18599807873100627
0.05849564429094008
-0.0021684051156576315
-0.08673090449807447
0.35777972585315
-0.15867984911309244
0.6038845363830649
0.1764426689247425
-0.08435231114400825
0.06173053148958232
0.13846346270109422
0.21782564084509654
-0.40508198259082384
0.23924956340016246
0.010775193053417377
0.050777607361029736
0.04956082945410258
0.08913892370400535
0.18515472682625744
-0.11042751494337998
-0.37949367293128256
0.03988117391422714
-0.058317750650785
-0.22493155329871767
0.1838975223142798
0.09201921056493131
0.345751157429931
-0.08277132179880581
0.1155599998879073
0.012143657082927632
-0.07509897463552714
-0.1633251636497274
-0.15313959198734473
0.26657440277290195
0.14365901513881835
-0.12521276231463477
0.12530114658866934
0.09405629356086913
-0.17807760170519016
-0.8564038961985184
-0.5074858115799735
-0.11655916502272427
0.09399671308389762
-0.314320228368729
-0.44868734438280095
0.07636981971723907
0.5539118669806378
-0.12417541489315548
-0.27716391181477906
-0.3966649031383077
0.0929050441680776
-0.04904224704229847
0.10648115615357724
-0.3080331684427588
0.35751080485906994
-0.011618820946338551
-0.18766479939438602
-0.06984607928802872
0.30932827324088746
-0.11752675464561996
-0.08075353707903161
-0.15751071671514752
-0.7445681253650652
0.455717894757421
-0.0256813841118699
0.13880046104491583
0.23873592470113605
-0.03224837684699346
0.26689910912026166
0.054514859024529905
0.06865832330101303
-0.20712677981491634
0.33361791741186375
0.4767388282963363
0.07665117771139118
0.380563865096053
0.09203736556446089
-0.09913042743925041
0.11078176824429062
-0.1750870526249227
-0.24852579621415669
0.07543396738492887
0.12377262515945314
-0.02062389336387745
0.23687264671272204
0.16198858812865152
0.07202087766381754
0.23428128786671656
0.5490541600365073
-0.6916860470734105
0.1317163007102591
0.019765325824865853
-0.325773236602014
-0.534880373734095
0.3366039931282709
0.10488830415010086
0.21530807734270027
-0.039784339145083746
0.22990802721926729
0.46118935663402205
0.007547859183969132
0.2152402703689528
-0.26565287228813467
0.13452220702818996
-0.5719598584847296
0.7879192742933842
-0.14655292915852752
0.5893769983494681
1.4674038241101035
0.2038094255043125
0.057247368276098186
0.20477204371493712
0.20289268737857125
-0.04551136295691849
0.4011515190194494
0.027762831300306386
-0.10184530327108901
0.3975536381540885
-0.10515604955722042
0.12053782762439388
0.3512897773909959
-0.05451404420063347
0.4231485265141349
-0.11906253305182443
0.039275285070899536
-0.17713982355484414
-0.16714615737133484
0.41726878422094504
0.22171005153138565
-0.16409654294775725
0.07628324024641267
0.10998715984323935
-0.09948497166019281
-0.03223959032158835
0.005509944035915463
-0.001764479641854272
0.19566537938696266
-0.14915428073819523
-0.002664795869524875
0.15592944522290286
-0.1017784143333012
0.0445831548767878
-0.17506319363505915
0.07271268099357839
0.07642154979262421
0.037108352390380545
0.02997617949792992
0.03451307145901883
0.0032134931409374097
-0.12297609759130367
0.11006904783472035
-0.09744393768498316
0.08869820074912818
0.07011815477899697
0.10509706098355874
0.08925905904926555
0.09780531961443978
0.17183983873090808
-0.16392175294617595
0.08682809519105483
0.2710424776219836
-0.004703457496952496
0.3199170093060401
-0.034469478651623926
-0.07942867025244599
0.34953621336055596
-0.25479659057630105
-0.051113529843169164
0.5446305410617126
0.46551492467977473
-0.3542977703889184
-0.07606803050222896
-0.01290205323195676
0.2746910921957761
0.4392146733105121
0.0102403926942846
-0.1782062119083887
0.8251010152781092
0.13205322069501574
0.12281497363661689
-0.06285694305894385
-0.2430108872126203
-0.41090918722867853
0.005052677756511045
-0.20015202676159743
-0.38175810814869426
0.04989443328606495
0.3295735219530313
-0.25863299706457515
0.30418216074898724
0.06897833869229389
-0.19762968748478377
-0.0035110313633241815
-0.0945446281344297
0.15984244302959252
-0.36153450585233865
-0.12431774235076877
-0.0657929327929778
-0.12750138989300544
-0.2769691815132555
-0.05601615485998893
0.1711787998085699
-0.02474659562478089
0.12970452465032503
-0.00020653407298087205
-0.009317458309078496
-0.08882628025029132
0.026303047851807693
-0.15579352507102637
0.29773511742404213
0.1350739573389787
0.12861198787310993
-0.04843413795752092
-0.23265360454199882
-0.5013491313965398
0.17606427729818663
-0.6723914895728811
-0.07909084089399644
0.5429760957351807
-0.30248690691618213
0.11262089345260957
0.08515283168898655
-0.0877762251892064
-0.23995315736368023
0.2687301324390965
-0.3410840061235676
-0.08426037039837471
0.47507099389174295
-0.4538638194242089
0.17395568747748652
-0.2193522565681352
0.04334742635724871
0.2878027204203397
-0.3018014126121554
0.7651710585515925
0.19214566136693947
-0.005079389970149646
-0.09967242131166294
-0.025597432621984252
-0.15091769738921307
0.007836764722508334
-0.19271310882242124
-0.15664512607404898
0.24790339043612183
0.24105279464279172
0.25902331995702643
-0.33174884382765923
-0.3259583954347399
0.09714692912129097
0.023478705186216395
0.1144082573702896
-0.10513487772356582
0.01911584630716198
0.09857012889222033
-0.11563676464705182
-0.2779869064411091
-0.010595756804217699
0.0015251782720029031
-0.15957895542124034
-0.10016049265761039
-0.2756143231021225
-0.0647892327172679
0.046220259989497886
-0.14234289332894837
-0.0910435755978477
0.11839026605164622
-0.2213077555582827
0.12331364549889388
0.24409618224619561
-0.048847335209176924
0.2299279160620336
0.0005934786006311032
0.19343194231625094
0.7792281987310328
0.23463485547406057
-0.22671630555325198
0.5946687448745914
0.4280241022694939
-0.08375739871378728
-0.21128672052943184
0.04724946864654939
-0.26862155874975147
0.05509163781105589
-0.07511206418872685
0.09281958446815695
-0.5976557982500508
-0.5142911351711699
-0.43982931572480605
-1.0581546504007293
0.9192022669302246
-0.17142163777887534
-0.23250396564634332
-0.039283987816479425
0.11205032308943942
0.05547246143392799
0.03409098165838368
0.18321570297172626
0.2386912158009419
-0.021838231152011455
0.08703010783252249
-0.09523538150873201
0.073233678974199
0.29006626624832105
0.1689293708186637
0.05511857514473691
0.1501597852290697
0.6081985581277878
-0.3377337269733104
-0.14487315412652496
0.16263695010709275
-0.05439722680250957
0.3677408386532427
0.04982267807330816
-0.015820056797549692
0.10089173268257827
-0.11719822625090469
-0.07523574601191385
-0.010148946819212254
0.44723393585894033
0.054178099992310075
0.1152776494605646
0.5151562128722523
0.018085460065561356
-0.14801977295962207
0.20684531720994573
0.22545295819297123
-0.050329005325807655
0.0041479984249678525
0.04397785686213025
-0.03277364555075628
0.005685575334167161
-0.1532010825760707
0.08099103518219565
-0.1596440464380684
0.04537618487416815
-0.6733245997717839
0.830309435188545
-0.7276347959924265
-0.26907547912860075
0.1076851035683407
1.7185379733872947
0.09785665658032133
0.3103000570328202
-0.23043019933662434
0.32315589880897483
-0.707196423831466
0.21124221317994854
-0.14873366745254726
-0.2701066605416107
-0.3460071457138888
0.1834742570230116
0.16489964458530956
-0.1138170161217222
0.16501046701882946
0.024426633423986665
-0.15531312686255086
0.07799291497112457
-0.21334601956766674
-0.28082280718190844
0.07903904648060171
-0.019401405103445533
-0.12227028326141962
0.17864488287357191
-0.09518198066073917
0.03447671543616706
0.14303201824055167
-0.023039384949417017
0.3041367419087995
-0.23225715501305827
0.13321470689326562
-0.17007890862596137
-0.026060828267544314
0.10312369540693901
0.035352257157085246
-0.10236542383030856
0.08781292710601346
0.46325408073063606
0.08145257775544461
-0.13892370328118264
-0.004048996333037811
0.03289208456991816
0.21903974109207283
0.11697092820943147
0.0891443359154951
0.3195943595822983
-0.24926851205681727
-0.012076078006871886
0.18944975823114088
-0.04215118529481075
-0.4974869245012396
0.0997663362252926
0.13070929036755186
0.05032836140154218
0.29133155801994803
-0.14106174381111472
0.0010590013275905993
0.18955656048956324
0.062169420981342545
0.5772505969958147
-0.06976157961500294
0.3791072923160564
0.0402597708589631
-0.043318607961645564
0.02977208566628306
0.02848068396432002
-0.2308049543567676
0.01655319140893398
0.16656621205690564
0.8477904521363786
0.07029253150924081
-0.04693435508609998
0.1698682780892163
-0.2061409517690591
0.3119999755641082
-0.40246659149745395
0.032567864276016774
0.3606000376252433
-0.7530580340286632
-0.07722609148744579
-0.17780153667125925
-0.11105946477230899
-0.4819599620707242
0.2611780312696992
-0.551706733621954
-0.06015714452007547
0.31421338740733085
-0.8202582019510877
-0.17603047314649878
0.041337950166889355
-0.036506599819948964
-0.31243702310758215
-0.03613093032159578
0.019126935486140972
0.19750910485287818
-0.03744792147238544
0.43796925718623025
-0.3936503066471556
-0.1383866186547046
0.08106208554680888
-0.043397498521751225
-0.011241074502637503
0.03955651520552316
-0.21225358535341904
0.05373379225385551
0.12284393782426167
-0.352781032899118
-0.17489697140592664
0.0030686103047816637
-0.06083771519348369
-0.23596934371560008
0.14421736035908556
-0.2858692250676152
0.27532623257137884
-0.4823109981491147
b1
-0.046769843023086184
-0.0011630108039098136
-0.09998041760860764
-0.03069469165567024
0.027946332267966226
0.00012435618803655708
-0.09197342672170615
-0.160769257572011
0.057770249389692996
-0.01087451028438631
-0.07716776359344404
-0.0685370764578489
-0.02152663346600079
-0.029908100840260046
-0.18479445780374693
-0.08379516767443525
-0.04761433772424448
-0.014874525400083617
0.06576854653279168
0.04236527092323946
-0.10459920215329731
-0.060671210070259635
-0.0973237025077585
0.08458732992429563
-0.05762137742365606
-0.12720255416037013
-0.11165569090348454
-0.21420830533709148
-0.06616404625455626
-0.11511754596364782
-0.10358238819904392
-0.12375161772021782
-0.034842413834258006
0.0706790376875882
-0.24022569225611645
-0.15283809263836545
-0.04175394191720263
-0.03362378305541086
-0.08943599690277794
-0.02238343365322443
-0.04914717792210037
-0.025011163543148585
-0.09874013159186926
-0.07871644473379455
0.02945798872292444
-0.10563624231176022
-0.08387143620087678
-0.087926203863644
-0.0880300594931278
-0.013410456699871195
-0.07124340553660015
-0.07614094924000285
0.03297007601990796
0.004862899795316354
-0.025143418085513267
-0.16886944086227357
-0.05690164188224179
-0.13520629346717583
-0.05110724389637637
-0.11297613405395227
-0.029337289236453637
-0.03125964311196591
-0.0033481860910540575
-0.09832421433012871
w2
0.409177470457106
-0.4387215422898081
0.042012246360618136
-0.35071188701725586
-0.08753963275751799
-0.22395408566646047
-0.42308584107890695
-0.34238158559591875
0.2120718767386401
0.23183584498142884
0.0013367157900712914
-0.04717885231695419
0.1841097209403726
0.03875607980734722
-0.018348531016099224
0.25536798343702194
0.11067561587488112
-0.01832886637626809
0.4538533594142409
-0.30688553970637383
0.12460060735809436
0.43765478693223975
0.3337912971502805
-0.6481542143775275
-0.3111740967860917
0.3977861797239041
-0.1395651387274549
0.00034218467642537707
-0.16968939118616852
-0.01856780130455984
-0.1381828863053046
0.13700309786266793
-0.48985284145228597
-0.15040753333380222
-0.14244786578821228
-0.21277433186239358
-0.035758556332546175
-0.12792106746293266
0.26945422866801366
0.2484672710767435
0.09224734282845615
-0.5463064761533974
0.03726134549344813
-0.12240195181785621
-0.03996169052478399
-0.34445722190843675
-0.5851059747053159
0.09279743065785055
0.021164470603197406
-0.10975493638302283
0.07910966987960531
-0.4856690057728517
0.1631498928717825
0.21399901197208984
-0.12657255630912193
0.060163575180885706
-0.37821485892641354
-0.1742883206464073
-0.16771578400744255
0.1913869075308506
-0.5000329182572842
-0.056126429767869794
0.09204220017546222
0.31764685780000707
0.13795601458803697
-0.3679013310624419
-0.4152481616171549
-0.26507889511217436
0.2578932470645875
-0.007051858614838896
-0.06311437334085596
-0.010874182967357695
-0.37070553870484857
0.0009637856427475345
-0.5956546006299156
-0.3922979780915687
-0.15728750605984623
-0.33538393879784917
-0.37654210499840784
0.12145213765455982
0.33479039705473834
-0.48740025807109877
0.05096777310289964
0.010134527431968582
0.42780670334804377
-0.13870054507130897
-0.09445627222782467
-0.2888800788554331
-0.03422142243406431
-0.37310055856375074
-0.0325489783050651
-0.18011796415838338
0.062047740830524147
0.13006439914540419
-0.2016093528505124
-0.2270874796575341
0.11064912328274282
-0.6734925546374021
-0.32959389764679475
-0.44709082852973214
-0.0035783926031856673
0.004366561965719155
-0.15258984192270864
0.11036878525207564
-0.04458651579970677
0.603601074741948
0.008271904483241981
-0.35572558217907535
0.28906285608200677
0.2749708005015365
0.18514440508129085
0.25007701914099745
-0.24417795496727418
-0.4145313836674593
0.2854949840054817
-0.07486048993149275
-0.42498899172214577
-0.10208078689956952
-0.5699769250380773
0.18057708338742204
-0.05992142251248138
0.4599418006825261
-0.15053299347294877
-0.39402582892530547
0.3531303044948236
-0.6353010490730945
-0.47461208738104327
0.28954262433810973
0.11026349960163707
-0.3879721983843394
0.18552807278973102
0.14342459650535408
0.196904309174172
0.19729001690051393
-0.9248652311770292
0.0784676798473321
0.10887018956792292
-0.09173910052857358
0.2839056095242525
0.37847104170150486
0.03235151285715572
0.05558832996578086
-0.3263380604195818
0.00020535337727191022
0.3374802619534147
-0.3288965723131102
-0.2274982943980075
0.11098370870478569
-0.44218906618101866
0.1773036077235351
0.31839236302166857
-0.7954776829438559
-0.09472942363891872
0.2868290148554798
0.13913576687789528
-0.11429862850508324
-0.5948299202403886
0.2815796717314848
0.3426583758031547
0.17481604468871972
0.009114997705835758
-0.31053562217005365
-0.16343266856275307
0.3597274291131177
-0.03379573681622088
-0.3338517519066792
-0.06758727089360422
-0.20114873899461158
-0.13789589705921226
-0.03581423797896919
0.5061253058584184
-0.07051568562204692
-0.16034274183216934
0.2238070718416387
-0.11920894762367147
-0.32730245667465346
0.5319025556584087
-0.17086434656573032
0.6464997813881692
-0.20694503477802553
0.06684953886708185
0.09533739170103292
-0.37231901375794146
-0.1774643838042521
-0.3163155331913612
-0.6824375363896518
-0.002652441762341045
-0.16573421702985427
-0.5212777423649252
-0.14221550854478404
0.05671495433507358
0.353845076875696
-0.03809727747375468
0.0031629915132387687
-0.011198692400086259
0.19081749364845177
-0.27410069142171356
-0.0652462274863212
0.19102440013108768
-0.08410037850973538
-0.013346543238349414
-0.10414729601868665
-0.2987964618441567
0.253628625467237
-0.2164736306497137
-0.37623301270739135
-0.14471510782919564
0.158122314920711
-0.1666262192782146
0.008304607864304913
-0.16859149384570135
-1.06484120155134
-0.20326346319591948
0.3621417442498271
-0.14968827871790183
-0.15844644251844786
-0.06681706776106437
0.2578534642077655
-0.25379320568490377
0.09612384377084313
-0.6399691096960417
-0.15748645020021104
-0.15705320005001674
-0.28294275632925975
-0.1898581105964389
-0.1303684050552331
0.11789686650363988
-0.0008726535976260486
-0.2843147293399709
-0.07607891463153409
0.4466120792913059
-0.04213753846845484
0.0325133589388752
-0.24727817526581708
-0.3515209249291813
-0.3569583503576634
-0.4062320275017453
0.07191397203112429
0.24388196858915145
-0.389821542882378
-0.02476220291695703
0.21237938981922827
-0.01232320516306505
-0.22265665342157492
-0.3214479303306169
-0.4587686177884025
-0.35605665403020487
-0.19315812241574098
0.037673215939295734
-0.5538043995003403
0.01648850015205554
-0.2828420700545171
-0.33355443517086936
-0.050883197796695055
0.13350021348247323
0.09305998501949778
0.1307391188989459
-0.8892877898270484
-0.6406615464108528
-0.525323239450764
-0.446104802228212
-0.09397687661060412
-0.15024804734250716
-0.15739769362416497
-0.06206848252516838
-0.11684602147616098
-0.5236779985987718
-0.5532062692349338
0.023951202643025072
-0.17736370864795628
-0.4112582358771336
-0.37796076289555147
-0.4531868653731851
-0.41224632261856076
-0.395130360846395
0.5221409452112052
0.10437061009632323
-0.4011613309601373
-0.5914235441322018
-0.3114264636242925
0.2138769137655195
-0.30210559605060805
0.09420159984316288
0.33040460139958994
0.35566750000294645
0.16645427981741007
-0.3166738925053725
-0.21547771888056133
-0.041659668279757034
0.19551834769047166
0.05232092122370044
-0.543256176271276
0.04229905683426152
-0.020953538759911253
-0.025835563593607593
-0.22225340684023479
-0.28392093474582974
-0.6279948939097652
-0.617101259707859
0.4527050680929341
-0.149169593713829
-0.22311107889439444
-0.6788598343515266
-0.378412446225533
-0.1942516347377202
-0.536501001779875
-0.5621334594958209
-0.19980490334793194
0.28180277011015015
-0.24484323241506006
-0.05617246073395013
-0.09527896443377441
-0.10988237071081611
-0.14454251666765125
0.12256045277732493
-0.23500949463714768
0.11769819095833768
-0.08036958897625349
0.40301770684240446
-0.7484029702170978
-0.6638791068986005
-0.10418306359277243
0.06997885445851815
-0.275816643290164
-0.4787672746951547
0.23539927691937312
-0.338821468206332
0.2353323453915788
-0.07257971074001845
-0.09674638943264212
-0.12956586008889848
0.10554672583452945
-0.15560028328787193
0.7067956051691637
0.39019133635254644
-0.14991429531164485
0.06647615876855743
0.06788437210000058
-0.5199554366206146
-0.07224050506143315
0.061743489257681236
0.014117897074014469
-0.17225405500339816
-0.10761779713203697
-0.37827843804450106
1.033981194174515
0.2632071091904636
-0.2911544527291062
-0.5129731171460196
-0.09236891509398718
-0.4114944790738803
0.25299242542375694
-0.012752529017351528
-0.06549465513570786
-0.1579390033695421
-0.07764961580729036
-0.1441516592400318
0.22533963948953478
-0.4949868329365887
-0.426142826695031
-0.16322767710402952
-0.6300597153134349
0.12149291361864625
0.36236452422542464
-0.6451443657182128
0.00862006382257211
-0.18574560501750076
-0.5895361263824973
0.3824550720023951
-0.32878231226229093
0.3312582397417548
-0.7137438301581842
0.3488941068503586
-0.4772119968041009
-0.38595529270990603
0.1267121565232505
-0.589409966438444
0.18927917753767498
-0.23578958242047615
0.0736556810484608
-0.4494863717593065
0.12402875440653453
0.32467662639495076
0.5793051041019526
0.08220121867435642
0.09449973964232587
-0.043584510042374444
0.2579851349311666
-0.22780282864092222
0.18601582373737968
-0.14494294104743585
0.14926224804484878
-0.14661940380491695
-0.313986871101068
0.41700660582254695
-0.09343991153199738
-0.395932407656487
-0.42821653724781955
-0.12310125884171469
-0.28075496628320945
0.05248528490343703
-0.013836723632955204
-0.008299496912314207
-0.34711382862328716
0.4831954240772967
0.16574023657731862
-0.37470596826485975
0.752590942246422
0.13126990593770718
1.0071510564628594
0.42303902293639356
-0.11252531693668302
-0.08659235608759064
0.4542931326067807
-0.5139972497760074
0.04280452221380325
0.018297660982097765
-0.1899406665093703
-0.09677792803215664
0.1957935328053927
-0.1866951324463107
-0.11142575118224013
0.2180936413435405
-0.298913744314435
-0.08136134268205845
-0.14148281648878683
0.0902977480551288
-0.30597216575686453
0.1213176262924309
-0.21208759140674607
-0.08926585692368134
-0.3677147564638371
0.3443199125600552
-0.6613590861736572
0.3996775720009408
0.020773745264037777
-0.10450784469557023
-0.21518631712434047
-0.6555437969286461
-0.1435428905838874
-0.1607964522561122
0.06301192195544793
-0.19630415520995032
0.1113192633802289
-0.4206995844778147
0.14367457279145185
-0.5412886350803515
-0.05040970490716891
-0.7047811394355257
-0.5469874860267806
-0.4323462336874751
-0.32390718912822425
-0.5401174270198185
0.07034135198640487
0.1470747920110391
0.12005237121693844
0.17831397733478033
0.07446698658787206
-0.294901504211481
0.055995722014190855
-0.17043432155380236
0.2576967435412548
0.5756800455869326
0.060664913972945635
-0.1269613221177614
0.275089841323573
-0.1060094490112211
-0.15545682519592482
-0.07248699373314485
-0.045702809661525706
0.13244899077639638
0.15814844372713716
-0.2141294281625029
0.20580523335622064
0.06466937071986863
0.13446558779982853
0.20303608824711844
0.03508194076019338
0.18271915965711516
-0.32973171012239505
-0.08642275155047724
0.05261156799190076
-0.001709851979079113
-0.32021985270895054
0.23269479522415523
-0.1543674563914148
-0.2805595926886148
0.2268914572457705
0.1607107535297016
0.3900015922997556
-0.049179109123136396
-0.625145152405086
-0.12173613155603975
-0.16050692885115417
-0.06097244467677208
0.028223516072699146
-0.2522029950125381
-0.07859946143394955
-0.2642395726246967
0.16557133574986008
0.24163006975230947
-0.1881613149717788
0.05340665593963723
-0.333658239459522
-0.5124707869293137
-0.3105978227470922
0.39506875700678173
-0.12944486298599872
-0.07546988266346413
-0.38003797751420626
-0.5662624301433006
-0.3417740198796205
-0.46675073686881097
0.213618689088491
-0.037312391801081306
-0.3323938541020888
-0.09042100057875116
-0.43276919920363527
0.24667775615825718
0.3387245806227466
0.07996796248934825
0.04089564740868041
-0.4123871566989379
-0.05049681927191638
0.20469038668665437
0.15914588413704103
0.5246564649829454
0.028102602029176384
0.198987331021457
0.10784366320093217
-0.029092179923183584
-0.7504092250799752
-0.4403596249171661
-0.0714292393019388
-0.24512766493041221
0.11721300955999166
0.15589966861547627
-0.10027076009701524
0.007975612852284967
0.11960367736797671
-0.10743049072409047
0.014506151950127156
-0.05209119282804476
-0.6784582993399466
0.0778121327834105
-0.1191549288113023
-0.02165125231112781
-0.22711760361141778
-0.40492744621079224
-0.2833800463075696
-0.6633207559056499
-0.0868345504212985
0.3406770331415629
0.10327077339297064
0.18779298774083528
-0.09417231847284847
-0.10679259647261836
-0.08215377770583197
-0.09050865495437874
-0.0724824850606391
-0.5491756509627725
-0.06519683600920041
0.27169555738106754
0.21442069792367238
-0.48038484990240554
0.09132512459018474
0.2600025213476714
0.18074663320998716
-0.11082620365341037
-0.17481195262339735
-0.46084216106733855
-0.14820717217209498
-0.09961125674888768
-0.38394572890161305
-1.0985383757086364
-0.04259763041376733
-0.18120857450709774
-0.06829493144291422
-0.20145269099952268
0.024661161152534798
-0.1988981175188784
-0.194532512916409
0.0030924372865250823
-0.15277179865071402
-0.06410108422994401
-0.03726507510878952
-0.07571182981619337
-0.1361489813072929
-0.2440916406307074
-0.3488083848685495
0.06310545888888591
-0.08534539305041172
-0.05442278341317573
-0.047743647357219574
-0.21973763945889094
-0.34328915576415037
-0.1948119212713801
0.09556060938446309
0.08145067171229947
-0.04749906881148697
-0.12795043027238018
-0.02335188027844327
-0.04321636151112662
0.019736044838053194
0.0002675014123652289
-0.1074348862037073
-0.33258382791317725
-0.26684661222187805
-0.12635776821009623
-0.29774378798938655
0.12908341086380049
-0.26623153602062677
-0.2530884688371651
0.14271755004974807
-0.017075470882453533
0.06401817403820073
-0.06731505150484395
-0.06648432153205465
0.10547353634504746
-0.00577382806371875
-0.14293193782787608
-0.14095456635734904
-0.03409809563942618
-0.030861393705837896
-0.2241993291591687
0.1540385347615221
-0.08554711350405073
-0.07797887580140689
-0.08843530801992192
-0.35596353814796616
-0.04671708332102372
0.04036028747178545
-0.3174966894053474
0.12477257161982389
-0.24302340441508127
-0.2865773778597177
0.0038542543640390312
-0.3037255006092485
-0.13332759064659058
-0.15937605404326477
0.006014353852550303
0.16232119539645243
-0.021203096919770025
0.03556839520901219
-0.02421001008175269
-0.13928730146689325
-0.045929462280137154
-0.03734892954704847
0.3582063191355551
-0.16565950569408117
-0.10622334643644453
0.01015046299508645
-0.28800063860894765
0.2364304086412591
0.03410926200542712
0.18962948492750076
-0.7716187818038689
-0.32095327591884504
-0.12517305928680791
-0.34390581165884526
-0.4935351308177308
-0.10795312248476885
-0.16030567155519093
0.432779576711121
-0.09560788617100811
0.1898346145979417
-0.13224025585968768
0.01838280957258421
0.04986141689891374
0.19861785618292363
-0.028249418100265624
0.15539715946620342
0.043471930054423305
0.45477641668776536
0.03382529862892205
-0.21235780718366815
0.24915721215215864
-0.035133069741966595
0.2704933351818271
-0.09651812691040573
0.4875880157006285
0.39713515140142897
-0.24608038817459396
-0.4599792531777209
0.212606289270876
-0.2089323145709652
-0.12898128710875534
0.04430783139385544
-0.05172598315741301
-0.4298969151598369
-0.713427870111893
0.12965160324958472
0.20042805317552892
-0.3538276968564885
0.2799337941950989
-0.057625797939740535
0.1523572769492682
-0.3740241837307044
0.21830155582961477
-0.12081544551852742
0.2509392038062989
-0.22656640561386182
-0.04820494344748285
-0.22610417451229659
-0.18658365580126138
0.1374911903888821
-0.21105595839732402
-0.20668068327281372
-0.35281064516559113
-0.1778219982389657
-0.06501718115143643
-0.24845340348944614
0.0410698964753768
0.8644196890429082
0.07458322873387643
-0.583449665168577
0.3142619274452241
0.08291966931091031
-0.13079175324323963
-0.04227538130827741
0.33262468578763754
0.14104360841547414
0.29403570625912195
0.3883292544000688
0.11419024575712224
-0.25981248921584327
0.300916963666429
-0.440880996486385
-0.4920813009497137
-0.5639764059269765
0.1294569491671704
0.47112921909606126
0.08492560010183722
-0.1572151325480479
-0.48882641883130196
-0.27251295315856155
-0.2170376258888997
-0.4769467571923473
0.31716508210317906
-0.4055276598411227
-0.18531542785225177
0.07490992958414497
0.11004398081615643
-0.906521411591531
0.021313217615772113
0.1841860126414634
-0.16884845856555492
0.19708607993076227
-0.30304053450177987
0.16245107287157523
-0.10431870648677931
-0.004893497535841252
-0.1700707135780045
-0.08508910994341769
-0.24449473343913355
-0.4059026248409071
0.21879445976377973
-0.05801408578592068
-0.5954546839279137
-0.10995585513792248
-0.18943760421327321
0.01307768517866961
-0.21425920284194544
0.0409178770570173
-0.12824168806596667
0.26146493877370963
-0.3896305202848777
-0.20682099483238647
0.07177972531497634
-0.35816866721481394
0.22221824354183997
-0.1130742821903386
0.08181086381801474
-0.014006203796108873
-0.2603970887021286
0.4547050202752122
-0.13330974432829928
0.1552413302002143
0.14047145702322814
0.11018370125250111
0.08429678151996677
-0.058297441773393785
-0.06938099872785719
-0.2381332255275192
0.1510728058811828
-0.4407912532727397
-0.3892530182652456
-0.3684746187673527
-0.3930749236306216
-0.31569761665516166
0.10208126889408767
-0.2712314100504319
-0.19189656134860408
0.3412471336042612
-0.09380199405926236
-0.21732015256205486
-0.34363645903250783
0.11487688097336216
-0.11785260242022216
0.2396872511749424
0.08062638635832567
-0.6939104230559202
0.09913718781065428
0.1809134112176027
-0.3657736081925368
-0.045313809429925564
0.11185775303283609
0.00641128334692512
-0.30099732157448905
-0.9542634253524043
0.022924218877924375
0.4226916619452246
-0.2391599283007938
-0.3527147516402556
-0.20960167870265298
-0.3452481351465026
0.1102488434600843
0.37185966247460206
0.2405522900868008
0.03897946563674438
-0.313958832945361
-0.3216642368658629
-0.06792980540107373
0.05184184152440486
0.2227645353120833
0.10064123235169063
-0.19780794740770596
0.15775659605574482
-0.44499838305410655
0.43649848460130725
0.055824891441871305
-0.10111881571047711
-0.35925168259556844
-0.22858965905804823
0.10748434101499721
-0.1599054419925491
-0.28426555763052275
0.007893289840854781
0.11415062148157844
-0.37991382772548815
-0.43192305365403943
-0.43798392788942836
-0.3764559722455588
-0.010794525477870765
0.05659670848465907
-0.0679890172235476
-0.07695990047986509
0.4322021818808859
-0.23081247269068164
0.3993948873454292
-0.05230861383015835
-0.4471556732168286
0.07515321593004844
-0.38347068303808507
0.029488097593819096
0.14838085082350436
-0.8688564146464937
-0.17144132861933523
-0.25508514621643846
-0.4394052036450049
0.14976830092394547
-0.23658607773765292
-0.6838626980871627
0.1741782190783282
0.019077525351111797
-0.35280086420134443
-0.2311019177476289
0.2673217560696764
0.4643002949121927
0.04277398075954261
0.06199929103464135
-0.5846361650645572
0.4089638964904189
-0.31736748767181033
0.21096882836573733
0.15714058304536851
0.4409294737789264
0.42216103733212723
0.07557105540576733
0.304269093321559
-0.07204233610327529
-0.1267901251724641
-0.21570738686369972
-0.12461879943927266
0.26367909912991017
-0.5252012666766545
-0.10351935459680184
-0.049125779236884944
-0.3552441106305202
-0.041513352226114325
0.19271362261141348
-0.020607735572144386
0.12713434166434134
-0.40084463410637344
0.21684383895610684
-0.23924912868991477
-0.25658600184242597
-0.04893045204972197
-0.11862854225253427
-0.19695368848656006
-0.2689917634945823
-0.16978868272780234
0.0513343562517252
0.055450323485482574
-0.1934486819359265
-0.22371161441805737
-0.20799476897784122
0.05375888878792102
-0.06725840712195158
-0.24403729271963082
0.04429881529198135
-0.21258455428183537
-0.07249293359939886
0.019715382699706817
-0.3076701916044154
0.012305689879042488
-0.04516317131460206
-0.00868801841932565
0.09934373163841674
-0.37466492472736346
0.06722547996152756
-0.15201272389117318
0.006613729627730011
-0.2777109281605179
-0.277328104287294
-0.4208721601070203
-0.12231352851771853
0.17074452998199863
0.006968700833292018
-0.10964167332047678
0.255214756645121
-0.19599341547119953
-0.05830166595779689
-0.1616692244192757
-0.45728392290192293
-0.5053906041392325
-0.34322066269492163
-0.15930500577044346
0.07416754280569009
-0.19100873142883898
-0.2578711531066372
0.0468614270672769
-0.11592995294186631
-0.20528697522747166
0.12585562896503233
0.013827659705737872
-0.20916088520939732
0.2927736890844894
-0.31608869028213055
-0.2988723482324868
-0.21540261120285403
-0.29038442857292346
0.18628938048353388
0.25929485352563625
-0.1842647267549043
-0.3934354691748202
-0.07589107227568204
0.007954549706060802
0.1761321189507283
-0.007275853024402169
-0.4786787845325291
-0.5084785818151214
-0.14089483318331383
0.19997996421634076
-0.08228181631811946
-0.17292747961216762
-0.4900777373697975
0.004512977731341402
-0.13401503763870892
-0.05941972085449736
0.5076170932755864
-0.129109139255274
-0.20896986206434404
-0.48744094092918244
-0.20292094817951467
0.033179680162605356
0.1313727559908684
0.14681319285162553
0.14032303664294166
0.35163179170909836
-0.12002087663804342
-0.183617007369552
-0.10151246359152709
-0.13031921244047268
0.24708422164685495
0.8970906670337904
0.027090106898629843
-0.41848130947679196
-0.11747308604223111
-0.17517571373055585
-0.06785887423486217
0.22784091988624644
-0.22831943831277035
-0.6929458910176031
-0.17053969369258726
-0.5513148294413379
-0.04558021429780536
0.1436438334126976
-0.11620994201048361
0.04311550904605604
-0.7947476400651342
-0.4264271105173814
0.38181695308552177
0.4112755321988011
0.09819803502689413
-0.14065709202636084
-0.73864324541602
0.024244061546673537
0.3398033135837927
0.02346510998408969
0.3561238460125252
-0.5272153148067769
-0.5309551253485683
0.30599802488689526
-0.037600211200052074
-0.21678637691249658
-0.1740311356205756
-0.026056893947843673
-0.6194643877157859
-0.28899237566198366
-0.060329147119894316
0.2192855620368917
0.08147007953186958
0.28759842182100476
-0.4140879071751091
-0.0929365086400223
0.08262538361601805
0.11398468169624588
-0.13667444061936473
0.2641042224633136
0.4385372053499945
0.11514039789476038
-0.524829165326264
0.26268844904564254
0.3948269994188248
-0.38834816402896327
0.13228241591260267
-0.10782572313985961
0.3575932211366478
0.034625871499746025
0.17629951470043131
-0.022510592385915202
-0.4413302932214885
-0.38086524868932903
-0.28490173258863866
0.11375608814215137
-0.13213463624335497
0.40990320997328883
-0.11211119088616896
0.3100215278976829
0.10147321623579976
-0.25893169716762726
-0.22540081732800696
-0.11118287184935524
-0.8947161194540891
0.11310085745910194
-0.07024865736015468
-0.20411506723480394
-0.41352064414318285
0.21893949150529055
-0.48414027592040304
-0.15584418516855197
0.06945829676880154
-0.20118623021652238
-0.15913866520569359
0.000337661405220641
0.01586987273422562
-0.5036627569384704
0.33947733720304174
0.34008060011572977
0.058140640174804165
-0.184048775545069
-0.1261616321680595
-0.4049621725074653
0.2709133665855866
0.05911617901964261
-0.049036203528164415
-0.15861974950944982
0.1789903143628487
-0.17636716096145605
-0.17760101146220286
0.06625708207524687
-0.38039006839213607
-0.6563803834517716
-0.023475849934320205
-0.10839755972609927
0.20972659441399463
-0.5588217642938503
-0.24472778504851234
-0.554864645431373
-0.1395290407349506
-0.15884936324962082
0.08470284491634324
0.3240885305290521
-0.3375107302248292
0.1439761353331873
-0.0404527194141846
-0.6057312631248967
0.2866960393025099
-0.3441082143773309
-0.5374384183685436
-0.6254043668881893
-0.07980236572205941
0.21374189323157913
0.24749650274689786
-0.7820740491798591
-0.33862343753719554
-0.07238871426380672
0.13916098984724778
-0.11199408911399182
-0.24960125055244453
-0.6207966237609438
-0.10220115678678714
1.4826400739747276
-0.20269458070865942
0.18202992196364107
-0.587834491528963
-0.10602405897248612
0.22948095757080825
0.03916110321137145
-0.7591176221680674
0.1748964780638087
-0.7022914399067436
-0.3499887874513413
0.3596875603144888
-0.6740864971760211
-0.06672997353633203
-0.009936674602342271
-0.039751949733659565
-0.41271389111032925
0.3592496944683183
-0.3787395215115818
-0.16290623383902827
-0.25023618209512927
0.05972685709619367
0.06298911247781004
0.5368899889392126
0.342063915730415
0.3147775227435405
-0.3330300550254169
0.1233742277610172
0.116000713805723
-0.30969839026033225
-0.2106109447914532
-0.5109147083970779
0.06608110027907396
-0.317996170175046
-0.39113331830994996
-0.73407782670238
-0.4100587921946998
0.10912420416565811
0.41564785465113646
0.49306698650196856
-0.10717874566012914
-0.17637754776054893
-0.9723125423839482
0.12804566649339275
0.032435120846539524
-0.15356341153821715
-0.26978711457639337
-0.08226186269601334
-0.2972286091410958
-0.44518163856083914
-0.39658738670784177
0.1359069080269817
0.17533371338233786
-0.14040588827742276
0.4250835467794114
-0.03985673965249939
-0.16531386112927723
0.17071243654706575
-0.09470865532011533
-0.4343637415648845
0.1617580079218887
-0.6465742394219915
-0.793941561084981
0.41795836432494504
-0.05572096809125994
-0.5288448145308681
-0.5520658580605399
-0.2365135036407719
0.04826067091641236
-0.2824439996159336
-0.2393896385998289
-0.25449074683566725
-0.2531509186820815
-0.15638997996004014
-0.22016814951558497
-0.6801752385647293
-0.311557066938527
-0.2086644614946368
0.22875514412842257
-0.03766462323064464
-0.09992787444910288
-0.9763004303074017
-0.1880821735316436
-0.17624738898301381
0.12914918868684921
-0.16526499440426293
0.022090432051924614
-0.6729589518383924
0.13867154590152309
-0.2646719701287453
-0.6147373640224887
-0.39985288238820543
0.049351117605985644
-0.32244779083428704
-0.292315261779195
-0.23163451342219857
-0.016381300316139224
0.1320818812896462
-0.06755474547508697
0.24625714582836228
-0.5598225270750483
-0.6467018812804274
-0.1913204457237122
-0.17053467884637963
0.4343216500738386
0.26095646606236467
-0.4280268748953321
0.24095990076598392
0.14818281854740162
0.15875674226503783
-0.35516311314880716
0.1517600914461622
0.2385042889573904
-0.17419414900082705
0.18196961764496586
-0.09874939934160513
0.010521251958514548
0.47482883468508275
-0.11556327975033176
-0.0974435961484803
-0.5946826377367953
-0.403627535435221
0.004689596741960588
0.14705699182681228
0.30159675866192936
-0.3267283213798863
0.29620960732708307
0.05644671920194767
-0.031207052881771235
0.0471956953380032
0.04795168718858388
0.014431601567859382
-0.04647435497867268
0.0663544869226797
-0.1086822849590688
0.07732763091129595
-0.11671559335406494
-0.1435917116824352
-0.3082023813360493
-0.02754613670496586
-0.1955718953590832
-0.04160321810420557
-0.02844786257202836
0.026347496327676474
0.11906729296982073
-0.10373165601422996
-0.20027998873119732
-0.3197112576143624
-0.05326418301998742
-0.11403952141031141
0.22799677083658038
0.36292272435148065
-0.30324155511328826
-0.06054124934373072
0.3700508289320943
0.13615496100912194
-0.19771105282358087
0.1661189493750037
-0.10751136423667094
-0.2052413292210775
-0.36071372657083023
-0.05482032609671784
-0.47511754277562124
-0.18037456988168904
0.05217127271609697
-0.04513140720073728
0.10795616079588766
-0.03435981864702465
-0.9009060866047806
0.11617598324765598
-0.18239324353074324
0.39910526474340813
0.03652028697800339
0.104099036466778
-0.26291254722638463
-0.3113458199329735
-0.28948141407920863
0.11270105579164269
0.030397349358543636
0.31483459743935716
0.24183490398577828
-0.5639048801900186
0.09915340037972828
0.13960996047393498
-0.5605829424751316
-0.1665585106928485
-0.7776908457862405
0.04907641265782797
0.17259146154687427
0.08446816793796531
0.25090606202686694
0.04779900425447604
0.4204000549115056
-0.2433390727640751
0.042323732092146814
-0.34755391300725413
0.13840592154275966
-0.04351444026367454
0.6737709937879673
0.2723019726971577
-0.3684448424313113
0.1191724929181743
0.23077758020898806
-0.1573436914288563
-0.3550019358672117
0.04779648329121944
0.13313548996076888
-0.030431559152922224
-0.27303303849555466
0.1858866328868308
-0.1339542351078825
-0.2336229850495585
-0.23415529469120602
-0.24599968975251932
0.06054875125869518
0.05900325229187725
0.6049864170600487
0.3308905196305714
-0.24588415238497502
-0.4597609411380976
-0.22055838083545773
0.06655952417826679
0.6185116171779003
-0.4279009615315045
0.20183180746144636
0.31988410487023594
0.2612621906536892
-0.4113789358672215
0.022816880546513485
0.11764716298220487
0.158982426533185
0.5200339395097956
0.3363643035198684
0.07412489612665706
0.05073643909246215
0.14458828552902292
0.3128270532463794
-0.04746424122683722
-0.03398359964336776
0.3603072824971888
-0.5141141067651613
-0.5276830492023007
0.045943241896641396
0.020593552548093322
-0.2621222542745679
-0.4832414556001135
0.28079063290054435
-0.057665803688663336
-0.09528831712079708
-0.10131489171463831
-0.3775586446332844
-0.13295137519785158
0.15837114613255698
-0.220251888989705
-0.1080408090836543
0.26733451662384705
1.0136991236500041
-0.34627666205041996
0.051567044919549915
-0.19912625367621672
-0.27919683090312447
-0.17217483188939597
0.26268736056114506
-0.44244317367035374
-0.5191863833505661
-0.1384930746961887
0.4820874940820408
-0.04215984255836494
-0.5755340862780969
-0.06562386074420813
0.6780615940190899
-0.5473110058061502
0.030108899238473808
0.268897701393424
-0.29700950530426445
-0.2968393654132129
0.07976634020482899
-0.04702186288199976
-0.2829342211400508
0.14844196814367738
0.3323038155836625
-0.3116994804206508
-0.45166121090205524
-0.3924705557354616
0.1455459800429271
-0.1897868092731757
0.09725876750212971
0.011858814361833838
0.24946833006388192
-0.047924800302556164
-0.13539196633060377
-0.17107856830677162
-0.05705734116517046
0.08066217561452758
-0.16004657621091697
0.41997203758736507
-0.5313755036258799
-0.08595582428411255
0.3554582250158684
0.10209610660783386
0.05360310367800549
-0.5649138804082072
-0.03014750891700527
-0.0682832567442532
-0.3365305955045376
0.24326612667225406
0.13522438695212713
0.3005762385426542
-0.0695301697842728
-0.4339668566754731
-0.38182901354668075
0.18236538143256723
-0.19061626550261038
-0.10462600625750448
-0.3739722613605037
-0.42687311660420607
0.2174464339070374
-0.09026031306267747
-0.07188017694378031
0.02926288893271013
0.5949773337166974
-0.26463007383954573
0.11913339253613624
-0.3925804392391564
-0.1181059492851374
-0.019230988594147003
0.18446362439410907
0.0720942575287705
-0.17572112398865902
-0.03541926105770483
0.09627304485304965
0.12441020324241747
-0.44083503769883936
-0.3524553227722459
0.26883004016507994
-0.13399363018436564
-0.07722353030968727
0.5010272982711793
0.020155763015222757
-0.5717971603053237
0.05120219134425548
0.043532660675482525
-0.15104197163708838
0.42298090736348287
-0.3146932559025391
0.13161815839785612
-0.35650846031586897
-0.22101742135654942
0.29439824335246784
-0.2715120757856532
-0.07326577577340089
-0.2813211678201394
-0.12640864041691396
0.08054087886055447
0.1135919208252715
-0.07084044742990955
-0.004138884508181806
-0.09992825554468904
0.5592982697767599
0.06400651860661122
-0.06587763049638058
-0.10673762744731526
-0.21847617510376313
-0.11832623516172913
0.16385580763590207
0.15988910958061126
-0.13224455345596506
0.20286950447270052
0.12293844557001671
-0.2561128846953624
0.3763205407607907
0.21093623917294144
-0.18334541541935606
0.23892357725205207
0.2736746024389092
-0.09779516144896257
0.1795491604450075
-0.0030655050693825106
-0.1240655048861326
-0.36659536034814644
-0.17387930297412912
-0.2255253757286234
-0.33275874046042836
-0.08162363662219035
0.47674334657259293
-0.21134567245694788
0.021063095323429606
-0.17186106484401065
0.159384850064319
0.1190408626252539
-0.44105865563032637
0.20981958934691464
-0.0635017194721186
0.26692409838916753
-0.225730066195396
0.0714032819984316
-0.28080014990253566
0.2533333931821963
-0.3392596108043692
0.4368907927618844
-0.14017330233491523
-0.32004820047325555
-0.42483330155129834
0.2585241748666086
-0.33066512807001186
-0.062087613531376554
-0.14899345686253748
0.24359831981763813
-0.12690724414780777
-0.14621992436972928
-0.19202765817518558
0.13311668348759356
-0.571961377394112
0.02508723472062273
0.43651740601591016
0.2515558670817336
-0.3049544497660531
0.10394672239377031
-0.2169271785278921
-0.21193652068015598
-0.3957847022253452
0.09080969054043858
-0.18048517849393825
-0.15413686893320372
-0.022313687104305324
-0.17411343344959648
0.10269649042970004
-0.003528317218670723
0.11266153262451578
0.23752732214283792
-0.18978922704794948
0.32674938459369923
-0.28963586678302294
0.09199392714470415
0.2773338310255914
-0.6022991445481051
0.2800923480029192
0.27802506551283457
0.10800396652720823
-0.513915620674757
0.0009512669763324682
-0.24999538643718278
-0.3542631355479491
-0.03276148411134815
0.1878072929138731
-0.00853728984652632
0.44063447457798643
-0.21643731802268093
0.04826468259912301
-0.11857745222646054
0.09150504633634857
-0.053039644956580076
0.029013939335140904
0.31766187462984136
-0.016927067251190805
0.13178222323258462
0.04380014690493468
-0.30205078452061
0.23589292650290672
0.33876753677352256
0.047978392168034914
0.1378267247973909
-0.27897127758076506
0.5248107078388914
-0.10859027401314571
-0.4642233747024801
0.0388424987346027
0.17723867509969804
0.08341732966403964
0.12746571917493993
-0.007518976819071267
-0.19319237832039432
-0.16398708470817985
-0.7564297743796519
0.26481320760206284
0.06919449996287841
-0.19758842913391236
0.1463249632198489
-0.08780496325376876
-0.06966017679386027
0.04711010577361567
0.23995260170212868
0.392713725682537
0.21300735985133107
-0.4354675365099499
-0.1515808698434255
-0.1863951242760105
-0.48401649038252054
-0.24851684584419678
-0.47279982624554356
-0.2044289773332289
-0.2098357526796289
-0.35007600307761627
0.15210714140702072
0.0820644580333418
-0.2681532918165236
0.5630741751229142
0.09980249611760574
-0.21552709388622612
-0.056684037477305965
-0.5727774528088281
0.2214284681572208
-0.6643279820122427
-0.3281784512426556
0.13227940171801036
-0.22882408236823917
0.550250985326072
0.18024794521221468
-0.7287647237720928
0.5824333505984024
-0.4448148055400546
-0.6210436267424616
0.10040613105334453
0.15927689933914277
-0.16838678625024855
0.011806223151077374
-0.13903755708243834
0.39173098107159987
0.01643346015639268
-0.20025654374392626
-0.5993504000006269
-0.4305055709354185
-0.35395872192215133
-0.7259551349080496
-0.14086436184814086
-0.5247811538093053
-0.9647713917028562
0.09169531270768815
-0.32780360060263103
-0.18656516726940908
0.0561176723133895
-0.026616251131897854
-0.05064276700425194
0.02049699588660804
-0.255788889861104
-0.8097762011182165
-0.11345627614100802
-0.23814822956241088
-0.0618556141165939
0.03395043606019768
-0.18649513848060992
0.04484213600355389
0.25660809574692395
0.2332612798297385
0.06681806299453906
-0.2024238699933149
-0.8464532920420524
-0.2504079652026012
0.12547611888991128
-0.19227479661823052
-0.12070544420915094
0.018299191033756136
-0.5365047682024484
0.02901312218662498
-0.15998405934828597
-0.5697118455642323
-0.5953616752881578
-1.0208762184245277
-0.1413220586270293
0.09810379350969581
-0.0013537717535734215
-0.10866340734853855
-0.09900285266166987
-0.28836997106336826
-0.5273839031911091
-0.7317278903977629
-0.0674966153896183
0.08678825965819882
-0.03719779340810079
-0.34570466544952994
-0.0375447771130194
-0.2701462635745078
-0.16525103854380194
0.04336637253489219
-1.190699662757945
-0.2532194475867093
1.0293915525327944
0.17424872102570282
0.17807880279317945
-0.37008137497810517
-0.16366194848037735
0.4401137473977066
0.06385176545107282
-0.9965605261046144
-0.014317772848256805
0.13494760016412474
-0.05893602074851708
0.1645090158434625
0.04315738773551345
-0.09576347972809998
-0.521000514641208
-0.2521218332130403
0.03413978232278574
0.4980578635568174
-0.21536554138377093
0.18012353248226326
-0.003730069620794907
0.10058084958498166
-0.4692582210539328
0.6664564335370092
0.0663808555421856
0.18028276434004256
-0.8420572435157686
-0.35463168484389507
0.14831435173967092
0.025657223572734977
0.264180526225039
-0.09467712836238794
0.47426991968453724
-0.4058569041004368
-0.2650571154656908
-0.3294549336050196
-0.33558587135583495
0.011102403810483132
0.5936700927921142
-0.01328747656867645
0.13781837747031833
0.17178966363114995
-0.01503523251958035
0.11765643127719032
0.09055857195285855
0.04491753702337539
-0.3894188850827792
-0.17840174331641948
0.06626366760659455
-0.10013115500173511
-0.0440526900638887
-0.29115663745087295
0.1463640943377868
0.3776036539363099
0.17581876959433862
-0.774661188951979
0.1721993356789118
-0.08942169113424209
0.016006056014759157
0.04341184385282929
0.1692145553189546
-0.06563742168507015
0.34478922276025087
-0.2454201333245028
-0.09195990671520506
0.047376839164072364
-0.16320363219007633
0.1328422185429491
0.039447809457299345
0.14879466522267698
0.19307154084463587
0.023638288798536144
0.17509560368986277
-0.08527777252165182
-0.1842400989744246
0.19272771196133892
0.1791068409726024
0.4047934691360458
-0.3823849211844911
0.5282402335002676
-0.17086003764851815
0.2737997378402596
-0.09709854843558952
0.14787194623601718
-0.12076694841615433
0.12543581294527978
0.3615498097785219
0.1294450030998302
-0.2787213743858709
0.1311060798313803
-0.04023853613425832
0.5151735138635865
0.08693202149387416
0.5923936336925656
-0.055465485519964844
0.015197233960133597
0.10826820119978818
-0.13849087893619844
0.052409511153215745
-0.0710577788207626
0.017258652215216386
0.0017065112049816263
0.20534467920826893
-0.016927283724214575
-0.07613155119521771
-0.08094234578397606
-0.3512922899986885
-0.18566384431770633
-0.13030946819906872
-0.007663984731992449
-0.2911099349361975
-0.5220521933523985
-0.3893238165043071
0.008050135767937228
0.33559797889639076
-0.3254618515351394
-0.04873636815139713
-0.03170668664897479
0.06018129163005772
-0.1453455361434792
-0.06652133811728232
-0.32208558238034773
-0.3345462856038295
-0.09838359891273077
0.005427010317517023
-0.013790803085251657
-0.14121471352557957
0.13858843644687288
-0.013173701763761573
0.006586431826769542
0.18571897386289316
0.023462143774375808
-0.13459734475668544
-0.47065514879077336
-0.02404020512873048
-0.2925036195656108
-0.055649278479302386
-0.3102039577744075
-0.04225411198413688
0.0543198592293323
-0.1684385901163419
-0.18784819471044786
-0.28431051833640536
-0.04468076935919496
-0.11119739422732668
-0.23802330061462476
-0.006245345872923672
-0.07399612985852712
-0.36333820577522413
0.024215098133023645
0.11435670882298656
-0.26215239833150894
-0.32938699967618545
-0.18499522917215386
0.007702647959290021
-0.11870294462404037
-0.3429943270384859
-0.02768684531664741
-0.08510689814540537
-0.20772751300877385
0.0497452893266353
-0.02507177162986961
-0.1720732143582071
-0.2894109152975007
0.28114186921425793
0.18781173241700155
-0.40662803748203025
0.08105725985520887
0.24016818879395296
-0.5402572079371027
-0.5588203583682748
-0.09455779737057303
-0.49386100128962296
0.01653099669264057
-0.06231384162983465
0.33189441036229955
-0.6902679847909146
0.07062171913573691
-0.4040879699706522
-0.10617201351982682
-0.22375913729432823
0.6023572155367856
0.18125109315273263
-0.19343726257431024
-0.34029308451047824
0.14322931104996622
-0.5785285968739351
-0.23857983314784686
0.12739933792179775
0.031636931872210186
0.05557828040536954
-0.06562071920187197
-0.11801962350410253
-0.22698309068291803
0.1262235357094135
-0.0013362494219210856
-0.0024024857683953306
0.31543062392399246
0.1931737861336997
0.3376942489701458
0.16580696537976175
-0.12256710560942219
-0.3602006234845253
0.08798505947836507
-0.02624770931810728
-0.3915835999944032
-0.10308738733717623
1.0150820691462432
0.18382943092463994
-0.5706295249623229
-0.5112637813076963
0.02291361143116394
-0.17206685125874122
0.7746811075239151
0.020965048041662288
-0.28084460968820346
0.04952929547239505
-0.11992846954565659
-0.0003356675132927296
-0.06192918944710646
-0.532806877767978
0.2505820222256801
0.08872693507095405
-0.4458205184604835
0.03370716399631868
-0.09443224185240492
-0.0450371949771099
0.012879808912903783
0.06606791840285567
-0.3272500740012783
-0.31160968546256596
-0.38124566126185666
-0.18790337236667792
-0.5406354288049531
-0.2141609773296781
-0.15320888503873864
-0.3426479237195931
-0.11061578136135002
-0.10280893890048765
-0.014169451585672843
-0.376597291433694
0.19279849368842836
-0.004915441177199542
-0.4326213794868009
-0.2190231900980758
0.8210500992126983
-0.1671417278661536
0.049103621414767165
-0.0679861300306401
-0.23388937505129861
-0.8414618141235595
0.003857183358730993
-0.08267687832132119
0.22238040762877906
-0.14570034115118266
-0.08457072348035721
-0.09851374076328463
0.35941455863736443
0.10778297502741525
-0.1410921079867687
0.3023009780585023
0.3380107170405681
-0.1389426674507399
-0.32849102905107674
-0.3284127952208478
0.11332169102810188
0.1264630694954856
0.26856403696472875
-0.6738152932051777
-0.4262884004607167
0.3883446251790937
0.11784808501832307
-0.24614272802104498
0.5958810385013361
-0.195766469140981
0.14108221262271192
0.0016404065424737854
0.11909283179304198
0.06468658070273978
-0.2731388001505542
0.07565125028416228
0.24501203070317978
0.22981744723028852
0.039817162306446226
0.1461355791752595
0.1489353001739307
0.22121660463747156
-0.7154317016406518
-0.10475865566431306
-0.5417974422771837
-0.2583186268272022
0.18602223469104034
-0.7797438993802098
-0.9781566385338984
0.017312714907321523
0.1556449990200197
-0.1585639965399323
0.08655415505011843
0.11007229950952341
-0.03083213704072491
-0.29024853566674147
-0.4685682624244403
0.25431768245081954
-0.3437993993522881
0.1380028888424957
0.13677650981675446
0.19224028928185855
0.15133449256413053
-0.2169660145190502
0.028706506551289864
0.29750208988459276
0.20627114358912393
0.16389350425112353
0.3484170239729524
0.11491755188283861
0.24083107946336071
0.09642237130976573
0.029103652263457236
-0.27083673747468806
-0.11471196483265823
0.4043305963784652
0.1572732948572254
-0.167857651276529
-0.49681966188149373
-0.03712009360668963
-0.2893570441989214
0.19095717852531385
-0.0902295777100384
-0.3985101058084106
-0.011292898950469454
-0.12605354695094204
0.018635893015436757
0.20468929699583355
0.05774144571236026
-0.07100707971436172
-0.3775734901264023
-0.3804810831931913
0.4112707382245499
0.2952336194468536
-0.27241420937065963
-0.04040421925770324
-0.1190496361684207
-0.09263805094666966
0.0007167629937566753
0.3671107589982464
0.2367953813227147
-0.19801648923914553
-0.19919056422657175
-0.17765963973610835
-0.11033693348010115
-0.10316430978178938
-0.10338176418924952
0.14710480202686008
0.06461743915759763
0.08169366418687062
-1.2214386139196163
0.11751635736034483
-0.045285091689548966
0.3723478912216966
-0.4768685035506211
-0.011690588645580768
-0.15066019184562263
-0.41536908710707965
-0.09993272946057398
0.07048020209791117
-0.10126310910965228
-0.18397735649390146
-0.009054770511001823
0.030540884189787277
0.019565221439386722
-0.14532528867391536
0.14151656645232014
-0.04556852781631149
0.4739268300405114
-0.1307410073810103
-0.3365250936884728
0.07859994768260149
-0.13725928322477068
0.1584422749090412
-0.03228472818747556
-0.194811323234749
-0.014647149165472348
0.006479698209162514
0.016253838673011636
0.0008151323410608594
0.22984164986440664
-0.22211768611565647
-0.231182152212459
-0.1750003102442966
0.3117335486672045
-0.22483285323293167
-0.09582110898797423
-0.1716816701483784
0.2844978138369919
-0.001279106336160498
0.0763367976490399
-0.31601966224063555
-0.0943408505289833
0.010146226968083859
0.38844065906536257
-0.021216773436007502
-0.3491082390278311
-0.2850911685474487
0.02757651739642047
-0.11887185815408673
0.1090561637434401
-0.13427166759538894
-0.08502309164217738
-0.26468395640093095
-0.12361418336916787
-0.14504862729049073
-0.09808125629008503
-0.11087353456824225
0.0029417372763015774
0.25995843994613776
-0.07930430943212073
0.26367646214810514
-0.23968467053192666
-0.18527153821156941
0.36059164110052655
-0.45660207466585695
-0.1669759269557334
0.21351811892235495
-0.23667368396976057
-0.7967969406272832
-0.0821575959385511
0.22449845783782046
0.0026691725490616885
-0.11594053623475806
-0.3591811052751626
0.4308200538753718
-0.015119153976938707
0.04255048119750839
-0.1349877861070314
-0.02027986814938139
0.07738679540384247
0.14578379529054214
-0.8515834846642549
0.013038569433629807
0.3709531784917328
-0.7211162787681035
-0.3835505013958967
0.004566567105609727
-0.6304055914894943
0.3638590985863588
0.28160463528065244
-0.4656273330228339
-0.05316481023097238
0.5006342137244392
-0.3384539320498673
0.2168795237882735
-0.5233049362805496
-0.10271919265008848
0.06535000250713326
-0.20104470906160443
-0.1367882093726323
0.0811331442241359
-0.05847613605061048
-0.004175665434920352
-0.49536792825410436
0.05508434517170247
0.18478278856186503
0.009180069451289158
0.014900451792482488
-0.24954086854588314
0.28855872088211687
0.3799854821369194
-0.557313905841458
-0.20803990369577835
-0.3190293386284873
-0.8081472966557537
-0.004903193172768654
0.04565934663391382
0.4022871594130707
-0.09847710896238689
0.02003237327607551
-0.23149471707020183
0.21180811899996846
-0.25158999890417905
-0.6389555922333906
-0.1819944362475672
0.026158052071662642
-0.36102468380159775
-0.38993035565740614
-0.059189800288886575
-0.013717768576204995
0.33841742168218936
0.11782850539044736
-0.3283788880505484
-0.04179491324368973
-0.3307798312049278
-0.12637279014805436
-0.14778919024926282
-0.37964848853937105
-0.29388166446360914
0.15044031445457556
-0.13173079776701258
-0.48421682072368966
-0.24787736106752353
-0.49111413647818647
0.2296233526471467
0.08841056555803008
0.16737459532486543
0.11482997719035926
0.10100197673490235
-0.3230544693397515
-0.0342875897453432
-0.0688944985062007
-0.42227941443441674
-0.0009171244922470958
0.28611426366776915
-0.5573884357841836
-0.19432893472998827
-0.5728669796466405
-0.19117769039736965
0.10859313723413401
0.28650877136471625
0.5351173349334908
-0.08365714954138118
-0.15075734990001846
-0.013001255097670543
0.12710320421576418
-0.7216524916643889
-0.30308529892263497
-0.2100066013427333
-0.2419877361874432
-0.22722777852498635
0.6036798209429938
0.347381794335315
-0.7454131464595901
-0.11949179100909794
-0.1779861753894484
0.15544456456543929
-0.49474031855291445
0.2119365094062226
-0.09613841581821565
-0.07018310766780987
-0.24672210929087626
-0.1433105852744237
-0.01748985277470426
-0.3022500229706544
-0.3471564931568163
-0.749649631082955
-0.050666753700993994
0.042378309866097606
0.29590673965688497
0.013936411701790845
0.02699517882291303
-0.3099544234112257
0.14712110990799096
0.0018115694177399011
0.1060379284938818
0.10088530332356468
0.43259136103597823
0.13532520998581793
-0.24814740718436037
0.33497817979559225
-0.10417691803540723
-0.03114663667240353
-0.09980558966913275
0.41033491968835567
0.17449061219644477
-0.18460836324462235
0.22774612152402696
-0.2825640888005558
-0.11246059417662774
0.3325007306688766
0.5730181598404961
0.04292387125570706
0.4289462770696673
0.3434154949066172
-0.11675372005427281
-0.08540008262854046
0.23136439683079718
-0.2562308939508121
0.37195105964122377
0.3871933887622782
-0.012668540579326029
-0.13073636745089573
0.05430971108808356
-0.019066446143354305
0.20271064164995523
0.03766306935847133
-0.17888788696733968
0.05064427098013696
0.16294000571526396
-0.14913667608238795
0.17921088502897953
0.13834801535237506
0.2836856600880234
0.49230448136418536
-0.4530986753148218
-0.1601557113196133
0.08858516644164553
-0.2609714232329016
-0.43362366289741805
-0.1997003040340408
2.3589570993322578E-05
0.050392068204714265
0.4886141147764338
0.1402914242201394
0.605661337996419
0.06411309142830882
-0.35247888708816655
0.20207471282227976
0.012956727806061236
-0.3277751064054818
0.09350299549369279
0.15243146144187464
-0.07320271191180981
0.38338187937651774
-0.200704656211018
0.20883555663649161
0.09444872692877906
0.11558987855555927
0.1477745279331955
-0.047473693939103265
0.14015707837298752
0.025522928286825487
-0.15246073467876836
0.10753123997230776
-0.6407242555943499
0.3197465279787349
-0.1864259303829192
-0.021385207860643102
0.23181916731621538
0.05271486900045331
0.16725710801497873
-0.05829565872757508
-0.04338908548546627
0.37986156562275797
0.3067027528257362
-0.18991459879967262
-0.05543436995075323
-0.13076016201900764
-0.37791130970790215
0.44144582704819757
0.1255436806234691
-0.41972638000240414
0.15183799927186228
0.053767191999096825
-0.39511977992809805
0.10868911251024502
-0.8108272029473795
-0.056251927963341275
0.14604989219431644
0.320119362929907
0.16839720656566143
-0.2474085317190702
-0.07884751157771673
-0.023506418123813353
-0.09764563908474144
-0.2576396554670061
0.1004404529473302
0.297388892045314
0.003373979342195098
-0.26967719128479767
0.312732773570328
0.004377556936845932
0.016896684456799222
-0.09781870378734481
-0.5714517257846583
-0.27401135600829146
-0.015832558900943927
0.1906119745738267
0.6244455208931969
-0.5130237269295337
-0.1294034406328527
0.2219420772165494
-0.10441583441271633
-0.26984579412376375
-0.24313101673765558
0.13503962623199853
0.05961529257278788
0.041990202434862824
0.19658502365269512
-0.13278491097111722
0.17194569265881432
0.34486589320973116
-0.47470565050914565
-0.06377323823822874
0.07497789633778576
0.1590595719317404
-0.00959953510937029
-0.3087892367026105
-0.09759224102263234
0.05752937643288681
-0.1057250126516482
0.13804960674813424
-0.22852983073319075
-0.35848063849501033
-0.312941195407865
0.01840410901732043
-0.3870956259609014
-0.027861828534250822
0.0013913181746531523
-0.3856353949874752
-0.1565010718744306
-0.2825682993479935
-0.13209758708718336
0.05804746750556755
-0.21849871904885498
0.2765541456651436
-0.02180999695226488
-0.012267134734199155
-0.11125600788643825
0.038899730799967905
-0.10866540920174704
-0.10602876485713386
0.1372706821165374
-0.2228079837963995
-0.4334256961592629
0.1945570021830073
-0.028164971291733582
-0.02386430655157535
0.02688325915865967
-0.03787599872625394
0.12487344139095875
-0.1327705240744354
0.0690808780968917
-0.06990781245008827
0.2461600767009829
-0.09486723318146816
-0.1536407155771544
0.18778637313750693
0.23638598385539367
-0.16038439621693448
0.038600021318162536
0.0016042853582718785
-0.16575892559444738
-0.30082330529328166
-0.16396352510563406
-0.03319462981607342
-0.4468475602865789
-0.2922999336142671
-0.09864394872383989
0.003411283128080141
-0.1939979148031256
-0.16489424069220238
-0.025710014511150386
-0.10561333027553416
-0.27895427588338917
-0.4324619725557909
-0.17372199680356043
-0.14409531844184686
-0.06251833440260296
-0.011771925608547066
-0.06086604572723345
-0.1684660410721992
-0.03604093713193599
-0.0025533259347240525
-0.15338288666765615
-0.13144417922728766
-0.1523394475026014
0.05356338085649431
-0.27515969943182633
-0.565939463587402
-0.11584605481092707
0.006165822137206197
-0.1966050686382838
-0.417100924931989
-0.20102032868378752
-0.2398953073900356
-0.11927226998604842
-0.2915607699874085
-0.13772370496995298
-0.13181819891782473
-0.004829578642117813
-0.1105395005585791
0.06159539472436023
0.13949026135476697
0.09524163106907323
-0.04801471547954462
-0.04196253192448933
0.3203446739029901
-0.04976571827956117
-0.2511730136038955
0.08749641658345864
0.37685721507732517
-0.11264425368146072
0.03585690840578064
-0.22455019704027643
-0.29075701061037657
-0.03997912530044885
-0.0524598500364988
-0.029193500036142597
-0.07030597313172245
-0.19451616057318943
-0.15649114456686747
-0.08591235489417988
-0.27408399490627083
-0.21454286155159566
-0.21743763077262993
-0.05901630760437378
0.15261779918215407
0.0022714825345972996
0.08062181525738503
-0.04368402394552996
-0.33524250657774884
-0.058850177124528176
0.31423176366699274
-0.2773907139865839
-0.40207219291396157
-0.11383542995575846
-0.14146383225108983
0.054991259964094305
-0.0961205004464694
-0.19429268959301865
-0.03143693281908094
-0.4517106179976113
-0.22936685210304988
-0.6318623978542816
-0.40701094320527087
-0.23586055128046793
0.3381689267604064
0.13519419450154477
0.04108236919052288
0.2921303985062823
0.1539784525888936
-0.019428838367100066
-0.08669907824568374
0.8810615371236247
-0.20519398486456333
-0.42473371051787673
0.0827864296345466
-0.3998857570681218
-0.23657519679902467
-0.4780394453459806
0.1959685404869413
0.007562430010970759
-0.2632234761704623
-0.4175895415136295
-0.08531690391277141
0.08870277382147998
0.19120198843001998
-0.17361710766565705
-0.26814124485292073
0.26518931435276316
-0.5260651211374343
0.013298224418429651
-0.22006190330000916
0.14209975384145282
-0.08272321383966974
0.25337746204312694
-0.4777581028574877
0.04886452254044405
0.7336726671262682
0.17124761403004565
0.34444233754486997
0.4988463101928182
-0.4868108350328217
0.026071987769242775
-0.12791571729079682
0.2658904319029928
0.04892309790964385
-0.5308544068350936
0.042931091988311534
-0.2719515108639053
-0.33884746590471176
0.08606695482076672
-0.2176846236008209
-0.24818220471614408
0.30285160449513154
-0.1498201083812743
-0.2498358757737598
-0.5306808488060037
0.010395808833353944
0.07604861274074697
-0.9441918761648876
-0.43727606989193973
-0.30183688748228615
-0.2700389488136307
-0.19543080629538678
0.06479079053865085
0.09143550644637513
-0.39431554818387105
-0.07002237208758565
0.002425586662654801
-0.47539724392172106
0.3519855672444571
-0.2768447512551492
-0.015910288691605226
-0.019619557543328604
-0.16333550732440055
-0.4038707315949627
0.7069228414035815
0.35032404306603787
-0.5010625862909933
-0.2176801434243071
-0.27628141246899274
0.4807573223228916
-0.3539758537252855
0.053363802197454596
0.22005599699062245
0.09125509508847438
-0.07918164567122286
-0.17992006429528876
0.3047774393815512
0.22400311546758764
0.06394233112953117
0.11588919982767558
0.4296159392108295
-0.3087503271543593
-0.24324138798727368
-0.15022304234994965
-0.05772461266683385
0.29213242766576314
-0.10019971799763822
-0.1302535710379052
0.42914572279758934
-0.1461173480901695
-0.39216919850708776
-0.10514097762405868
0.14947326051169757
-0.3825942335379196
0.15494434945935393
-0.3658858210879416
0.18394717587535137
0.26184011186600836
0.16249427926122745
-0.2674186930766783
-0.5431171309437444
0.09768823939831577
-0.2294762504898394
0.3232488108406247
-0.10103331982499793
0.011759688321949263
-0.06261676184100608
0.6424749792660643
-0.21081974417100685
-0.496832346760418
0.22948273050582121
0.1076748406827619
-0.08256004369363094
-0.036601645833197416
-0.5265979922065277
-0.19142229846119946
-0.09336256801204078
-0.42149401062538355
-0.026700733180864245
-0.15237253544220933
-0.4147661045790729
-0.1752573131309721
-0.002605635824557785
0.12475747739234347
-0.25701570907621213
-0.13589540855215304
0.09412492936339946
0.06352455782690676
-0.014493183805172047
0.10902444124362971
-0.09364248993404262
0.012007011665473745
-0.3458391933992376
-0.23503521271228361
0.034104567380364076
0.162785027948034
-0.0936805742441364
0.2116340039691557
-0.09991232176288915
0.39689426572945863
0.10465811130434419
0.1070197230543229
-0.28159341444889213
-0.18024594464985916
-0.16247190672627834
0.08038680537382475
-0.3115558421641973
-0.09501318266766236
-0.014721807884246554
0.20292166646694412
-0.12747548984122686
-0.12441618454521769
-0.22084709453364626
-0.2166706911792324
0.007873890454476019
0.2295461829191478
0.2715657722260163
-0.0662791438241025
-0.2754168383065068
-0.18393924485287047
0.07130525899795798
0.08341235120578837
0.011966548176856275
-0.056805778838160015
0.01417545757239807
-0.3735608801993198
-0.008114385814138734
-0.11668482763971089
-0.11192009329934959
-0.15498694863620238
-0.2339449531416637
-0.04331147825778943
-0.13017136733784182
-0.06441869937215422
-0.42755296115465585
-0.24126104210076954
-0.24647320342057055
0.1737002780354551
-0.5483978733144816
0.28169397784264716
-0.16499547507225898
0.2915769130582989
0.18819223333397028
0.14271281258808555
-0.08905580013646523
-0.6435052700463203
-0.34167953553905245
-0.04077643792841147
0.5593054572355903
-0.2429363767692455
0.18343767926562043
-0.6071304188106954
0.13166983692308326
0.012955686373435471
-0.12370545983756888
0.047852688231216835
0.24155344719632024
-0.0371450208559219
0.26663323239570863
0.08954155356558981
-0.18734366566881663
0.09458826010028652
0.2940041022973688
0.45330185014569263
-0.4487510851005491
-0.11956844213186235
0.5131382322461452
0.2087985372066491
-0.9478508277629593
-0.08816409615488402
-0.4540571306444281
-0.4015488290945796
0.018414394447639405
0.03981052825940702
-0.15479802902095693
-0.11821545782494858
0.024157681194841955
0.206560391560087
-0.07573095329051462
-0.27507573003458097
-0.17843618436910866
-0.3725827115472298
-0.12850001576855755
0.10701688283324041
-0.5007933840375308
-0.016276851050307996
0.4879542672494759
-0.08571164675033834
-0.310728702117832
-0.6542512993252858
-0.3841182929396461
-0.17449181442443273
-0.18769578454858452
0.024848950011385873
-0.4247606710880236
0.08708391728708055
0.2640971497933718
0.1694082077351265
-0.36044889394846746
-0.5773690687092968
-0.4245752121244245
-0.2711060195563751
-0.46808358858626986
-0.2543069310906287
0.09143653578247196
-0.36184265763583057
-0.316608973167762
-0.12127856575488975
0.21235064104326826
0.2628313830504061
0.5928229789447615
-0.08050440131428532
0.35123924742465257
0.21138221640558486
0.17368205154304064
-0.17067711728436094
0.20489782196169776
0.09580855794577733
-0.036788763211155553
-0.1288058895394994
-0.2673703440253398
-0.17311611254933199
-0.3923130914862752
-0.15135434945826098
0.2792794016980049
-0.3465876370729796
0.04725220224232569
-0.21940985298347812
0.06943211295143464
-0.19811431318636208
0.09529177093679628
0.15086734648440273
0.35635070521848505
-0.6863242658920455
-0.36811796802269053
-0.004548384248245382
0.18255384704682223
0.07853772258791863
0.22782659844665518
-0.4768635739849886
-0.47717571490995914
0.25978689287649576
-0.0093951570119261
0.5082122683499387
0.31029589128548285
0.15921839786287084
0.5258894415882068
0.042296819690486494
-0.30230757091311566
0.2720861329536447
-0.4125333376944796
-0.013801995757798788
-0.2078206884185353
0.18447880396583408
-0.5657040301188091
0.001376696266373011
0.3024177860323805
0.2562916700012423
-0.10604475759571905
-0.28293455185832844
-0.2707725810164669
-0.03553873009028581
0.22899306863181285
-0.14787260030063182
-0.2354932263156033
-0.017500487721047436
0.09931637841089279
0.03633606840068168
-0.06166043569757006
-0.5307009151129838
0.0004855289018629908
0.31603895296984136
0.2746642588114248
-0.2517414205508299
0.26817866843194943
-0.31515375846642296
0.37436647383328747
0.0700737348585453
0.145810883282753
-0.05426368888218621
0.027245617383099753
0.12586490965645716
-0.18009234158496798
0.005177558760762876
-0.46184483706727486
0.06730673499844626
-0.023568872526922795
-0.20766271801182565
0.09494371368344746
-0.3019257723694089
-0.4294851488931775
-0.1606862297920098
0.3239121376629914
0.02354008221697196
0.18429639517649465
-0.1877885990497596
0.3796212342319958
0.31476243991072705
0.0345541842823419
-0.0017633805700104548
-0.746016104579251
0.5985902625379093
0.3807696625002527
-0.5691565184255202
-0.48777095248465024
-0.1349834075251268
0.9251648380701709
-0.28106842071109067
0.032666378193814266
-0.1697411950199285
-0.1244003588110369
0.1317666769512922
0.20097800994466414
0.002485981117660026
0.05988909993976667
-0.28390963543327624
-0.3130486295742283
-0.9592053122268139
0.07972321779350892
0.056361684184868095
-0.05379603592400999
-0.22726994004377835
-0.3252785612559661
0.22848079874236843
-0.24142056272615878
-0.5579701573184653
-0.11621322005227903
-0.21621982116043617
0.17229882358709678
-0.20327893488059814
0.2404090026496403
0.011881504407064581
-0.15422335779949625
0.22438015397199082
-0.35729485365699
-0.16641779413978855
0.11376459793109912
0.10035630982525857
-0.12395110971404687
0.0949318097243176
-0.271888930624149
0.09259502606447216
0.10240750575752491
0.2849770013833151
0.10471791972850152
0.32809195832047594
0.1980082991299192
-0.40296527850784675
-0.3857040466704619
-0.3878479534273862
-0.3693462863475345
0.3661368881034451
-0.05047786369685069
-0.021502494368139165
-0.19858289730305093
0.12705468887774374
0.07426321478494433
0.20512806560126837
0.41589277969842836
0.013786018299848673
-0.14783314570906428
0.23588917044311264
0.06148781128341254
-0.5742790569084397
-0.18199570489616054
-0.03181719942166497
-0.44776537147145196
-0.11539067435878064
-0.19019922715465273
-0.15601242653690095
0.024674627770095728
0.11575216140637616
0.02667852940305947
0.43811273544649254
-0.07712389807980025
0.09234598686055114
-0.09748609830386479
0.13330416992737296
0.09995243216534025
0.033392711765197675
-0.18637533492374458
-0.021084402227649367
0.14973925398673563
-0.5390462086036504
-0.21072912104991012
-0.22187328287137165
-0.227336086319164
0.3233022699653897
-0.30302224014535817
-0.2694441164539185
-0.16126062437213062
-0.2535594312481002
0.41943336072149556
0.11621080411688887
0.03301021152856316
-0.01954523462250371
0.4286724155937662
-0.024695999665796876
0.26878735566322515
0.25066970884652373
-0.2006740492750898
-0.06204118109968973
-0.14473238328275717
-0.06537858078867953
0.033349161951364524
0.12933004091886985
-0.2324413357458291
-0.18095472523428083
-0.0678521347034722
-0.08940444376842555
0.11068954484103037
-0.19768597649149214
0.17804001672584985
-0.059037139143766286
0.2210406413348611
-0.1369070279578339
0.15931960205315607
-0.4289487190677365
0.10686821082382823
0.13173712197733853
-0.0569910977589542
-0.44643481448951566
-0.34734443266672793
0.24849513816306398
-0.1786738123069505
-0.08400256039660775
-0.41245876984045854
-0.13178599879569264
-0.1683006529160969
0.2144489114573733
0.18842610233731286
-0.17463009907756336
0.12797367002326024
0.19160061527770456
0.03426278076278775
-0.11815600105210862
0.06835966904769766
-0.23786050685854773
-0.5507902902425417
0.058948824528925414
-0.1659628581400049
-0.22098383643486377
0.22065115915391018
0.2499718142274204
0.10235108669312554
-0.3269770742126725
-0.24755761830101028
0.2139789930877445
0.002525414972923538
0.21763059852093955
-0.019469776925203453
-0.100448118114687
0.010028796389106703
-0.13431483484421727
-0.5982021955622528
0.09532748832875083
0.12660131539875533
-0.0006580692128651657
0.7179545423369715
0.04268729839191206
0.036507034811006436
0.34920675704605125
0.009104484240824719
0.10294507827775234
-0.004253432084838531
-0.03792880800994108
-8.438627263202003E-05
-0.8960580720855862
-0.16175060508346276
0.2838001545652369
-0.04595291786318046
0.2394519889112823
-0.39010619595259655
0.26350571681800994
-0.12246963187528632
-0.33681217398879204
0.03463818420419866
-0.5980522814180466
-0.22682491482436606
0.31916440892657244
-0.1230984962352852
-0.010163887388938822
0.1820861069796007
0.4641149064777132
-0.23529142511236883
-0.23571900909637417
-0.1592469467597117
0.2523532957413662
-0.6431056215129806
0.17073178361725222
-0.11513560623665911
-0.25878427373543983
-0.1989734958084329
0.4914250445044938
-0.3516624067559352
-0.20809036057253705
0.09632011837343821
0.46790758264849724
-0.24314253867946684
0.08315672500035243
0.10709905335968949
-0.0448737404651532
0.05323655464152457
-0.3100964215522094
-0.4837714276708109
0.1559222977266948
0.32613118545439107
0.31352631880783827
0.07463109216283795
-0.0901607286491066
0.06642426351828301
0.32393934597928653
-0.20668927431430217
0.16009040761125598
-0.6473842465425965
-0.27231760833735397
0.3825831824138991
0.14996303014195322
-0.23287775881242945
-0.35295760044454394
-0.40157758126262677
0.07215809596234216
-0.34986204831123857
0.09751000060219149
0.1257086846123587
0.6270581824452525
-0.23947043696827366
-0.2233370680607644
-0.47177570384150874
-0.07918183867388819
-0.20110327232092898
-0.13034055863410085
-0.1290569095549573
-0.32898329848574287
0.06474204843485584
0.09307176900234847
0.312651071779617
0.054100380265901644
-0.5047573248744909
-0.46659333944752773
-0.0988439339074922
-0.43055085392193787
-0.48992382088571534
-0.49947040477642557
0.12715948207077388
0.6636825328103155
-0.47708250574592087
0.46688278773896363
0.2346796734848228
0.25607015778510744
-0.32685568126055403
0.016406852772051526
0.3384067705433811
0.1381368403331562
-0.26427369806902323
0.22627158954812507
0.08239378811101804
-0.014356595787973629
-0.3410288112969857
0.09079096932469445
-0.33440589002118365
0.17025001035291665
-0.5502763227738523
0.2207447723534406
0.05945834613691553
0.07027191938990698
0.48023416622284343
0.029570547012186622
-0.4497905782182864
-0.30191844674681134
0.062223807730462
-0.11209281469675368
-0.1861294779648996
0.3280168638764242
0.2978820888239282
-0.030962744698356366
-0.08163029419910194
-0.32091448378749615
-0.20279951174640637
-0.18638883474338838
0.1768128978760034
0.06715473935468597
-0.09340102182147718
-0.15354251431812357
0.11977545269129944
-0.07591735305613441
-0.11589647345048026
-0.6074735545533747
-0.04727242690108497
-0.3644402680513487
0.00889636425851727
0.14266442560136455
-0.8820199268013111
-0.2299096080681661
-0.11587822576981666
-0.2114829805285747
-0.5603065784713775
0.3236961243979573
-0.009219952097660269
0.0551602173958925
-0.5288952444533856
-0.3225923913586025
0.027766980285340092
-0.17315793543141067
-0.8224021303113378
-0.3250040978715425
0.09660863341525741
-0.26246475559493365
-0.38128608839648415
-0.2810639398843622
-0.014311924877916639
-0.8468539733580299
-0.06238780448872726
-0.21138510421876286
0.4134357271899276
0.23170462559928748
-0.1352882607046735
0.06643351095818975
-0.47473190979478874
-0.26703324451742805
-0.5809824722338867
0.07379768132257042
-0.5677940719938671
-0.6102385925167333
-0.17260294042807178
0.33365937238731264
-0.3372346279532777
-0.3373126125739024
0.3123054979680033
-0.2816567471670163
0.2399267344531119
0.23316498857226367
-0.13971208818419437
-0.1376185898836536
0.29494052925456143
-0.145971683301532
0.00035381380191792483
0.22999059845686162
-0.20190714824905265
-0.11583029838321518
-0.07367033920764028
0.18252465641418453
-0.01720180068342177
-0.037799682183298974
-0.16683285496290673
-0.1966326004698979
-0.262816625752918
-0.3491138618127495
-0.39807332716223925
-0.053156861121395824
-0.1723204289371105
-0.47310365778504176
-0.35854102490211603
-0.41372084329192593
-0.27159975252553026
-0.004592653221091352
-0.2112593097699863
0.099933918847225
-0.15945591001553613
0.06398192189407446
-0.2336882164829365
-0.08312905211209048
-0.20415134586167208
-0.2720104834111013
-0.06688962756374056
0.1671097501175582
-0.016124651556973214
-0.2789759765827635
-0.4244143453341396
0.16114584234733897
0.10523140350287724
-0.14914964500207742
0.14142702263794998
-0.538140246535392
0.046700983377095065
0.223128798969455
-0.5239965598427067
0.08916602864331906
-0.1779473406654378
0.10399439422402418
-0.1605036584557952
-0.17081227141982872
-0.17509614772196358
0.22626663122343368
-0.14775257228561536
-0.2038680253075207
-0.06723402073036032
0.11824792393941781
-0.22837747839101397
-0.09572124283525776
-0.3633411103937731
-0.16049184315877624
0.2965051302197275
-0.12634580814191404
-0.6358304424875374
0.4521550232696769
-0.4556195848052064
-0.2389263538245526
0.13645708212458801
0.06057283684595698
0.14988806528962798
-0.3395473602598085
0.23057161680616156
0.23695481513590275
-0.32879074552795495
0.502293787965793
-0.39771146573076194
-0.02611832151528466
0.04724488775099734
0.1695339885177102
-0.24192439741943297
0.06139078679553722
0.05679536172982517
0.4818584574602635
-0.14857495367225398
-0.3046605407611785
-0.595991755147627
-0.4684164348327399
-0.40138390920300243
-0.31367301837643924
0.6765321935160992
-0.21854082123291282
-0.6245152421734111
-0.1399676794245889
-0.2577113308008147
-0.38356800119958556
-0.24336605524889213
-0.3833025650543219
-0.1943189697388101
-0.498499661261461
-0.42605905361692425
-0.3107884753788959
-0.4761076152140617
0.2864575946649945
0.16981033934694306
-0.39688975434619994
-0.5487466363802539
0.19491572420880632
-0.23425928680886074
-0.09865603472911234
0.23698852393088474
-0.15145293933803636
-0.0009705964437798358
0.08302180999950741
0.12204595505023588
-0.02498823655172975
0.11894263007687914
0.08051743000728517
-0.2583869059832057
-0.4217508433735826
-0.30880718732416734
0.09829530576343798
-0.25119328379512434
-0.6040241966518884
0.28646514043596527
-0.48797640407498605
-0.6077092185951464
0.4495473521920527
0.05720151523280874
0.10116253097163465
-0.7639770497392476
-0.08342231927000258
-0.19010736320891278
-0.49012634723191867
-0.7838795016418195
0.15013562298004512
-0.13889771162464215
-0.18609991640232576
-0.6191336280452153
0.09286437988303393
0.13048315034534225
0.17370629888386863
-0.07965565215599124
0.038616118712772346
-0.06955290975641777
-0.05675693195368602
0.37874281233113655
-0.5224648443248909
0.11363541221359509
-0.20903073588963503
-0.45627292503840555
-0.23911131586181145
0.2816364962467449
-0.1953470675535121
-0.07551909938471908
-0.014479053891366823
0.05865295978909093
0.023526834605032774
0.08767918965824147
-0.35020548976460203
0.3518248857689399
-0.2662675959876945
-0.43846643064154556
-0.45849193332999244
-0.4391905541775342
-0.22144133487007459
0.055617245390021365
-0.031326642432630766
-0.15782282694551542
-0.41119099794925196
-0.07425872688029649
-0.007216351604692729
-0.512708424699212
-0.029608119410009685
-0.02390528183852133
-0.2269284612349192
0.3031554523292757
0.1066974852881701
-0.7882491498244474
0.42589266245268353
-0.21542040479564112
-0.41497166862870466
0.0013889563590649607
0.0522738463214927
-0.2858677695908643
0.008129230743588635
0.25779165808729765
0.02974861586991893
-0.59567464906347
-0.35455370199539576
0.19399883010872843
0.2637822985192534
-0.4395467562849997
-0.00993101330634667
0.02842854235643702
-0.19981246521573037
-0.30242705358212696
0.1299919118498297
-0.7992619794608136
-0.5406579417634744
-0.4618054424957
-0.43778881388801966
-0.16588733721204002
0.21087830740315644
0.24971898749896576
-0.1277036043579213
-0.15676846112538093
0.08380195560378469
0.2601391758707278
-0.43375267461924344
0.28674517298695823
-0.3027504201796989
-0.12613610837321856
0.41040325498989005
-0.007472205074605886
-0.19586481696390437
-0.31999171061666665
-0.40040739499851996
0.29154639053330617
0.5150483616874861
0.38816589291430875
-0.13775008892967874
-0.256170612829746
0.25288944304540867
-0.08565481696089504
0.425136154626602
0.45333160851172805
-0.011127251246214828
-0.21884023700000133
0.20862598272155433
-0.055621839822479
0.017179022957254042
-0.3701913477802441
0.41954798911918906
-0.12437711206814574
-0.15671588644838885
0.047708001875353505
-0.2025329906194441
-0.5264702050704276
-0.2034685895634772
0.05248896347267059
0.24881358275954435
0.25131758396196047
-0.16124593036243817
0.3362680097703437
0.006423979839881149
0.009096177141852279
0.15482828157537265
-0.02340142062107938
-0.05633500083363712
-0.20021872723500575
-0.19679228582619337
0.7764294666240736
0.251858474159253
-0.024678469832629557
-0.4094698893806442
0.5535890584127005
0.015406977828963156
0.3597321160248098
0.034967448986599585
-0.12752936481804505
0.030294348797304443
-0.3730876597322467
0.2291379233981328
0.23497454626771397
0.07969015398565456
0.08040221324575994
0.05502265362180175
-0.2313523438480715
-0.21016850067628465
0.25444490810237086
0.2689837785904052
0.15491587652907715
-0.07723269529754648
-0.16652301255058294
-0.035078363117476405
-0.07673499768160372
-0.39635518397813185
-0.2014066279676611
-0.2530591605071379
-0.3888750991752229
-0.19436655414379206
-0.1547326070161667
0.11979727595849107
-0.11917603251876947
0.10570826020785225
-0.31335149876449236
-0.309832104833772
0.14743761285468424
-0.4732161033500774
-0.37889263274247675
0.13980852796880744
0.13909192873044185
-0.26989651432568684
0.07140060870272057
0.3509705572371951
0.08729407989257239
-0.7152580861376422
0.03516083810733174
-0.09934483822616307
-0.28512833106879726
0.1895447701232614
-0.15976434389657382
0.28738914157654233
-0.30878712105381334
-0.3118672848066946
0.003819023747537441
0.1745189623481942
0.43732348256829306
-0.014575068813009347
0.10816676603258452
-0.42727728255381714
-0.02023785730895418
0.3331974961408307
-0.0493634586241843
-0.01394062542867628
-0.23120285258614412
-0.17926696788613772
0.199849452057345
0.3532064354104136
0.10077954025899641
-0.02288113012594026
-0.1675132365644939
-0.5042277952197334
-0.154057184265022
0.4123752127472911
0.10576732733250972
-0.26924450719825466
-0.16405150642630978
0.14258140288677026
0.010311421068042415
-0.26265805127070746
0.35003713394533514
-0.12529725067208092
-0.4057412018657292
-0.36110477962314175
-0.018426056508128806
-0.26065899911267776
0.08941506509355765
-0.11249637841423135
-0.3464094718080359
0.20866279958884118
-0.18471560318031033
-0.09154536918628757
-0.46620482551204084
-0.33653795694970357
0.0022158238218122285
0.10059237203691569
0.5070368134705371
0.00675043100935358
-0.018651779106303897
-0.058718634732329945
0.020234347185892104
-0.005344898850345487
0.3962812670046224
0.056901738846117815
-0.6790919015152339
-0.34924907862877436
-0.256761859554034
-0.12233237671241107
-0.2128356067379334
-0.10944760478013615
-0.23767114662418273
-0.03392080497558921
-0.3823188955167769
-0.2326148694737245
0.005576671609401493
0.5574057117881533
0.20255411894780787
0.47992341377564085
0.4821910357225159
-0.4101294395933122
-0.2516530215372299
0.06207200578679301
0.10175196375601743
-0.0031807873829838534
0.11086092787983994
-0.16071771188977585
-0.1272925109043442
0.36312172604216547
0.033218378973336224
0.31518373696214697
-0.17976834034105185
0.1452962370140642
0.2725891854600076
0.05502667328147417
-0.5605599574746118
-0.16958674934157691
-0.7730211432922723
-0.1498125864496551
-0.745578051019395
0.24574371276729576
0.016261207695416897
-0.22337607454455002
0.017950997971305865
-0.04267069830199777
-0.42692852114259267
-0.18430493071839196
-0.234078919295495
-0.08627689725033855
0.09758576205604154
0.1943453799882497
-0.3709585770015972
-0.40103393931135245
-0.05316287018982968
-0.3378998397549799
-0.03047898927189051
0.1375386450437841
-0.34941098058322306
-0.13733298248734832
0.1601425923427941
0.3583230020855061
-0.20022105548245275
0.22703477538260042
0.609806366070654
0.02770299030556572
0.2954163877654248
-0.07554541365715503
-0.16972727938650695
0.16133477750288133
-0.07323094426224824
-0.24416387601695158
-0.28456862042531783
0.3804434392450413
-0.20737053935446215
-0.11447678205302779
-0.3516110724619879
0.07506067808607703
0.1448537084081871
-0.246387720102675
0.07156736768815164
0.40895960262594244
-0.4671378937365393
0.3012959714719449
-0.43357835080751234
-0.11668937293637932
0.3828211341279194
-0.1406557773786257
0.15557341251643345
-0.10379634949813253
0.05176563070814555
0.172455692682233
-0.3177684937112298
0.0856596163269524
-0.35834472888048596
-0.0824612906111161
0.4493534011091739
0.20056383656941174
-0.1798431448685741
-0.4078448950932336
-0.00774840451552829
0.2392011873584855
-0.10504678233019565
0.19140304415274492
0.3037078986599664
-0.21235999928014368
-0.24121006182296023
0.14650154356508457
-0.2562707552782218
-0.6017865088804208
-0.20811696576877398
-0.09633498019771858
-0.14745173246067794
-0.19597941826254214
-0.04606652765173933
-0.05352518998712985
0.10354144995250433
0.0675066391498207
-0.44014447556201874
0.07283691861484892
-0.2974459989390485
-0.8533232828417319
-0.3997802360793606
-0.24416182583671353
0.09319623834168045
0.17709371631962706
0.3232890816308623
-0.105925284149612
-0.11715557978998117
-0.23125521089060355
-0.3685227034884513
0.14607421203772536
0.2619419479194448
0.23754877720961878
0.2640047204873348
-0.16508250980829714
-0.38958517529307185
0.09750814559873482
-0.1784968326450037
-0.3012240129474219
0.08023516365485585
0.2996438034002315
0.29273975910514105
0.1826392203248626
0.46997922563989697
0.2920762646873031
0.42689737926241456
-0.42726952858958495
0.08425266259151547
-0.14086270961726388
0.05102955379688628
-0.021533459545814485
0.03571653997495411
-0.4256823844049408
-0.19626720148135707
-0.6168073859562737
-0.7396393558814718
0.01615879091759603
-0.27901221886585786
0.20106415224982363
-0.1121434475683539
-0.12176880627470676
0.3635001309954661
0.21762010594297612
-0.17994686278449376
0.4365823360448715
-0.40344315116016544
0.06739735108443858
0.10310231628646899
-0.13394017683599282
0.22793299477970339
-0.2638799495577481
0.3004137477442156
0.43898801141186805
-0.4718807552261738
-0.735805240883408
-0.11656092654606008
-0.07070351601468346
0.16239253796462938
-0.3336192197673845
-0.298469448282523
0.27297803142038923
-0.6664915093671862
-0.018953498058485643
0.45870459329975527
-0.09270677961087165
-0.01063690825137871
-0.16599046404220338
-0.3870977676859218
0.45998771689513784
-0.1578674354479349
0.12075579361134942
0.23376848235158604
0.3797691243466335
-0.21281102688253603
0.13026684673678954
-0.5753841465475915
0.11329595839558185
0.187900138354673
-0.1374575558201825
-0.4363007227898162
0.1645948332114194
0.02425337865224899
-0.10210680782691176
0.2464216518620295
-1.035466326237192
-0.11027989223428215
0.2575181158658287
-0.23558565467049578
-0.07337525828929953
-0.28999326769774275
-0.03068353377259673
-0.0615884947363161
-0.20433380899838938
0.30269647658359966
0.013340453106109765
-0.41549701274646983
-0.04905319855026624
-0.12669078857493438
0.056292985112410404
0.23403585326485069
-0.12787885292192694
-0.23422405631147805
-0.18385132517236194
0.2876334761459867
0.15148411396163394
0.07934782056897181
-0.07893604200309527
-0.03759620297877898
-0.3483849187487525
0.4036049856983599
-0.44600912098017464
0.4854374765515091
-0.14162785833731278
-0.008074226947518096
-0.8861876996132689
0.2058943874197985
-0.3287771841872593
-0.7000378222275885
-0.14115969422610508
0.16577527877166537
-0.10470775249910173
-0.17100004001777014
-0.007328370355603894
-0.09802275426377334
0.09629836198418334
-0.04181705346188344
-0.2029956052191276
0.21761986452712262
0.25999501319220225
0.011494668564174072
-0.4682784190768772
-0.5738148297747093
-0.18739385762225874
0.052288506712664
-0.1927685096956256
0.15899786208677794
-0.33558778156591235
0.2143486822687647
-0.9518284333830926
0.2365938142143279
-0.04116254852391627
0.1940412134877776
0.1931140246259211
-0.11926419616517364
-0.21467439420440498
0.004048810413234894
0.22449333863725882
-0.08679526922892648
-0.6447511774970602
-0.2764983653935985
1.223628911014925
-0.8999694731400741
0.08407775619060938
-0.3947587101047085
-0.2070137473134875
0.15170478652780872
0.4286180586742428
-0.4627727915608514
-0.6366366100412743
0.017839753475225515
0.22997314990866694
0.437897362394087
-0.10236780902604255
-0.07260500226595615
-0.32298286688860023
0.06305584722942657
-0.17530447228290877
0.17178025451316523
-0.3102621395787866
-0.04343744003841465
0.018748238358687268
-0.5294460963184247
-0.5439337662203007
0.5657166063875776
-0.09651189073210163
0.031174610502194156
-0.2628454190113035
0.25126280077707047
-0.2773517121900148
-0.138379035564503
-0.15068328329655498
-0.0868469807492332
0.3530725002706262
-0.26800711402197047
0.15017056329593645
-0.24486635421853276
-0.371391196962158
0.14461204586051296
0.3046684756952118
0.12834942038792826
0.02234584788131202
-0.11341983686005927
-0.2533475329886671
-0.3404198833266892
-0.6958264163116659
-0.003597728743904857
0.2076213948261825
0.3021074259223532
-0.35688250853274867
-0.2893213382159398
-0.68296485032697
-0.2762345368123724
-0.12717078726350528
0.6569334863406491
0.14851949477263143
0.09300445644226085
-0.07621591829305531
-0.49075906743958153
-1.1989232467646165
-0.14272550700598527
-0.043301205970998465
-0.049330647779497964
0.16375627480197322
-0.5533422323137052
-0.0004728555378647024
-0.09601808556107663
-0.03241637550939474
0.12940145753118448
-0.19463498894665734
0.24083129518735438
-0.5682728274947827
-0.079798881673452
-0.33595006159319885
0.12142851904703157
0.23632562514975586
0.32181436449483125
-0.6380911311383525
-0.3412560887470013
0.20531266971701229
-0.03893826695388475
0.16348106533845402
0.14285711961903524
0.00797536716431243
-0.03494379502160694
0.27341182980285744
-0.014577959550862924
-0.23467884069482547
-0.8676848026004216
-0.41937878263229145
0.1360700149187788
0.11760627643446789
-0.6484070309608759
0.2586758059921202
0.04056060046511603
0.3879976060369044
-0.7997782079989509
0.1716671283151436
-0.4189319435179923
-0.2837335386135648
0.27493023887794493
-0.40081402487733214
-0.5154773829583158
-0.44005222928186505
0.2770302097271887
-0.11945042914822197
-0.4754715730043396
-0.40812371020529686
-0.026698641403595402
-0.09402576562606743
0.05266910363237243
-0.2024007755327234
0.17485612055670768
-0.04693422279963016
-0.10359421720490115
0.3698291462483871
0.2750222244258456
0.026056997282099
-0.06313625698183957
0.05137852908101513
-0.3559007202659623
-0.037307074380148166
-0.3735806933319485
0.10674385401785363
-0.3541047099701912
-0.17628972855363423
0.3578398669101416
0.032708283510347734
0.16867519960078445
0.013437237866258894
0.07641002141289506
-0.3062764499465926
-0.2716286410086123
0.011920129155042886
-0.12732295119902626
-0.45257893301737867
0.21302545742060683
0.016124440717924012
0.11716934993011115
0.06747101775778216
0.032717943779794104
-0.22287059951224775
0.5293338266764667
-0.15002238452460137
0.4327905299571831
-0.07398745347744685
-0.3634606947763083
-0.20006902680852431
-0.1330060708137858
-0.353469769200343
0.21482841283124204
-0.18560694230748312
0.14578767522667704
0.1105934098093454
-0.30863899369567227
-0.09691862407841598
0.2230653956687061
-0.6092080731248266
0.016759141695595385
0.2397881790322446
0.3732627749435455
0.0483531910261207
-0.0754120777117154
-0.20440712319558985
-0.18364231189336938
0.05569170001778645
0.05095001064663869
0.04921503549349893
0.03917749451378016
-0.040471797639706486
0.3605412735173022
-0.1483621117810646
-0.11802911405510438
-0.08241084380935108
0.24774399402627714
0.03258148497527058
-0.062077324457929677
0.21147765922011
0.007546324036533331
-0.1447037034509
-0.3421904839285236
-0.060443181841543576
-0.13928240903370206
0.3237966596130045
0.2348320341770365
0.18272835498999207
0.018842413568063404
0.35947797310279356
0.040954278597376374
-0.35250007925032106
-0.12916428813406533
-0.12075822099043187
0.2535101463162452
0.044979581185757726
0.1099994452043079
0.011296477124125556
-0.27497177058280203
0.043859206516947385
-0.13193293874335546
0.10493542836230843
-0.007829617486314134
0.3099803686180175
-0.0030858669561972265
-0.19477305212394358
-0.11719386076735214
-0.09761711945761731
0.28938409521488806
0.33564882463653994
-0.38967778486802945
-0.08472083782929565
0.1813211423714719
0.20854164216455706
-0.42039408702195985
0.23720842435253578
0.06590354281083388
-0.025551809213713805
0.4894981994297809
0.3466146541355881
0.23357930260634224
-0.5239402777442653
-0.00016701567413391686
0.5077903224055128
-0.02214234126409618
0.2214219534788511
0.06468865606316036
0.019797069494680165
-0.1839109164295544
0.24027486416741564
-0.4763002066280261
0.4533812518899216
0.06749030338020465
0.24415113098072339
-0.4513925211513795
-0.2293498251585895
0.014115991666472136
0.10002525474757296
-0.03044940399897876
0.2867987486929183
-0.41805014817248176
0.0031368148531789207
-0.19491910797202155
0.15698311523265834
0.1269271200092223
-0.27399724336413733
0.2317862471216618
0.020466502639795606
-0.22591445649665876
0.16249409899323589
-0.23483985431763232
-0.046577859253502156
-0.16452753994977787
0.13171945542303434
-0.1561236439144257
0.06588252956527023
0.1947534708537749
-0.014033862016406664
-0.10691723389076054
-0.023884520850154887
0.08017293673648065
0.18535100614826416
0.17776838068219802
-0.003356686921398682
-0.2811108511109425
0.17858345411135243
-0.13369656095863505
-0.1953136028052598
-0.08859041979223202
-0.1050422439466511
-0.15663339092997186
-0.39699789577749584
-0.10432358674993207
-0.0026639947109482393
-0.0826272212270927
-0.44930070926395815
0.16507110790711146
-0.4233717860244913
0.164521914793934
0.04795687117839203
-0.23840784183432365
-0.15213464370190283
0.01011490579490381
0.10655656011478923
-0.18857980042533662
-0.23337611195611907
-0.20787532360562433
-0.007521187612915026
0.12383650918912271
0.021828320887026055
-0.03508472408513636
0.10517389678852383
-0.14351814782885347
-0.036843907088993655
-0.36378161621127386
0.12099574877635277
-0.3711216513841876
-0.18673639948636878
b2
-0.11916832170663565
-0.24068825203811917
-0.05279645249739766
-0.26221062019882513
-0.1667764067625673
-0.18160588792608626
-0.1632832593713205
-0.06451516106671372
-0.07990649961470545
-0.17858390150672182
0.013681023113327391
-0.03896970129697361
-0.0029876253069096325
-0.1798005648474981
-0.21325214820509056
-0.2595050711250319
-0.20029403910756716
-0.3467001417847877
-0.0542867105496374
-0.08149983600913324
-0.0788483838316622
-0.22127515917386512
-0.21452839549166355
-0.10390623002080908
0.010254806024248348
-0.16961391536684878
-0.4373060334405648
-0.004093046339278287
-0.2123693343485951
0.029531530539489325
-0.3389172923835468
0.0816427317526159
-0.19022528759200705
-0.03444722668821774
-0.1270302362353683
0.021914268567611212
-0.06189272264097994
-0.25691583700943094
-0.18515755917381357
-0.15050151035001266
-0.1627373658831549
-0.22361621201344592
-0.13311537488692138
-0.018134434918384696
-0.24976247428890377
-0.23651720621794428
0.0056724915785493855
-0.01838883246667468
-0.10989443299677554
-0.21206648337454373
-0.0628937956894682
-0.10027338172161186
-0.22933316101804108
0.08723059792662667
-0.14906671822605422
-0.11399963281986185
-0.04553172056524168
-0.021807210506142413
-0.03604701696098695
-0.30093583477995317
-0.21301436224375686
0.0737726664345916
0.04632377745384606
-0.23581593811687285
w3
-0.0516893378662166
-0.2063506824934239
-0.2551060555012657
0.09664351983365058
-0.1870372294266286
-0.16698055329975478
-0.1468354350144739
0.0711697169096169
0.33326165764340154
0.39945921363604
0.08813825590301227
-0.21784538735254336
-0.08256324621172612
0.20126437919012272
-0.04046979995499521
-0.2896265272320549
-0.31179586448112345
-0.49786517802345254
0.49624569913647826
0.026112206783408646
-0.15921578595688884
-0.296589302977808
-0.03615794758930163
0.023362370903743025
0.0875111955245017
0.5371854957268565
-0.6947038137076951
0.13190644514524577
-0.004359356108054755
0.15360714314612084
0.8820941254821748
-0.1652208701286528
0.009862284652551578
-0.1543052602536694
0.049995001129899366
-0.14864303736024292
-0.06432612734326901
0.0019604844704667764
0.019563928616586977
0.36986378748980064
0.158053653973653
-0.036187484737227514
-0.14884295877965978
0.19799043824288742
0.296054697566018
-0.03713334610758911
-0.042033067969701195
-0.1702335452445438
0.18438608739404821
0.2307979918519515
-0.05096849715805708
-0.2162399301127911
-0.20911501668108792
0.20218773174474713
-0.10051640247413102
0.3288842994965111
-0.10868407181809543
0.16326703024574288
-0.17402615537569452
-0.3003736977117322
0.31771077829430727
0.05681915863135712
-0.07301637275824802
0.03806258238293523
b3
-0.02839512380400974
