# croquet value net
inputs 57
hidden 64

w1
-0.5587115193190986
-0.1988671590725175
0.04727367500967894
-0.14213596255366667
-0.17335064943423847
-0.33213200927621794
0.46718063555920625
-0.6698348955585346
-0.720012032586438
-0.35209011603430973
-0.24926360476595763
-0.00517450774106555
-0.082622423784962
0.3080082790139528
-0.12462507260717127
0.03265021655898184
0.2629216256143339
-0.04799901008525018
-0.059538109043896205
0.004315347502699287
0.1577056125297797
0.017384902341003986
0.23589346444504233
0.30894067443377965
0.12365762505726595
0.024467670375833774
0.06120891724146238
0.22392866867956987
0.19746438906050964
0.014831617892523625
0.23648167912199264
0.36760606748649033
0.24953585325584085
0.43730236912353126
0.10865846137956109
-0.12117647656418468
0.0687599364782093
0.359418600439689
0.03648392165577826
1.3841993456067074
1.2741500269117338
-0.14012045349889957
0.2009414992065346
-0.43009887769887456
-0.7593472585188148
-0.18785031424274545
0.10944557376092355
-0.36691120069008637
1.1630111006223431
0.17038758430083709
0.11335305296233127
0.9283555015866913
-0.16551515047605417
-0.07216157271265582
0.18163228409871865
0.17665826768963683
-0.14898624539749403
0.766613316080508
-0.6603110013488495
-0.3003860549178917
0.003996678124849475
0.5865669376366414
-1.166610876229014
-0.13262723489060793
0.2297445198807499
-0.10828733833619371
-0.47483239846783915
0.8607689466468821
-0.3947456155525874
0.17823324368253585
0.1313351197268569
0.9117995899637057
0.13603828888396272
-0.26141543520818356
0.03527121982587557
-0.06723291360327734
-0.23989978084052885
0.07204025772939023
0.11684427026649331
0.10866323142319796
-0.40964912208900367
-0.20869162687472945
0.14724579787767486
-0.12135374569775177
-0.18184620838871232
0.05538521503226452
-0.4006065268905416
-0.05675076946578122
0.12615409151488716
-0.4863202574321964
0.23206206830135004
0.06192658063886838
-0.66696441944177
-0.6618886432350372
0.0985747668384414
0.09783906834350982
-0.2810203850522176
0.49943336915306114
-0.20949592349265045
0.07089491798911185
0.21371534543051324
-0.19991581437844458
-0.18801605683896347
0.0592608916249597
-0.22825954816380623
0.2557551337323783
0.18365511310013746
0.3638808299984088
0.08761057785645211
0.5818135539971928
-0.14327957804158914
0.4546763136242713
0.04244914988767024
1.4631028634360914
-0.12504720860862048
-0.07723069722700268
-0.06742329119126274
-0.33435935090442154
0.048226394953553145
-0.2472115582135305
-1.265302793949055
-0.18774662003989068
1.5012836144871586
0.811586354305373
0.05333328501820702
-0.05720610033366448
0.09785356407640308
0.05060943716561314
-0.6850160470773576
0.5831005935774703
0.3310290889311093
0.08315815896543162
0.765498203583755
-0.2997374249554924
0.004560500208122741
0.7596348323502065
-0.07439056592772365
0.46349973259965827
0.1507417862438301
0.6458747824647955
0.3944281499665694
0.8727532971062693
-0.39009943880019005
0.09275156106706456
0.7069862379204961
-0.1515719216698458
0.07850819366958368
-0.12363421705652672
0.044341886838501786
-0.4246807002736159
-0.5977600803667914
-0.4107625008701434
0.5343815225054848
0.24302567199411665
-0.2556287414201177
-0.42762946816022396
-0.1989565459788188
-0.11812779667957556
-0.4401954320655971
-0.24961410880025017
-0.527527036491761
0.05938269269488072
-0.12035427150814697
-1.0024780575511463
0.1293755967507206
-0.5895849754181787
-0.46152013370591083
-0.12376126170958011
0.16027791543481182
0.45389959800540275
0.3178496336323256
-0.04606168194639676
0.6211654554849606
0.09168783873249638
0.25852110928348543
0.36050975086175585
0.3151616176602354
0.024013002912028097
-0.04104855291506438
-0.27818337869292126
-0.4716662511759726
0.8697753045739065
0.5219251439678212
0.24334390583737112
0.0703899500105487
-0.2587659544974403
-0.5963377071978347
0.17239060869319378
-0.21195308128879747
-0.8128860242862208
0.5614421136684433
0.21891960022882653
-0.21449344259027267
-0.03512430027709859
-0.06828496789537346
-0.7293981809740836
0.12794816577163493
-0.32580008319583537
-0.7028125296101907
0.20867378188712268
0.18763019628793282
-0.4729578862744398
-0.1468886294815465
0.10007317709359764
0.33582777067142805
0.0006715310074168102
-0.03488694357425203
1.0592688767743432
-0.8930775522035458
-0.25004759861058806
-0.0018020982231105576
-0.5412944776887109
-0.5384275934950691
0.07857955619624837
-0.4526261527156096
-1.0479555252079955
0.23079249915714947
-0.14219816629826798
-0.9753992451708035
0.6540308294965993
0.24720641745298605
-0.4735570075571365
-0.2013654070239624
-0.5430973078185106
-0.7652575804682559
-4.120389371235409
-0.3322822408713399
0.7126427361944444
-0.2340518277350555
0.010875440874071562
-0.03967306497989712
-0.017778269688993695
-0.02173849209672361
-1.692921406814933
1.0630336557127773
-0.08372492875408212
-0.02031042444152749
-1.0285714514748514
0.15684476233659883
-0.21924857036397213
-0.9962527617498734
0.12130168265051562
-0.6014631424587583
0.1042765805734673
0.07747043431364603
-0.813399531537262
-0.5962589778489478
-0.6477844283761913
-0.6089068685894917
-1.1056735223295864
-0.1543189073193508
-0.058961088974306346
0.22532872263019796
-0.083758752677524
-0.6698182177139594
0.35822214845654665
-1.8434076546561355
0.013803375262955612
0.87628454031238
-0.19965682984920202
0.08647854566826975
-0.08519460581405527
-1.0106268476582505
0.19279130476025888
-0.26772211258715306
-1.125923231633851
-0.007458326293035954
1.2375869858501363
0.0887237570111525
0.05613890248945306
-0.15748940844063206
-0.806956995579948
-0.07984281943306124
-0.5772989195961634
-0.08430710729018503
-0.01038818011919832
0.4800788872120619
1.158897448084141
-0.08643415272503874
0.010505870764775913
1.0198183657802264
-0.2388009687021061
0.32131932131605806
0.00834410865207944
0.09301158223392886
-0.215692973375925
0.0342915489283922
-0.4573679957762454
-0.11703623691431767
-0.0883334612554744
-0.20241183065370688
0.1894512427146094
-0.23100383791499654
0.08534604885018154
-0.5506993683350495
-0.4115350247290761
0.5228889742687685
0.18460966585318064
-0.9480493609477644
-0.2797711899979591
-0.5784095515966439
0.040104565169558
-0.3991973676210326
-0.504567775088941
-0.42128441886499746
0.5410537133051021
-0.10591153341226255
-0.11789577498099332
0.7309963479952427
-2.0952042330916782
-0.5606873990603226
-1.6606219481563909
0.2502888225489137
0.5761523526547252
-0.047684383554686564
-0.4676851959426303
0.1760059745443165
-0.4666459480910861
0.7169857710274185
0.07191056271041656
-0.6727386344924917
0.3625272508836412
0.11586028870669524
-0.02668410212171091
-0.30073106932182564
0.2040148615606403
-0.4706369311308176
1.0507941324711394
-0.24106697246034897
-0.21186490045964296
0.6284200941757101
0.8852114070809036
-0.4017153873068833
-0.27622762640895465
-0.12250416118585669
0.30050006907190174
0.7267302307010893
-0.8728597272034234
-0.7476681236475989
0.1544461209786395
0.4899948046062233
-0.3386931424691891
-0.1372254095288946
0.43563989435894146
-0.15247498117377675
-0.27812329567986166
0.2680353302601211
-0.15796232853344097
-0.025183601035168077
0.854391264873584
0.7778442168831887
-0.3952748674563651
-0.029788609216116046
-0.06708018783996132
0.16427642100083154
0.5994945633537826
0.19010473289385293
0.7487992493677972
0.781522616560097
-0.15148137017683552
-0.37340719799746364
0.014252106813111903
0.1791561078425719
0.16550374387382527
-0.09045358676911741
-0.09376686623138948
0.012097913568699457
0.20827252888695974
-0.08290662809990634
-0.3143761779375319
-0.036980783335180685
0.1256854779823776
-0.21785439235390852
0.1355142314228381
-0.3028113046356354
0.21438662006200296
-0.467980485683286
-0.07603340981166694
0.6365124295988042
0.04360321099201103
-0.4848680238920833
0.33600773654860244
0.06166853656761666
-0.034101965319737006
-0.31807672696209816
-0.36395041260511135
-0.8831629590830434
-0.3178052692799878
-0.12089795519679468
-1.3588385782910712
0.1845246739528753
0.1437354334487045
0.005478409142373433
0.14058970231055187
0.6173035835571282
-0.3875327061454697
0.4855076158378004
-0.2740835022275923
2.2326015031100863
0.07637748542304834
0.47480223484413464
-0.25710505176852066
-0.06465680626740479
-0.06710530667083217
-0.6998370488467524
-0.1907488433090233
0.16186481571334277
-0.3491165646242611
-0.3792028468859381
0.23270613028407727
-0.2144637174648764
0.08051752439833317
0.3407520526630059
0.18998312304615364
0.008149432075773982
0.24412478904521348
0.24321838820691175
-0.19080521985280793
-0.13140730187739563
-0.07517311960422983
-0.00046488159520687104
-0.24452288435973496
-0.3609817774237373
-0.77548991171183
0.3840816233167696
0.3926311726823891
0.07860544088627412
-0.17169870767777026
0.0771660272888225
0.17602795127760887
-0.07210602846741408
-0.3899572538864987
-1.7759823176604739
0.7769158406360472
1.6044654910061145
1.014144691323282
-0.14992779541576642
-0.011128231950083096
-0.151841669373889
0.19030172385512667
0.06487338113889377
-0.3154973213182132
-0.1730558569540064
0.21105859642622973
-0.004528013089081129
-0.05087298472613828
-0.10504747157046729
0.4358415013501571
-0.007844738110102525
-0.1163327793718227
-0.08864350354578172
-0.1359377804732989
-0.09307167231502438
0.20092283542657935
0.0473687038323779
-0.3997867260844181
0.12251658026640631
0.8436704138516015
0.5783376905610359
0.4010628828335107
0.16037372816041914
0.08665568832078976
0.2381366859138963
0.32850101219630484
0.021348182435495085
-0.22070470372843504
-0.7442929362410581
-0.8084893193441429
-0.05158998227668028
-0.40648013274572065
-0.606300986046415
0.05205566924397724
-0.5148856901050517
-0.17608114287377294
-0.3474191354286512
0.07037512776713455
-0.6652202492100538
0.33254850228161414
0.9611917929999036
-0.14311119568950456
0.18339630139689775
-0.16797609692976037
-0.6928400973579965
-0.1458000594462939
-0.31368839224919914
-0.08763465893111988
0.06557414351499677
0.4426296139677187
1.0169868188645712
0.8632889291129094
0.566483066177106
-0.25564516221971717
-0.0906531141708495
-0.06811885105554587
0.1625720512841442
-0.5298282937422709
0.21650302987203432
0.677284783103064
-0.21068536157122733
0.2590569216495562
0.15511193340034868
-0.3289072807941855
-0.48465056339053203
0.03408951772621156
-1.0556088859941952
-0.5610664193414172
-0.030328316739116543
0.006082774152455691
-0.324467729187308
-0.23841920256956758
-0.8201806384396588
-0.8561453612053063
0.05603361845094702
-0.38145317497903214
0.18400479484597593
-0.003744008943291662
0.27111376987710134
0.05050501848383438
0.012570192192087591
1.9575689934262426
-0.6650303109112071
0.6357566403467383
0.9885123148225957
0.13513832345274376
-0.2614000027524553
-0.17393802648425513
0.16946282164098533
0.012204633047950261
-0.17485948221947392
0.34939991686276
0.0893865435366097
-0.31299072799624605
-0.5348046373513664
-0.008636248881305205
0.010119436805133717
-0.40588493198913667
0.1612053484702639
-0.04763925228283708
-0.17140270102919355
-0.2062478063424262
0.032473089585969235
-0.13773383838825476
0.311896605980492
0.1552185562253295
-0.05974137757943589
0.46788624282436986
0.1379279969372031
0.10136190757956308
0.14515806144932877
0.1441102204302392
-0.47352541547859295
1.4957381240957621
-0.47513065649583525
-0.9418795604784487
-0.10196507332868604
1.1348908913806512
-1.035046067837093
-0.7748902609823819
0.7565523370795466
-0.16645159785845431
-0.08834374538517965
0.5287033257390754
-1.1620581404272088
0.38286110209866914
-0.2171309170175375
-0.9920892379348956
-0.319931534760454
-0.07140508689083579
-1.8569643205586206
-1.9372482977837857
-0.07017452828183858
0.1531655295898188
-0.2522233090948283
0.6713014117454145
0.3306149333470497
0.054382432535625476
0.06335301620563644
-0.052846292504474444
-0.24404339839128011
-0.0969439183781224
-0.005586306363779573
-0.05432395739707665
0.638719398120416
-0.2736200441184514
0.015367913473833816
0.4160894268195966
0.3059931926789246
-0.5800880448082831
-0.2333672260693497
-0.14472579996945156
-0.10453557196826277
-0.014108546763472125
0.09908948149003707
0.017563963899781303
0.2539143402910392
0.3098716712152931
-0.31812287785018506
-0.09083455481288936
0.03896819397642823
-0.2869474588113344
-0.2545755154514154
0.07269010722629796
0.0355954231501984
-0.33658135353360125
-0.2944507756841227
-2.7433845756572954
0.37459069927384786
0.6493589999201532
-0.145586611285018
-0.1806470597530488
-0.16837704963900174
-0.4642615476761402
-0.6066310340700198
0.07922346323869739
-0.5434097114855319
-0.37717174633042694
0.7840241249261454
-0.32160886287746737
-0.12373175826276947
0.018272726985220904
-0.11766243194173887
-0.02837360573489817
-0.04884085113978452
-0.20071294140446716
-0.49012270603596153
2.0623657379942975
0.026580712056682394
-0.6950407986664345
-0.013449636320994175
-0.0591355542958408
0.176746064457173
0.5422666027502985
0.6574443250360067
0.7452410206013029
0.8508707388263251
0.38742372823313925
0.6344349162479271
0.47026213666288913
0.13757840842239677
-0.1498983081994311
0.24563220073613276
0.25585177999121184
1.280153958640714
0.351378099168968
0.2719413280354789
0.6511495098650486
0.5502841221789029
0.023841265128121892
0.09008760802258486
-0.41615115094456556
0.19511995038630714
1.4042099782957576
0.3551388044700361
-0.06081754713158326
0.21805815843109197
-0.14588448833321782
-0.24585246818928333
-0.03813896966274617
-0.08944221776894962
-0.4388311321380666
-0.016468743692654355
0.06775450840079009
0.2925171270520154
0.7734051781729351
0.6411434126226918
-0.1620853688067596
-0.1290051534448844
-0.22838130299292692
-0.11266086011485894
0.05580474260825068
0.23183357090396453
0.029473823822289833
-0.06065085615337184
0.23483431477561803
-0.7435776424723037
-0.22080518938167532
-0.35482320249235605
-0.8043382411175837
-0.3516745937597491
0.0651860058036618
-0.058898491768945356
-0.06480727201403796
-0.4237481249438032
-2.407839115740856
0.29951527788522103
0.024132121784212198
0.4609047110373612
0.2512860316165874
0.16622555287233956
-0.08575448219313271
-0.498910143987664
-0.056185663017507055
-0.8792877457522474
0.03220476095820548
-0.10802370896710271
0.9099287325083089
0.4250937893023901
0.3182224160236974
-0.26791891238582133
0.1976117757039227
-0.14450413908684065
-0.517305945281841
-0.23066103719652448
-0.17658524900424272
0.00511075979662605
0.8045402513595467
-0.16198217260355735
0.23852598719299015
-0.8446330528140467
0.1825685867657458
-0.06536331661026358
-0.6871140190893126
-0.583246002956305
1.2373446440321414
0.5603825166491766
-0.3527546194360914
0.29530451530404306
0.07922141005471953
0.11767629827091688
0.07452149737473585
0.15781021264423295
-0.12434440945659785
0.2644974612124036
-0.7024420153981153
-0.44863775304449166
0.2338610500806752
-0.29975733313741143
-0.5488755331000802
-0.7154239957253715
-0.6400232674584617
-0.26084750723439487
-0.5734475724359943
-0.08353503190008373
0.022484714601848352
0.4786734504997492
0.12382958500037147
-0.7045689788659114
-0.48189004042706507
-0.5774480028108905
-0.9511624788883056
-0.6808632807669748
-0.6945856012559936
0.3735028152590218
0.37020579218366173
0.14276390822680105
0.048646016570684375
0.4489043466668456
-0.09805577994393404
0.3321777540161637
0.5101199364404765
0.7520599727998579
-0.31148448108311066
0.3377426442206785
0.3644710258642138
0.5590447227138103
1.2522981049902937
0.5173130366474449
1.2469064878388008
1.5804590410452037
0.25262032199873274
-0.16859204833172892
-0.033105065402217845
0.13250275441330464
-0.11045047048428216
0.147347175772581
-0.18163338443830482
-0.2347079209608247
-0.16775778481706322
0.23756801904123104
-0.3723070056096915
0.147633974969162
0.15742552187189945
0.012313258006077141
-0.11944694221223788
0.794529411079433
-0.24649957215896545
-0.7582161854752206
-0.04464934202266471
-0.45723202190295587
0.11569602898771572
0.4383541791509348
-0.25121498334695014
-0.06699732081786183
-0.37409360370532274
-0.1343013391794818
-0.3251919559875157
0.11717746398079429
0.025378695220362197
-0.28396228172555915
-0.42556966391178186
-0.07771195639531706
-0.04820105482238228
-0.2745963924476681
-0.2784782585716982
-0.04104656510443849
0.10119925175038019
-0.23979683874445537
-0.2187427794324346
0.11881441249041835
0.7136644562617189
0.5759442670455645
-0.40740008839502423
0.47649956405447313
-0.19708497513134204
-0.15006382334483934
0.1604092748992214
0.001961660899571882
0.0641642593082934
0.33802976675549345
-0.4396553093358519
-0.014325869817024092
0.344083708064619
-1.1629392229491835
-0.0964965109721433
-0.13453680463448497
0.03473439644650373
-0.11434343023388928
-0.21606319532207713
-0.2314994843389347
-0.16389368788460112
0.9596097653050129
-0.11013578512827428
0.05344730681969128
0.3623962528884955
-0.2433409008722913
-0.2517055228713577
-0.2060362022568968
0.2405272187001888
-0.19200852764147538
-0.3170438880478246
-0.7689552580084646
0.02390475673707382
-1.1172295684065494
0.30370262220184585
0.32362353049247844
-0.04528764930626389
0.07913975469277018
-0.35052013992679737
0.33131575742974023
0.3557887615163954
-0.6695561981473149
-0.35667326642636177
0.6763887270225026
-0.6301554633960059
0.05045285335660956
-0.11104797259729415
-1.2678871948486807
-0.24337577771383853
0.2585788002068733
-0.3471929748522649
0.2547044446321563
1.5080415771858207
-0.7553149332121912
-0.44599494062288253
-1.363616334206388
-0.211305480549783
-0.09898240191488729
-0.13472568568859933
0.30555001930239684
-0.31443669359850096
0.25536080459593397
-0.3240728735910207
-0.8671435374434917
-0.22281181659514498
-0.7211420928152142
-0.4276820715351176
0.08694894112591753
0.148396331237248
-0.06285865510036752
1.334753708902957
0.37080906657009177
-0.37357151248445075
0.08139206157186632
0.18440575491350392
0.7159890287909298
0.7081347379787012
0.4459895500318018
0.53787479965343
0.22083626397441394
-0.029050868262387907
-0.5742552248432923
-0.6348352616178414
-0.15864949383521465
-0.039682947949689934
0.3568292989576229
-0.6400845241428326
0.2222169658447179
0.18372235829685246
-0.7479975270495942
0.3437688979785061
-0.46533118777606225
-0.44181722172130905
0.03403668972039345
-0.31556697132612255
-0.11000223154415031
0.154947691100806
0.26038826244807767
0.1098745837928566
0.4242850554815947
-0.5873616920563494
-0.10594704225830105
-0.2208199983877868
0.33287601190059246
0.07809584422660813
0.13701835543392063
0.28154427884371985
-0.02603880383367161
0.6637705977233624
-0.2734655354739906
0.07830876432915071
-0.046547716387463134
-0.26632164828185023
-0.2126922439683261
-0.031115411515450823
0.008321893316864297
-0.1243730175779775
-0.0818920455230801
-0.5723799808420498
-0.8674705474809092
-0.598808285964266
-0.23655759115431413
-0.3045632568050424
0.3463252425189425
-0.20209402341866095
-0.4993719840460068
0.8215424715477987
-0.47260343197697874
-0.2073125409627219
-0.39505423267631345
-0.14521653966880024
-0.5133891069448674
-0.4665835314890598
-0.10647144297568881
-0.1011482423895444
-0.23859408984727473
-0.009571374102315532
-1.7226820336196134
-0.4105999501183905
-1.8222237612726349
0.04916756190490691
0.35847355601383135
-0.3563415630310326
-0.02838738455135796
0.05853709794468477
-0.626009536167198
0.20808967334594605
-0.016334361626463595
-1.1413474746128538
-0.02141788917143111
0.7818250900966245
0.036689940516564205
-0.1652005846781942
-0.05092635191184574
-0.7653631998018762
0.07042754748346894
0.2735148901582411
0.052608297670159974
-0.13022816437961435
0.6701603927976791
0.31904194786799955
-0.17001251014030164
0.03257129673478454
1.7050774494710172
-0.21900779092536957
0.17812944319218585
-0.051368937533582876
-0.04401544608401668
0.284701434552612
0.15590943423698944
-0.11941227450377606
0.09660766221006147
-0.4377933078221336
0.4531548772274271
0.7065177011826256
1.046908280398002
-0.03346520528442253
0.08782755818089899
0.03718042334301372
-0.06530311953398077
0.2647262749895978
-0.6763390148263598
-0.41677478203110385
1.0479201962867295
0.08398198726778504
0.3348808029005176
0.26481582425459343
-0.6382402647320228
-0.020722134514947355
-0.2027557157044835
-0.4850641770233766
-0.4820487165673505
0.21518830748610449
0.07972397214803538
0.1529999358529476
0.6961863504452145
-0.0023377520797991974
-0.06703074233074498
0.09816020980120947
-0.15933438410324471
-0.7355829136084757
-0.07983986603834509
-0.17081513685409214
0.29093842514185375
0.16515423228079965
-0.2977805745095811
-0.3673121822818205
-0.2595920989902148
-0.2075494533500899
-0.4643694699483377
0.0902531809531342
-0.3499704889381446
0.4979705297646589
0.05486754347907149
-0.552024222078651
-0.11131649672074372
0.41182297926352385
-0.1871853100754232
-1.052073406292028
0.3746557990036201
-0.1748684374589829
-0.2548401441067656
-0.03793032528682967
0.3627767740389274
-0.6707626012225667
-1.0832643301697575
1.439115974730011
0.3118698810689453
-0.050253549418695045
0.4679253815064051
-0.6145194211197861
-0.39859388345964725
-0.322089514629259
-0.23612710658236236
-0.13706105694814305
0.0606474390118721
-0.5230687969414048
-0.05537604923245734
0.6335080642424803
-0.7481213320991374
-0.7702548498299235
0.348510255758337
0.15229081071647618
-0.31916847329966497
-0.23293655191135368
0.6395479646295337
0.21361515746473672
-0.1128861301691299
0.1416045295297663
-0.012972361975901861
0.5164884286490062
0.27367423546933656
0.13267050858127327
-0.6374781590090494
-0.200863528219007
-0.2328186087563104
0.05972855095382846
0.04507032306408827
0.2721688240006752
-0.16775022261440756
0.598569375708901
-0.16339755277680168
0.1828754545460449
0.21876290969227477
0.10321306107031558
0.08431578979374646
-0.04573169309751357
0.015447632049144571
-0.4219326616751637
0.42040482518759004
0.5243361272054895
-0.5227572840041331
0.38071676323815656
0.11707264954168989
-0.23332799977973792
0.4251464650122288
-0.12752952672519616
0.263043515770236
0.07823407006358643
1.1911750018047298
0.01574231464128565
-3.14964584463984
0.030302601939485262
-1.292010269730099
0.02889606385001537
0.03978074458958122
-0.39739320112075915
-0.00896198095782181
-0.061323906764834124
-0.689371503609711
-0.3345175783047753
-0.17862022276918252
0.8720980490836507
0.38148776107151294
0.37514161684620223
0.14546643855166555
-0.043765098946401314
0.28456305838950524
0.035319232574013454
-0.2817801150828133
-0.040990251524430636
-0.2339517908703216
0.07121890774460436
-0.07588934927079234
-0.11414758368310016
0.014690794610056429
-0.08099165712507822
-0.23726476495033225
-0.5173589799233168
-0.33025238270967533
-0.5135472695393605
-0.20092461904720382
-0.13983281561789718
0.06914408400118821
-0.14659092744064903
-0.018088811566610588
0.18078107077609795
-0.434529080422722
0.16567782967744332
-0.3916737035139885
-0.8945841028177727
0.06483615833076896
0.1868384678795765
0.6382721480446054
1.2731127174093393
0.8744986144282073
0.13504295047425124
0.8951356898991705
0.4588031710771321
-0.5750454508675769
-0.14902846745718243
-0.22286113479162617
-0.3988254184135439
1.949522550968969
0.2581913226870206
0.1100027829166923
1.7686511204682553
-0.09089420110826842
-0.11039547383483597
0.02456039169727162
-0.08707121997017887
0.149703463702659
0.5036869318459021
0.33099945051693264
-0.08635021582036156
0.1737002386726391
0.04619483277569665
-0.833240876083162
-0.12279737867129958
-0.15593631520933157
-1.1068600519000484
-0.07392183076171002
-0.1500127429909982
0.16902739590921637
0.02890830203632534
-2.1687062989235533
-0.6227736946809191
0.3617421032154483
-0.080854835488833
0.31601695149608894
0.4779135575007554
0.0804133082186364
0.21156642493939815
0.03568790649838054
-0.18541905938761452
0.6173796810472848
-0.05066264172030755
-0.5366630000923425
-0.283123878479466
-0.6240961547786227
-0.11063126552883869
0.15586802204816586
0.06618036179031517
0.12940663020573012
0.31902640560826473
-0.09372876195487789
-0.5388790132857746
-0.09408787274336279
-0.8810275198445232
-0.2861486507029782
0.5029850063749711
0.5152760422002116
0.006852697457922674
0.39766005615647876
-0.11780360880981497
-0.05698750251750126
0.5696877205482459
-0.014959572247464751
0.017942883727306957
0.7402904468093867
1.1101649216877305
0.03473615188878629
-0.3496519129731331
0.5898004433110677
-0.11613269530432495
-0.557119589836703
0.036289960496699795
-0.15891272011758095
-0.10723949165338838
0.08164713812354599
0.2275684782188555
0.16312357687498918
0.30437534744124944
0.510094084696936
0.37156177935133716
-0.2908598034293167
-0.03132694082526218
-0.11590162772509092
0.02361871659584903
0.6678854274188134
0.1545847419744064
0.6829238680868965
2.384381172883352
-0.8739834362926524
0.10784580877398764
0.25422656728804516
0.03261018390727704
0.28743587337222837
0.02755392282255121
0.056556846512910514
-0.21289012947691208
0.10914830528082575
-0.4625571955062539
-0.1238192315788347
-0.6489362454260639
-0.5322158199527875
-0.040672902809514556
0.11584908614060292
-0.26732466518094167
-0.17398671607428162
-1.9361961204098266
-0.5018678408121825
-0.5298159666840698
-0.0001645071020312825
0.20019387307005154
-0.360460053382755
0.03141136493282677
0.4849724729411716
0.2175393379091052
0.1448469990093938
0.15103705527874217
-0.03591693220296464
0.17681404058825764
0.26996980400564063
-0.12116265460643305
0.17421192254187415
0.15875434008789674
0.06673508686706515
0.5598953160432606
0.14923584109433635
0.35106576286327323
0.3020544822877601
0.0743152270256483
-0.30077412545643945
-0.5290951847347534
0.02029195495691531
-0.4340017868436974
-0.542244306107163
-0.3002614722731661
-1.1804671170334473
-0.42228257126803653
-0.531211715535909
-0.27357567844500086
0.08077824039106458
-0.5928858311259413
-0.6148767461959419
-0.7048992959108106
-0.7453679531161505
-0.401371302096651
-1.9654389011513038
1.3109996296567268
-0.8409692229345654
0.1659295305546149
0.13400636660653636
-0.09681596438942892
-0.0830367867689714
-0.03119586253211684
-0.6050430864300104
-0.16366080453179002
-1.5339233966812211
-0.048451100345640964
0.39077777362441846
-0.35106058802841406
0.07876102083859479
-0.16186406599600958
-0.561927069610808
0.012369343730545079
-0.28671864235963834
0.7231820676113466
-0.165848974113605
0.770902802461645
0.17644679698283555
0.09398169753885675
-0.09281112376542622
-0.6343383050220339
0.10573657133328385
-0.17924020205410698
0.04951443514777128
0.09678440842385358
0.04787306710060068
1.0343511171957671
0.03493244208091436
0.03179651198195767
1.0156219064751957
0.16586593140822767
-0.06707067045668869
-0.08915202592534587
0.10938813245238355
0.5425493562844296
0.16419306743146542
-0.326395047159734
-0.11387513338252277
-0.04927064425301575
-0.12565222670909865
-0.03555943643537515
-0.5099380814409622
0.03601160031342723
0.14496246537886037
0.45188349365298414
-0.3148484604610164
-0.03573771402170914
-0.41066806217532975
-0.37643916289096757
-1.2361856690265882
-0.2973166683537502
0.5714482494507453
-0.6677286430470606
0.1541162505086166
0.07054719676545673
-0.11653357401400811
0.11953603288954924
0.016440839577307235
-0.2414545795166808
-0.01597325397070924
0.17060564850703538
0.08246477901590471
-0.8063477470038248
0.06554409090448765
-0.989875462631039
0.045185271717463
0.3015781351467858
-0.022533116023376452
-0.19137251482223877
-0.07804978965393966
-0.6696957453807442
-0.4436370845351381
-0.4521830030795251
-0.2957547230312635
-0.41216574623024904
0.5141619404491646
0.1285377657135119
-0.11043250626718072
-0.054206186110144564
-0.4776996848474725
-0.14649944717833197
0.22866373387576275
0.0023201080202386827
0.016187473553804753
0.5486419986484293
-0.2134109005886907
-0.2025134756522033
0.1585922950178233
0.6397339988589449
-0.4449535802141844
0.22641454982692175
-0.17349929642130865
0.3654525715956594
0.4786967770496921
-4.575467500712005
-0.5579425061895152
0.6848375483726885
0.32748687051488834
0.059574835392872026
-0.23179089934820613
-0.2657377472231255
-0.6662248888480236
-0.41429069404127367
-0.591327914504648
-0.2532007675197687
0.6959169411572449
-0.466271532864497
0.10101347759012172
-0.24875513884922087
1.2626135595955557
-0.3758388134581282
-0.43595949904088827
-0.7641243929159013
-0.18073578952505973
0.06219937220840551
-0.3244270585509371
0.16356854002651658
-0.30167763049458296
0.4888769369013364
-0.5724460461713544
-0.7361861186087215
0.04158529643582668
-0.1392329163513984
-0.3352831161601254
0.19375759704432002
-0.32736097031317046
-0.2166266269250415
-0.48706782322887926
-0.7591582135441644
-0.2655746628359086
0.2527689403775164
-0.8075854040908222
-0.6158310587854857
-0.08251976306490996
0.09848912593586891
0.7655221102764963
0.6469201855823873
-0.013283413454324941
0.18195543959353994
0.19733844681992962
-0.408832363687415
-0.25891084821706273
0.0752223035687601
-0.5771765420402661
0.4405229464396212
0.10387149722162703
0.5326770932961629
0.4729163800228948
0.21114313906555154
1.5703718717796675
-0.3184383678408263
0.7185345405655637
0.6305701686032302
-0.4313008993044468
-0.2822420776121363
-0.31147631733468645
-0.21682097965511127
-0.19808774763242204
-0.4978117635660798
-0.4095968813389207
-1.617484542115079
0.7445635695051777
-0.23129240118681593
-1.7387813439136903
-0.2326296856178198
0.49470728258890684
-0.6197162026192073
-0.8282051572106008
-0.7938851455541874
-0.3583988934216886
0.44959032476541994
0.5130346343110699
-0.012700674466806738
0.22026265098747705
0.2229691955387189
-0.35012913592011585
-0.21161824625396963
0.1685315810473297
-0.5843233003287157
-0.09801561826670287
0.23887714361007978
0.4518015833356634
0.237063589771299
-0.07323735694763014
-0.006288401937142301
0.330696500092449
0.31041242083122816
0.19938565398345856
-0.3902301846920693
0.013999334182060823
0.1456575979876698
-0.22755153393101457
0.12070542558476158
-0.22455421712744306
0.5106924362859737
-0.36126633819746345
-0.05698428427830252
-0.4989476749448326
0.05017313168041217
0.11319602308051073
-0.37999112313853833
0.39774681538928475
0.19085148387702625
0.3173920027508005
0.3683838147290214
-0.591744073960741
1.7714127531327764
-0.6631261815053163
0.20104192125467898
-0.021952551135613774
-0.4116870231097055
-0.2662744255736987
-0.3839752863843589
0.9220675081547897
-0.3495424295266891
-0.6214103994858717
-0.13866155626007157
-0.31960301491293036
-0.9142673323290542
0.5469968859863432
0.1820501502746119
-0.14493673230075052
0.8139514238365726
0.002682334525332606
0.10198005298358145
-0.9147250438315793
-0.18847875335385178
0.09257402377695972
0.07821160588623807
-0.04070810921771501
0.3617735082109824
0.2379589918999749
-0.2723038730175099
-0.11053160496091399
-0.6877937950526916
-0.8867328422589095
0.2109449131024245
-0.08546702449519658
0.07296785877490555
-0.028027318226361203
0.00011137476511744707
-0.01320396868082614
0.061835196517918634
1.0628566164081161
0.2898314534124581
-0.5417852688543061
-0.05140379661612741
0.1179893311083802
-0.4624935299438626
-0.1492824370475422
-0.15105448459378096
-0.08777383872989847
0.5211181261356999
0.05583209525326302
-0.1995791279398776
0.20387068801249217
0.08421786097172315
-0.20673760794596455
-0.09869313813574146
0.25450018417380343
-0.32131042307625535
1.6687566449625404
-0.41582539010448355
-1.32864438211272
0.31163105680957776
-2.7666643232315797
-0.11261362216475554
-0.059977589431955004
-0.47067769830806044
-0.3606872576877248
-0.3175476364511081
0.5815769512615389
0.4628186427994777
0.4923743383655827
0.07714346152683788
-0.3175144953477171
0.13855658299667245
-0.6400779998080369
-0.42525574795743454
-0.07473283400903798
1.1754570956773889
0.2090199000150493
0.4236030880250411
0.06427906544770091
-0.08320727821133107
-0.3983154515222364
-0.47465878059866967
-0.12533698834656146
0.281821098610233
0.047192271596779266
0.7222552597024726
0.7021179723869662
-0.22537216603956342
-0.47940986357861193
-0.5790139400259385
-0.6570864653630395
-0.519230408373816
-0.10301869778218145
-0.30636628330702603
-0.2598570790610988
-0.8827442146335666
-1.3346544256762336
-0.14704179823746688
-0.631846852815791
-0.47121288634305075
-0.8264392880738775
-0.17327757638283736
-0.6106834253291202
-0.19508632781694268
-0.38438468434924355
0.008303356915064635
0.32970038116942735
-0.797757247092052
-0.053081305324691734
-0.24605782887508432
0.06904605034329826
-0.20237847692894975
0.20527904819332554
0.4290856015748901
-0.11864625941189
0.8658140210234787
0.9258690279277388
1.0031926593917304
-0.023115671988034277
0.8212098379414239
-0.3877493567537199
0.01754166110928665
0.10503878897824827
-0.9488950803792151
0.052029248028670115
-0.5852555003874382
-0.09588533609139722
-0.09809986140502895
1.1179150390531194
-1.0623237529086371
-0.21833571855314765
0.0022858676615174532
-0.21569559162347643
-0.2589146197503913
-0.6881496406929468
0.17607411090130534
0.18521444263839165
-0.003822978433302882
0.05072594189222543
0.050696146781339636
-0.6088320198659026
-0.11983653869734887
-0.7909045509017124
-0.21053569193624858
0.8296202965534908
0.30324820854333295
0.1677992634568063
0.1894606948741135
-0.32181155849586324
0.23949722904542414
0.45074242838706385
-0.23457660893634552
0.42383487244006135
0.6124915557937199
-0.042658829654323785
-0.1752807674813275
0.009378503474694573
-0.34581799754389186
-0.3259555593439391
0.026977318134122606
-0.11995166074651754
-0.12372747939965488
0.034096297255222105
0.8619162076910177
0.09308401109589652
0.19707036258438138
0.8298759573051215
-0.34075291240231004
0.7625359735627454
-0.020551886247400362
-0.03978966897311485
1.518769893675482
-1.4764378812533099
-0.1484943224961371
0.09548673099894245
-0.12756383544130054
0.07554193938769034
-0.002076322714379244
0.14685481748209123
-0.5134791064099696
-0.9022256089445599
-0.12393757262290249
-0.014964478214267142
0.16734811994955603
0.15757674492090812
0.33716317770501836
0.1033323263135387
0.19894443546306959
0.4087892826370693
-2.4822465046462168
0.1542555517569981
-0.06413817581136225
-0.1376913635616871
-0.22339132586272212
-0.003095827094136286
0.1001040684248846
-0.0862952408763141
-0.14699692770808695
-0.19637737853620787
0.3215312249259849
-0.5618281540168146
-0.7269247514019099
-0.4609964566723144
-0.2837985990436254
0.054071567284340795
-0.42955283877555506
0.015302624605912661
-0.09887568315907615
-0.3596133234047124
-0.06790104735362913
-0.6794117124897778
-0.39014862287699653
-0.4086598878231813
0.18689711869192527
0.21630693379826893
0.288942832802395
0.2860094006412061
0.24457805238304373
0.13830835536133637
0.0913922607480421
0.07415467054318482
-0.06523741084154008
0.4077314755521577
0.20810725193657278
0.385260220782063
0.23800811396547247
0.7851894503648998
0.5726048417960212
0.21669608571783994
0.42915038924797777
0.019218994715183627
-0.8754092056180753
0.3982509242042659
0.3165160365743534
-0.09880732713363284
-0.09769380105964805
0.05867172836422116
0.5050629271310377
0.6809543767167138
-0.11047420857044835
0.357042839213726
0.6545283527247509
1.2214245409369846
0.22418118012827815
-0.07862744939589963
-0.13301035801949082
0.6672361179130095
-0.24370232677820333
0.0322899513937604
0.1565149317349706
0.17725665803660282
1.2896494131320748
-0.37638113035821924
-0.05699169241921221
-0.07483100048598672
0.18836303820612174
-0.9290661941551327
-0.3328415477288163
-0.25550805017175054
0.3156736003252456
0.6600931404170909
-0.21563501953085917
0.18207682537953535
-0.13832115406161644
-0.6238882993090091
-0.4390843811712144
-0.13474648454178037
0.3004078979895759
-0.08331030927235857
0.7754576893476981
0.16289639084457613
0.26538170498059827
0.4068521203832993
0.08793068902446109
0.15960237311026995
-0.19276144392410888
-0.72101033530902
-0.41882843497059213
-0.2895772723466346
-0.3619362654522283
-0.7043508578886074
-0.8100321498615592
-0.06692675410894379
-0.27520319866713794
-0.03272364070011726
-1.663591155131198
-0.6813883570981041
-0.32311688608945116
-0.6267782188452916
0.27402471568877546
0.2099654769818812
-0.21864176876947164
-0.10392391888463659
0.04217949100872491
0.1224190094723759
0.7695800310862907
0.14853837096183053
0.3245415206000539
0.12018156625380931
0.21054272107818195
-0.4583251510797156
-0.17102085686441149
0.012266574650737347
0.5612086022026477
1.2559285008978245
-0.3775632768870256
-0.24339772217943997
-0.378275260589681
-0.4944111810428679
0.0024766054364716962
-0.5247031704470186
-0.02636622309711155
1.0895852374501644
0.5518271517372939
0.2719918339557473
-0.3059460322950397
-0.14186536015929282
0.23813238959824945
0.28245970436219486
-0.4365780440905804
-0.18436784583287094
2.0179558947463976
-0.048348535572600486
0.31020218502963764
-0.0799400620493738
0.430909917941037
0.16023063144870206
0.33169236499990684
-0.27195948330027986
0.15259518255075327
0.45491736416403344
0.053452276341262546
-0.06546293536807365
0.1344824970841425
0.1629874452231648
-0.23057858817682256
0.14383656304292913
-0.1277379565468924
-0.4297587619169594
0.26297423765911015
-0.7254646416758871
0.1141315436978718
-0.509822366086693
0.3672820994716035
0.24850999343265318
-0.5005288168149639
-0.38005909321882014
-0.16748942498526745
-0.36520010973637024
-0.273872913901493
-0.007817830712908936
-0.8772057356618564
-0.11628888082993999
0.9791630698546139
-0.19482821842292156
-0.2240998997551588
0.22987632574525738
-0.6132305869581751
-0.38080414598794243
-0.024720402580629137
-0.2846477499420777
0.10360150837021723
0.6488192556956374
-0.06493630525635936
-0.16117075979614548
0.048321774585907876
-0.15825495477362686
0.19800561594808871
-0.4046172753289456
0.013236733413757322
0.33684031695461175
-0.3950736941688881
0.41112973006115716
0.052350168996889976
-0.13959282306050952
-0.254595531197695
-0.36053135403161457
-0.4865576095188924
0.2205656594919148
1.2454411270349948
-0.3452335446028754
0.22457009964433747
0.8358684669080515
0.0875101875103546
0.20600759695148943
-1.06713090072455
-0.1834309087340312
0.41033312158747304
0.042784485532561055
-0.20258613523760155
-0.6167614126085134
0.3947534644360334
0.08678329134072452
0.13397346175854136
-0.7284779063169244
0.03563705739294871
0.5832998325042315
0.1577821375933754
-0.07653317889000757
-0.27459715841309723
0.02385016518775089
0.2400241357292637
-0.440617253840709
-0.13603122180645316
-0.14941165612174914
0.08843456661763945
-0.7280701781740195
-0.3024055768826014
-0.8255091945241149
-0.8457620514691202
0.8395876243346567
0.04901567799352612
-0.09885349146817894
-0.19484714444048568
0.1947788917435788
-1.1179224862152939
-0.7243157401910607
-0.37922460925446355
-0.43378152710744106
0.6233408807065381
-0.94694073957241
-0.051565109507455985
0.18166909842022713
-1.0146173686535198
-0.11641880753127809
0.19963990038307472
-0.050641810812985286
-0.8061843295255381
0.15693233740191098
-1.481083018753494
0.08133448103253281
0.3479310124480656
-0.5105336315816391
0.2189356287888438
-0.2785783210541323
-0.3226913737679973
0.14158331676150132
-0.3303942486807525
-1.025598485771668
-0.39727534027033623
0.6168850740135694
-0.29829208066172275
-0.09875452204414949
-0.010367804028951565
-0.5813916363428192
-0.14099697589914392
-0.13748047772873415
0.137558332441585
-0.10244546848360363
-0.13867443799657939
0.4613946816394319
-0.04566413101738518
0.020315490077481707
1.1563613717483099
-0.10165054427136856
-0.00018986448943687816
0.08583000820075033
-0.08116062712939551
1.8326023891808936
0.4865106845742785
-0.3823705264653651
-0.12979143671869942
-0.09832788546135353
-0.13795837258209806
0.5605313591965164
-0.0678212750444529
-0.39699310550690886
-0.025407248768976716
-0.3477159152231493
0.2879767928918989
-0.19324185351621373
-0.19051900574377442
0.013088787528288003
-0.37756068717573055
-0.4439843216836922
-0.014425203874682557
-0.8234741804856548
-1.5105760925688003
-0.3699494138436247
0.44274931158955877
0.010047731158736192
-0.025843547936947434
0.09755169219440768
0.05306108727940357
0.49792810931972004
1.093373358380972
0.5070297346955601
-0.20909854586863222
0.3853947343806916
0.319805488211319
-0.004557550985631868
0.22289357145835184
-0.04844899192575591
0.29989280239763466
0.9226538072762867
0.421858394540289
-1.2198270618549572
0.38977840095196836
0.7927863674485804
-0.35198441104801353
0.3027786144957253
-0.3384045254756103
0.23526183627073832
1.331515259467548
0.16976908627805679
-0.029319265945708946
0.2055799482529011
0.4390059450166316
-0.42835652510843575
0.26054023082236244
-0.7436796016062672
-0.3618483449844775
0.3145697204391577
-0.4069019959387904
0.03112343297493263
-0.26168075763409526
-0.6738868139015812
0.24082602730928887
0.614715258588556
0.32943403327822013
-0.31579915352556165
0.6358225624268785
0.6496134353953534
-0.3444931745232477
-0.33598152908004136
-1.7205935018285388
-0.6277365097398825
-0.37481798562931523
0.16455798603416658
0.024110912798890667
0.36196847516685154
-0.19213363089759092
1.3784877712559909
-0.004683302488782558
-1.4490756741118491
0.17538399633428448
-0.4998285240146438
0.31708171992290207
0.4139999700317591
-0.12170684188019353
0.4523279578228105
0.4375929462349446
-0.39345070203734783
-0.19315014006499365
-0.08462790492628444
-0.6655734523670654
0.32810223211696676
0.27267884784833324
-0.48541739812830886
-0.2360579135775127
0.21628796976786743
-0.2015106447379819
-0.15850177966729123
-0.14035885429505138
-0.23235476639943778
0.2823626280481957
-0.34007281343798196
-0.33522621453116397
0.15850461732843377
0.46601610994644793
0.16143913115205005
-0.7267613631501303
0.2749675545189915
0.4767379358838214
-0.1423638029645079
-0.6125426187028928
0.14867931953084437
-0.2633713787889317
-0.05125464490048195
0.8909851143879953
-0.3029272747024386
0.3135410530063311
0.28398325830661536
1.3512019573084997
-0.14539573996742977
-0.19689617710982837
-1.2727673358918474
-1.1020978576856377
-0.09969683319745326
-0.31658699034306337
0.5059656707492315
0.3797196044599628
0.16076053118497582
0.25364561726073787
0.2754215185799022
1.0708162157651333
0.668748322904578
0.4030124553894634
0.29061599356972806
0.8599652330279008
0.7280611807329689
0.2989905867662729
0.5405724448344608
-0.06398893231359414
0.20850018513834687
0.6058855266432492
-0.27296893094307056
-0.1397451745973816
-0.3365902380270084
-0.8411755724138325
-0.8419185103885297
-0.18054200153215674
0.2598213451788715
-0.01604136555719346
0.14710953969988538
0.4806143321229733
-0.5138611535711376
-0.43494427849230727
0.02461034207174434
-1.4804499324894478
0.3562210613200163
0.15264955021220586
0.001156259337396063
0.9610319217380927
-0.278147914920081
-0.2720630018334322
-0.43318300330296144
-0.16555767241532837
-0.8844061524641905
0.3184548911458757
1.2866444857712518
0.14717051831925654
0.28047810822171654
0.5001428706500372
-0.0630738160101049
0.1495466750350631
-0.2717620170625724
-0.7744634319175734
-0.9476143241801909
-1.3019204613454922
-0.413721008317338
-0.007349649309306895
0.6175762354276233
0.20719611029090856
-0.03273751858991371
0.31515675911654417
-0.0931141707126954
0.09513353617718238
-0.16492359788622354
0.3121092758464977
-0.22865979162851643
0.5335833583789313
-0.5272619756792685
-0.525902807808487
0.7342645754756121
-0.678063702390828
-0.26175366807914446
0.13717482537586595
0.23706944339166502
0.09796469248853598
-0.12870911676193317
0.10010425827897197
-0.07279218552136242
-0.48305723135360873
-0.6868874715354061
-0.14800574396342459
0.001549278559503032
-0.27319631932839017
-0.31998193406873754
0.03785231091304858
0.18418261229144361
-0.288804767259483
0.01954170760981251
-0.8478740775731635
0.16703280436362025
1.3545621968189459
0.04576275447249233
0.5695713131375406
-0.5277898715694455
0.598581710086135
0.2326469651973377
0.3412195316989918
0.5150761378032032
-0.13516823775175493
-0.13498393288647026
-0.20828058361173016
-0.6402767690351421
-0.25805896884901747
0.30592805964661307
0.30383846083387334
-0.13187587279776775
0.2814898244049305
-0.23710638125590786
-0.4587855622624116
-0.8920417107352692
0.13285107597475998
0.6434737323124555
-1.6912401986593144
-0.11023600368676524
0.1285973907749475
-0.06496209609606426
0.0719687254812306
-0.2514910165042593
-0.3965402025261911
-0.29664268806955907
-0.04814835370285155
-0.012262034364505637
-0.23949106558900146
0.2877954494583381
0.6548242780344093
-0.05556822390160948
0.1579264002965898
1.967447217997492
-0.09631925746890875
0.00040704696690440777
-0.14373388700542164
-0.2814200184992284
-0.00974966601038155
0.051206285667012005
-0.021819297690950454
0.013719863903546403
-0.47593175439413554
0.020722948932250438
-0.49746801008408537
-0.6525697084817549
-0.7809121052519057
-0.5438278248596681
0.17864520397464084
-0.52705730849567
0.16760035931415337
0.5016845703490324
0.6310388865474127
0.5589831748641243
-0.5685004900026711
-0.3908647478162611
-0.5946157640120173
-0.004209808537583061
0.5107173238373935
-0.016419429882780705
0.09635492350705074
0.2429195470072785
0.07765258854530965
0.38569384172852716
0.16658376414495915
0.10347465052557393
0.26120265218404876
0.0878836240726066
0.22114065707500485
0.29975421180153955
0.5428153981258867
0.9019713890610213
0.5650135897889457
-0.14626715802495519
0.3011380518872165
-0.30925609646781943
-0.0241381680004127
0.48666848997916035
0.3375646723461629
0.32180290550897467
-0.04590659583873525
-0.1457439048446645
-0.06814028237192225
-0.12386152367633148
-0.14523566483338599
0.07660782347987652
0.003627809160947071
0.974424171019131
0.12714023845158953
1.8068289576790313
0.04350045034597093
-0.26829677906518345
-0.2257665278254347
0.11010152047972237
-0.02244094045465412
0.004244747105287819
0.2899870737451288
0.06346807081722082
0.03496062226585949
0.05584560595323672
-0.2957252920257141
-0.18935983114290186
0.03940941900716218
0.025726495357976203
0.07165640154743642
0.5936130597794115
-0.3707737704920061
0.6956178959993048
2.2665189958512086
0.389831604708767
-0.30370767006357796
0.46375015005806014
-0.7116704072922084
-0.526655930771091
0.03742578521987688
-0.4503195064255296
-0.6637828196527844
0.0982157844487215
0.2735041206175856
-0.1699757639293655
0.14961143565211518
-0.24967576641964082
-0.3785021671513732
0.0038263396509187475
-0.1378878922605041
0.048366597799042337
0.25990491504537167
0.3177807103389793
-0.14723175596518134
-0.04679058250485451
-0.3902594594585257
-0.6228054798552121
-1.9137818514640041
0.21569010252810136
0.19313472649317925
-0.5124593184411809
-0.006686914502263366
-0.37822193463679044
-0.3139325127100316
0.32180560402912295
0.4278881504259155
0.0009575314931957971
0.973488900494236
0.11746031766857593
-0.1894507004420546
-0.7307420194181639
-0.07270592449696549
-0.6650808203372306
0.1850557313815294
0.6792892669672637
0.3518724522103224
0.46353042438350384
0.10472923839883529
-0.2995342974917703
0.15394995546057216
0.15379197439128017
-0.2692358078089493
-0.5246111031724544
0.1380681534526467
0.1438247056271267
0.5046983950512567
0.26797435946506537
-0.006115192745822673
-0.2621965256954463
0.07759124477688323
0.4405120556926469
0.4586189849812433
0.48194697750039767
-0.3356981048808429
-0.8383059484564561
-0.1638562995119193
0.04095982237113908
-0.2990930013755049
0.2075326811324956
-0.3490692346247958
0.7805860438116633
0.26436433490984385
-0.3687592684358614
-0.2764530938443341
-0.1606876361960574
0.08701940803042559
-0.8227668687571827
-0.33346109340675045
-0.5767233704683767
0.1081375664499825
-0.23061822593081713
0.11067969586854083
0.2033883864636448
0.16977205383598457
1.3744540689529177
-0.42936330672085365
-0.6336231379879909
-0.03584514863644022
-0.2064321041510293
0.154137948457159
-0.22288536042722734
1.1864797031712517
-0.8819815228114171
1.2592960645694249
0.006432197508906002
0.11280306797820126
-0.6991391331742224
-0.4972064156725949
0.3328871129290225
0.13270678131218933
-1.812307197349221
0.16595091714094456
0.009950668487453906
-0.12576229467835676
-0.4530499274540357
-0.5042148374750259
0.44753419416394435
0.15380489948854958
-0.13685150655170605
-0.15095055995020026
-0.14332112057129745
-0.26161097102119707
0.25083275675419
-0.11949669809344338
0.18375589998793757
0.6274699605729058
1.0411199796551984
-0.0102198809707231
0.08233780165352209
0.3473484380038931
-0.046085636981305224
0.48106582693222244
-0.3579661461740095
0.0046739009888310925
-0.3640246770701673
-0.36418954563872236
0.08435851893641984
0.10190187283549784
0.13352017978938974
0.2074937232738144
0.19736927653705377
0.30915093520236553
-0.24961441712726817
0.2381089557795522
-0.11290491817973713
0.2428724733608954
-0.23622922458299292
0.22941662413818414
0.48419920897832447
-0.08179530793478329
0.5206759323128722
1.137651193464243
-0.38966672668110747
0.12171366568946278
-0.027934231523635753
-0.2561589776850959
0.3399761399012004
0.10912438049144801
0.5787977502544506
2.4967965680864226
0.19124238460771675
-0.30368316144407115
-0.1427998961762132
0.047614117812664655
-0.4841280761693391
-0.5752321674325098
-0.008951741006730424
-0.3444595905220565
0.37476744861322675
-0.7069762942750409
-0.4782341178327055
-0.022709452550991494
-0.00967079815698403
0.060247952044939136
0.11064620944120505
0.1085745376597316
-0.03218368965080907
0.4984038982612618
-0.19373079220703635
-0.05326641470347396
-0.020876003484523713
-0.0011733130423102357
-0.026348909924629467
-0.07128040545170028
0.17288552468016866
-0.12183500703669925
-0.17217511727414433
-0.756741896077839
-0.4775200303543997
0.27156688900687
1.2094632274510595
-0.4885982530540796
-0.43273182742115524
0.1760834026775668
-1.2651823695500102
0.06298654107881557
-0.26470597587913786
0.14308077335704622
0.3124485171976594
0.6258488266793825
-0.7223951802548665
0.18777996165735888
0.1818158940527984
-0.8482231542448261
-1.0224680314450347
0.10036758554644246
-0.18747379658500749
0.18752565758341394
1.0409723923141534
-0.18671036669824737
-0.12963601557687
0.038235651251808396
0.34680250103520593
0.19818803002684834
0.16003414258158571
-0.42830177273317066
-0.1416338049600431
0.47722795977608296
0.0553662246163467
-0.15804550236705053
0.06891706895537586
0.36580155062711134
0.37449568362392643
-0.0054701569754321035
-0.052820711738892016
0.24565537171267599
0.6941366675246955
-1.1147221856803
-0.625345378555269
-0.06641340602645812
-1.2481383078244526
-0.01632907437897739
0.6548448150044865
-0.5144797326414794
0.25655441135437557
0.6343296904446859
-0.999397555814822
-0.5292055446266654
0.03525203569807792
-0.9820122556884827
-0.07207453134162521
0.2895106593311931
0.2715922593141691
0.3264302948552183
0.6183987212111558
-1.018063737976341
-0.38808144592876365
0.10122776150233033
-0.2216300041596645
-0.14218870483021087
0.3799947762001734
-0.15472346446306232
0.4045862378462088
0.5383087060901032
-0.3474621354361422
-0.13673379056871574
0.7813608537033377
0.007771570352794846
0.3297289517311597
0.022681863665997795
0.07378630555385161
-0.7133468975804442
-0.4448891962010945
-0.061167705034933594
0.059150424476946135
0.4742884560791754
-0.2987788080825038
-0.013584006970066545
0.34364145868781804
0.05164111275413427
-0.12224235226645937
-0.20460784497398837
0.49654470898621933
-0.1746541445056599
0.5202307563864401
0.14352783041040423
0.21587394570235854
1.237211072329872
-0.21287090793928368
-1.5059962282000374
-0.19688623150688314
-0.49086329579399524
-0.37926543420173847
-0.18192861764198293
-0.07587957344665797
0.7335611335717169
0.5713763839811681
-0.044278630864081805
-0.004134213107963433
-0.3134849530019491
-0.6185558759380321
-0.022342645168530427
-0.42735803601200917
-0.011326944670739627
0.49263811593304957
0.19216139679254038
-0.3308676297263057
-0.10908832943915595
0.37859625664747415
-0.571598633718008
-0.0489667727847461
-0.15574994126676742
-0.16460312801313903
0.8150026176203823
-0.025185097371917962
-0.8930448199163792
-0.10378299718793525
-0.3609936089206344
-0.5598357388504945
0.17440736808112117
-0.13156159097947975
-0.5308074257747505
-0.03652265314796962
-0.1112333966493213
-0.34560608797014347
-0.4132884654539878
0.21480262557448904
0.19548596010855893
0.12438916679516492
0.1991461470731679
-0.611252704374289
-0.009055121646341115
3.100240581760954
0.04066396684579039
0.14079048874352254
0.27538998340180265
-0.3878036027317105
0.09379615428454761
-0.36165039906145674
-0.5764586208938558
-0.8958048129276965
0.04256504290803575
0.17755301340087362
0.34382520617094603
0.6734979811711033
-0.10326009165990752
0.662536462000053
-1.133045673830676
-0.6899287826923929
-0.8409534567554776
-0.5475233042418184
0.17919841906203807
0.4070381045212228
-0.1881558919532332
0.09883004665230309
0.057018276387046395
-0.2916968805262046
0.2383448991205849
-0.018456658870108878
-0.23714996512534303
0.27349478586170184
-0.07833802767442506
0.19418428693517006
-0.32159100125217094
-0.33298232320338306
0.9643602397920935
-0.07071465328790437
-0.2096950983781571
-0.3442506062536433
-0.07121867005419298
-0.04451848097206216
0.18493515822688691
-0.6921843692319268
0.002333103734891687
0.20761182202198114
-0.06319545499708835
-0.8332972427288575
0.48351840390742157
0.26754595868929365
0.449791457684294
-0.03333608295878422
-0.4221232157244349
0.4288472950401952
-0.07037473701823307
-0.13126915037946624
-0.013350256005626117
-0.07184672029590809
0.5321370228307636
0.5781289676897523
-1.4683132152910958
0.5307157156940127
-0.3764958014054388
-0.3233703222454525
-0.38242632962055606
-0.8103527562615838
-0.0240972511746277
-0.6958096173702959
0.3502689491046318
0.3932656731673285
1.3684298546638896
-0.07284814219928798
0.14238346762550916
-0.18870715816463213
-0.569676824883076
0.3223849087783886
0.10577083331945465
0.2005538542916928
-0.09525065635162354
0.40451966732463135
-0.2650349865372793
0.08644883332831704
0.061701958239002895
-0.35763371081660883
0.4561202339046238
-0.452279002174141
-0.12653519546109912
-0.32859081792375266
0.43819046305712533
0.08893069689396704
0.11240560367158174
0.24452036880480235
-0.23647492580610066
-0.06394736308859103
-0.11666529777692776
-0.1513776911170321
-0.39944458241882846
-0.4733914934988293
-0.015780568060379526
0.3651564586282036
0.2797079615160057
0.43727714151369845
0.422609262515754
1.0524175565909786
-0.8528396495497291
-0.008327250732476667
0.815905564454092
-0.1980420995819203
0.4719076455872093
-0.09032638691607346
-0.40071734775748613
-0.8491989201311408
1.9079535653111153
-0.33722228962220424
-0.0747294291634088
-0.10504311873547498
0.0792181898419426
-0.488397853175324
-1.1768034926940028
-0.11738546676530731
-0.07476668181178352
-0.5367633156613186
0.11809831703124743
-0.43595483481929476
-0.2739562474271188
-0.5436494042958494
1.3419213408081947
-0.17573545978831337
-0.35809720238085924
-0.13285812033271285
-0.30914077699149756
-0.15055034601554304
-0.3048529443232068
-0.20111156818165304
-0.49342967612109695
0.4733896201050411
0.6877604676139923
-0.23104606840012995
0.04053361364851681
0.36570066749511165
-0.04100689367931742
0.06291420247995974
-0.0326718150187698
-0.23703231978761768
0.12793589355956517
0.014919785800997135
-0.2541924252087675
-0.18733484881744494
0.6222549935524991
-0.19596144682735345
-0.41133739528078495
0.34887809706342027
-0.29586906993987183
-1.7091304256474522
-1.3890092122413096
-0.15347955511606676
-0.6141171800360307
-1.4198509886259387
-0.32441435673222724
0.10560493931443561
-0.03866369935750384
-0.42101238899232885
-0.8812999878101831
-0.40821116921363965
0.2231650054363688
-0.30587518430605043
-0.685322363799689
-0.5248583380419491
0.1492603287055354
-0.25218512756589734
-0.9849681783027948
-0.3366982078263552
0.2814701047885205
-0.5900692710186365
1.3503844808489491
0.05526611084201402
-0.17060331094096026
0.26893209370081184
-0.056875085992622726
0.19216239661186155
-0.12531924642832767
0.0075234133293137365
0.42772251276270296
0.3099413502811808
0.12400613362693409
-0.12031326392328093
0.986948546230822
-0.13912875871360916
0.8437800745343941
-0.16929503620001538
0.36233906924291975
-0.1935111366655187
-0.11003029572220133
0.09087424895265918
-0.1569680562348545
-0.11967569881613677
-0.04985334473041222
-0.05392237300486879
-0.3021127500555523
0.03881144095088605
0.11746281522730821
0.2823819780654877
0.2664230600340062
0.04941157170857872
-0.16411923238724846
0.03246319240785481
-0.09936013078514767
0.25075436343302754
0.024416157199589474
-0.2777530741363853
-0.6247739843107734
-0.6659542849895824
-0.17389277235736622
-0.2453260579336602
0.21623547840352553
0.0651146923070512
-0.1112164447054701
0.2124116133775342
-0.11290659684434716
-0.13295659137427465
0.8025712190502288
0.3699236992864051
0.1693814091312131
1.5477320253622129
-0.8937636721028888
-0.14987941480469036
-0.3375049838324672
-0.36056419157934494
-0.27816349617475933
1.0402967390506437
0.33097462233430563
-0.38197011787152896
0.12691277522020594
0.7684314528311216
-0.07425249049198485
-0.052245234942901675
-0.001410061006665866
-0.16770519084138938
-0.10150427743481734
0.699201450298745
0.18527262693903762
0.2946419186732454
0.7807704415608044
-0.007780115490382157
0.3090013768453847
-0.04648266324612435
0.3380658193537509
0.21459649840463474
-0.41941673680198377
0.024467149990789062
-0.5823551577445925
0.25650078916789393
0.5529236444722293
0.05922977033052131
0.21827894448313773
-0.07027931958301421
-0.6075383682776647
0.45572949198783713
0.8849349371174072
-0.6115413917402068
0.34848603882424184
0.8121819896475659
-0.12010137660651521
-0.07697789470147258
-0.18777191516952665
-1.1490890023657634
-1.53843714459696
-1.1888300926215756
-0.7300342335086468
0.4293507767578645
0.5868322706746341
0.23856251116211608
-0.12861991590692579
0.01589612493624111
-0.529174642271742
-0.3315092939859515
-0.4491946414965664
0.03411642285697585
0.10094934909182766
0.8615579885563148
-0.9420174125895112
-0.24648085787348847
-0.18595001904797256
-0.5522671229930646
-0.9567638496168819
-0.8034486818931584
-0.5076491233169729
-0.45770001026406926
-1.33009860835482
0.30844223475261745
0.6489115406726823
-0.12604702443457858
0.4011345947109987
0.011447556274650007
-0.03436855212021341
1.560415386607033
-0.8557085945291714
-0.766619195263454
-0.6087802544698286
-0.02956004166779537
-0.3667673768241471
0.004361266631905699
0.2870722261860491
0.3237624247216647
0.7644380307858956
-1.009479311645382
0.2834844881298425
0.4622904879468498
0.6644830681687249
-0.026745310506730294
0.00030219598848245404
-0.10027833171217354
0.37569304403414155
-0.27482603954559526
0.06987657453039751
-0.029031206435934296
-0.07208097386953495
0.18259413205664912
0.12999311683803424
0.2953445041500732
-0.21336074729999824
-0.286244633096153
0.41834077309701834
-0.14458139821122815
-0.14407894294222828
-0.3405965805629429
-0.4286810210418337
0.027102737987344822
-0.506028164759603
0.5546900861244456
0.04312575961757331
-0.018839795320828634
0.24304453061982143
0.8466083885906187
0.6323611961054428
-0.2736684248963496
0.058269206835946025
-0.41532319659471784
0.10945327838946656
-0.2740541022956556
-0.09496567876804976
-0.8093965925345037
0.08013852544117465
-0.08793665299193894
0.052178726060561356
-0.16850553191448622
-0.041408249407283604
0.456508870769778
0.4311761689312886
-0.16606182564787858
0.6320810499055368
0.42123538753956197
-0.35423940674965315
1.0023616648103704
-0.6123638093240431
-0.42190303631200005
0.047940656342378936
0.2951770504606308
0.2605408721738462
0.09209839754794147
0.18464961256590887
-0.06265508377397715
0.23996177890465623
0.21379365987297844
0.002794110498312842
-0.16260323905684168
0.18265563879720967
-0.034587243828572325
0.043145047828607494
-0.12905306020040833
-0.37791417227351964
0.1823935153838727
-0.5247648182874741
-0.27101421241709184
-0.28149621626580945
0.14949247091964069
-0.1569466145686102
0.1064528723665393
-0.23098559972316288
0.2257868672160884
0.5249283789861651
-0.964413576212782
0.12802589188302546
-1.0494430089462852
-0.7550795581017719
-0.4225513776846003
0.0020348227014410727
0.3909898471798997
1.8179424925650232
1.558817133296149
-0.8187277067130612
-0.06726485870820835
-0.08165307653744615
-0.32750033798696426
-0.38343015673311004
-1.2282514275062077
-0.2078896109884107
0.599753826207918
0.9736074984418521
-0.20019897949331522
-0.16858495652378372
0.08316123319100537
-0.1587706508933956
0.15178966270642696
0.7925350931716187
0.32827559994005834
0.05636995080099017
0.08376910300186603
0.19139998823939053
0.07102162137656788
0.2198400398201446
-0.10592115012278693
-1.3703836357413408
0.7602547283928062
0.20041784940594629
0.020035056634796156
0.1644291173053945
0.18258400797217036
0.1102296860910475
0.4004023082834801
-0.2944367255469867
-0.18065767086423046
0.8921979683270753
0.3666919995470377
-0.03129407319064205
-0.01598648893312227
-0.11854628293635955
0.025679630811716495
-0.1880268857750022
-0.15129818105834147
0.029014115591505758
0.932454057702194
0.4284985694205303
-0.16376615954684814
-0.09675601405444276
0.10249787794182515
0.028136996209076056
0.01500143540984598
0.03242008028465106
0.15698761799337332
0.39055575264851317
-0.366230338839417
-0.34158000278833023
-0.058899253898157984
0.02547948936300615
0.07350886998606054
0.42126440546976407
-0.792527293351712
-0.33163208271101235
-0.15813815981026522
-0.1264529766693353
-0.863885017343773
-0.5392406667038769
-0.2503537124387067
-0.5010898230313623
0.19826907481511166
-0.48335779513071087
-0.4491830425046569
0.0691244539059461
-3.5877893833189973
-0.11322937393986597
-0.020033872165800156
0.08746583377614532
0.17013797250298107
0.5016064604071908
1.8455432132713734
0.32040474872665237
0.2409860389937558
0.7352341698081085
0.12893407672109636
-0.3537649617963349
0.044359015186204165
0.15713007429246498
0.0033945359432099157
0.6583183326087539
0.1037988865052195
-0.45544737326487156
-0.1470053288568315
-0.4116119089996719
0.016856582669582794
0.04464516622691925
-0.05567835992871669
0.2964042324812092
0.36073800308354353
0.1602226018861875
-0.6151111892405293
-0.15546739288854247
-0.33819912707697897
-0.07314970628485896
0.14375818564560275
-0.2983575690429969
-0.18768030060582377
-0.4327939382180325
-0.5431366418047834
-0.2993454230180137
-0.722020896341546
-0.13610441287932615
-0.3427474730704777
0.48899139695659555
-0.06638701299703618
-0.8466845298834426
-0.13837165453549868
0.05058876152337795
0.40950528586328794
1.2153021168210236
0.7381865696473127
-0.17949530486816123
0.09112264469802114
-0.616321768750101
-0.4672481580100229
-0.23660281754898954
-0.36330315781142986
-0.24819842085819668
-0.09153381333394149
1.7422653431041055
-0.18851979180469042
-0.20177825918189757
-0.08802347819768423
-0.0031974623131363236
-0.7120571379288131
0.048795630288691286
-3.242272629733981E-05
-0.670563177184548
-0.0033671678665618343
-0.2101599870032022
0.3481985964567466
0.0719996360440843
-1.0949771372411743
-0.5178681536133241
0.14364811793106655
-0.39688372614094897
-0.4981930875532063
-0.36886035214565965
-0.3452518750830801
-1.4575717425429642
-0.39422850763908657
-0.17239490264190982
0.41126865031029236
-0.18210182181169485
0.48603724137691223
1.306072470783271
-0.9611586027031582
-0.07006158040598247
0.760400373732144
-0.8695447542536686
-0.3871644999880839
0.1004041437897485
-0.37147709257956363
-0.40541652731571354
0.1540370996718366
-2.2509700669462513
0.17815881249058396
1.313706068396925
-0.24201386470454103
-0.36633599980968384
0.002279977614527185
-1.0069229483787179
-0.47976144598337334
-0.31920360377958534
0.13025850582569665
0.08426756237979112
0.995944058355507
0.3308259413428998
-0.034792519799263684
0.12677393028170975
-0.26788701943050697
0.0397041106945868
0.00789988692676447
0.2558610384094791
0.3331527760391188
1.5280483189629928
-0.7535865412471828
-0.16407065346582064
-0.10758773243188342
0.1862352916723901
0.8462610967248536
-0.4917391817812389
-0.2070255559776666
0.8909190842528318
-0.43088754374579114
0.3171571313781455
-0.11494895057692252
-0.6993723318555326
0.6732253673917277
1.291359050345884
-0.06657659282204398
-0.4984095733244165
0.9946825102144164
-0.018249508521751206
0.11771820958308153
-0.20722990155563772
-0.5657647426872905
0.9350393141164002
0.5904702938034936
0.042183943952448885
-0.2761067980011513
-0.26256238270040394
0.17053896826095338
-0.021810592906066614
-0.21200139049254435
-0.37465146706577235
0.2817718274138923
0.5328963021090581
0.07271456425161033
-0.2633407070791421
-0.087508462277342
0.06045038394948863
-0.6124545906112414
0.01641666110000723
0.01459567616726185
-0.7221398557300779
-0.17449988938047567
-0.019405218430537816
0.1833833137581279
-0.18864443580561543
-0.3643077665845264
0.6682731398214586
-0.5717521124367767
-0.5524727215801778
-0.044449254398303134
0.149276781373231
-0.44638142057309604
-0.19424236462726757
-0.4671442401832589
-0.7704214751320084
0.03455393439881106
-0.4927239917767927
-0.20262912232327512
0.009565007846432966
1.0503004240731728
-0.5936270656637592
-0.4017403901178043
0.06707112247882166
0.3619540000850915
0.11096321878692784
1.0015897790963544
0.21755903702712978
0.11822236542200927
-0.4746725962195876
-0.2935029751620273
-0.8135781186001395
-0.4122697999332992
0.09532263479182983
-0.489343550627477
-0.05836232854798572
-0.9677713074906734
-0.232126041468154
0.8027442666507999
-1.272536923594289
-0.25719863492367406
0.6422920993799415
-0.29929198925243555
-0.23271620071478752
-0.2687763909164153
-0.1761979150612595
-1.6121557035060128
0.024278594519439617
-0.8671334851968305
0.2316754488876213
1.0673940624753226
0.08871794432146118
0.24189896509814757
0.1823254839119781
-0.20422432899360787
0.3087916198073791
0.12531107441012626
-0.8623797045470425
-0.45854352821180544
0.2472903048782543
-0.5635229313395816
-1.0166518915234477
1.013982660150306
0.40580747240444043
0.2185386825599139
0.3731748926690059
-0.6387829400776709
-0.4942615711028758
-0.40103506037572456
-0.29334776468243634
-0.07228491847423275
0.24038065911992468
1.0257401309460459
-0.3506678418275416
-0.0037938724506514487
-0.16977098380420344
-0.6561782630209847
0.23918836199804214
0.03635756760314811
-0.4564079585871982
0.1535033012120062
-0.6737604027205223
0.161346179282858
0.12496188552491884
0.9690938275104966
-0.10476071582146833
-0.41918559364453734
-0.10298304170675865
-0.7597190382309458
-0.08278985754055675
-0.6330682946369908
0.007452502644415202
-0.12959499385073625
0.1366317000750307
-1.3273059533771225
0.17659138029471885
-0.014382076723514395
-0.7680316625200186
-0.18097218738287152
-0.39821055809200284
-0.47353042486789887
-0.2133099029891699
-0.5650264996295519
-0.20563173986755315
-0.30603653291631117
0.13971325054846714
0.40960072742124254
-0.560441530623643
0.26973991912425865
-0.0803180518782335
-0.4864130178830977
-0.11355541635735938
-0.13219972062730498
-0.2810082009964161
0.14091311295793527
0.25282096970895956
-1.011932450436994
0.28328664331081527
0.6147511046708051
0.3335696186591921
0.05374066616589523
-0.02380525400775051
-0.10769272033225316
0.1632451379137148
0.14314709660221644
-0.06596328336430624
-0.009573318508046665
1.7663674040424227
-0.17451266999299447
0.2735864738991202
-0.25394098796860587
-0.08847097826205592
-0.23696347887775773
-1.5868555004805664
-0.3723231422913519
0.4385383970674672
-0.23398853148527324
-0.181888242388275
-0.22359173694733048
-0.3453706598622744
-0.40930412303087144
-0.40170149974171593
-0.14713688954113807
0.22949281113475709
0.0772007284590317
-0.13602660779515105
-0.09775200881666331
0.06941496455410973
-0.15842121867756329
-1.598355576212336
-1.454062530591381
-0.02923131221677128
0.3785403698541452
0.25814594274109465
-0.1537918427840107
0.2673874513545828
0.09697521363020244
-0.26526614152936634
0.3085708265781359
0.2592530158087379
0.1486498875478042
0.3278354258354278
-0.0652221021449722
-0.014709913472713087
0.5879376279040749
0.03672293780113753
-0.312156434552313
0.184858427631264
-0.13582268091227342
-0.28194576251290904
0.44180263359755
0.4871163391058976
-0.17340313064532253
0.38990198590020964
-0.05055093933245428
-0.2561212328763202
-0.11564490023079696
-0.019849208997064483
-0.05649114755849108
1.1026444521184602
0.672693857940229
-0.021145492583761576
0.291266378060541
0.015060002037729956
-0.050053866294196274
0.07597829633201075
0.23310685280246685
-0.11473510878997462
0.5205975511556341
0.12385895615202763
-0.8686345127125663
0.29398809650469054
1.6357637370568088
-0.4527466283163248
-0.17817496123411644
0.05792733311979528
-0.08702298636684697
0.2740908804630471
-0.05879779110385522
0.05330911539340379
0.09579386962493217
0.26256575502980745
0.8529470516711011
-0.3518351622580068
1.2845129050070536
0.07841146383133088
0.31210588308294296
0.1890806471723929
-0.4718098732284688
0.3296290665146431
-0.06605752014085817
0.23347609605636063
0.2548136566729179
0.8224141517936737
0.24426170535943076
-0.3159576846025001
-0.265929586982448
0.703824961991306
-0.37516212897432705
0.6846035391418496
0.9104074749102565
0.13027825471192248
0.32690694239577717
0.21769739452776296
0.2520951319803204
0.04504966458330506
0.7407108845086815
0.13637306855411305
-0.4218457848574423
-0.2878667974037606
-0.38474789578358143
-0.04172899518411877
0.013164641988560367
0.09040272532561251
0.12862778909684922
0.39626882327728213
-0.016229031617860424
-0.33886665419507145
-0.0922449577848335
-0.02983856347796717
-0.14556392679107488
-0.5371461787411045
0.3153452683871784
-0.48878700843361256
-0.6039819578827428
-0.6841626971472167
-0.9584203492749623
-1.3563068680384585
0.041293765128838145
0.8189546022937156
-0.21582388436309416
0.08866629114328133
-0.0281960638802701
0.07145355430707966
0.13056008376313624
0.5495384089197052
-0.039507342279875686
-0.03693890659892352
-0.08746544011561137
-0.33706355066991367
0.05208556764406842
0.021593680850933526
0.05758427577520884
0.21587448556707092
-1.8575367307100035
-0.6617878479363404
0.07435880527999501
-0.013533735697396508
-0.22108316045822954
0.044930320309887896
0.000992366088168613
0.015816702051846623
-0.0148736284975323
-0.06473892408104523
-0.4450503776644302
-0.360936809011138
-0.3357645737867435
-0.7165875528749832
-0.6238480302605985
0.10512804749645226
-0.7359166049099602
-0.2100186690841901
0.6248267100160098
0.44731926858773224
0.2684003042743981
-0.06592946530612222
0.11154861816371003
-0.4946734052243766
-0.15657178066805358
0.9200552651423126
0.03930875936893482
0.10676402905833926
0.09328555168809358
0.15465073034712778
0.349862168272068
0.2793773910132318
-0.012409528275247446
0.20595749803252383
0.06034282484838849
-0.01815924822046679
0.44677309614306837
0.3448403256635309
0.7854721264956928
0.4491107597303925
0.8592054141954137
-0.1999355480157696
0.1524759232144403
-0.06085464212285868
-0.26747552984395545
-0.06459993314365131
0.22683798132230681
0.04379298986067466
0.06793462949213981
-0.34317793204320846
0.09548717097638067
0.10934487411284542
0.11638866214006152
0.07171124587950885
-0.028116452379037617
0.22164664210086457
0.058040283333312105
0.19529515595457125
0.18215125308531302
-0.2343382838329118
-0.18503451858026773
0.46193820579851813
0.6076495267046024
-0.1581313190191696
0.2115280620718253
-0.04570575337594038
-0.09064294470836674
-0.47131295334714796
-0.23532425776449317
-0.2836210369698005
-0.6054679246798756
0.01374396056312906
-0.157642363885281
0.12340021922033603
0.017001073959971396
0.021078852406301116
2.8004739712645046
0.03743246503792415
0.7480668239822182
-0.030209164940315964
0.9286677975203995
0.255984667300243
-0.12726610639681019
-0.16076845869611608
0.4081687387972933
-0.40009278124203157
0.007145114208060148
-0.3340408213959701
-0.24335434420156668
-0.11174025369906548
-0.3399797740121293
0.03862500166102997
-0.0745746895905114
0.1084479629817497
-0.6494353307640686
-0.19246323813944546
-0.27518348107831014
-0.02114320491877912
-0.4371310722140179
0.17838067720759096
-0.47202023150638567
-0.6406630867589247
-1.01831274474015
0.12527969999150376
0.17617109212791338
-1.1835064227029513
-0.4774126098750821
0.30257868066085114
0.19573274431999593
-0.37935436007146545
-0.39346280403733236
-0.47511476436749456
0.022740640227496937
0.19105680930952554
1.1625507742119823
0.07843822552062632
0.7777114746308178
0.40844721863572686
0.1490058170195242
-0.24952574129999183
0.268283580706683
-0.3542551111098786
-0.15965613417055668
-0.7936399367318562
0.2243062231334379
-0.004026543065734306
0.3752044212362306
0.3772710703575146
-0.23546877186103624
0.4656158842182885
0.24194493558602495
-0.17264098409087109
-0.04903057128487132
-0.5605745353820674
-1.2128855402646577
0.4610997957250327
0.5269506890030409
-0.12144444004947257
-0.3587435435681917
0.06576470223175881
-0.10376593374087731
-0.12395198134396217
-0.16123288669692623
-0.6927267693820365
-0.09958174917478621
0.018361786297042212
0.10395709290613857
0.07897560713898447
-0.29070971123099815
-0.47818698506370294
0.0698846014616078
-0.546173780239511
0.5325360632658208
0.4056962113911467
-0.84939677721833
0.13258437337154588
1.0773207904929687
0.08014030311681627
-0.4906538409662321
0.025801200928749133
-0.055145285875941
-0.1965938901547428
0.1340702670494875
-0.48144067049159156
0.08304133959809024
-0.48354199306812023
-0.2155103429323638
-0.5501389692670842
-0.769875449877949
-0.08989864928197235
-0.26870662128208167
0.5904575345300406
-0.8322324359810086
0.30114455979837196
-1.0849916745604344
-0.9470813745368387
0.08376545303240823
0.2721685808442327
0.09220530906653018
0.3411958466769652
0.8087647919411669
0.09076233785825363
-0.09474220082224656
0.8695735583723618
0.22401632363304266
-0.06179826407447267
-0.15006749550937507
0.7424629407086486
0.33259449902551225
-0.12213439553533699
-0.3489938651581461
-0.17192612852150058
-0.19836808797610445
-1.0049443321399791
-0.6046389636189582
-0.17638283689757933
0.43358539254159395
-0.09111214698382307
0.13040371032412681
-0.08582678518933765
0.0397308621624925
0.5876251517475763
-0.1315338287170823
0.06647837404563052
0.12849655002963675
0.44060072515225707
0.23678744083723455
-0.11324311988628283
0.021780020209999983
0.07931905108777428
0.4726152986786272
-0.03992855814627287
-0.47853894726958945
0.21865568137951005
b1
-0.3339133427950282
-0.4205711844259343
-0.8985779537978399
-0.8129814496010291
-1.1269945019663636
-0.46166603806455725
-0.5413609144806151
-0.5030007278731412
-1.3515223986386793
-0.33257885473342513
-1.1361554036793933
-1.5584117064749956
-0.7742795267091951
0.1794625235140935
-1.017692093657796
-0.5561386859405513
-0.3010242277620178
0.32416385121183316
-0.2873636440736753
-0.6766570268394125
-0.13696008831228376
-0.19488514911167426
-0.4922616069353162
-0.5860891774583061
-0.6178311745397992
-0.5794748312524656
-0.5410255802104565
-1.2346386793091026
-1.524587971730358
0.3310470419755947
0.2243842989391641
-1.2878063942989595
-0.07964843342191653
-1.0422512369127923
-1.1018029333558315
-0.5876449223286343
-0.7753276517744667
-1.0336761758159234
0.5279992326591096
-1.8529861342504161
-0.07257933739809476
-0.5505551110987209
-1.3754500426196485
0.4145173665324474
-0.748869063900616
-0.25033654472046535
-0.8701805304277319
-0.8974376210513817
-0.8509755329173384
-0.9400772968118966
-1.1164605874954483
-0.3360958274544385
-0.5324537427574072
-1.2850899735120656
-2.0333852804692847
-0.2734814226520191
-0.41323768088477375
-0.7143974068989938
-0.28689876775555845
-0.8714593742713467
0.68759188501042
-0.719353265055401
-0.8714448644040738
-0.8322637136664004
w2
-0.418001789336687
-0.19747840195249328
-0.7688156886904368
0.556944895188594
-0.5354429332611418
-0.35761444453728713
0.2345702667358263
-0.3213799977464214
-0.14977099126086346
-1.2697964641693815
-1.2526898006794895
-1.379921497966065
0.28731332257484143
-0.2551604889522377
-0.14150131682127912
0.032148903303247815
-0.007936042066333943
-0.5464807089662949
0.32625137503340645
-0.4709882853345945
0.1790324632587535
0.009165971663182114
0.11634499315520773
0.4742966895233106
0.12429208056814252
-0.8620602531540351
0.08644239459493022
-0.5851709210594832
0.10162079157970685
0.2737785705965238
-0.4007386325401238
0.12247738777011688
-0.018277085234017016
0.2934880321248016
-0.562296588088472
0.14242880759811838
-1.0630624136376883
-0.05275925300304402
-0.24230154271942808
0.22189249652363918
-0.11217778516721952
-0.8068709843116122
-0.5474150767360135
0.20964889279317275
0.7878306045319478
-0.8100680257681019
-0.9919092200661752
0.2566146018989382
-0.021129975023548596
-0.08735167751834849
-0.34204344186203756
-0.6533008509286796
-2.2807420958331
0.0652948152742778
-0.23336856194629738
-0.2354869449703677
0.22917486774667992
0.05167251659584677
-0.46731568988873345
0.15237371567750901
-0.27883425083217706
-0.03310840420397439
-0.37530866669041674
-0.05201521397134884
-0.03630322597806976
0.2987415310287326
0.31994131213610727
0.1164972773001939
-0.4687093791901973
-0.33220310032191674
0.23673500832389163
0.4181110756498404
-0.031575029725655505
-3.265413295284883
0.20084895117505516
0.06640876334448094
-0.44170348974690704
-0.811296552908827
0.804620007767509
0.41283232669217346
0.6441080547275116
-0.17213292382220363
0.0029059155417628353
0.10925189383577004
-0.3113745925237935
-1.436750347778562
-0.46746738560274137
0.576963114509932
-0.022740516483293158
0.029304752749592333
-1.1352148497963706
0.5925156694461385
-1.6599333756336743
-0.8663861358546957
-0.22596173912667103
0.2730803012760571
0.2426409993569775
-0.4322879785519476
0.6470924048428872
-0.2420259683235843
0.15131063220250582
-0.8411361731010739
0.12496849732757077
-1.4416973966067514
-0.11991579552394048
0.535375892028816
-0.17802786817898142
-0.3729797451522533
-0.4749481189517751
-0.15560267458772328
0.10429774113794314
-0.407967356967877
-1.1555908052954373
-0.5242090536447233
-1.0805922844770839
0.34002172480892434
-0.6127611284434392
0.2850687014571576
-0.694670049890231
0.1644030983013085
-0.40123932577587385
-0.5860014165066351
0.18081827468221884
-0.6653337255494279
0.23025338615448365
0.0966623848392384
-1.3653255557865236
0.13303119024010185
-0.3429649799331216
-0.5892939552670391
0.41876788215812155
0.13759433758406275
0.35058696572881426
-0.1996999708742134
-0.2846644364936931
0.1094348099608838
0.2116502417332376
-0.3090711666002152
-0.6455619758691133
0.02729093166443536
-0.053257311997216734
-0.5730750133534926
-0.4684423234280613
0.6106777853684001
-0.08013940495264886
-0.8722564541032632
0.06630234572815198
0.3927333887000323
-0.7060900827576814
-0.9101539835520176
0.30938548172356783
0.4324616955862524
-0.3881282625103766
-0.19362554064293436
0.44654729279642913
-0.05855919671590144
-0.4050777148800042
0.4650914602314549
-0.05308856937823647
-0.8210885875246103
0.2515822810565472
0.36274498094103935
0.27592527409233397
-0.25641963330846795
-0.08272005789313336
0.38095904926017143
-0.6647292997348863
-0.4703441177770266
-0.4851244370505542
-0.21882496885901198
-1.0191800658637244
-0.7587372531614175
0.15106268436336284
-0.31350596142861337
-0.0663315573840097
0.4400401678492763
-0.490808017807288
-0.14245919065798102
-0.30892348599117625
0.46938562396584604
-0.09365086788380908
0.6153903016014468
0.13023343001088175
-0.37544434738679316
-0.9899701373064173
0.33385588338039773
-0.9715248765670715
-0.5939724198096636
0.061121793793147174
0.5915309988752404
0.147894634135858
-0.14116801777084304
0.12235553778978098
-0.2656844260767225
-1.0867827303777877
0.09289331291922566
-0.9275427239197709
0.2560794835618455
-0.43324865062662193
0.024288378439285788
0.7719845543246822
-0.8508474219417078
-0.16480090015892634
-0.9322004924262525
0.06528263755496684
0.16582896773573017
-1.5120680244095976
0.36639088622049537
0.7567103802702242
-0.2020490745583854
-0.21315457965451315
0.05612398040107299
0.5262409622791591
-0.3479232886789347
-1.0130497723022325
0.03279942375178272
-1.6916427884255545
-0.36156495637392666
-0.8924750293192227
-0.20618385219941668
-0.6918470386994428
0.1252728106769628
-0.12908715081634164
-0.03684940322200948
-0.7818263981439652
0.48270804743428686
-0.26407364501847175
0.3527876624405373
-0.15521504704078087
0.23678525198802916
-0.168206791854535
-0.32805902443375107
0.6318544656857822
-1.0058708567199695
-0.22840643387543472
-1.0036748404524067
-0.11858170775409636
-0.11370963403437039
-0.7194671751626494
0.29720822424315574
-0.8445433301850179
0.05071499755756602
-0.24972732493825145
-0.5411556407213656
-0.003569271468581353
0.4510762513781089
0.2665064372655299
-0.2432234040466785
-0.6924178794041977
-0.4085275663500421
-0.48779046189936676
0.17991198973115502
-0.43107697876304457
0.381061664815977
-0.9731661901877457
-0.15538966849465205
-0.18377426918647624
0.15374530259504526
-0.46777354260889703
-0.19647875769006745
0.0765519928686816
-0.10821394476413213
0.2568459815643342
-0.510675333622525
-0.19191683398181056
0.17607424946801212
0.5022152817186982
-0.3534421343868674
-0.284549282166535
-0.038748532139636256
0.553557344275323
0.2583497559195226
0.1593910025817638
-0.24142761186910727
-0.041321316914548885
0.359289533496362
-0.24754359106745386
-0.12989743528633332
0.04460234312965568
-0.20185321971628162
0.2814691138514204
0.10448562192829854
-0.17512915875176524
-0.3298165805436555
0.58551266344375
0.3681486551362772
-0.13172357253405326
-0.6886600044720239
0.2906630062891172
-0.5137753392495659
-0.7319713680537892
-0.007176365766813389
-0.4214295743794158
-0.15216186776027485
-0.7715314321124233
-2.9212368265024855
0.15029827608329943
-0.26316660461574126
-0.5778571330525348
-0.1527952428625414
-0.4381229483573258
0.5532972179582031
0.2818989216757919
0.13210180111233816
0.4529327739264388
-0.6276069929799902
0.1138276582685161
-0.15633218867380974
0.15620679941502194
0.28697401597818034
-0.507359025136096
-0.4882062215559586
-0.15691268431528502
0.14762356692183864
-0.7309100008874709
-0.3553293687412322
0.6447640185100718
-1.0709043810459051
-0.42343499973889603
-0.3598883889235316
0.15120413690708176
-0.48484170359788015
0.20447893632353417
-0.2756339532460493
0.16165723071090185
-0.09565921385611444
0.02641791189122196
-0.13355256160634701
-0.34323714994370963
-0.36044403867603503
0.8358247775475678
0.15335784876551764
0.259413891499737
-0.5814032658897742
-0.4912888629372969
-0.3100197674094267
0.21054790304166324
-0.2882102520086984
-0.2562030441074059
-0.0840900003001023
-0.2891231136293662
-0.039080018420372946
0.2639934191376557
-1.1882732296155392
-0.3963933570238978
-0.09918964410622112
0.551163039510849
-1.2050127680422245
-0.45246416145634866
0.5017507852996864
0.03478369408661575
0.1528107217568141
0.05927903245748206
-0.5357450333995992
0.35758054103085163
0.18464292942324892
-0.9067345883384721
-0.5642688264426304
-0.2317731171271915
-4.3182959701063774
0.20557547070769075
-0.051265762254553725
-0.2724027439376718
-0.39268466927211576
-0.3908611856890949
0.3508168298579367
-0.40124211689698197
0.03776495366713676
0.20344851622309715
-0.2695377429651156
-0.06629882863388441
-0.016364676749254427
-0.009396568065073043
-0.13948891766287635
0.6419763896720553
-0.012667536825769883
0.4864108510709831
-0.5999806361587162
-0.4907815178661821
0.21924735187863229
0.19494571322452964
-1.3738981021822625
-0.07146667208374415
-1.5804933646256671
-0.9873218253049562
0.7176031054890635
0.20983003618435714
-0.1542969261617637
-0.03376513035542158
-1.4433516649415958
0.008571825034050266
-0.5721128593679548
0.09731086696676272
0.41124595451810736
-0.33565560753110124
-0.40843682104572504
0.8400604797324097
-0.6843811587753442
0.11081636061850207
0.37245687831107566
-0.05139236035360996
-0.7362398630052778
-0.0042781816338578
-0.2604973174718631
-0.22992568581071812
0.16368604100297246
0.19191588320469072
-1.1978347916749277
0.061394035931047496
0.2104750524580002
-0.3497847412809664
-0.6048157259723375
-0.4931371099915803
-0.3205709767500736
-0.04098135985685624
-0.5797842396252023
-1.0761685365537843
-0.018907327293535867
0.012340134864678548
0.31214255761969734
-0.45165303284307756
0.720084399477873
-0.3945379745867842
-0.3667766192840579
0.19452083775319914
0.32517687753733365
-0.5492874531128233
-0.5052982578371755
-0.4989807966913053
0.18390523732539743
-1.0178886039320314
-1.1534474891113047
-1.265312910226653
0.22788045805555668
0.611918443165219
0.08103718026154831
0.08581373396550664
-1.464021302979362
-0.48518573267414994
-1.9585606557980333
-0.07430791781567964
-0.14398827090648372
0.6425473759043403
-0.6461707841206354
0.11103265539437962
-0.19126251610246295
-0.25079730076630213
0.3710730961901436
-0.11085667981000331
-0.4136479465245229
-0.4088265713925799
-1.4233340702641826
0.3964528056116061
-0.4384682964992425
1.3513755795104827
0.06541639200996795
-0.3502601077517066
-0.668550393273685
-2.1680383520829
-1.558737251125867
-3.0691835918663495
-0.39675793054632125
-0.5105417126960242
0.41497643282725344
-0.5399335902838639
-1.1520989979999787
-1.0489802259990728
-0.2492298725853486
-0.3164763806316133
-0.5395470882681624
-0.23660994509366626
-0.6904300926452525
-0.33174160621081045
0.057003728436853154
-0.10574522976043542
-0.5907746969122663
-0.10477237868950427
-0.1776753280651631
-0.4012308488883131
0.04619586069068491
-1.1971766282703258
0.10871459448705188
0.066366484650447
-0.6998438357928086
-0.8392836387442781
-0.18283677213568614
-0.10571983911188304
0.5893227298663185
0.4204208016524278
0.14907676501261635
-1.7997924346832446
-0.07398484984631065
-0.6885303525408735
-0.1387533634190461
-1.2653778364862143
-1.1991770223652225
0.7274741696491457
-0.03639518970958745
-1.2768550880315541
-1.0209432498625814
0.23705276941210604
-0.44720468457596796
0.06615295123733819
-0.012898354503624624
-0.4704941168133456
-0.22400953668950815
-0.020248857656485555
-1.0388354022245754
0.279504952870595
0.17738411083726335
-2.8086635862456117
-1.01292588884102
0.027514760355664455
0.18605106325956858
0.30792830913840524
-0.8481955109748713
-0.07465240728611337
0.5593011185284764
-1.0341991871665603
0.33449213266065925
-0.13908407288388017
0.04162540836936123
-0.4000555016259249
-0.623721863912815
0.13090585678865502
0.11109637149933568
-0.8566100270003836
-0.01414133920727876
-0.662501656447494
-0.48442489486535356
-1.9612051059359517
-0.10314562686889825
-0.29150442154581746
-0.2125750000124093
0.3634361103984021
-0.711928389092234
0.03652668056391287
-0.2373004089414118
-3.377745459604991
0.111352856688058
-1.1491343702092078
-0.7662798326517858
-0.12798195092435327
0.14573985645768542
-0.7105176121384315
-0.7189512418217213
-0.6117068632103267
0.2510357566637048
-1.2752498306299467
-0.5552012237469655
-0.1309136919846729
-0.10373887725748925
-0.04118714521053236
0.21101294163676118
-0.32825346539215694
-0.9562597287076161
-0.47261106386362284
0.2808672374634336
-0.471154821468754
-0.4849617589487671
0.33775848206996745
0.20091751746991898
-0.21397474799779834
-0.51516618789865
-0.23100164680673144
0.1303452828089946
-0.16564974858476875
0.7442960832045065
-0.9928796178041819
-0.8755578685600064
0.29657424170221186
0.07707872200075584
0.13833120926271086
0.4832257655763145
-0.445266535324071
0.12487231247147221
-0.29454640286169564
-0.045600799711735876
-0.47339292945880557
-0.5036442049766368
-0.1666891595882593
0.4064918089070233
0.25352073882782616
-0.7748372617560995
0.23052098044708944
-0.010235779428162199
0.8310569593905496
-0.3628768158922268
-0.4232719568764052
-0.34126786220274496
0.8451809093527546
0.052826387753395265
-0.07896721723667308
-0.23935459119427313
0.2021176373238824
0.4465334072462253
-0.06051286864031828
0.21646739080193683
-0.168795253673873
0.10331835391381569
0.04000614333675763
-0.022161441212375742
0.17481142617820059
0.01802667750126013
1.0616058006356572
0.797548406092624
-0.23222172167655084
-1.5950903333138122
-0.6064819362642792
-0.10230159724898791
0.20339509584103715
-0.03439803786114001
-0.8391998033474073
-0.3732483343130534
-0.6956154333641935
-3.0727944572046395
-0.02632748305414971
-0.17703325845281295
-0.5475359931151608
0.11898722904810366
0.14239475508265134
0.10155901339002464
0.48284686979142377
0.044269375377692495
0.6554686212016485
-1.1615643653622727
-0.15660054736837367
0.11085000564837467
0.23953801425978963
0.15643354896515976
-1.088356496241157
-0.1530256902775738
-0.23216640882751008
0.6514526540431191
-0.5221051570860831
-0.48404791242806494
0.21839508560786347
-1.7127735417434509
-0.722430189112648
-0.019154738076430727
-0.38773279611717104
0.06505130132457064
-0.5166288795962447
-0.4212011288670465
-0.16580276431038662
0.22210494841884523
0.32821277668035836
-0.8975290492710327
0.13175616351966515
0.06871594445698627
0.6060921249359987
-0.4339573411701071
-0.6450038288036951
-0.2719924758236511
0.7844424028276273
0.24299404823443926
-0.09225039669652765
-0.27820967489746107
0.07934029600835754
0.5098079706861807
-0.2681538091354742
0.6594163305038039
-0.04478248044916023
-0.23211430435982908
0.26788662178409145
0.16017495998498343
0.1807377998249798
0.10390471533946646
0.9842483159676282
0.07148387520267056
-0.10801760671928032
-1.4376856889023857
-0.27568311862832323
-0.12410839756900546
0.04955682973646095
-0.0803628674793473
-0.7217847359814563
-0.5096488625887002
0.09731281187773894
-2.8498869146401105
-0.24178826232026226
-0.3452453177489869
-0.5198645356612089
0.0756314546156217
-0.2647680456813256
0.26022437165290174
0.567247852334152
0.04777688498074906
0.5679683938641428
-1.1011654899974197
0.04118047670198248
0.1707613143965115
0.22318948504258457
0.3176045509475805
-0.8642759531954957
-0.4144090292538317
-0.19297951051782594
0.5251566988434441
-0.5984409220919062
-0.5146723851607572
-0.42540425004719545
-1.9453629355548065
-0.6684474478937559
0.09106589575252128
-0.14105627230877787
0.557366825425306
-0.3205851111297254
-0.11190072442279324
0.0007237676071327055
-0.12247000077081265
0.26913722723137695
-0.48319371608287215
-0.38125638987130894
0.07538370303389544
0.36667761796074955
-0.1434144327784416
0.11085312299910088
-0.0057176845932831385
-1.8040956290948993
0.3375966520988408
-0.15192342387593472
-0.32487845055461845
-0.470475048171072
-0.4408877450117567
-0.15417390293094482
0.738293693499491
-0.22330485840441033
-0.9980080344273226
0.32002700185314165
0.14113113460137383
-0.1766450147141665
0.5139828833443233
-0.9540755670403859
0.11694672310269695
-0.24870752833330453
-0.5654852344994338
0.17751925449639022
0.5768590662830619
-0.20436700054854867
-0.3310066432839452
-1.4666091525325233
-1.384273284128028
-0.09715054413599485
-2.8590373194053362
0.2612637086687669
0.050164317017854315
0.11902195443845097
0.23378234970615464
-0.10627674175190184
-0.26384663231393124
0.1675780405795108
0.0684094719792729
0.3333183722096415
-0.8095264520576876
0.2888422244595251
0.00035591146177171547
0.10045265978926182
0.36840057504194074
0.19738672238395424
-0.03974884789344072
-0.28506593772137206
0.03723436762766541
-0.29460489289043484
-0.35221996178342874
-0.8688263331069117
-0.674174256613644
-0.31132269830610193
-0.07294282460560385
0.24273826794824344
-1.7415238958537882
0.17307208891209624
0.7236593356154322
-0.0670003447964328
-0.4141638177316542
0.2706294637160733
0.04855319294836886
-0.6058436763287702
0.19370181844716283
-0.275530262369319
-0.5769875631102884
-0.3282187512961599
-0.8464596773171953
-0.3563237480316705
-1.8960813191766182
-0.5009529671119306
-0.5588003869888846
-0.5420515109811869
-0.5837201360088814
-0.33442561276022753
0.7294092019437073
-0.20619951056454144
-0.3768505283351512
-0.30922809684640334
-0.27468147873632515
0.9519468789338937
-2.1810981451437055
-0.08481606751218451
-1.3163494075331672
-0.6287748617480499
0.4283602727740917
-0.09362391110639709
-0.45607129154988196
1.1575281777081146
-0.3880094798892748
-0.7303629435831605
0.36179873664601603
-0.43685744156471223
-0.6638942194789762
-0.6352379993053942
-0.17705147207928043
0.17899619618363657
0.32454566352659914
-0.6914852869936271
-0.4461146928398423
0.05973457701126686
-0.8146215414942423
-0.11457953059120653
0.9311797378062645
-0.006819406585249149
0.027374515568218613
-1.0910115207305071
-1.3760529054327724
-0.5998886509820638
-0.2513032411413094
-0.5437102686940813
0.3954852914989326
-0.7030706589199747
-0.9212145453559275
0.44476519725583546
-0.2036901331062667
-1.9517521724678446
-0.8254535063531447
0.37688027856587314
-0.3876811513663675
-0.32609606121023554
-0.04769323977791529
0.059478252929545325
-0.44069663702937334
0.17712962758928585
-0.3353810526408274
0.003535915996633741
0.1978978133795128
0.7143628556825146
-0.562978403035533
0.034555206686212106
0.34300353691057756
-0.06041196978162216
-0.21948378847640382
-0.9119550669116115
-0.550594568166885
-0.225242131896838
-0.37143591046808727
-0.6270020811107531
-2.229473150124598
0.17573107444149066
-0.11312210099678097
0.3828587329948276
0.3024742086332468
0.17226074632741764
0.7135506850917093
0.4085579570227806
-0.3877035879898762
-0.25881709319007085
-0.04843037654902077
-0.3049940953528838
0.6830723592456996
0.01925262002880369
-0.21342663918441954
-1.244496165081774
0.1989392826787891
0.15534208826527182
0.107015822681083
-0.16085938341065123
-0.2556059269294071
0.36445856721235803
-0.14381027318837616
-0.3568836763841862
-0.07378409425030243
-0.6244987600103544
0.018996828679427428
0.5319884240645323
-1.7095662285668496
-0.4353146340160605
-0.49543482319675913
0.3309615104962402
-0.3262286928323864
0.3788040159623495
0.27319925742205964
-0.17491820341931968
-0.719597006948611
0.19373030093678045
-0.2682931981690361
0.6768473997470312
0.00983884866895933
0.15771128927614642
-0.6550878009226361
0.20066737517015765
0.13322915352406295
0.09723844555017144
-0.7690969340880286
-5.192240951077599
-0.8804400076711832
-0.01193165140679325
-0.07232191228790487
0.15541608947049032
-0.20965181567640437
0.556648887257653
-0.07795080140142424
0.111949549507494
-0.2722120517878107
0.13842293376459244
-1.1118778182012012
-1.609502091337776
0.03854328741083515
0.05986330026469667
-0.43630728318329826
-0.7540508859377246
-1.3947443669515989
-0.781790456171979
-1.428104602809982
0.5720062780591108
-0.2731186083450959
-1.7107659255780099
-0.459325394244212
0.2788607427882369
-1.0190383589675556
0.0676404421444705
-0.20081416381944495
0.07079995603123385
-1.3447466045232792
0.2079924929578181
-0.42412116304718084
-0.18403026447584944
-0.10726910123290925
0.13030805122775058
-0.9660678365011218
-0.1967991468944077
0.013720024366944913
-0.15158244109610408
-0.06612290653332516
-0.22013970584717943
0.6817198000461149
-0.3208625798225944
0.24380399750754436
0.4229621773135173
-0.8447589590792676
-0.9153229328126167
0.3952833436032645
-0.37128730118549036
0.10472316041787504
-0.5349211225407884
-0.02088786875584434
-1.0144814271474105
0.47867529604788084
0.1807614412479043
0.11152965931698743
-0.37993851380671323
-0.4549148415561198
0.20349753612687405
0.23005828940939455
-0.30900066467747933
0.26259505411879736
-0.1759899894269943
0.0270308159235977
0.3811458124385441
0.6109045288318597
-1.7411646312659965
0.5282840074727445
0.21649380808236626
-0.21256529601360993
-0.9768156349204623
-0.39787302769762617
0.04980575149580712
-0.11530781970002488
-0.8324056383843166
0.45225452112230674
0.07145928028211211
-0.6480662941946342
0.06801458892894066
-0.5331685034606455
-0.996455780689128
-1.0055942114994694
0.17869445655827823
-0.42768345625165494
-0.23508642766436963
-0.411029612998701
0.09437997293659944
-0.026311518554883097
0.16255422585322846
0.13327098491591888
0.5485206037820993
-0.6831724680796158
0.33063453362841566
-0.07259903316795505
-0.30707966749507604
-0.05611671353444674
-0.724275352856472
0.1577684055835979
0.6760730698139604
-0.4814257312947128
0.1610392933889639
0.3096492585554528
-0.14795720840121485
-0.7153120764392975
0.17695314663836106
0.0803599899330701
-0.5514855453541245
0.5847929408048487
-0.21736813075444017
-0.018703048391950416
-0.479779351032935
-0.10168283349078092
-0.25732803635218904
-0.6564490313754078
-2.289956386632109
-0.96620407231509
-0.7921462763940056
0.2546432445160294
-0.9038022586709316
-0.45864267833483835
-0.024664116456502797
0.52964536955139
-2.225272454661126
0.4086162910010521
-0.31188805933509867
0.14003506841045502
-0.15576013025498142
-1.1698921981389059
-1.2682803527175806
0.6064188735250813
-0.5192578034135575
-0.6779245833299651
-0.4381373913394637
-0.48112659696283266
-0.4358797458462645
0.11017965275472921
0.701692051883209
-0.37272038782715916
-0.6664767856542341
0.7560698275958353
0.22971240925163838
0.18902449468229623
-0.7968763698572882
-0.5063983472075246
-1.2146986606564718
-1.438988035037858
-0.28948650859489833
0.1259990336884219
-0.2863810750049674
0.2545377254714201
-0.27328029013750177
0.19486756384335865
0.07386021313947791
-0.5267612739176019
-0.6087648433024672
-0.02936960549602197
0.4617978542881911
-0.2867112139854394
-0.7433185425570797
0.555646656248996
-1.0954458768912898
0.06457233372924276
-0.17805358744160016
0.13653210691770065
0.20482865050959295
-0.2047762077712719
-0.07710343351009769
-1.778293751645536
-0.7003032487239922
0.3762983542595248
-1.5096658935688874
-1.3278366053632584
-0.6654269061089385
-1.4583803550579797
-0.31192246170839816
-0.12682847206687906
0.3839957765260343
0.09322244696498734
-0.1179324697846909
-0.8614974584897698
-0.8592413241507203
0.019657282533383214
0.159000235935288
-0.07233097937129729
-0.396020276855499
-0.06505254932386821
-0.6989495994657086
0.18460655723693667
0.1829326306458244
-0.9509814202766452
0.5324419290252295
-0.15129292622774604
0.4500311082073651
-1.5525116381216966
0.02294603181168734
0.03966602786170865
0.022847315118424045
0.11488244294127238
0.09951419590512987
-0.5089725501828085
0.7460728374666501
-0.4236789966106733
0.8942177917656116
-0.19890679016810023
0.053622656688519774
-0.39194526449726963
-0.10905971974498781
0.1715770825943351
-0.36713672720887497
0.2633549717277702
-0.08884235575921658
-0.29907702941574127
-1.3568543312610335
-0.37452722245657877
0.9615225386270513
-0.7709007354875496
-0.9066751081673857
-0.8772420013400251
0.04721841724033603
0.07431325027667032
0.0818911848047207
-0.024020660787632646
0.4166241182902652
-0.26157940053195533
-0.5659109213297473
0.03425264520669373
0.166360239082971
-1.2851156658528118
-0.8480606770804199
0.33069469436136606
0.3645867309666988
-0.43441433568293586
-0.7230758724077115
-0.5210469063550377
-0.5379661333483531
0.5760186438826229
0.2583829665802842
-0.34317178234564844
-0.24921202388933755
0.49527521604553937
-1.1269354367957511
0.14445941366297912
-0.9006834312820522
-0.46372127089742105
-0.24064051413436255
0.24239032128803145
0.13830393530205728
-0.7711406854155926
0.00973111972935813
0.07594597302897958
0.11220055262203389
0.23083414853123915
-0.5258589955089136
0.10038512656879588
0.04796963039815483
0.3303541752289159
0.5433803391581155
-0.22026343712008895
0.2887121473113761
-0.24844563887834586
-1.203300535866405
-0.2848827125361428
0.6915361451527658
-0.06424632421463496
-0.4007638743284203
-0.3163141744180141
0.6060190299017929
-0.5481456989965523
-0.4618484813830056
-0.2618457272901855
0.8565735788327521
0.08138694997925568
-0.057425458437206464
-0.14157349411552247
-0.16697372244054048
-0.5413666616865819
-2.1005509378305427
-0.6264965360576246
0.15958885133650338
0.022897137526394738
0.16514032602697032
-1.201570611972248
0.2499825358569509
-0.028060412984295728
-0.01686366735530724
-0.14148447961419872
0.18253554262061744
-0.6014220179976382
0.2714209444401232
0.2957426326121402
-0.1102496192426521
-0.9654127001686306
0.21533563463529362
-0.36446475174402065
0.01514671018263794
0.049404635429597825
-0.4156873634023538
-0.7860811327096948
0.01736785499622645
0.010191557216836821
-0.4537423895614406
-0.002440464655756477
-0.29541947087855636
-0.4085291811668598
-1.0243548439042904
-0.2652369011045825
-0.7202605056104673
0.23495575089697796
0.6435453922898321
-0.47301378075263945
-0.23031243220483325
0.13675231903154725
-0.2938978501227283
-0.4826411979839181
0.4060840233988073
-1.0717731849920908
0.21149059288304467
-0.7640885439550031
-0.3418524902850214
0.2222628683377732
0.8095822674992433
-0.6677270853114148
0.3923505046741983
-0.1813121880484213
-0.6350108633311585
0.12808958071277285
0.38993252680009155
-0.054813189325138366
0.5420756408456441
-0.6718290791834781
-0.12325923574284875
-0.18050400133938027
0.7282936512696494
-1.2228035143326688
-0.45118856520662465
-1.0182483944958987
0.11773646045112902
0.7307258393953225
-0.20314720005556658
-2.0982276878275936
-0.383179296384211
0.4544436176731867
0.7592729184050895
0.5455476316482646
-1.9803284611026477
0.1272953330243308
-1.7540600756042815
-0.060353235913020546
-0.697872134865354
-0.9079564079938366
-0.13016334699691687
-0.329401689991484
-1.472446352731851
0.2922491133338997
-0.28966516172406725
-2.487236904674417
0.020057949199299534
-0.1754412908483076
-0.3525614125643082
-0.3087953171774864
-0.06954852980686298
-0.07052996185098631
-0.1860333478050109
0.5851513880222979
0.007291851120888001
-0.08226937943479505
-0.10028814475064736
-0.2630207325818255
-0.32228067811125616
0.29771598502344404
-0.06975711596951661
0.2791430321942318
-0.7276804633427493
0.9288189330279879
-1.1423601196023552
-0.04588105566567465
0.12608630117145586
-0.268879657597428
-0.5850647741271725
0.37100325240532245
-0.23818662960411593
0.05508221660884302
-0.045648068008466644
0.05746188675216956
0.9364399831036903
-1.826431292934292
0.44787741147528315
-0.425622907902892
-0.29202223361347013
-0.19238335548770635
-1.4757327134348177
-1.013784736280772
0.4308725963673543
-0.31507023486832364
-0.07427348516063359
-0.3523291843070616
0.44812508636842097
-0.3576075195049344
0.3060429763102338
0.06919491265351918
-0.8716956501293875
0.6090197659186366
-0.14212718202980393
-1.5535822842592752
-0.23506639277863317
0.2279899195173657
0.30074531746537125
0.32237465437546287
0.03234292608616098
0.08435954163543605
0.10249264802503714
-0.6823304151405452
-0.10210695329186789
-1.9087211856328417
-0.22225396893632532
-1.0234326387488668
-1.4868633033087262
0.26322518582940674
-0.4461232906048931
-1.7613167102180194
0.22704769205891967
-0.32859176035945925
-0.03103965610197038
-0.12958742431842418
-0.001847103933491615
-0.17308526254397927
-0.12764375401013728
1.2143415015893486
0.34363169592393566
0.10022170543244625
0.4502817503838051
-0.9478716927254216
-0.8351400291787664
0.24868001715710197
-0.2099298342505349
0.14295249742289395
-1.8923263629835576
-0.0801939696078707
0.2620299528906916
-0.15676547300869315
-0.26120326218921847
-0.11060782275143535
-0.2258611667202393
-0.543006422515203
0.19135136095822344
-0.42495849089515497
-0.010818678289282287
0.07925686909815936
-0.4881227012839363
-0.024975749507144457
-0.15357356295607227
-1.7393453181289629
-2.889230140554822
0.13513602674866157
-1.0313903553387567
0.04136834489293174
-0.2531308010916496
0.014512927705638114
0.8230378401801977
-0.3343658607016059
0.20432252771752102
-0.09860665518378733
-0.4818236695887767
-0.1849774017767521
-0.3115700220187458
0.6857746995322473
-1.8024918979257003
0.10220184030560656
0.21176277089861115
-0.0950925169522955
0.8081100948937933
0.5410382271066713
-0.502945889253542
-0.2952142167704579
-1.1587088212113528
-0.281009376709595
-0.7955702928260928
0.10657480377326907
-0.08442989345368916
-0.09649142988929645
-0.9088167427848646
-2.404260436670523
-0.00889838430976443
-0.13917403555110258
-0.10058344409315671
0.169442674886113
0.1324365531595726
0.0510512088249159
0.14420898231669113
-0.46365157829850967
-0.26876884704618914
0.19146993749413804
-0.9576819355061226
-1.3052201094270244
0.2657531412632156
0.05826708514601262
-0.24169913727105788
0.14084508138597157
1.0436672856584241
0.07314870508187847
0.18166404193690405
-0.8293531244439862
0.004499913768475746
-0.6984782666963797
-0.5208622137595982
0.007576410434589013
-0.4090948835790169
0.3933123991255515
0.15394912511867928
0.06769175900722632
-0.5332067489660286
-0.6383653276489887
0.0797426807083015
-0.7946322894753989
-0.14924896827024775
-0.908712789197665
-0.7453432629314999
0.27531505610255436
0.18965749250579406
-0.9086295202350075
-0.23067279602755278
-0.1505565997795939
-0.08371403237053127
-0.7970099644914247
0.08017519709133888
0.070543344164618
0.06282975746087292
0.2515233952734547
-0.44307470559038614
0.36779057458076864
-0.42572229395296085
0.3451917106283881
0.40809223711309567
-0.5174017396469238
-0.2684126575083382
-0.2793899591390385
0.6053602449706335
-0.7600818688167925
-0.1550922034941571
-0.36688859781891797
-1.198550124819359
0.21770749424228059
-1.0924246450089643
0.0948843772071397
-0.4309246313578979
-0.6767272338874765
-0.21863800697643007
-0.20493488480120103
-0.030931930370300415
0.16477551936724139
-0.2839468692855934
-0.26996619782673137
0.41314238792853014
-0.3618129130962997
-0.4370907473954902
-1.1439091317647185
-0.2299845792380682
0.10352273093835566
-0.37295520321097136
-0.9180241236709527
-0.10552372096333504
-0.024821332886636648
-0.6796256116304518
-0.3381613982290456
-0.07178454472274183
-0.13700407137895534
-0.11062047286807032
-1.9101611542846322
-0.7273017663870314
0.8280258349919608
-0.01819398350752949
-0.3717597903053172
-1.2722920639721356
-0.6322580495683221
0.236895697252421
0.6162894122424172
-0.22568494851636364
-0.15776556401795833
0.6440019151787558
-0.03951172631127415
-0.7434356183209447
-2.4067638239819424
0.3737723130861907
-1.1627515799584984
0.30071204410766483
-0.028191929515816137
0.30867464008882045
0.47935977518636197
-0.06677286035817519
-0.4609475189009988
0.49789557351015995
-0.8775034870872752
-0.15843476816612678
-0.09658173229805994
-0.0723091722855811
-0.594063082482553
0.011100809853977734
0.42211487074188914
-0.12521067696805713
0.629821859395919
-0.08443942406139236
0.20036951358556696
0.5410843477729773
-0.079767232964255
0.44549167092858016
0.45604657809114324
-1.3357358425040406
-0.23145582436686607
-0.9958855790621219
-0.37353403439525673
-0.19152323611543062
0.05705076482492208
0.1369867879682108
-0.22813809547523967
-0.3113624776766936
-0.22689322617282648
0.5396760176974253
-0.349715646801654
-0.39992068663224495
0.5039187001337548
-0.01631382512987694
-0.2687033857028094
0.23880776113208219
-0.16150138098965855
-2.869705291749837
-0.6906609936392303
-0.12222706074667992
0.28378444258448227
-0.17808433209472835
-0.12741830560247394
-0.44467883380490375
0.5850093234509595
-0.1843300900454189
0.18064589041958357
-0.035560034524890205
0.0071411180976638094
0.41150626767043286
-0.08367327459753653
-0.1705912470366267
-0.3595094179383455
-0.15558570850203907
0.24845012592626245
0.15955795823355343
0.3689398119717855
-0.31113391632900467
0.13128418766962088
-0.28392488848324643
-0.3693897370390548
-0.17889079852989737
-0.2102197173041664
0.05727581650169976
0.24910191450923275
-0.50896769147333
0.1786514680353827
-0.9385291466856935
0.5292531733935184
0.20666777112720067
0.1441291206349302
-0.2692199215034943
0.08797791943445021
-0.534623203342473
-0.07655742014506801
0.24473811588827624
-0.27677607847138863
0.4135438569643844
-0.1523248976845811
0.22635571206938432
0.2605920882919156
0.45151384716838194
-0.7039868127634534
0.09221826798901422
-0.6771602796314705
-0.19089312509109638
-0.25333748299952624
-0.4078800940539809
0.4218461125953957
-0.10183634181462442
-0.19302514310017813
0.357740840142616
-0.3389271981576309
-0.17341716070892707
-0.019252068672059076
-1.0421789573661457
0.3017509586896429
0.13222109104891153
-0.030722752298903668
0.18856859096215262
-0.05538159700247476
-0.8853563347866614
-0.11934166145062138
-0.33843328368031805
-0.7139339481550631
0.3987124404062327
0.051629807405007125
-0.009223215307013796
-0.00785956248606624
-0.27688707940675694
0.19191307036095365
-0.16715501018012088
0.007293140949903404
-0.4463434035882449
0.1991818253969337
0.07145198296703786
0.42741479688653206
0.11783928035318368
-0.13991698746924186
0.20095157351552065
-0.05495367938101455
-0.17573748605772052
0.19850345918544327
0.19362766511339324
-0.03311941900745201
0.30155793465757713
-0.041017876416469125
-0.3887672347092667
-0.4922101538322124
-0.08314152506791876
-0.7206575584139436
-0.42639283558008206
-0.17546748778584148
0.22063119494529845
0.0007318662669784031
-0.290902965297413
0.3349048555358536
-0.02467999047669063
0.9364106880198098
0.8994163352104642
-0.3492796814437601
-1.1249663813497703
-0.5789761757137704
-0.08736061598977239
-0.3674800181780417
-0.2842249841351736
-0.4422869379220228
0.2515801606019251
-0.27817958185317543
-0.3953696707641411
-0.20513910175364647
0.1369008333699067
-0.004660538939100075
-0.4458265949389228
-0.21675944674657074
-0.9566124984231743
-0.45428750363758363
-1.012464589807555
-0.539926701323757
0.17506567091361983
0.19890008441809906
-1.5092921775689088
-1.444147876810539
0.2021574089994856
0.06340883308488778
0.4433294899538101
-0.6941427944669458
-0.5538407888791198
-1.1600752656906104
-0.23046939368070904
-0.8446503600714993
-1.1811694848895755
-0.0766892705986207
0.14097948408855504
-0.21191353215414732
-0.08108122542935604
0.8475318594336767
0.2983238884743031
-0.3454210024335202
0.2798863341642694
-1.102673768180168
-0.14631702487251252
0.35028265957061494
0.22561665819350915
0.15686559353411475
-0.36491672153152
-0.3192735201972034
-0.26355461448292905
0.3028788175031059
0.2998143752050249
-0.6607031617776395
-0.5572086693931171
-0.11915416215065411
-0.05281397035774237
-0.16964199192197785
-0.5859638032824053
0.25970293708492515
-0.22052402992009476
0.2427335289861195
-0.29222815185683026
0.30475267961736136
-0.46482513919092877
-0.2863866593290737
-0.20515698760582968
0.7401686839399565
-0.5382014578532449
0.019663049621655073
-1.2234162755111941
0.17622218515318722
0.15912007398696487
0.3753002344584119
0.3902508914876877
-0.3417206967182387
-1.5136816578348522
0.42888487550718624
0.2857206353819766
0.43803056996810685
0.2989653515175806
-0.038512996272622536
0.39132987759648385
-0.39862609791607656
0.4067864181148961
0.6393112926657099
-0.936223076206241
-0.45620177552852287
0.25469535902778373
-0.9655640589044657
-0.07685489469240903
0.4318727035940393
0.3149098850744442
-0.4257937550730949
-0.1679077164939964
-0.006891927031251438
0.18918986965756615
-0.29247611082201247
-0.1627717073958803
-0.25669097354295173
-0.43883651130347817
0.453087826393058
0.5675323460915396
0.19491658781417867
-0.23053942456779136
0.36595560375986813
-0.24977883496718692
-0.07189915215192923
0.09298506713733141
0.19113548184222173
-0.17515114772783194
-0.1370126495190042
0.14854459743342568
0.23636776114496577
-0.0247946074094787
-0.07976664913885773
-0.5901719686767752
-0.012488364168166387
0.5501738754594
-0.12138842750545212
-0.14592727852640042
-0.05034607180827498
-0.1279376316828933
-0.0664691553505017
-0.0023068776499530048
-0.7937327871914499
-0.1265083767129746
0.3566514455662585
-0.2775178509562451
0.9159974798919274
-0.5132561460740032
-0.15763800422018612
0.13143585335335617
0.2465175995083337
-0.3464081407502052
-0.7865490292855324
0.45906988832114387
0.37219895374620615
-0.018931660865610905
-0.06922673631904391
-0.03449979575080546
-0.5057351740811279
-0.5481739049014317
0.033006700910680156
-0.04915563398155966
-0.2029290791229046
-1.3945058318522758
-0.012186936687059707
-0.3522939873316342
0.1993370692674858
0.45642174756022047
0.46265171351239776
-0.191211300145314
-0.36156706511958076
-0.07516994739868656
0.07931130101759905
0.047225665694697015
0.15459329444554976
-0.7146892649106074
-0.3501214797222154
-0.2806638242704292
0.09036671306878426
0.29732752192757367
-0.32903101921864364
0.20681288109606757
-0.18123704521349268
-0.7018800158990912
0.26781485855277504
0.3576058915257878
0.14556078017688995
-0.757913122917718
-0.016209123293756744
0.31195262087911846
-0.04637796713027724
0.24953751988973702
-0.3696960588175981
0.23560739960128935
0.026868088835931943
0.4589639748511854
-0.06365577375460137
0.02089079430960688
-0.36576506882338394
0.448109690199634
-0.5528348348018758
-0.171111069904019
-0.03963858092164352
-0.5074612083535218
0.5482142715506726
0.23168634810416094
-0.49750459829821825
-0.040027857694816024
-0.48582826090803183
-0.10168595527050255
-0.26910243428508607
0.8121557593065021
0.08718979622273335
0.5386174827641681
0.06701887234912036
-0.3786177584897107
-0.11102701345913292
-0.43487130306997596
-0.16885832631032507
-0.8185685589227271
-0.06260550164153912
-0.28574238588520934
-0.0934514392690702
-1.1028635346260787
-0.7816317401346223
0.4572154369113445
-0.36099384690745445
-0.040495053257973104
-0.13961232871236862
-0.41662672547899
0.21890072179673611
-0.6223781701454769
-0.13559392653614286
-0.7050413722905975
0.44292227124364164
0.23842275828637466
-0.48070688392361355
0.2565364917079943
-0.5217933355055197
-0.9335577871893869
-0.3530333076147452
-0.05247141748253883
0.44211495494898045
-0.07843756627369665
-0.3619794378810935
0.12406053749348972
-0.42559634768758037
-0.02767209369130372
0.5926384736879325
-0.13048380151299444
-0.24160259291655545
0.11337691042476426
0.5615271677606133
0.09513018670799506
0.05397087469953829
-0.040654654119397615
-0.3173874631370194
-0.49049672747588713
-0.9342849010300724
-0.1255377602631642
-0.05472587662664671
-0.36581162772199194
-0.20261950059312428
0.4392304504663236
-0.5714955619935284
-0.05649599946017209
-0.28229981677832144
0.9504208865658234
0.0002648850461222232
-0.4463713178169976
-0.24501577068015018
-0.3465424946594071
-0.46611359779494094
-0.22412430076608086
0.09862680459601036
0.5866138946408204
0.9398303830157038
-0.46317266369670756
0.13463391146889603
-0.04587872734335135
-0.5296805325397057
-0.482928263183748
0.31531777622954776
-0.10439406627587583
-0.24926730166384514
-0.08732004383516191
0.3532497178421761
0.0304646405955383
-0.01241627024647295
0.29906247576172723
0.015986944653241523
-0.34351625671215236
0.0263554114982396
-0.2264852539085315
-0.30428678168042017
-0.16176142480299083
0.7039528387018865
-0.10564956882502861
-0.011667866431314037
0.5274194491725127
-0.17107151915487498
-0.5901184907290287
-0.6205044174191877
0.19191406190217866
0.1803043672983881
-0.5761775335158175
-0.08170102858859754
-0.2601085986548748
0.11040007270647349
0.10664042052261931
-0.04736092837217069
0.046174259585570046
0.3301160358632247
0.03271521782557902
-0.08239797532698771
-0.05918237838940635
-1.8589841172276147
0.22639859464083248
0.42628021787314097
-0.38251800970000494
0.05630620705525976
0.4390309908786747
0.18937150247951398
0.057061259096372455
-1.1874786170873646
-0.5141601574668517
-0.08450687319113756
0.1317249773881502
-1.3176259840717368
-0.08433188855542324
-0.07988734869681964
-0.4058227676745297
0.035613494134250134
-0.5338274444095868
-0.3815554332266784
0.12226971691622616
0.673197239347296
0.3682919788392943
-0.07028811256481927
0.3294244690760551
0.122546052704451
0.4481622498719699
-0.36812435202629495
0.052054187913048576
-0.3408786693343621
-0.09701501115454807
0.799275727530291
-0.20832946273191874
-0.049188791921348694
-0.49217661696867304
-0.1381248272580107
-0.611354304716574
-0.10843094413041693
0.12214055491723773
-0.5469699374238384
-1.2232715139317811
-0.318776346021958
-2.642035670480012E-05
-0.5080547023449624
-0.22250502270966713
0.38503010712526575
0.27674232288008294
-0.148506292430095
-0.4998706817459271
-0.07006857270182498
0.19116800144268573
0.05250259714549933
1.3716565524903883
0.07874770274330038
-0.5974393162083339
0.006519260187682623
-0.005465817334855223
0.5447120539691074
0.030058749180203043
-0.35530891868374764
0.033414709588226836
0.06323311582631558
0.17442899436705248
-0.6872084891987329
-0.5493286506057777
-0.612442527010916
-0.04015238879809408
0.1504840020008727
0.36933183513780193
-0.031113796485211544
-0.42098118115608224
-0.13740039772917415
-1.5697915072444195
-0.08996924971195001
-1.083521126419738
-0.24327390369626606
-0.00013342143626985888
-0.05113655579449203
-0.014154134888627596
-0.26746635672346414
-0.04738024170390975
-0.17879309243422264
-0.5360619420721046
0.6912716743169915
0.010479860860882715
0.307985829835308
0.2886451180361608
-0.03764941375583588
0.7112357683949446
0.1739852214458034
0.5114019905731633
-1.5063380367494736
-1.9703338217086448
-2.098658428592248
-0.7108259841911334
-0.07323203369415462
-0.2610512139123125
-0.21305806647300496
-3.3007991976360307
0.25534371152457774
-0.004888383663853671
-1.8059134767786795
-0.1355284818780411
0.060975871963421205
-0.36829193372263236
-0.18214356808295107
0.15207408035097578
-0.5795907872265231
0.02824285626657464
-0.0013087116634974082
-1.358330841535624
-0.8141889813938512
0.014054337333691717
0.11843654728492174
-0.14503509056827216
0.24283966627053763
0.803956290067493
-0.25152784152412383
0.06371003316938587
-0.9292262145706222
0.17111740100510253
-0.6002703712099954
-0.4057429208593186
0.5970617419168698
-0.4102238057895489
0.029111298698706115
-0.49762800517635536
0.2097582946050335
0.2523986978154799
0.20000548611211955
0.24435961491421312
-0.37199041230222046
0.2337107071164212
-0.43606296373457676
-0.7099667427757828
-2.5022376843608765
0.9258032936968922
-0.8158222468313404
-0.2780841031853808
-0.2218673989753542
-0.09150726420003252
0.16280401871272293
-2.8634890981960854
-0.41780291194147556
-0.12566196299953572
-0.15539494867025347
0.18511006497788132
-0.3975050849582865
0.2272885090216277
0.22669221161683828
0.0217243357942631
-0.41955398108155567
0.06405932103588186
0.3436190296899192
-0.9956670297041966
-1.392993070894451
0.10066257919139272
-0.18379771054887142
0.033063516000095584
0.6948573561246356
0.03715260681442347
-0.5418425889612775
-0.1509477082800083
-1.1673062572304833
0.16813203099173768
-1.105450086425615
-0.05159631529551024
-0.21510629966636036
0.2904472344170982
-0.1527358333924952
-0.46107965590718974
0.19674026510899104
-0.18052297308020862
0.031224087800042016
-0.0412571172345292
-0.038734990550169025
-0.1399976282174853
-0.3092615819582152
-0.498330163111198
-3.519365416079699
-0.7322814346700627
0.0038606190759325086
0.3477483916244551
-1.0317154642708535
0.12097648694590105
0.13061663166075876
-0.20599671417704765
-0.06833599626591352
0.11028543047954857
0.1237499270339217
-0.1612020862261672
-0.11924367524509975
-0.24063774834052074
-0.007959455909802609
-0.12766058031492886
-0.1404660725146324
-0.22355707081729417
0.3855002327426614
-0.28350250992723874
0.2897605350078841
0.6322367572587752
0.03379513473939976
0.030778780044211584
0.23370538180892844
0.3682319500723361
-0.13747968439556169
0.045913186650838086
-0.28651683274050743
-0.3377082705002031
0.1768864267998215
0.43532240279620743
0.17111305077734598
-0.12345034141811059
0.37868295357963
0.1535173843583155
-0.5155268973703707
-0.1658229863024603
-0.8031810574491681
0.12646115336640043
-0.27707248355114716
-0.332581784241272
-0.4495900120401558
-0.23090763360216932
-0.30053374504621505
-0.13253991759863198
-0.252580819358104
-0.329965235169821
-0.43328997401461794
0.1345485258973411
-1.3083675049232988
0.045516306522968036
-1.0567123651268993
-0.5563586644213745
-0.10670202157175562
0.24081898772336652
0.2477896631513536
0.2928614357329614
0.7414268934912976
0.3615483315801271
0.2161800610557033
0.35911121000644336
-0.08358978261279769
0.652453241742039
-0.08917612152731677
0.6439777349679604
-0.2601758644638306
-0.0009966515975982394
-0.07870016240703988
-0.10231073163781698
-0.23701554258384083
-0.4086078977953597
-0.4963373829733779
-0.9461347883217134
-0.2469459354843904
-0.2006545526613763
0.03188001461697327
-0.6945151488191444
-0.34360914250415225
0.21292749876057726
0.03873004967174455
-0.5650583741110398
0.44406724721960483
0.287919703569925
-0.06019757842064674
0.1449348721229073
-0.30005790053722364
0.24223217756908316
-0.7995892807635943
0.3058430409542172
0.36898797510288944
0.5726507497528022
0.29362109569572126
-0.6446777143061893
0.4115339228240906
0.15881675844769919
-0.5189649050849819
-0.9854797201559863
-0.31255133690521386
-0.34769428353627985
-0.8652614521775518
0.12343752451340027
0.6696584690531729
-0.3215341028569038
-0.6631744853033742
0.35233784951169017
-1.401228580329304
0.29314122905306356
-1.6817246983369543
0.02819602376183861
-0.2075458549311851
-0.17800763803356023
0.0604259437919725
-0.3613672758516078
-0.5011243359812181
-0.20144940655327917
-0.2357905957213243
-0.7141588505104357
-0.29811908402776277
-0.44646833240562833
-0.553374224939652
0.16041326034044698
0.2695905760474578
-0.2956768643334081
0.2484783780667142
-0.6192519280037347
-0.30033187063952893
0.19559962351297888
0.42960455280995746
0.7861998786702449
-0.9124495535094674
-0.820164019073782
-0.23465203090519854
-0.011875890953072385
0.7524510948306379
-0.689650863426773
-1.0026148598195093
-0.32547477132680624
0.4365183297749452
-0.08867769557453703
0.16303436380133357
0.0715929260599665
-0.528251983608494
0.8999055495976027
0.09507868015266174
-0.2858668797819008
-0.3357919008817419
-1.989956228044932
-0.12950408298616242
0.244404466193011
-0.8929200746851733
-0.40286370108556124
-0.1866354190863282
0.1487164657637227
-1.4738060298437967
-2.4999341676025204
0.009006889506385908
0.1802403687416938
-0.34640075573573054
-0.2516416486772012
-0.5186809252399335
-0.9675757129477786
0.378758450867786
0.4830408362575984
0.030211681254335404
-0.482578269299864
-1.1349133840235726
-0.5306511129789337
-0.6689028544356126
0.04674424990923908
-0.432641576754333
-0.2840377187826937
0.4939204569784711
0.1568271568646352
-0.3853260613695726
-0.4408383907789891
0.06634665550471622
-0.6598772034958021
-0.5233499523530003
0.23670191692913137
-0.19671245080407604
-0.6792835228978995
-0.5613183882959208
-0.22127310628813432
0.43795301219385635
-0.11940589907205826
0.014008580882957715
0.4551753161853491
-0.10868337104297729
-1.1231008749676585
-0.325347073709756
0.12300191092631771
-0.6508595625649206
0.738774784672912
0.3766621729094214
-1.6156810270635398
0.8255772048336689
0.06663455660600866
0.5645199447788188
-0.22351315196766006
-0.9145344362975868
0.21644013988089478
0.5276819838200164
0.14052447487614675
0.07863372067105734
0.2478878501339644
1.0031537332078626
-4.2517394837434095
-1.2705264899891968
-0.38493437299261335
0.0641144017395282
-1.6306315726119343
-1.3061104945804392
-0.20932465050193516
-0.6380855747644953
0.34288220864452285
-0.35337452106574785
-0.2640325869154864
0.1982174186365939
0.34296429002499423
-0.28084713775785247
0.5185303756543836
-0.6180114803655379
-1.298269151321116
0.2582448070644956
-0.26057922895883445
-0.055990089612043055
0.5822760644107359
0.3535048298016121
0.3348554910837625
-0.31183378129826356
-0.4727064374118652
-0.1330310956648928
-0.06737399781090209
-0.26760846630822305
-0.2806133488983818
0.041344652171164155
-0.372323795599544
-0.555496484510556
-0.3908916810701095
-0.16872209987074183
-0.8207786797378493
-0.04495371891695322
1.0928186573089498
-0.12302496750616441
-1.3289868710271042
-1.1883421761024295
-0.33085854887197547
-0.10760676024923582
-0.11096101860700545
-0.4842763808265624
0.6032700825615198
0.02371312838730849
0.3150889450802928
-1.166750012797438
-2.0115652178649084
-0.7718524317383176
0.22942590337872013
-0.3470815365451001
-0.8341965956345233
0.2478270339573478
-0.03208166749904303
0.28830189226852787
-0.8120433734542666
-1.0964512205733095
0.08125902784488608
0.17389953935265065
0.02149136984511149
0.17587499683892263
-0.13958433511529122
-1.5719129171998505
-0.5996219218113111
0.11390322436756702
0.3179537180004035
0.05841346798971582
0.06864033071754325
0.18417672420547226
-0.24833565411236175
-0.9562641090863658
-0.12761222824068058
0.3172853612183508
0.008747234032592494
0.06808139715561425
-0.39888455200422224
-1.0029039114980243
-1.2912448838512423
-0.1030981429808066
-0.6258764704961803
-0.8469569905042891
-0.03474035641838943
0.12284889336480821
-1.3569640512333456
-0.36348349019385934
-1.3598305701687643
0.6412673372499382
-0.20985035198609142
0.25387532739183
0.5117923619097831
-0.3481989791651999
0.21332107869590716
0.39091260554778406
-0.2642379749608213
-0.08745401354817833
-1.9378894201494596
0.007470037707232624
-1.1446289722627463
-1.0559443011032306
-0.5278239164658846
0.0282787662298518
-1.2423829661475552
-0.23488434951133902
0.3593281212017958
0.5478707592305585
-0.716494179887758
-0.23091687017288418
0.3728874086746206
0.11086974170189623
-0.006567233230447343
-0.41748859702494856
0.3626153148856367
0.3954263119660947
-1.5104435561703
-0.36758688806316686
0.352774000388763
0.2567454374763784
-1.4871239418469373
-1.2722462700554105
-0.1082346299895019
0.10566781356908779
0.2730896627977592
-0.30235946505802447
0.021294021103162707
-0.15130810642266324
-0.3551012137848367
0.02503296370562973
0.18664480535179281
0.1132866845731757
-0.1545471569599725
0.023212402906644055
0.4106079105201868
0.05307353617852562
0.32854933841028816
-0.4355112818662673
0.015566260331329964
-0.2799890190419882
0.09408110690384823
0.004122309519109996
0.1099760721860387
-0.1529024586695082
0.864127720890431
0.38120261649909254
0.12684441191803897
-0.359406448606393
-0.3975919530003243
-0.3249695161627907
-0.6008034315990831
-0.13210704486822664
-0.4098244682435489
-0.22186367388938952
0.34470620285283265
-0.17462372436775134
-0.0386779506846124
-1.013645117671103
0.16253238925941288
0.1933019152702324
0.008503638955762326
-0.48104430713760626
0.07697491500043502
-0.2140490439239917
0.09951360828848303
-0.12958166995023082
0.11355846251048111
0.02502075344320899
-1.274353834499936
0.19790586794083304
-0.0769848658595023
0.23018634014277173
0.44799764012083265
0.4763959680470808
0.01863992972610929
-0.15440191106034487
-0.13188966453344847
-0.10440064622611785
-0.016952978602267785
0.39379977184691145
-0.5008343055223529
-0.013471947302678504
-0.18160015150458392
0.5200508775163271
-0.6454263864729056
-0.013461068435532058
-0.23041593495722895
-0.2314222785068546
0.22177556132444715
-0.09165038597992083
-0.2734894366121659
0.17068896080195933
0.3181257938858459
0.21498314286401493
-0.23062081031691148
0.17898172884628513
-0.4026233692564229
-1.261359848478191
0.34165552492995127
0.1240129751032249
0.4236968721609295
-0.7757287954465635
0.0800150944786422
0.2927490726659086
-0.23760638491464312
0.5231681391346048
-1.2453163692395268
-0.6629894143805033
-1.183938325504174
-1.3011157963968565
-0.27363332607899904
0.002291412798357152
-0.16257334918147417
0.4176296052961713
-0.4033199199422669
-0.19974980727135472
-1.0363093563089167
0.1741962392387986
-0.4581672143059642
-0.6039981962555667
-0.1580578763768766
-0.04919519174142974
0.3467339128614312
-0.6561271272040451
0.26419173307777255
0.30749523018738867
-0.661873075720954
0.30126452755118666
-0.06822414655269775
-0.2749342868322774
0.48708704800054403
-0.2440045536558159
-0.1998591397493875
-0.7455973167536345
0.15748167674851477
0.02096125752055353
-0.22338843928396493
-0.7650467128203218
-0.37978314388528356
-0.30058381834865855
0.6131021178185211
-1.0401872159378496
-0.5358010909503905
-0.25355019694105946
-0.4175791229972654
-1.5236592620230656
-0.8673921539242444
-0.6077110979321381
-0.3462186130304335
-0.41704786584324227
0.2850344837652845
-0.17445071767050355
-0.9631984841445842
0.4594656527157881
-0.06651634015418735
0.0703944720380424
0.11878061615130821
0.1530632523487991
0.9522232404542559
0.3470465173238701
-0.6054757179794752
-0.4340285194140281
-0.40419655223765705
-0.26405930529210464
0.3341880376766147
-1.7061663816894186
-0.736605773413545
-0.20820640784093128
-0.04217296029812342
0.016473201177278136
0.5940511756407025
-0.09581910240339835
0.3601919422836934
-0.38308338951830917
-1.066283858992005
-0.6264177788255504
-1.1542112991493256
0.7426083326588716
-0.19444306692279703
0.1500629591220493
-0.3287684563669909
-1.2023805619977543
-0.5645585561030955
-1.2076146989035894
-0.06186046072750861
-0.03866325930872681
-0.15107912992221556
0.45759285636775565
-0.8941904913425484
-0.32245159918292565
-0.42574306179976534
-0.016032591733951607
-0.15975209538528654
0.0526338149418682
0.40715535606923653
-0.2872085952072063
-0.4581310073783001
-0.11309604404199532
0.10866083015118617
0.725999485968832
-0.03944496519771472
0.257357393929274
-0.06772278553919422
-0.10545893669495392
-0.006389235134682184
-0.9868936248647214
-0.20987291710668846
-0.23777977354678537
-0.7139726773711321
0.26271901273690973
-0.8045229388184937
0.7457686467139572
0.09795741554046589
0.37922764287738264
-0.22924453036293196
-0.7129343273185026
-0.02176909504932911
-0.2405288448989476
0.282022572860686
-0.06174451875911319
0.09802757754315426
0.6465948959822053
0.7707561890989267
-0.11538759881973314
0.24468372373323594
0.003913743220073912
-1.3171681334274106
-0.18926135851234288
-0.5055666450879707
0.4579587315393163
-0.05599113551511739
-0.15957445651169827
0.19156687818610563
-0.19843363631639815
0.24809660809369918
-0.8839606915842508
-0.4131893272961366
-0.9946097704250203
-0.34290041991066295
0.15241202342331853
-1.6735350536940217
-0.25706378416396536
-0.5852102111952951
-0.15602977606399254
0.3095622807307843
0.6037663064120706
-1.5282428239819363
0.25908007996721377
-1.1775565375643222
0.3802218652145277
-0.31441766797748133
-0.6622367796309849
0.1070466651224067
0.19722456190550067
-0.7632096538699473
0.15088070176720636
-0.20183518954471769
-0.10580822106502821
0.17829502064237832
0.002058355323634563
-0.16050748215252109
-0.4549916278118113
-0.8122969895643445
-0.14127927198329132
-0.1333819875553428
-0.1449285971421324
0.16786338572006712
0.19710497868944157
-0.22756135430629185
-0.2775202406917818
-0.1477659700485248
0.16046060638527443
-0.737399248564931
0.22738841436507948
-0.47619053509011194
1.3596206913060676
-0.8414372348806071
-0.5933540324230335
-0.02538979814639086
0.119074027787891
-0.16903528519586983
0.271111930136598
-0.9064565523355108
-0.6321028483677203
-0.730422479771106
-0.41721618390344223
-0.700539329329247
0.667619296575625
-2.072814116398467
-2.268442393083537
0.6671126003890584
-0.9420441235711998
0.05371126536173855
-0.6917970565124747
-0.4402121117496202
-0.1532300507390726
0.7856165305051065
-1.5220156087006167
-0.9009047116957613
0.07972569737517385
-0.03934716945143396
0.47152856109870067
-0.04090366205239487
-0.14826765370255643
-0.7427109587931494
-0.331253045635984
0.25582121031287164
-1.55133461649357
0.15303611905099668
-0.2660397700374004
-2.079028437795889
-0.54918448464937
-0.1752145294591277
0.11870639952078901
0.25818345880650184
-0.4983561557049682
0.43393562350292425
-0.3391968440398587
-0.9301091193355292
0.28609486201695883
0.02994428700212607
-0.15512699639845207
0.3206545638751731
-0.0911866926897777
0.08565418107882213
-0.011720105163196343
0.192456607238288
-0.31090630285969545
0.1650575869994845
0.7389659684334094
-0.19031923927557792
-1.8348440500105923
-0.017824723274284655
0.28396574144082426
-0.40980280504849204
0.5349908813227244
0.5632950131591573
0.6182526292721163
-0.2270269038345929
-0.42437589366285755
-0.5701772886693788
0.3092201622608897
-0.277348280908328
0.14385360702279165
-1.5295579700688975
-0.24752616532709665
0.059318931269811824
-0.15121735875579986
0.00028625481882080456
-0.31453688840628446
0.2299134331970011
0.1498589676765095
0.12094293164394397
-0.3008670740751605
-0.9099909465083492
-0.0666253795416718
1.0537905242898584
0.06506564611948996
-0.7162120453195483
-0.1563554079559376
0.9024305396227752
-0.0062969466209406326
0.5309138974896426
-0.29712092163158843
-0.25042299416484803
0.0873454431157627
-0.22311809827731985
0.6051023727941821
-0.07713033769040524
-0.08491301848688908
0.7203342549988342
-0.21447685648159392
-0.06560226703986032
0.16552244965111249
0.576760466848981
0.07930451134027565
-0.3619824658207587
-0.2298749068180393
-0.3763101924530502
-0.7207241528936342
-0.3609469547972766
0.0618794353049952
-0.8352217659539081
0.14614197297984008
0.05377335249648166
-2.2504549044771904
0.2501823041619896
-0.01689642543559259
-0.06464720075839125
-0.22555660299654642
-0.6475963067122661
-0.013649527347220766
0.13495231890626322
-0.11419308799705241
0.529036995488223
-1.2118304124174342
-0.2698433276199391
-0.1482484397041874
0.13172648898718697
0.08432970858005606
-0.6029281157054373
-0.4274831494440516
-0.36324407733864017
0.5894798607460063
-0.6690692192666559
-0.39026061332890305
-0.38949977977792033
0.015607695016471254
-0.48340769769500985
0.09648051632263996
-0.6072553862935266
0.5314633125927898
0.04919032843778113
-2.198736655687807
-0.2898818632642312
0.6370925809558491
-0.12257639722919958
-0.3185401316575443
0.7380151993156309
0.09301013665453163
-1.6628316170286757
-0.8119737094557196
0.38769835832462485
-0.2519757556900117
0.7394714683289169
-0.5052984599512544
-0.7344397259739622
-0.19161935080418702
-1.3374032118531323
-0.12445868442412866
-0.14052861446194445
0.0879937515284468
-0.11499238141699693
-2.114652547604765
0.7821598610070226
-0.14359962399742143
0.41464357160072113
-1.0879202724302628
-4.143667394308844
-0.5777124901841952
0.20269470675972104
-0.073312821261179
-1.5891661962785038
0.6622045718755812
-0.8539722801761931
-0.14441752625481416
-0.006555615172918998
1.2368382194978356
0.14982241563212995
0.21317801585020152
-0.6020964536320987
-0.6651367966554332
-1.0450083958735839
-0.6999179282360394
0.734756626159892
-0.3392918455690186
0.026488360203550197
-0.33545364807467265
-0.4681415681214688
-1.0712101239412526
0.4065787945210255
-0.09700077905219559
-0.6803768293032494
-0.9589537976280563
-1.049661042766541
-1.3431766088792554
-0.020909791133921725
-0.00955653220564289
-1.708153219865865
-0.8215863679052531
-0.2347627644683358
-0.7999283483792997
-1.7794266753652939
0.4894290407907104
-0.3708975871567248
-0.4160096325542845
-0.027954251585521006
-0.41787129874507567
0.08829488240910226
-0.6939453145215769
-0.2176410021890146
0.3788902519701742
-0.5510121763543643
-0.1716415524115189
1.0875014527729379
0.3063573407015851
0.5895680014146054
-0.3578476694522457
0.2580194496863659
-0.8782613442403431
0.22078899798574725
0.11776708746969276
0.012531455947251876
-0.27786989287286035
0.06407024150057308
-0.37788891837056976
0.2669350360402967
-0.5429723899913577
-0.18385799701121927
0.2496133513995132
-0.06686776836233765
0.4894988288554285
0.20447069395016376
0.12397255947374385
-0.41985187467495866
0.06524352672998752
-0.7483684129432997
-1.5677700315487193
0.38726226271840364
-0.39441229045183274
-0.1023376669464769
-0.4510264962976245
0.18385309396496063
0.2818232245242651
0.10260654406787562
0.22849757091888265
0.3038250799928832
-0.3122063936142707
-0.1886887949134514
0.2546966299719256
-0.3542056491195974
0.668361634719723
0.17031560844655996
-0.8105904549622204
-0.11229152029847013
-0.5394957040327076
0.0313186135292008
-0.28270245996509474
1.1906099950010707
0.033972655746372454
-0.4680297315858298
-0.09660188613658831
-0.28618125449714105
0.13427303030635757
-0.4295066613708576
-0.8283394169848056
-0.12434115679838609
-0.5516135646584691
-0.6479346389543955
-0.023842452108785092
-0.4923488467755246
-0.1476766835648372
0.06323905332233014
-0.10664973985965084
0.3856121255482392
-0.020895080338941482
0.5136783455629732
0.19966832657331532
-0.6200252246261292
0.3195101594046297
0.2853106630974249
-0.11470169808254446
-1.6715930256512996
0.05565626657572901
-0.28802848090562205
-0.714286302910659
-2.1193481472828086
0.6685423392455799
-0.4911241105717488
-0.3746884618218445
0.5502570251852572
-1.203169144253545
-0.49323053642364023
0.5122247416486148
-3.8291076525539234
0.246166787643687
-1.1466140188356637
-1.1312779067208432
-1.4923823777583012
-0.7950171940786112
-0.458667126881926
0.010987198900356678
0.005397565513955963
-0.08304797420603778
-0.5903723853110294
-0.05328797259703847
0.3514633586118205
-0.09552778365888585
0.025016351770553277
0.31802017742661337
-1.0617081954379939
-0.21271441049535283
-0.13300848614836078
-0.49166007008059925
-0.2552159023156975
-0.3151614480658636
0.4552319618791239
0.24770328268516328
-0.5919433967157774
0.08439605567085026
0.65311128451167
-0.13813315491333195
0.1923138159638686
0.5341364018919142
-0.5931238227916131
0.08700496704280239
0.28074109114814993
-0.321608661493687
-0.09378310704688288
-0.3799477748987493
0.17149402189281213
0.04925377244001804
-0.09722823273308531
-0.5097352101730794
-0.7226650148555606
0.22503342866084952
0.07261761669133913
0.04407291085565913
-0.04557782199970469
-0.15620742285214181
-0.08817287317981465
0.00022718598039569017
0.2300840771685856
-1.0172928319810306
-0.02482501646637519
0.04978338138025242
-0.38901144062343807
0.3670840651610114
-0.23460916459870218
-0.7436349563807816
0.5076239576544579
0.1924414715092051
-0.31632865142344907
-0.8062390752905293
-0.27687369622685154
-0.7062400952165281
-0.3526197232468771
0.4090430787993486
-0.1463794017328265
0.813267455343569
0.3750595843929493
-0.11944432766106984
-0.13324140007095056
0.3648559373463532
-0.3568304678546635
0.2027220783571513
-1.920491442727464
-1.3238173106774644
0.3053518843186453
-0.8607148625002223
-0.3006221026510109
0.06196452695643257
-0.0032081539669562053
-0.49425654718388945
-0.5023059915121051
0.08753774126263617
-0.39288008389092033
-0.23892019436731227
-0.8582820493514561
-0.12405905810059153
0.16403818342292206
0.24668707050332284
0.013055792587827178
0.23541413557793545
0.10936997318379828
-0.5127194704933473
-0.10023432652320284
0.24010152179970742
0.34789725488208795
0.358355715961144
-0.32409120296055316
-0.22209164721004293
0.5496823315816165
0.08735410630878179
-0.5540684187611638
0.1990779531651303
-0.016662897561338222
0.16961720254574952
-0.643706310050334
0.35732129560445475
0.08894149843687293
-0.037455054673091064
-0.3363737201556432
-0.05768733012456024
-1.0475932728760746
-0.03648572871001958
0.41962031815272177
0.4662519351087011
-0.12727518886615172
-1.20909221157539
0.8360925771077102
-2.1755961417474268
-0.018560193854946127
0.37390038899854067
-0.4027287010565039
-2.22586553006027
-0.42779894092761545
0.07705875544754448
0.12265020553819034
-0.6227335042460213
0.4659365177844642
0.2862618995578222
1.080522665704665
0.9994672613236876
-0.19628913214515617
-0.18454889469374894
-0.6780052564490743
-0.7169482203789537
0.04310979886270892
-2.8711121082489317
-0.27404529258233623
-0.14775320233333103
-0.4336878205935371
0.07034009618684685
-0.7642151780427451
-0.3327588145485237
0.07659132996840935
0.21693910258993113
0.11407874049408749
-0.8766101684090791
-0.8245332183128211
-0.014226006937645004
-1.4933149798989183
0.4392258442589889
0.1948170302458897
0.27015543665049013
-0.9485118442393586
-0.5160913889671309
-0.2301802415267045
-1.0785063160863513
-0.8475036830318023
-0.5622531287054735
-1.8243365276274257
-0.12058039149581849
-0.39584939466971614
0.6447035784415458
-0.47803141192902576
0.3626061985625104
-0.97692096874364
0.07980962298281245
-0.9717871066739622
0.1169677117604611
0.17377101267907885
-0.40298712864280983
-0.6237158263162978
0.7725663064517398
-0.5029991514282903
-0.15770851777708692
-0.5459695762627541
0.14334605931197225
-0.2558980214007637
-0.11108836273262564
0.12325462286051057
-0.2934195529927764
-0.13376646211035145
0.07512763781913152
-0.41816092152102036
-0.5475027456055889
0.27548037026264177
-0.45307830459411064
-0.372219962399015
0.043312210719681936
0.18031864464170788
-0.7716854827626158
0.548926995974974
0.14203739372744545
0.3985596444439876
-0.12913170445748987
-0.23397158932110865
-0.17654055522601242
-0.1980885530975803
0.3841492636951486
-0.4049560554270352
-0.580413806067439
0.07824842284760333
-0.9314258420473629
0.04918782585684055
0.7544959207155371
-0.9062645991356011
-0.07985813798594377
0.422925128426011
-0.5756129806712329
-1.1293890184763493
-0.057594229239869794
-0.999101316404128
0.4331493701595909
0.008558491233299869
-0.46209353307661166
0.05823894829300391
-0.07673558727851518
0.03930033902929941
-1.1121533122634433
0.7675701703484306
0.29814387639305534
0.21439973739327323
0.28218113452217275
0.04555035372982073
0.3769109579417594
-0.638877100469022
0.05927909007953384
-0.5076703038023244
-0.14393007288588558
-0.6836663945459859
0.04240125803408453
-1.5845737741128572
0.2944036186792415
-0.729448832896337
0.29061928072734877
-2.7462094812417224
0.22944974128444942
0.27522725674122595
0.2617865516863639
0.5140722171195166
-1.5257860803425118
0.5419500204778975
-1.8751957115992126
0.17407657526944437
-0.005112317945563528
0.6040478643790349
0.40633754154437585
0.11888405893054652
0.014483983225224758
-0.3587551823633793
-0.9647466426019821
0.027871585377748278
0.19991694163268783
-0.046589731854556386
-0.39789077363041603
-0.4222369501602306
-0.11582139726553607
-0.8125024514099107
-1.7741710343182275
-1.3955824789197802
0.4880195675101867
0.24767660844598435
-0.01297242627215926
-0.21218482317157816
-2.0049999468264468
-1.5274650195477262
-1.0550797674225494
-0.19819954664170186
-2.3575457994019753
0.1674630163662258
-0.32844571772162584
0.39811849245088426
-3.007858523160974
-0.6425417236351807
-3.2776262040715745
-1.674621405768586
0.411532000115209
-0.29781336520350915
0.4584781122240094
-0.3777419464025352
-0.025981636077672704
0.40706446609102914
-0.03664398062478695
-0.1997983952579097
-0.2518135947579286
-0.38235231151597443
-1.9953394541274285
0.05828249328176774
-1.3575483684407257
0.09447082961010082
-0.35542289557501033
-1.160800332345552
0.1647013850080993
-0.4081250226262868
0.2046866749947479
-0.9421402499689784
0.21249733815094785
-0.05792213690858328
0.8162058906870112
0.18851080847516208
-0.4302245696113798
1.0426279612753901
-0.5693207392847724
-0.8175991209701517
-2.022053851703559
-0.5272302351940592
-1.5127172478046798
-0.7801543673956653
0.12169783515840249
-0.9302538523798503
-0.43377026340055885
-0.5843874376635305
-0.023929479923923934
0.3452144906486876
-0.9334736324747736
-0.26734615017693364
-0.6656890394062811
0.2186304820413401
-0.8632177182887146
0.5382458518064257
0.5412196733937467
0.731982639830651
0.45973005895514313
-0.06568100769088452
-0.591278745422029
0.5730031609037
-0.47910335716862773
-0.3339495549616226
-0.14348369245521186
-1.8634619028133708
-0.6059018949885326
-0.5762931418836903
-0.026956274871197818
-0.12014815446244115
-0.7496753425744015
0.250489940621203
-0.2581336124786024
0.6629042409277325
0.028622470716095864
-0.280963438632315
0.36286307321957045
-0.17065142063013736
0.4465154760259765
0.10541593046524377
-0.6845056235501195
-0.6908285021271932
-0.4730918187407352
-3.117485878201668
-2.4471948324662174
-0.17432739832286306
0.20956303261445572
-0.026841054770651167
-0.7367907044093294
0.333488941935853
0.13895246754683274
-0.13612085371922697
-0.3310996634895523
0.10674725109518064
-0.2385348913935892
0.2992723890208996
-0.13112662080372292
-0.6291003212722711
-0.03124653081600865
0.31663579491329746
-0.06759469626619913
0.11140440005539765
-0.14400631801150685
-0.4806764612620268
-0.03551923358361636
-1.9430249036837905
-0.15497050100955687
0.701406100800177
0.37156244722557663
0.004573730995784527
0.04243270961747437
0.1049821434294359
-0.978496231034658
-0.08406759595949531
-0.12890095237168767
0.19648953405351346
-0.044859619385551164
-0.08532623298012604
0.5139577358692102
-0.6375184941535352
-1.9779055014922413
0.1970638012256371
-2.1703462142798102
-0.4638604147554134
0.11890310245563192
-0.6161087300760756
-0.14229835781685096
-1.0078758426716858
0.16083636494362336
-1.3072040063282577
0.3264094604131427
-0.8291404628312564
-0.11305535992348655
-0.5688709299314376
0.45609436048167057
-1.0014754150046388
-0.7291739681929366
-1.4089874223566325
-0.4947616803170744
0.7662870096363635
-0.4957448593274166
-0.03009464332062126
0.17381935462492276
-0.1954726846255064
0.3153813312622688
-0.6342008806793856
-0.2778882195313854
0.46435940980123036
0.11015481331355731
-0.7115316515938956
-0.007153101167426332
-0.05526914972011303
0.47845968324994237
-0.30800800006135876
0.4992300573471663
0.3025203610870674
0.045945325443124636
-0.1661299017992704
0.46657866358118455
-6.742297133683215E-05
-0.7167022515890928
0.01152736442265571
-0.24729932020920356
-0.3082132093539913
-0.1914889365726024
-0.15405505603774317
0.31659526383913267
-0.3514473775756719
0.06507133222334051
0.5686134574562666
-0.08476866432503796
-0.28392925625905857
-0.3145446757835528
0.30703917105680373
-0.03095201299243807
0.47045520542305164
-0.29637133750006817
-0.6705374104524858
0.1561857863947567
-0.1381109763459246
0.16798591273499908
0.16283995061887527
-0.5043478979237945
0.3679875943401375
-0.645717872880702
0.0656892315940833
0.9275338766202113
0.47492393387472887
0.3882825917838825
-0.39943356161040355
-0.23423718736315235
-0.29243031644708234
-0.3248036946041539
0.3453396992641534
-0.00602056396007269
-0.5855299499850263
-0.2740922888288767
-0.17496477286026474
-0.5345585175511359
0.11185034729696378
-0.017789013024467348
-0.19569715714260472
-0.1354314145822323
-0.408799886625852
0.43178329482884714
0.0890531982587733
0.1919219960235098
0.2176268976613362
-0.45535365951495116
-0.10230130205445294
0.12586803156737006
0.3667259469821266
0.40877788909533364
0.40074967252714405
-0.127437440573084
0.03959866804456468
0.18028381011898842
0.1719002558636121
0.09573857943046728
0.18706801585361305
-0.7221407761351204
-0.07500197515808016
-0.24155096831379813
-2.230485972081869
0.2836880394087758
0.43060768754659473
1.1320148152990503
0.07803973694513767
-0.44084728069734136
0.26176263379284614
-0.20295091989525635
-0.33124897577062545
-0.7235066867804624
-0.6645027220615676
-1.0124272537180634
-0.42040371297147605
0.266982037959993
-0.6857907029528029
-0.5282684116468829
-0.32754083991250205
0.10785327887229698
0.06932882606387439
-1.403481566257365
-0.5968997125821032
-0.3647651834477251
0.017429591817121684
-0.01946344437003011
0.30355655456367253
0.4863684447899455
0.6105250291258457
-0.21113663835931115
-0.22208370567656904
-0.28657132968383026
0.3274410977955108
-0.27061711563959423
-0.2104383222672689
-0.28384962961230936
-1.3572611969949178
-0.4239493315202452
-0.2651701889222687
-0.06747288193975372
-0.19896966744901146
-0.22853300750144345
0.500590485727733
-0.07617147248196049
-3.5734977796047196
-0.3457133439069092
-0.1732077312676624
0.2881468767970971
-0.8509186641932487
0.4016202537309879
0.1050302239921572
-0.36571422237322787
-0.9068866161245969
-0.9666906925134873
-2.5976644796881554
-1.0016391987697981
-0.09979822807347213
0.5503989047502242
-0.2368112332862785
-0.33324301754350294
0.1710502994892705
0.021880724696761805
-0.2184812036113428
-0.3379051972089448
0.02188562840073394
-0.41649348861257773
-0.29613484918364047
0.23549959120473912
-0.2675499040249451
-1.7666437704401199
0.07923316319612281
-0.47545338392587944
-1.1898687879446357
-0.03933247946906899
0.41571350742229257
-0.7405797765357618
-0.29918608691782045
-1.9017919765337756
-0.2714407392497588
-0.18237879883488461
-1.0269975489688508
-0.49440824531992994
-0.7160750261284934
0.17263807913666873
-0.2010202033006711
-0.3034547621592281
0.1349443209252355
-1.1458025619492254
-2.095348295428864
-0.9038317933909228
0.5583246553525858
-0.5055038280917737
-0.22569229083487716
-0.1155019207155659
-1.2019625139682844
-0.2875405838695741
0.1045769976622112
-1.1509918931963297
-0.16732553980522719
-0.715897988981595
0.016128485407165383
-0.39481065109503366
-0.12721056501662648
-0.12997473798008957
-0.6188296880562044
-0.36657445747563355
-0.030338940789487626
-0.3869301377362677
-0.31567019409605196
-0.8430904112338834
-2.0995460634019403
-0.008667230358556498
-0.938032017625942
-0.7195338596347721
-1.1515741414997285
-0.048722200690233204
-0.15200067912016818
-1.698902046620459
1.1165683361128786
-0.7809468263290443
-0.8866236346639099
0.16197571877756956
-2.572787227185904
-0.15866800563173383
-0.09405428448996114
0.49263154290009964
0.5245156050078483
0.29673940741412624
0.3163502780427959
0.5244300674372158
0.06794942918193295
0.18841316328247176
-0.5301991269038137
0.1261837264065757
0.247768033077216
0.22011892484791748
-0.11945289478524346
0.3410994338955568
0.1846077477324671
-0.762555192566277
-0.28752837721418406
-0.3031360537983128
0.5955329809534791
0.3057640110162799
-0.8589191265174654
0.4397251064029627
-0.22528329209727305
0.06797505996845382
-0.2018326852561909
-0.3260813128729095
0.017888443577975328
-0.028232936485759388
-0.08191326404241749
-0.05237155559374284
0.4659758938237207
-0.19591519847142227
-2.2504620116984184
0.5273772121537489
-0.38087240370322756
0.6817838902200468
-0.16060199433176067
-0.11717315834473052
-0.07059403976839905
0.3291783330991692
-0.796366673342368
-0.06280406737445474
-0.1801573689129961
-1.9822999042237714
-0.40745441108576075
0.11748318082914526
0.17128487312676294
0.16753664830502404
-0.22525099541815752
-0.25683682072918007
0.35700783350381016
-0.5983190349440265
-0.2774208063160739
-0.5509428845616184
0.11278548690566056
-0.8289353988772173
-0.8108142752065276
-0.21895997582096322
-0.9871672715954248
0.34209883863142615
-0.23212605395070562
0.09782721030794085
0.214078748466047
-0.0914672743376625
0.12774950330649298
0.15370507691821977
-0.30583507160421275
-0.051627080160331705
-0.43322679583226376
-0.1891760004641967
0.017238744306131024
0.37076676837195377
0.3924261616681675
0.442205656497729
-1.0100068109049254
0.20505195674728438
-0.3750657470516209
0.07543029155983325
-0.17010072851187844
0.17612968578507357
-0.10169465033384974
0.2684657174912366
0.3993272003918253
-0.2319437489010001
-1.2032931707291739
0.10281368737705492
-0.21997187338117444
-0.22002492127179193
0.6605975783593724
0.12122783989198334
-0.6224920248422062
-0.32407408136511884
-0.6402907725195794
-0.14283275176737648
0.17203386547633182
-0.20469574858716091
0.3469007137818681
-0.22768360444620442
-0.016051602998248676
-0.744496829384442
-0.3293876461161601
-0.44965724232941334
-0.5435464257516246
0.767021105865455
0.45302324826925033
-0.33947109872565173
-0.4809174280515734
0.06794233400339367
0.29191442479114227
0.019630629965456902
0.07675714439715464
-0.02562407987429275
-0.6463857010210756
-0.7017574438161638
-0.613725414201679
-0.5447877416863656
-0.1405131109219739
-1.0373076015844649
-0.40578134630906065
0.6375725303461061
-0.03570442786322127
-0.36899433324983455
0.5002083943234199
-1.1582750284909158
-0.0804609740714605
0.006189959282924193
0.00941002189539952
0.06659365402677353
0.2383699569417971
0.23182044955841152
0.19596747892828703
-0.43293817597067275
-0.0009626478018393985
0.0010664600393233514
0.23459304219135882
-0.12842745791968063
0.10766218394992104
0.9155465157729333
-3.3605215336423546
-0.4479595847719122
0.2441466168793896
-0.08004917727786022
-0.7154364906996189
0.18454714802225378
-0.9779689817016857
-0.6062440059927537
-0.24518604512626388
-0.6136159389041982
-0.03057602483984807
-1.253421120327353
-0.8539587400889763
-0.8380888328342606
-0.5378521753905439
-0.5217520924172675
-0.6358301750096056
0.6408413139408851
-1.1542495859494506
0.24909557867800905
-0.0006543792425973522
-0.1364250120228491
1.1048467677592102
-3.322793061638291
0.16854636665671652
-1.5658854359791055
-0.6991291618028774
0.6130773802362952
-0.27413399393007276
-0.7480729964375519
0.5058826228107989
-0.3698436441513241
-1.2601773750182803
0.2731327325404299
-0.2951259438939242
-0.3366111263610973
-0.026414106012262684
-0.3499086860669181
0.06234991351351251
0.0006918451934633246
-1.0578614277383864
-0.5467790094694114
0.007233509187351455
-0.9236392761073706
0.1546219684453377
-0.084163989606419
-0.32827781475288936
-0.07579155928922282
-1.6805276603075854
-1.415525608503711
-0.5732853892683031
-0.41812200547657363
-0.004475335936148159
0.5853335163686855
-0.5913337269851555
0.11086939659596257
0.038459193205106115
-0.07383228627630796
-0.06970749599120636
0.289824961395622
0.045714685231015864
-0.041171335684226894
-1.3821527958029656
-0.909361540586227
-0.11249519663216462
-0.6926740769429696
0.4673447998691413
0.2937127067836471
0.438579375018892
0.2255018816458958
0.2949183109986315
-0.16859452616095216
-0.24574519356640795
-0.2689033621796068
0.5223072686507031
-0.4190415753088059
0.5354243583465919
-0.24899017369376378
-1.1903292486824646
-0.9482315891642921
-0.1547862035448601
-1.3804687523366206
-0.2992046672943934
-0.34109969515739635
-0.12099881898665614
0.3376527851584052
-0.4005369235271009
-0.34959170477932977
-0.2993844878134011
-0.11206933738834987
-0.3478008966437886
-0.5011026625213842
0.48692309175782583
-2.000587811786761
0.13392438912432297
-0.14290400698898612
0.1716937061608535
-0.9756359246125101
-0.6312088372061129
-0.15642657191763384
0.22144758257559596
0.1926444382673173
-1.1406145031199015
-0.5261897709400865
-0.06609942696768308
-0.015784186862869656
-0.09819732861721699
0.6397827874733184
0.4091768470110503
-1.7357893676994234
0.24524487491865346
-0.25639655898525393
0.25146034566807385
0.08691721077197226
-0.5071051340892873
-0.62044434497822
-0.724333110326096
-0.23831625872771053
-0.008602015248166367
-0.20505889699927457
0.3506816439697437
-0.5779468393294056
-0.018824509308701318
-0.2889654370421231
-0.9701066951060305
-0.048505085569118665
-0.3900771725557688
0.07824997812547696
-4.079602129279935
0.07603892224602883
-0.2966255701851507
0.024843409340690282
0.0727629452347432
-0.16193179235194904
-0.04384081356418184
-0.6119376722288413
0.055783863432367305
-0.8496087942243207
-0.0734651109762912
0.4466710967901255
0.5449665544396878
-0.6867544969881088
0.24807990310930694
0.1965914430912875
-0.06058422070555864
-0.16302878157222075
0.3159524088390716
-0.8561250359722427
-0.9256710222229227
0.4320500315934272
0.20651290473660383
0.2711000867680052
-0.09999525942305378
-0.5408204485277462
0.12790445226444397
-0.6769184688025461
-0.4877077956663218
-1.133138671805265
0.2988496408697952
-0.7720045681556333
0.1252708391504626
-0.0284673377340687
-0.5290592227569203
0.11613628889822755
-0.2677581202993974
-0.25104548123766257
-2.1751110526973103
-0.13209000136503976
-0.5596142678447118
0.5684380926210261
-0.929011931181129
0.9936696000635745
-0.8527174734330769
-0.4913650925854039
0.41139987690961927
0.7262479982441363
-0.22462327310522934
-1.028842160468706
-0.40504363440041236
-0.09054926658084718
-0.6904781087421143
-0.5697141111351822
0.2206938759557999
-0.4744114635214458
-0.13558545271606887
0.38426972762273454
-0.30028950625840806
0.09108339529052406
-0.8811067138719578
-0.09761167489525864
0.4794447453994967
-1.4944067329347441
-0.02992136410115762
-0.7475890170415069
0.2264064508705465
-0.6016922022139087
0.7995548423304433
-0.41469519335974847
-0.4325734091643822
0.026664735342670443
-0.16624555477171066
-0.19135943310125966
-0.03388701965244325
-0.29387994445340854
-0.4718093977339322
-0.08597303193301167
0.09094307876755696
-0.34438502670772153
-0.1703042107133605
-1.3586069160446401
0.04508284091440734
0.4665314887140476
-0.18012896437472728
-0.5208735457047046
0.05601326225657638
0.412985960804341
0.7013700324541096
-0.7093138570987407
-0.14714444797554493
-0.30438994426043137
-0.33545158200587044
-1.6747932208574836
0.08100036742601627
0.011426803873328764
-0.39681761136738214
0.5695275038148087
0.23902855283519286
0.9692122797751777
0.2282582462556167
0.19925513445576973
-3.9699296190928557
-0.5400148823519167
0.1747198641853287
-0.8493543291568162
-0.6263221585926684
1.4651116125744987
-0.22951281275886065
0.09880137647619891
-0.4482315285349847
-0.9662361908875298
-0.4673937851070106
-0.6382430622438178
-0.2738016665201825
-1.0567746075770217
-1.111747016791713
0.13230786876182055
-0.15391288023054972
-0.06861968616281067
0.06573689216731103
-0.057612187313276685
-0.10289858397979539
-0.4708329659799053
-0.6260958594431681
0.4056259519761342
0.3705626010151649
-0.31538845977561
0.633552739804141
-1.3186080025924212
0.19905580076759985
-0.18528886386841315
-0.04035030982767912
0.07900298740830927
-1.2318188314988188
-0.6223670869408293
0.5367935465241015
0.12787400759720707
0.25145970627820585
0.08067672887686059
0.6726658640593876
-1.2478700603632473
-0.4423416742672583
-0.17530512914762203
-0.019219549958743802
-0.37382225812709047
0.3968447677136573
-2.622581411669437
0.280298073148863
0.3281650357625606
0.0370877865171974
-2.640836289037367
-1.0641732314582455
-0.17154642339225118
-0.21740573790087372
-0.7741452597115168
0.27062612850177353
-0.5580754864382892
-0.48131976898502715
0.11592718999389784
-0.7259173433673282
-0.23365717693898874
-0.5349935874015079
0.0009269561286147701
-1.3846958087015837
0.19609754159409135
-1.9738729078847015
-1.8354394653437838
-1.7757518806299932
0.15146629724972688
0.12439481839633255
0.07038106386540384
0.14366710539536418
-0.22485873581592
-0.5537170088658026
0.2859990538811413
0.5715464617744721
-0.978144342711408
-0.061685703425374765
-0.3679867830393648
-0.3922334997502085
0.6445883299201473
-1.1755687709824745
-0.4602806469933528
0.038774246903936625
-0.0691673063623363
0.5053083484463012
0.5304408213679509
-0.9919283312143399
1.1238689669380986
-0.5867142264103452
1.0224518287409263
-0.9780569692072347
-0.5125868121243853
-0.9849496213830723
-0.36159308533838935
-0.5724571919934109
-0.012259497814732082
-0.5593299147842347
-0.06198382979712195
-0.21194883919027938
-0.22228506740042087
0.21087157951841162
-0.5329239918353191
-0.47710522860548893
-0.8844727816540733
0.02680083496614334
-1.735286124524099
-1.0092952950918306
-0.5622721661855296
0.12493195363685855
0.4229338344609104
0.37677681695640686
0.2843480327300939
0.19494069150495347
-0.4977232587514882
0.06284072242103808
-0.1352171448875904
-0.0865861217147907
-1.6697571774437752
0.1876054905856326
-1.5154637199419227
-0.48453103847664697
-0.682283948723637
-1.0226884474586815
-0.09731531311454633
-0.7741545955405247
-1.3268517404502975
-1.2535375116603509
-0.16017602195687713
-1.629775053590373
0.2404840541654383
-0.8132298897189861
0.28203160691745494
0.20850053754916906
-0.6141331171997945
0.4547313842863196
-0.27916573430847025
1.1916843158312775
-0.29547179997070316
0.67250896353168
0.2941500017327209
-0.7408798021104548
-0.3128154233206147
-0.06449311197759384
-0.1341863324613899
-0.5472409112204449
0.16812127881082697
0.09533668166589443
-0.17094660913101845
0.07114137163888264
-0.7462297202769078
b2
-1.8427146436773836
-1.4629546649902758
0.22025683824341974
0.3655790244384678
0.26733723017753064
-1.0074405083350952
-0.21181184204876582
-0.1379913330742012
-0.06395683410854121
-0.501421450851966
0.17875978975719184
-0.39197958817827405
-0.007662003125087856
-0.2576267321788308
-0.9166906404917302
-1.2204001084369205
-0.40353459535481956
0.5955000158587208
-0.8263377266805673
-1.2433661759411148
-0.9942227563693111
-0.49294334375741217
-0.20391627215294553
0.21439714380159394
-0.06068360524300559
-0.3029000653500021
-2.286789494248337
-0.3390706772099831
-0.20775531627147534
0.5531050078486932
-0.9650628871096344
-0.3950517228520658
-0.9517407865479324
-0.6735783696474914
-0.2530520752522826
0.279591572800225
-0.8387634695178556
-0.3143020997055755
-0.05863625171437977
-0.8596516549618254
-0.7794891854608956
0.17040233035752766
-2.011233478689742
0.7748979031168424
0.3858320065514196
-0.9952226241744118
-0.6595640544576236
-0.501409024027786
-0.6873861702067783
0.04445113085380444
0.16907530236561244
-1.3415865745561415
-0.1858258548645202
-0.6231689075298581
0.5494001669463662
0.6417779594359158
0.06501049200373647
-0.9912822149924801
-1.32023496038007
0.024194939520055518
0.21658161432697515
-0.9111080668847003
0.13153261140007802
-1.0129494176088827
w3
-0.10429902131296515
-0.059810001699901236
-0.04049912800419963
0.05620576021774833
-0.05428313834463626
-0.0394052919782296
-0.08807074757060593
-0.07947055052811274
0.059715857938229096
-0.08498506479049281
0.097787986057898
0.049601111843586065
0.19661893218751686
0.04664171499250934
-0.18027732157209733
-0.07030127805772464
-0.0917664581500715
0.04525123844991256
0.049823159710527656
-0.07620356186744978
-0.07203322831272822
0.158898561008812
0.05028301929996467
0.06292272612896616
0.038018051167391195
-0.03352822172535338
-0.04967499916316222
-0.04011079190869522
-0.023383340660728558
0.02387057787442481
-0.1044451609802706
-0.06732791850979376
0.07867372734293038
0.03118976412276641
0.045798975432651504
0.11239619424178361
-0.15273993823397183
-0.0666961049457455
0.025755809573126256
-0.04009937353767326
-0.09317010522352945
0.091300352213775
-0.138357435815383
0.034725253876632264
-0.12231538440852317
-0.07956243480090329
-0.0633828500447566
0.04056048396118931
0.14098862617568858
0.030505659046599097
0.16690954560822605
-0.1577459375900588
0.061928300415395425
-0.022101934682887833
0.2979028930933569
0.23406897023164738
0.02861041849456544
0.034768771287472015
-0.17845767511864052
-0.014338755286214129
0.05396440224302906
0.12760408827881087
-0.05817456524863305
0.13898920393396288
b3
0.008480379690042892
