# croquet value net
inputs 99
hidden 128

w1
0.08183385845182078
-0.49794747396631
0.1615097405184033
-0.06094939664442165
0.010158723497306626
-0.16341723554023754
0.016619881791194637
-0.177894175805963
-0.076816575048346
-0.3141848641567751
0.06326655343635622
0.08716442659670309
0.17683353456236978
0.20802067272540078
-0.17309010590955848
-0.17725454638921959
0.06812273994254836
-0.47772104490022227
0.18356050560953527
-0.049960241018463504
0.036586521665643267
0.20823865665698266
-0.06472222793020568
-0.019274627574668475
-0.12466877609836734
0.10343521096473865
-0.07773704627926467
0.10905374484826807
0.2338388044892208
-0.07572978665663169
0.07138212909429158
0.05457509555322826
0.026289298917703124
0.18531531933323625
-0.26223844313808176
0.2329915980867742
0.009397613059589166
0.032595412349377476
-0.23479596599970096
0.17100856786112206
0.2299637544314493
-0.01663148378983012
0.08810312918058574
0.02179960752790368
-0.3418784118568582
-0.20157855909260786
0.03866645712985315
0.23085112420620454
-0.006395265013422798
0.17651015830028785
0.17935256339173689
0.142079470635408
0.2401626776598368
0.003336092179852002
0.026325534436833775
0.18154530048419398
-0.1340543465881467
0.44339874597069345
-0.2816499307069011
-0.18027600498457466
-0.23797613676446897
0.00697808640227722
-0.015700421091382526
-0.023385057445310345
0.06516714528673069
0.060965049871548334
-0.08487084561680501
0.22785245711738025
-0.17140196464905108
0.04933125406040476
0.17968062397195597
0.17854612827569233
-0.12381415017372246
0.23235779402582385
0.00572482468039782
0.045728543298660655
-0.2022027723787825
-0.14206838937728833
0.21218000929686573
-0.08433606322807286
0.038131265762327025
0.01634120010022193
-0.08133405310522386
0.15054017075723466
-0.10491845195094522
0.029789721214198126
-0.11561293499175777
-0.08045087833127458
-0.009678580266858203
0.043343893935719226
0.03715708159936615
-0.11172444065768221
-0.12167949198897957
0.04178752895817516
-0.005237574440570534
-0.01034412016753369
0.03764448601247747
0.1991308651241376
-0.2870829622861826
0.30416440736813527
0.008634035236225633
0.17344126692378495
0.0013522102246565203
-0.09525208119317594
0.28039242056292174
0.19723875573997146
0.007139063484068356
0.07914389043994728
0.32217467695803537
0.07810749170545923
-0.2951598107401878
0.04186228495285745
-0.22076006520117558
0.2616913757841403
0.11097315872449838
0.10768506001420824
-0.1613625196708919
0.0843409846150603
-0.07788060752900584
0.0110227971215093
-0.10521002120217067
0.10932087962336605
-0.022737419645337344
0.19574743554144855
-0.10108212707372743
-0.02007874614393771
0.1894137503891706
0.09580258289306995
-0.1469553044719263
0.0674762764402417
0.01598268310005356
0.24177982619823576
0.042467285016060285
0.1553356232079135
0.07242579962763981
0.1547040256643918
0.07930735672687114
0.15359880696272032
-0.1077579987052563
0.10632872131679871
-0.13307663686788804
0.0035228397915097217
0.24671528577939303
0.09122836811831075
0.06546659840649943
-0.1927208170299195
-0.008396017722400126
0.015453481920314349
0.049538754753277583
0.041943294253168305
-0.1698564493008496
0.158328777470857
0.24721458167280197
-0.029892965640748524
-0.19344769973370002
0.3516939755695018
-0.11163443813637852
0.09094543353043112
-0.2931315505633911
-0.3623467853490599
0.14568497067045108
-0.19983933836338297
0.23114058936293447
0.1232538812695155
-0.06852560101340498
-0.09448518930215453
-0.06647510710008332
-0.03471345058430018
0.09837844934818862
0.051966524667056105
0.04750292506341628
0.08022522806101148
0.08226121942710092
-0.19274775172753714
-0.1594960747421758
-0.2035425619596677
-0.046863575516604306
-0.3156090018677861
0.21504307251652713
-0.10927907823288191
-0.06722786638000275
0.19796010723970497
0.13119566391135454
0.4468859575052344
-0.22022433808241687
-0.12413898431458141
-0.13537391430011803
0.1861144568822753
-0.2769312617530193
-0.02364702037352121
0.04979423470336626
-0.18745865926065342
0.1877271141596471
-0.283470390161879
-0.07319356264044205
-0.11815008424852669
-0.1575936871646097
-0.15702460085417422
-0.19914132047508215
-0.0694787757218992
0.5693762136974346
0.09934965782247575
0.25801920982542814
-0.08194105840841671
0.04479296628329982
-0.1420337626919541
-0.0015399516828270613
0.07061473415656183
0.09873117934511325
-0.3846617500447563
-0.09149973874602253
0.06980245320838534
-0.1753498104631924
0.1568558620291906
0.07349323694816169
0.19652464556084057
0.3869765358559911
-0.03559789604383974
-0.13539706142048658
0.18572588640564078
-0.30395085802575306
-0.00365172582064104
-0.22656605297988
-0.299338108806555
-0.05771564828136788
-0.3196580294606544
0.14388608195520028
-0.1207747670846142
-0.05894511561185377
0.11702048566926104
-0.23493748198991474
-0.13773116993811826
0.25324890118734666
-0.13981660956377315
0.15957960028986054
-0.11667725436715431
0.000683197149886353
0.14314964231224006
0.008757175411564361
0.05937720565272672
-0.16236099101382356
0.030530181992091336
0.016857133280274075
0.18763020588699608
-0.2547265059730803
-0.037458802914010526
-0.00648006326471492
-0.17936252802253208
0.011078085328934045
-0.012996306318580371
-0.22713596426190327
-0.2614497210601767
-0.08400638787751728
0.06140436133627571
0.3344883498598069
-0.014906389500744821
-0.5068067690946052
-0.10090422067636574
0.34995174410311636
0.00419315166251739
-0.024945874559701695
-0.030304177989117432
-0.2095730031950992
-0.2946895674325655
0.20767210519007967
-0.00683887553855348
-0.3314644254830293
0.04260259085697297
0.022577777587139646
-0.096639218939474
0.02736141597603704
0.017949614729243092
-0.42584183677977416
-0.002935229554807951
-0.15016486260681827
-0.23250942545395228
-0.1326867781983395
0.123759995617985
-0.010274602463949652
-0.28638150215977076
0.2641124532182021
-0.21770661479163278
-0.2640516707323332
-0.006204807338161047
-0.031328624791199175
-0.2539074549730159
0.36770130618893937
-0.25824982719929424
-0.18631552134459808
-0.09205003593413665
-0.0884472737483009
0.38570312605952134
-0.12197402757923484
-0.01168266168661716
-0.2623079910274209
-0.036641412371783394
0.0184425293434429
0.11747103149265929
-0.2972164074843438
-0.045820981537935915
-0.04079390195137395
-0.4926520897681315
-0.46683270917922326
-0.028538906742120198
-0.11730734051244603
-0.007742951141194784
-0.06465443230108961
0.003017772469519146
-0.0017376380534709077
0.006295736064891545
0.10897129717547115
-0.16000881794075386
0.15596651089308866
0.10197706739290491
0.24424788101644962
-0.06092591548512636
0.19416878788150752
-0.2873502454732092
0.3563705069802728
-0.028670108133773926
0.26128985790749315
-0.12111475383202652
-0.2768071514905323
0.05798491423920187
-0.03793863100878803
-0.2678037542050785
-0.43084181419562384
-0.029835933069156335
-0.03435544670441975
-0.27126438809001474
0.10292647327050339
0.4101271207629735
-0.18535333665382459
0.3418189874339733
0.21483327998837254
-0.06976205904492576
0.3236469724474056
0.14136553475246644
0.05802181182113966
0.2590275153355109
0.3745207092920877
-0.037724600839850395
0.30360673119232257
0.1924998599298406
0.01957821760409302
-0.10410106732030769
-0.14420451807765033
-0.01579205491152692
-0.017420295690367123
0.060453633827025774
-0.04979724391679686
-0.3065357456221755
0.05159847054414586
-0.06126205095956486
0.05516159527997024
-0.11351263122900095
-0.12511601463681585
-0.10427087592222432
-0.17430760646644314
0.07327022119936712
0.0038260436909101237
-0.32852444692908156
-0.1431578481304457
0.24788460764696796
0.08785673428101319
0.07945156271752886
0.16859786708651747
-0.09702557617420905
0.12201895631905295
0.2669628599116302
0.0964113267704193
0.22489802141563853
-0.21961828283204052
-0.10274592465560115
-0.1507059516913932
-0.0856449049207747
-0.09106489209755435
-0.11477189690122018
-0.23453437180638687
-0.004444481952547035
0.17284113899237638
0.047494259812135974
0.17851424843197716
-0.2097489850928915
-0.07701786851819002
0.18778058803021896
-0.23388956156357119
-0.2606600043893936
-0.022933505696659296
-0.013119358152132235
0.049581451726259405
0.24780430758856187
0.21497391793411047
-0.06942324988550272
0.17614684592929092
0.37369400335103303
0.039497387712243454
-0.44282900818106274
0.5016724896346687
0.1768687910118429
0.013845530879406884
0.24307323445229645
-0.05751368417885334
-0.1166007580138923
-0.08251953993712006
-0.03523434173850909
-0.039938307560479024
-0.11219498063970051
-0.08553378990176297
0.07414313593147642
0.0186456224335777
-0.05311691154265072
-0.07074337518057698
-0.1030605590934249
-0.006185832312961578
-0.1645837282391374
-0.2846710865581221
-0.06090518128011355
0.40928489603928375
-0.033838344473556395
-0.04409327581524622
0.01013809858901514
0.09503994285095604
-0.10126432777698867
0.38713228355025747
0.19454611421494994
-0.19465118902642756
0.062254892944141285
0.12567699297959123
0.016641563514608142
0.15326055538936748
-0.18350879546878704
-0.12209344512335484
0.15684857121310172
0.5231014473170342
0.1550504086048212
0.3066081253566098
0.05728075318428203
-0.08027921547868239
-0.03377203267300202
-0.02753999826498567
-0.13723507052572403
0.2054450354031534
-0.00909208412041774
0.011430953444137403
-0.19040648053900724
-0.0626516290612907
0.25501640479247023
-0.16363587757906542
0.05586226171015984
-0.3875211799818753
0.29415707589158707
0.2634580231096372
0.012755511262561378
-0.018492689549101462
-0.19187668505371208
-0.20153406585857048
0.11934605037272496
0.029453897354323414
0.02554910967319755
-0.13315640339908502
-0.1448668181195398
-0.042668331956266965
-0.28352590625040885
0.06962917667827624
0.038726291657013884
0.13689201111080324
-0.27698565004905107
0.23337096152807227
0.0022092821147844427
-0.08568403626362175
-0.28940223610554183
-0.1669603732850899
0.1659219082817408
-0.051847516830012805
-0.08779004947565543
-0.1128042489538007
0.2286053562955252
0.013470893868401586
-0.05147753971294105
-0.20211968769359162
0.11925094789284262
-0.35997739683914753
0.1875368324385739
-0.017706821879481846
-0.1910055305357219
0.3107893625755169
0.2757412618795123
0.38549847496600775
0.06121200595327998
0.0807379353408476
-0.17002359840230571
-0.2233684666466069
-0.08866755434818095
-0.07047577859323662
-0.022201457147098817
-0.037954083193923994
-0.1826070795576693
-0.030077134742764227
-0.05535334130650581
0.2005749874300991
-0.08421763423266931
-0.387602552030102
0.02973404716277368
-0.07432779379142916
0.19347482715663844
-0.05328529025218617
-0.38162508318027505
0.14446460262784264
-0.04652664148565479
0.03579137905077057
0.03522870664451239
0.01023206490553816
0.0010819284750629558
0.2569123407282547
0.2888654966354333
-0.26872788880021914
-0.09774462349211784
0.10344470064990174
0.2669598653270353
-0.1361511803650795
0.18541458990785248
-0.03755397567374242
-0.03078603307123709
-0.04785035743297735
0.010143104703040653
-0.0647144313020185
-0.09246536168251071
-0.08243729819713105
-0.061683412688948405
0.20700956160932218
-0.2327311650962223
-0.1271148665287037
-0.1954443145494518
0.06764994204556188
-0.06859119639780564
-0.20222774856119355
0.017988594142701472
-0.02614869136968692
0.005699990490719663
0.2430951372522548
-0.17811193027560726
-0.012212565164352523
0.13442737314132935
0.013950248887929855
0.30157400077278174
-0.009384030621289742
0.3100058770375375
-0.15941362380215687
0.2383521912275618
-0.02284465888330703
0.022110569478869725
-0.17364336727095472
-0.5636989372809772
-0.20801382346508296
-0.24489816818781512
-0.17228504400296699
0.06637492561266889
0.004854752732709495
0.06485133189184816
0.10749802455218481
-0.1334694229217835
0.4161491678866303
-0.026254607655281814
0.22913078332411135
-0.3416731946483289
0.22182604996212557
0.008707148726868683
-0.32850605243384534
-0.23278303979564086
-0.2553696294920717
0.2061755571775
0.27212898094924387
-0.22262808330367514
-0.07399033420401135
0.09159756141075309
-0.24155020738751815
-0.18238688518407217
0.07158723095443852
-0.09043920709732847
-0.1934828584569218
0.10782536383395158
-0.02161649623958591
-0.2766945907179124
-0.06814899334144146
0.13037664142849753
0.09155604999890408
0.07376322377006081
0.10441549410727916
0.000938168562623484
-0.17706142801134714
0.043361130938934074
0.136125977566256
0.2851628872629411
-0.10935045194638335
0.3463838311990684
-0.09216794875433851
0.10714277757172704
-0.09979754909026567
0.0816368409498769
-0.2852443220910783
-0.16697135430671914
-0.0592130743425489
-0.4570173555612788
0.015796112088034112
-0.28913979097162895
0.06164894574739961
-0.08062847067216798
0.176373858648571
-0.12027219983620574
-0.07607987519490501
0.18464134654387174
-0.08437225772704564
0.09732709254827893
-0.29365501988493653
-0.0005070546547398612
0.14287240330379178
-0.028293808710417246
0.06288407740567045
0.049412587894467515
-0.32684863616918536
-0.04099020715002334
0.13348681177507882
-0.3704589591007956
-0.1846897068771657
0.05468213682634987
0.18913783957525782
-0.21660770538433513
0.07541022994569746
0.013380213907330544
0.16573113446784868
-0.14445625603120954
0.22161284027501155
0.21152469341074384
-0.2213067849841246
0.19229214526126615
0.011103245640678761
-0.042462926405325306
-0.19730963283243055
-0.15931301572161435
-0.10770710501789214
0.04033879667191891
0.4722074385794236
0.1441751126728176
0.23991185989256808
-0.003093078847257913
-0.07348086124101133
-0.011067764770003588
-0.39313930143450704
-0.06756607991144725
0.1015365268162475
0.31005726707546544
0.04961009848258485
0.04393856094045348
-0.12525905673249732
0.053534411860478984
-0.28413833445222153
0.055776449684655525
0.11509761951125429
-0.2688386596594115
0.10915515804950562
-0.05891510303465156
-0.04195478691504754
0.12414185203431322
0.04180338946629726
0.17610560817365492
-0.1534500795142103
0.03882612698212649
-0.08916283681616423
-0.03599446503273542
-0.03125540112548273
-0.17139423047344884
-0.2789800605546288
0.10832746853605194
0.01274080524020743
-0.08881351941025496
-0.08870769268892657
-0.10756259135705135
0.047421105481219195
-0.066187028033731
-0.08413768367892573
0.2424077296579003
-0.08707526069612226
-0.23282300479007212
-0.025149216376409007
-0.1491406363292616
0.18274415451375045
0.4077246673537893
-0.2772551053959536
-0.23296138101857894
-0.12226200184898897
0.05895657038086865
-0.3438069033156396
0.23515724921453332
0.1740373645150091
0.525650322259109
0.13076602212338587
-0.11948589649289057
0.027201333342953243
-0.2529564692398023
-0.28366207860777426
-0.28793294362358024
0.04375098468549062
-0.2271206742565687
0.06301722589970815
0.027746191154096073
0.011505661066115412
0.04878246824723492
0.1326770608949257
0.1252089783644373
0.01808462099740639
-0.06935580232204167
0.06418505892330685
0.09441794333421992
0.13688440680854455
0.08389189024718009
-0.16692644809985752
-0.2581309945851948
0.09592851663694091
-0.19034263588869518
0.11161809657971429
-0.20819433482791835
-0.0164357190137899
-0.3881567412322828
-0.06780738399528968
0.002075509415821248
0.10801659222984977
0.0234755794806611
-0.1630559508080559
-0.08446832967660034
0.30139230429916863
-0.10987296576396552
0.15410628477291038
-0.009830417239366744
0.06757067618660341
0.14015176688816058
-0.2757333641553229
0.06117864628483398
-0.13868104923607016
-0.3340679162171167
0.05230223250597429
-0.13213469512101966
0.17775695524073173
0.041143458355462015
-0.06482446348666282
0.1316646097426694
0.029097311536713622
-0.07893798225215921
0.11844288132745806
-0.13993877304138586
0.09621121572560615
-0.030919766499645427
0.14526825506044125
0.18094603080401475
-0.37214040439022505
0.084282844681682
0.028939397248993613
0.11688434283709455
0.2935290362042949
0.03766875580296421
-0.01740858224683165
-0.010035131938530704
0.1892437837755969
-0.16418709126766737
0.032361619755688305
-0.0862336866759408
0.026492768098400718
0.21229112512261736
-0.206648731479514
-0.15775670541597395
0.2582264303440951
-0.11931193371725807
0.12650582897025392
-0.11907874775194206
0.2862657129747782
-0.3003740346558307
-0.2658877018020036
-0.14043372459718712
0.14879809137921318
-0.04383892140072164
0.31119064307072497
0.12137166884788113
-0.07282742791326631
-0.2872810617752728
0.17655863625611815
0.24375159409383892
0.22093312337104434
0.09182766041245255
-0.05046019653918384
-0.5732894784897192
0.0943351790037307
-0.27161450301887147
0.03976472992202257
0.454265382291389
0.052259709844325396
0.010694650180639443
-0.21001470023268629
-0.028082322989195736
0.09434470743219098
0.2004906873619786
0.044468154000303864
-0.3702833654082309
-0.19694103039972585
-0.3123431857943525
-0.2624019392554086
0.012421117311551209
0.031304627435980344
-0.061995719724176175
0.0554057569185622
0.22014940203031727
0.19733164751510193
-0.32758233398678815
-0.17060275753734805
0.027184123005682157
-0.03584974265306152
-0.1992295387977559
-0.04291620109840753
0.10539820518655521
-0.11740744809099299
-0.17930243871938756
-0.02704283554868733
0.007741471603103159
-0.2887374189047902
-0.09639486544653994
0.025991097312528116
0.20291064941105352
-0.18319372805930778
0.030014947840945445
0.13555500200663026
-0.23584780267090372
0.22581802153731131
0.037169390663290405
-0.1397584286074541
0.011305079377698252
0.25248459730188455
0.21774997896939663
0.040028683780071114
-0.14853270740633817
-0.03224098456612236
0.22986393231998836
-0.28063935792929673
0.11814259697601384
0.02209908216396451
0.0010321964065580227
-0.2779031106799437
0.06404038716131973
-0.19432517275625563
-0.20984931076402435
0.21825460501376517
-0.14575548626160229
0.27085337025289047
-0.029796805374564788
0.31799988593601164
0.25994689870314586
-0.4450815024587418
0.03126664315314383
-0.050691139964844686
-0.02901901534163849
-0.08267282726399304
-0.18312227543222506
-0.11972366279434449
0.36243159204854875
0.049238246489375595
-0.4784656002563443
-0.011062327627780841
-0.10758353173357228
0.3760625289954631
-0.31571462433136893
0.06378388996691904
0.036774541653266296
-0.32726432119959203
-0.2537567761455431
0.05998855023397257
0.023772458708291852
0.025994657001522967
0.2029830229446336
0.08783701327875658
0.31926455058399134
0.20743519267572594
0.049189995236299924
-0.10852556441146415
-0.13084473063282495
0.008455721409769783
0.009156140746774821
0.3215482118963098
0.3529805834758721
-0.6205679608030104
0.041674212889060404
-0.27685819749388507
-0.006006366406616727
-0.3141877749633125
0.10270886312653332
-0.24201256404750493
0.04244210161685114
0.24721617887845643
0.05921906279669897
0.35514481859524266
0.3185957035303917
0.047532932493187595
-0.11408968617078766
0.04974641035232252
-0.1860062162994944
0.267851922874521
-0.283038645864307
0.08723405123035488
-0.10998843894548073
0.021803129516759542
0.10739868723812407
-0.084346217897645
0.05416241355924383
0.11138775826371297
0.05980060707057356
-0.06836137620209634
0.04318485017579566
0.04583308962916547
-0.14970087525163475
0.10479738280969551
0.21219738380926603
-0.005324447604986417
-0.31487837377579597
-0.24689222255550833
0.08376302984006796
0.07933949858148412
-0.0675851813664859
0.2606078197689644
0.2562079755368706
-0.14032955782294754
-0.16115027994477074
-0.1596160110194296
-0.10083672767690602
-0.15465067378119546
0.13256886911309934
0.09916558693186037
-0.34287770793364253
-0.28306134424968765
-0.3328930957802853
-0.18621695569000235
-0.12895725438850794
-0.19825940112111484
-0.08415602472435169
-0.11457703184875409
0.09392559903053829
0.04110196762989372
-0.11227691665216903
-0.09626515426580574
0.20947568891150042
0.0782906006437373
-0.19305514049424172
-0.01485231130385179
-0.14528000134504604
0.21083458136828045
-0.25308873385104724
-0.15333488620840915
0.07016458145325123
0.009728213837252466
-0.03209797501682489
0.12198296854294277
0.193923879256772
0.11592320307863394
0.116183588249757
-0.2165586727032326
0.10016730496690919
0.05946238655572752
-0.09589511995112604
0.08047528925688432
0.38555618834896715
-0.08729562567363712
-0.2967566969621279
0.00860919843024897
0.2056530952334506
-0.1798491556912656
-0.4178723994973042
0.016734288796252
0.2688096148680986
0.228543365782765
-0.1784151738096774
-0.09904675838273347
0.005001805857408039
-0.13854502224759
0.0381738204374066
-0.14290126933075872
0.0820834929304116
0.22777161211254335
-0.12058123388533286
-0.11841684444848921
0.02762492220515609
-0.2762178063717268
0.03422756769244952
-0.20268158842426653
-0.011469395411786282
0.1880406076079983
-0.21309724679604394
0.040351692776959436
-0.36123865382357356
-0.0484225684976245
-0.6562605947872531
0.17353106556731676
0.1698712233101271
-0.13905946575295006
-0.9760650329288184
-0.2027592724682103
-0.26116965672828796
-0.1022620097626418
-0.24429383658467052
-0.00030755390247355044
-0.02389476795715528
0.010241274041495623
-0.19683744237263187
-0.09599385555319956
0.05250227567273304
0.1047531916366429
0.1358657209771613
-0.1884032942742598
-0.037962198058273874
-0.24278606688356963
-0.09102779165014244
0.3320978083819965
-0.04155696643581539
-0.19101687477751284
-0.002902500618963971
-0.11753774921778645
-0.01868014143434503
0.13853761334546244
-0.10227485485291384
0.025092968019811562
-0.013554746057184465
-0.047536442376008854
-0.09042469040959446
-0.4024095675605266
-0.12938595973826086
0.10345555666487413
-0.15089427106950426
-0.21599578919031537
-0.15750156573086585
-0.1939084944159664
-0.12739657085263695
-0.5806622179433047
-0.23189853530080398
-0.05907785691253199
-0.11324284702504894
0.06439358986785763
0.08244461979961866
-0.2735010218772635
-0.06363475029087255
-0.1586297977550904
0.04796693135611208
-0.15821029990204058
-0.14208598664741215
0.04092972876212887
-0.2665827417508381
0.15399977129190204
0.03560454213042197
-0.32991620950542333
0.03536867597595806
0.055126904180524156
0.2689735863639766
-0.3521423742724854
-0.23475739500951875
-0.22524436865459868
0.3720475579890258
0.048275782237411066
0.2052517936736603
0.14427837075956362
-0.05329018201437584
-0.059709334976225825
-0.012067412480395114
0.35951894907641657
-0.2157346374705742
-0.10092290388918478
0.05881348394570111
-0.05200564528681597
-0.08635892593483235
-0.033970650968691646
0.011256845844483384
0.062563619896367
-0.133880749062801
0.028872971549356006
0.15294673301196957
-0.21816634332274726
0.15014274312865905
0.0843069660950244
0.26904831113740485
-0.13258180658309798
-0.21941838803062577
-0.1662045502190774
0.00646856694623819
-0.1959938819626085
0.470133425814549
-0.05199612313831262
0.032810532344153105
-0.15658700929772548
-0.022907735201836518
-0.25205187206747715
-0.1983672779204167
0.06502415240574237
0.3385658075444455
0.0005470460592654302
0.0381006669593971
0.06579407730645577
-0.010278519199256672
0.40326176208057507
0.10551919190564005
-0.06675617811499265
-0.03614810380894704
-0.1143459832347996
0.022180097220313156
-0.08911379390382058
-0.1219256003847443
-0.49255134210135615
0.12010444170947053
0.13331411570839632
0.22711474703953197
-0.4643992160219735
-0.0008227480575370608
-0.19923974713257592
-0.13712363018109422
0.2893631699866914
-0.2519150785882402
0.21060422340644028
-0.3212541698674581
-0.1683329098252455
-0.29954264512312595
0.35803304677670245
0.24281700063933226
0.08034188007795733
-0.005575483322151405
0.2595684024505869
0.011863123365953123
-0.3050175548675086
-0.10897760978246655
-0.3008112733068558
-0.21202252620313483
-0.2338530485846798
-0.1481073346317608
-0.17749073191518827
-0.07005933270477605
-0.4794470323667548
-0.19304131203968172
0.06765382170702683
0.14630084744467545
-0.129104312798268
0.07244766055448186
0.1279805778373112
0.14945923589625298
0.2608695201880895
-0.09096169390853277
-0.1989622534415983
-0.11673450731148578
-0.05382577887072513
0.076764934573214
-0.24219876040644336
0.2119777181644112
0.027586172296637717
-0.14547487065784057
-0.24582404280528664
-0.2008203071096076
0.14381576322077136
0.04680921038748678
0.13195955491415023
0.008930246285888972
0.10903498248072857
-0.09736530873929936
0.14216509765366211
0.17194672370974337
0.17876031743298715
0.03848355048502418
-0.038545347774835766
0.17709451685907865
-0.4264617867411544
-0.31888820798593087
0.3318604655115228
-0.037128864243931164
0.15016807092995904
-0.039495941485287345
0.14353365849212837
-0.2554854512002819
-0.03571417786928971
-0.2934643291128318
0.09868047427252423
-0.1883965480701184
0.051330306624144124
0.043069035269549735
-0.1443167385562901
-0.13222167588794703
-0.26619085682929433
-0.2384309123190398
0.012066327032451979
-0.14150249475364093
0.21527829066523713
0.5484307153115747
-0.0762227271980928
0.15035607053042893
0.23822779144285108
-0.8498358839906598
-0.09448743322758092
-0.11903198741020218
-0.23416227261357217
-0.4263138097790247
-0.35053943779940117
-0.2148960314380116
0.09369179886801049
-0.015042650978135477
-0.05739429921327825
-0.1322664283792768
0.25600268175968477
-0.0806039025781513
-0.13333715274719607
0.04919689054186866
0.15722271664937257
0.044740663648257156
0.2040518101056507
0.13603560383816338
-0.19617450080220733
0.018015561361424428
0.2098790014074281
0.028104417963474893
0.10378611037540775
0.0858844408162764
-0.17044395930115053
-0.22907182734960366
0.2621153106208522
-0.17300490429010362
-0.26212546502287914
0.10408605494121762
0.12042632417428467
-0.36195630878558954
-0.1537435662123005
0.05915433744876766
-0.12787848040510946
-0.22072417510097642
-0.07956818097499668
-0.03244042316407123
-0.13476818786443323
0.25316233219743284
0.1242075264534396
-0.18299060554494814
0.07701100477081112
0.06839650048312491
0.04181885094044728
0.04380090079001836
-0.15239773678798973
0.06215911807526152
-0.09371291056285792
-0.08569758539555047
-0.19575854263877115
-0.029744979059249055
0.09751617059079348
-0.045881824582652046
0.10671254037671177
0.11320603993936727
0.26307261709393304
0.08612980471560824
0.15449178416051498
-0.08638428348593316
0.06711744416265372
0.021031435930287348
0.13182192147752214
-0.1250336652386586
-0.3160029732644488
-0.2517144129614288
-0.06040823386160728
-0.2675413587884972
-0.11875672195742695
0.09130176152713987
-0.22791335694784182
-0.3722623486929108
-0.10802914409654125
0.16734065597304146
0.043920877263749186
0.12989558344013186
-0.10817393177900547
0.22390763904243272
-0.03371778976074961
0.026435100849870094
0.10454950663567784
0.21714821253410793
-0.08832558852953057
0.003809756156576105
0.03692718999144243
-0.11736001299559233
-0.035730899194105256
-0.1396928852497991
-0.12104949312787097
-0.023357188518602735
-0.18001993155624058
-0.26459157046881693
-0.18777326929227756
0.18623910090198556
0.008742471789600146
0.13981082662478772
-0.05858732226670199
-0.003943739800751296
0.2253826585797673
0.2311077466293201
-0.0988647400686779
-0.12623585227692002
-0.12270700092113615
0.04731836852245908
-0.41157566033933934
-0.025188794048289963
-0.16189741444282596
-0.15998993221386
0.1569678657183644
0.06064385577040156
0.010692133271871969
-0.18065449329838276
0.23356745760104172
0.4530715715109477
-0.24465370973672104
-0.3236703609417687
-0.31165110573296306
-0.15118805120599182
-0.23725497496055103
-0.24786418548501812
-0.4294245764718694
-0.04712174974159848
-0.6214493958132986
0.12985468201110892
-0.13923411991182671
0.1951199294413549
-0.29939732371622924
-0.0009469209143685381
-0.3344780566248457
0.22319513953272438
0.1894700221305961
0.2531650012867714
0.21160617092764167
0.2203804973420433
-0.2340458235550803
-0.19833953903856844
-0.27714663953864366
-0.6349820745758988
0.07123852096812773
-0.11294482166428692
0.03938849055768755
-0.32040459086246414
-0.10594291020027001
-0.18792225094974271
0.21619058474521358
-0.04398105589825451
0.31427972617301186
-0.09186236112534077
0.07500714001562483
-0.08884510533833617
0.06113588838335357
0.1746060527241092
0.05940613195599236
-0.2534200012815119
0.6196308214133576
-0.2734601948799329
-0.2624751522740925
-0.13661860529184616
0.12204105098283777
0.23684409991191505
0.18871545321310293
0.1367280091499839
0.03768406797941466
0.18039329820054825
0.10301656723084261
0.000999676855740814
-0.31472842522225697
0.002740499284599116
0.030826779281131096
0.1828292338963595
-0.02991587097870727
-0.38119377080144806
-0.017762864052847063
-0.47471977907166657
-0.06129135931796775
0.09666067455690691
0.09801824787180752
0.05539750734541558
-0.4122136064005354
0.06345945413359276
-0.0638626448119436
-0.15797283829442008
-0.32393183553822613
0.05561901547137372
0.2043956109065044
-0.16005061859046477
-0.44964831970647434
-0.19582906329551295
0.21245345264342286
-0.1456968017832129
0.029929631642285334
0.0945722201423712
-0.06642337714964473
-0.15834194423505316
0.19041347915041618
-0.1938830288013441
-0.14819101910661933
0.4744543892745473
-0.16728405143066696
-0.1675515042693843
-0.13538304468115647
0.13977999041814945
0.15635491661650783
-0.15718466731010738
-0.1351652345920296
0.054480337046356436
0.26862703624320594
-0.14426667039828622
0.06293235019719713
-0.204045719841968
0.03887510980768463
0.041359329132175195
0.09805524502846025
0.20878214799336273
0.22414807926009206
0.09102334304383586
0.26941727447326286
-0.12430760329353123
0.2725075063616194
-0.05154620894870886
0.16092077418519518
0.031414375317817156
-0.35808852238639277
0.17761152960273902
0.0046982104459723515
0.11244528970525994
0.000866553414310371
-0.04618311878627284
-0.0744999351930184
-0.14112412325650817
0.2722728772714131
0.20780776638821075
-0.3957304648061782
-0.15669259760556506
-0.5466776919442873
0.37692177030529694
0.19550169270495954
-0.026981076773483728
-0.06381928597096109
0.023590080088846423
-0.04339748448626853
-0.47513856174171787
-0.16327421564255426
0.03281756609253151
-0.07666950637236965
0.2383470586110504
-0.27953621045781807
-0.3501051336611907
-0.029248826921224623
-0.027428661419470108
-0.3059551847726636
0.1018442474565165
-0.1807184052266355
-0.18967236804757256
-0.194206295871377
0.08283194733012077
-0.14321447597940365
-0.016665346981398568
0.2149294553929705
0.04435161586962929
-0.07851711909523568
-0.130838381933148
0.11789098021276892
-0.09173097667959391
0.14374498265799715
0.02788348921535728
-0.2645725275412667
-0.1470270130247391
0.040947384386027755
-0.12963336579333934
-0.14596675044766347
0.002993932352586767
-0.0030897068486015235
0.04545285736328505
-0.023558316106903808
0.09177356249418221
0.08220442354865172
-0.1674532700000795
-0.1886233344340377
0.03974864013355385
-0.09908757390846207
0.06192277336668139
0.22285218528755044
-0.12270197965121946
0.10019979092705504
-0.11321765278757707
-0.2712610960847915
0.2985184575856469
-0.20563714472121286
-0.11707643359822323
0.049710918306294316
0.15029785038890855
0.25561204145461947
-0.04515347806241291
-0.00507658359083239
-0.17396261789448833
0.2596517650641246
0.14118513781351902
0.0017888488121500787
-0.13126221922331968
-0.14041001374057066
-0.07429356519910343
-0.16266789219878905
0.1519412421407423
0.15239965803504904
-0.23902862472205627
-0.0828067832427784
-0.04655134504269212
-0.05380180702452363
0.3915129933060723
-0.03022886204124105
-0.19545067930790397
-0.28516617733815464
-0.22923206838465235
-0.4211012137064162
-0.048696787525419574
-0.3761986336014157
-0.36386100230380514
-0.11640661499144378
0.18498978762781157
-0.20089129905586062
-0.13831805934224792
-0.11841132109131403
0.014856083374438457
-0.25816492695441384
0.3527729157093746
0.15827780348188356
-0.06904579427717004
0.4054284155521069
0.13403299475393007
0.05918256337614272
0.1599006812589642
-0.07189527623862604
-0.23195121468165902
-0.08230402074530843
0.14352693443589915
-0.12734956108606987
-0.11175747125761264
0.23463664487714184
0.003947692658749944
0.13227689637259904
-0.10277894721452048
-0.18700182709066773
0.13421317913624403
-0.030540172857252475
-0.2336042576488764
-0.12136339466757022
0.2972294177586057
0.0036539420174911074
-0.06842091189911377
0.04085513966524289
-0.22046693055278868
0.37430609364122414
0.09436396559079988
-0.2260276951073533
-0.23164331657958495
0.04886453302502118
-0.03424660556194071
-0.043517864899444016
0.12485363540317548
0.2741514578289968
0.3766584548919198
0.07408762735234267
0.012459117902376289
0.0051786779346462905
-0.2074317834717006
0.51284270174784
0.19920396624364145
0.22580359154156746
0.07730804683842307
-0.00830753463952096
0.2214899645878774
0.33193506409667356
0.17175751028653818
-0.07854812187549928
-0.01806597578000277
0.24652312102445237
-0.23594665072109414
0.2672163122099205
-0.03586590460046137
-0.26519731739636926
-0.08367249996229444
0.02554301614524836
-0.13585365489601828
-0.28475625095670615
-0.4369556618319395
-0.14813747329686264
-0.3344849557590554
-0.13389973704627722
0.19056171100022196
0.20765793130032945
0.002709030800450702
-0.06861043149409465
-0.25249194310263856
0.11457293818728267
-0.33322477382885946
0.058490677472222474
-0.06575746813614759
-0.09822854355990766
0.16759818713618782
-0.3239434640421143
0.32441993317638235
0.3215421682805565
0.4325615609467246
0.05796182490423732
-0.09724366507723742
-0.2133476460015542
0.07203817861014503
-0.13114396086516347
-0.1547196460727882
0.12312632720917778
0.029638641006367473
0.20364447395179916
0.1913775864500969
-0.0078820429156422
0.1406482287884017
-0.07837465273638693
0.2370913746251372
-0.2402614046366778
0.09572007159555304
0.2523206574856202
-0.11131098773079068
0.057449121360465774
-0.44814914481232265
-0.028920996005823926
-0.03833718690003758
0.1056551338546397
-0.047037327285941156
0.06120530937677327
0.18020692542615183
-0.06740973515367818
0.019080493980156783
0.1470092053567742
0.14341033406726786
-0.1906992583639433
0.2596945697136468
0.2956270074369316
0.06773370410360595
-0.23336670965159395
-0.11028538230582056
0.016232462277070592
0.06409111411563365
-0.0224151545837692
-0.0761733085669792
0.22974656803537383
0.11734255235552016
0.28854367973396133
0.04107778181220166
0.1872552025630261
0.09954380842608251
-0.034172565595296696
0.1352751746709164
0.28092911227643835
-0.07069700852675696
-0.0167729609588243
0.28609580606741747
-0.1868639816167377
-0.03371337744401521
0.07989912681490753
-0.1867950530360083
-0.19152160823599806
0.15225850228549598
0.1748038445863882
0.0013019067063312804
0.06471812291620817
-0.08671319204089621
0.2036156542404849
0.23126600124698568
0.22049467924242244
0.12425957732141485
0.3107922315457149
-0.11493294208845078
-0.09555100583159441
0.003995271581530569
0.2035727662118845
-0.0635027540859522
-0.150998682529531
0.1347102317881167
-0.07775014882551472
0.10873541269782337
0.041710623116218794
-0.12827424105674715
0.025755178068046364
0.20967102874684945
0.07584943187658948
-0.0853684772886672
-0.11223848940665557
-0.18651955718420743
-0.3498261560095182
-0.017197160094405004
-0.2389829600300388
-0.08037993224297904
-0.15074742265557856
0.1595290326803388
0.20736979901568145
-0.09698827687731654
-0.083600022513692
-0.19943307437127933
0.4304419399444377
0.0677384161575892
-0.3431991121678243
0.1053546330988209
-0.16779618341566443
-0.051526011711333856
-0.35232486865891566
0.0403337793426898
0.02489626729228038
-0.1849942691131498
-0.1275681827464517
0.07831150063180425
-0.15454322594116723
-0.033689252743815304
0.08854368399251722
0.005980874188844145
-0.010281789502646025
-0.268627757788666
0.17438011872529485
0.11467664883469873
0.16787680905509433
0.011402441057699718
-0.04662815047219497
-0.12404783455934185
-0.024084174572208215
-0.09700968001895076
0.0536116717978252
0.07078010784366388
0.4529561176945735
0.12152443163288937
-0.14500170944526167
0.04267048697663624
-0.33302487221881477
-0.028131428484178937
-0.13035813068308272
0.042806875630666985
0.08121052717175925
0.19890643595407345
-0.07516037996661755
0.056877908995124994
-0.05828953437098546
0.08515784918749124
0.06143625592045409
-0.0904067179687532
-0.15803270395053107
0.10286530740214553
-0.3588205394869104
-0.06613483765187937
0.053523207730720467
-0.29284181041238255
-0.09613282213163801
0.14580044799740022
0.06386831555726387
0.14377342493691786
-0.09007017062330137
0.20769404630510216
-0.009571097184558975
0.12842019627845838
-0.25119450204427624
-0.16217589735347532
0.30574333234057527
0.2141547117689031
-0.16810171823516487
0.22573521675455044
-0.06343466682907516
0.14768255773399924
0.11182488578372664
-0.07627039198626238
-0.18179092605954775
-0.1740261839029451
0.25542818604161166
-0.21702151870633896
-0.07314303178152674
-0.0639848539822809
0.16103475883376817
0.09772798264045607
0.1629544006239147
-0.33742289532079867
-0.0993224940476537
0.17128638509655122
-0.04623202175731822
0.2303275295167035
-0.2164269108360016
-0.07146893414709898
0.16443753364335004
-0.20663387180452072
0.20155421539617122
0.03765310210584674
-0.05153897137481329
0.197685949641055
0.027195245567353588
-0.016509355556557293
-0.21218309559285542
-0.44316358515746673
-0.06864814572155717
-0.3279532179176017
0.006240318066800719
0.193926663934484
0.4358614570795081
0.1828322257998956
-0.3064929735242929
0.17217961843529891
0.03051899008128734
0.017528453792914674
0.0311917784995944
-0.1169411045928614
-0.3314483688370882
-0.02625826111113905
-0.22119780694988028
-0.16569475506888615
0.031175633896564
0.3265639385032146
0.20475828626091958
0.346932384872643
-0.10051148730283196
0.22418831369330716
0.34798935146040855
0.09253972759254166
0.12262736483534077
-0.06557396815179586
0.44185004332248784
-0.14641680102511362
-0.14571391396126385
0.03254633345033314
-0.5706693058852355
-0.16764584753952994
-0.007848018552282631
0.24959017217981413
0.041516714703725026
0.03929345052869414
0.13346368042624548
0.2222183994328598
0.08072244619810189
-0.17872304735462685
-0.09158623707612783
-0.46506781730283264
0.10926672603609312
0.07736741876659398
0.05020412766875864
0.2137681170475213
0.016143313335105557
-0.17584441329184802
-0.2904382182095551
-0.23078744261580855
-0.1342284177463414
-0.06751178251739869
-0.17573906073979237
0.08213415167946218
0.18177531666439786
0.07288644639601827
-0.070113250824234
-0.3306336185724028
-0.13714430155738774
0.11088092487501651
-0.07350038322097682
-0.18208852243198104
0.18954132122256812
-0.257855806951715
0.24286651433804082
0.1577548795659009
0.34922165679886635
0.11733966000774389
-0.28802253478664896
0.048930422121833635
-0.0941514574814792
0.37342482501014773
-0.13951852369632556
-0.0448764130953742
0.25717858745283706
-0.19901416945133038
-0.26050288991771103
-0.21132161151068468
-0.0902158753566908
0.15472119396147144
0.15601966647879248
-0.010610515590277349
-0.40784657409663294
-0.41930318909044806
-0.5204724104340084
-0.3284443639388166
0.20359041118694485
-0.026984556647968713
0.1120750822042433
-0.16188244396727175
-0.17485561557404908
-0.0035469107294733107
-0.11092111267524832
-0.12641638395847116
-0.04333991540533388
-0.11328497805797662
-0.027324703255606486
-0.28817018405097844
-0.2644206670842226
-0.04413228656215879
-0.11721055340516308
-0.1758038785109543
0.180944494334891
-0.0876535120714538
0.14733768192637214
-0.20003417793824058
0.22620473557011944
-0.2242338673026038
0.11972348215213705
0.03716603048152831
0.15492109468032184
-0.10901525697287348
0.07236828702339215
0.15996198800811404
-0.01938840304531391
-0.33032291177609785
0.3006841932369476
0.0029406911743014587
0.1740996615484028
-0.29516584811488444
0.26833207919433777
0.2551312984543014
0.2825445492639157
-0.15921001933388024
-0.029111967680680244
-0.04890956701841022
-0.10704622707342441
-0.0340529516509044
-0.06863634799329654
-0.133582739251042
-0.04947933611514222
0.18537415115867092
-0.12219425128772012
0.1529709233087065
0.16224114757542676
0.05524956242057915
0.07818024060203908
0.15027482696276684
0.09515518079088378
0.1347183701675844
0.0940460379273345
0.049593873702338295
0.005496451109877693
0.002942451607256783
0.17114318305196793
0.1826134237254641
0.25263819972210627
-0.032246875972130946
0.49031219982364777
0.21753724511157935
0.17709129962674788
-0.04081273061441955
0.25505299713390345
0.21687953879087168
-0.30734370538173805
0.19224697190932577
-0.032045051782967626
-0.2997718775733422
0.002818746585262391
-0.25942393640554917
-0.01368839732824303
0.1989468032713833
-0.1853173883751514
-0.12153763611057666
-0.2598028322654711
0.14520351000908524
0.2764342043900573
-0.042289206632045176
-0.284250561301844
0.005065263871752969
0.2011514905058419
-0.03268888068527875
0.08689900552259586
-0.17244996452959455
0.058147236776432604
-0.13911608267432302
-0.07742593166696188
0.17372693231869973
-0.19339500174102264
0.04196368234603896
0.2759641162617532
0.23484407961913545
0.06972029143637075
0.08352448688925776
0.017915572748709432
0.3339269166484674
0.038964394591208526
-0.11854134624368305
0.1449075801776728
0.14771701875934776
0.06688020818060228
0.05213167980758731
-0.03487018624517815
0.29022156957969664
0.1593566789046538
0.11586496088733017
-0.020414983667981088
-0.2584035329907213
0.07518657375267714
-0.04308894480496808
-0.060709197550802035
-0.08356649815033625
-0.1690404906760697
0.05525712413267552
-0.1746639400656688
0.2030795846892717
0.06337051705008333
0.18051813719756343
-0.09746613138047593
0.1774938801341686
-0.05591585266389153
0.07900365750217624
0.05004523603032128
0.17514627361959828
-0.01609559813451065
-0.10377986293026141
-0.13604322246090542
-0.1950025032725267
-0.05043225196930374
-0.13853790245031403
-0.3033394461044413
-0.0026061827866004673
0.12579315963542786
-0.298362053339195
0.12487874469110784
-0.15003677698660475
-0.34429851533917033
0.16549578809313018
0.011974393630382668
-0.04892242170709299
0.005168125401281648
0.2457004383686929
0.24110252995674925
0.0025751169198433765
-0.13381589618545753
-0.09769753934061769
0.21154416843940496
0.012022368542976617
0.1636347975428963
-0.06036867231465552
0.08619577413368322
-0.10391221026220085
0.11161233344650359
0.044752204491185325
0.12906593326477162
-0.23454062703835396
0.005961776168569303
0.057767031134737225
-0.04361957755898833
-0.11792641851592002
0.26822171976828724
-0.17465098360094639
-0.17819971970985413
-0.045970602356535085
0.202720271539178
0.16294835419938267
0.2990557981239988
-0.03868836286038535
-0.21853963743154511
-0.15734740686704457
-0.08565938475325338
-0.05122425563624742
-0.14505857937165362
-0.19170409827481344
0.05797047793618243
0.05270305865706431
0.0934955217733042
-0.04115719492005934
0.12627121367734898
-0.4371231931876353
0.16044947214369742
-0.6035770486659698
0.12013990472998139
0.0572875261258542
-0.11656236574934344
-0.019520100649419947
0.13561497159180166
0.036602354814634
-0.3942652077578106
-0.11642407142717873
0.02900331040138901
0.1080772952761406
0.1347315431957899
0.005920806274065148
-0.023020488883363516
-0.14301285079908962
-0.06744821440226774
0.09115605164993482
-0.23951138921361348
0.32299599154305797
0.014695788878098833
0.15230475745749988
-0.17915503064656424
-0.0631079363008915
-0.2855347916683236
0.10499487236252925
-0.02833585604144339
0.20776954977982434
-0.14228031653524925
0.07755684607371997
0.02199335156608855
-0.06734356704287375
-0.11577870899573675
0.22078598807160385
-0.2504025536230647
0.10577613252932959
-0.12475306988670115
-0.016562730649847278
-0.24682043491824673
-0.18662199067583268
-0.3030223338227939
0.15036842351608348
-0.09316162268873134
-0.23352960912768378
0.1854160436671382
-0.1749626443775483
-0.026148922071278707
-0.03229794419459735
-0.14413122366948242
-0.2502057135642091
0.025716205800972537
-0.19339182842533817
0.08955041248982983
-0.14727615788661008
0.09389918046590925
-0.09000976430295905
-0.026178934675565507
-0.05186992801288
0.22860149206394828
-0.06380550310213681
0.02257558924106312
0.20053563262312868
0.349044068439191
0.22507677912183377
0.03566255314092093
-0.37031356843350954
-0.02623586389005328
0.2872914121052056
-0.27973744159679526
-0.2126006245659493
-0.15816878654613614
0.16618788862612682
0.08153029439613833
-0.046714425796647335
-0.29671470028842306
0.1677545670682899
-0.21368293800182364
0.2182134066477029
-0.05858975437403046
0.46998144913968326
0.07705867934624551
0.3255951738120758
-0.08674283476756194
0.022944318475583942
0.1396197614367481
-0.021806457119433457
0.143218574140844
0.02615460159516751
-0.014876646117991754
0.05849891608950139
-0.003683966405963023
0.08480532183742545
0.0616576952033161
0.02740387127206162
0.03014524238055438
-0.4439074814841778
0.06639173336506465
0.3244513451665685
-0.30887417155026764
0.3964728630426772
0.13998250634916992
0.06921575688475914
0.07162834002606112
-0.17626255512138264
-0.03310395879039759
0.050627912825603395
0.04255238024859605
0.07268348022271262
-0.013199818876766481
-0.31677430425042835
0.2644441228274515
0.11722991300074881
-0.22649956324950957
-0.021089674426142856
-0.03558463314875667
0.007646071782062345
-0.06064569138191362
0.05006620622542473
0.12794252042850005
0.11301579499778855
-0.1001310223128824
-0.1730035537809229
0.0271864214312321
0.4199389936795167
0.2522297066773163
0.11888609638628952
-0.2614181542889865
-0.2973902033920597
-0.15131215177041699
-0.15336198116984734
-0.13204383434803726
-0.10048349525628593
-0.6307507079787494
0.23543757655203276
-0.35772199177045244
0.1260885014237621
-0.07329961723460164
-0.007186496610088447
-0.05770092765818565
-0.05914154110551568
0.15603978858891493
-0.13730766907273495
0.1154258872841291
0.13620203484711033
0.258599549987117
-0.11227137370000104
-0.16076451904317757
-0.17002356556887274
-0.11524008683856767
0.10396114234110697
-0.226121755172539
-0.06348883760696938
0.3457964839677667
-0.056565484488056844
-0.1168833589496153
0.19056231648898198
0.17998913962261234
0.22117930767790367
0.09909365041021198
0.061354554415643275
-0.13875532638141638
0.08175817157471328
-0.005260260239759639
0.21399718338231824
-0.059176500342397624
-0.12601167080232448
0.026987764703679504
-0.07940486286258629
0.12043015334225805
0.18717771788954507
-0.05367055345933005
0.05341382929942313
-0.06252430677360148
0.09234329711386617
0.01317439404547032
0.06976881209096146
0.24702042804596774
-0.45444331557183953
-0.1778224789042024
-0.3307635853912122
0.035785889607999354
0.014304406009201534
0.29480947634610494
0.10223133976020808
0.1198757584196656
0.03755849674202165
0.12574161356100724
0.059331013757796
0.02460604515743744
-0.3613176456457267
0.006609499299354737
0.027526272551474898
0.06314791728872426
0.1197744756399119
0.0376934930980309
0.20916551331191424
-0.04916961357521517
0.13998409999959163
-0.38383295092273834
0.158053349269555
0.26290426620867785
0.03292618060579265
-0.10265790882659964
-0.06801763602574439
-0.052242683760815305
-0.09376001956419608
0.0483182665669186
-0.09760117433512365
-0.16728798279309393
0.2707919187932349
-0.01813855643143748
0.3235997049469839
-0.40485028256006766
0.30384682917078715
0.07588678593941947
0.05740180996750569
0.2843820965102031
0.025607047345023455
0.09892258595392427
-0.17645696163125515
-0.24649925488440208
-0.07351821358491671
0.18599197527271044
-0.25073717028480386
0.2402563714003737
-0.15408134381136965
-0.2622944770716116
0.09332802083189823
-0.19095090917435334
0.012538120331677047
0.10372288663237249
-0.034310414342797135
0.0949165936777446
-0.37823737445997496
-0.7184127297392342
-0.3986733757027069
-0.1356991222050154
-0.0069345419320854945
0.020147694409847056
-0.05293407006620813
0.09109580573157121
0.10905811507227038
-0.14984967100257549
-0.27741062681761
-0.2568783338538002
-0.044196768705261465
-0.08279504334848863
-0.127554707085994
-0.044212979766729325
0.5197832752266262
0.16155799409641805
0.3708383448773687
0.16037885906840882
-0.01275397718638397
-0.10742474608293898
0.050624078254026574
0.2301849483054811
0.02935433266260758
0.26832696891641705
-0.26726287572396334
-0.21918069772287588
0.28933093363944895
-0.025152194443112806
0.14082026138298573
0.004158209728395921
0.17103886397597534
0.619074839440365
-0.1059921502176137
0.0024595182746824885
0.03799708197346719
-0.05878829534564347
0.2736944886041854
-0.23966454737779894
-0.13765297196031537
-0.41020010082408115
0.2334033494419324
-0.1582761773464474
0.2502652456493967
-0.05938175069359545
0.1282876992755289
0.3431633840885274
-0.36220777160298856
0.15151240323529755
0.33345115523214786
-0.08621990044176381
-0.19799609462902776
0.17235272493648432
0.09907684542687896
-0.5394664795080184
-0.007636964701483177
-0.21975624490922394
0.07056865779228937
-0.25007806577008795
-0.3460154733851902
-0.14654544265430589
-0.2500381613666528
0.10579890814223093
0.48272246034788413
0.10133482987295127
0.052448354213029
0.047432107927200845
0.18997148274235626
0.13251777138905924
0.1629379697301597
-0.23134280991186504
-0.053336516496759925
0.3775742147436188
-0.08237383132551836
0.04640740713019807
0.1244287477071087
-0.19232664327414883
0.30417851823665076
-0.0444526767427469
0.02092613822988328
0.06022208901179966
-0.04008237262969225
-0.06562002238542834
0.059568377679816174
-0.15306272871923868
0.11797426870747711
-0.2263335723622619
-0.6881205395111268
-0.060519400572127825
-0.09353718770865814
0.16952059712489542
-0.5012353934745731
0.03970069757354864
0.19028846790610274
-0.09359102698106267
0.07413038328674876
0.49842009470844945
-0.24327930405965323
0.1982450813059186
-0.13297549219210922
0.1386691348868769
0.05422331577874657
0.014944499652185438
0.07487862169224647
0.12587230781827366
0.043481363337145154
-0.16701448856720685
0.08781480837045479
0.35497466884574347
-0.12755032867860577
0.261492322383802
-0.05285644759000428
-0.0821820576407456
0.00043924281555463647
0.19254826287403015
0.273174320085851
-0.31377622567885705
0.15567210751778157
0.04389324507239733
-0.26677908590796107
0.03708737039512686
-0.01582167990967861
-0.039644852271739896
-0.07405573773128399
0.3505019250339373
0.2056484484710863
0.0721095876009015
0.2384645358163737
-0.27999414471995954
0.2820447882234787
0.11877080872506202
0.10135653349199801
-0.3443793523486159
-0.20627629116462134
0.040676182540249184
-0.3702239977066981
-0.0905667738082536
0.06449419563570376
0.09902904534010654
-0.016784386625764983
0.1883735106959234
-0.15947026538971362
0.2882582440960096
-0.1007671796238013
0.17959886473219988
-0.05055573633859987
-0.15373029420626957
-0.21937788013700246
-0.32382981310029174
0.05329223382551469
0.1837400724715297
-0.059627963255170405
-0.18602928829186255
0.22246152161752566
0.04297679277792775
-0.11962798166381723
-0.1625369406283112
-0.0068461519649081265
0.1763061568282408
-0.03282798010623982
0.10777919026444341
0.029780953584003317
0.3018828337051692
0.38177087047802166
0.016963432448548258
0.09888491251717316
0.11062769926431683
0.005923594582618273
-0.24710051157159924
0.04826414287552555
0.02618494087214339
0.16366172560604267
-0.2757341475907329
-0.06465150313448606
0.2137102076150168
-0.23087658099846198
-0.01745392354736162
-0.2166275326592738
0.2626032465617373
0.36741230092349103
-0.43835944700140766
-0.10175791365111575
-0.2745142074494758
0.0489021602700007
0.15724798294292255
0.11343235571678757
-0.35690503775283444
0.12661475680246073
-0.15302798479401375
-0.22693157590936971
0.08679759550461345
0.18508836350628044
0.16213658301517392
0.02550489709954322
0.142692525277088
0.29171901580395554
-0.510762767701214
-0.30413092367618266
-0.32980202385913376
-0.1636191180499018
0.19448731956401527
-0.32336197252633747
0.22184355751534335
-0.09787253176896174
0.10702387298108226
-0.007907991272270138
-0.15733845981105085
-0.29065550006400187
-0.13531755434280845
-0.0028481711546013058
0.002645889307413715
0.3919584806020563
0.36311042948662475
0.2527833628878946
-0.23807627812944318
-0.15788185339105115
-0.016707577369609938
-0.04922367437703695
0.011874656999379894
-0.0427304909468954
0.18751994468305536
-0.0516493244219461
-0.6003690075521134
-0.19378169933512163
-0.021072104486749343
-0.11062482373063494
-0.10769935532789018
-0.26553712874865215
-0.05310254173655721
0.2214055578045154
0.16107388737999523
0.04022071659680753
-0.0970456616684428
0.06166459879270239
-0.2192763890561546
-0.3642488347965552
0.019388485838629902
0.21832996824135947
0.3942410652501885
0.007790758042524514
0.0011348404228093004
-0.2954257129306965
0.2579915751436711
0.2862270004754523
0.38103904013595097
0.02800774429434098
0.08170143815351118
-0.027863995157891452
-0.08973834933231313
0.22568290995161375
-0.19877644826678864
0.2959779628923239
0.09816129674970481
-0.23813339151065424
0.2689064816699598
0.23264571281661336
-0.2662780487912351
-0.3531420214553335
-0.4363198089724665
0.04192169034199935
-0.1155759622410022
-0.021418495109720614
-0.26015458194411645
-0.14837751505929492
-0.22831004312182934
0.08135731142473893
-0.2747669909906376
0.08629432926436395
-0.06392563874252111
-0.04831461464675795
0.05118294472693226
-0.11510068419355944
-0.2879036824002877
-0.09369806854484715
0.08233365840747482
-0.22022938760208402
-0.1899169727716742
0.21160080975798082
0.2820822752571368
-0.2787677822961989
0.05224469568373753
-0.276780024130786
-0.15438499222286542
-0.11125982648593222
0.05841345380834454
0.15596865482972547
-0.18768078356866844
-0.23697973014874138
0.290998200783206
-0.4484029372690599
0.2133482521761625
-0.24125405472108769
0.15366670996246576
-0.35480438408501735
0.15655300059187238
0.060010664659593226
0.08426825322063528
0.03600882073069029
0.125394572789514
-0.10843234544259718
0.14844395195349988
-0.25475293502196583
0.11463220671174869
-0.02485382350992444
-0.04517093003149486
-0.2246552022801559
-0.04931905457158739
0.09877064045289705
0.21195115245520188
0.02115666790677979
0.16252472092152973
-0.03545174543291636
-0.1848188965204449
-0.08397692267763462
-0.11190745742581754
0.15771624980640936
0.03680323689332895
-0.0489907219649198
0.017954528867574714
0.28059031960136543
0.062379531313913106
0.18734869607069848
-0.1679339961472143
0.16616640872195226
0.18012387496670973
-0.03206787629483924
-0.11868632057091946
-0.23484605707287418
-0.2142085280744898
0.21043127166072498
-0.006831212650373572
-0.363007927756459
0.12245892132607188
-0.19094380968369537
-0.02345847390215433
-0.0799918032486987
-0.382151700220021
0.23035074388697352
0.005900345377615457
0.21447907483890227
-0.0642227271621925
0.27135118524563784
0.054453855754331856
0.10945829190599674
0.019144295887219692
0.07629187142500711
0.1743115851504238
0.1744113337143679
-0.01923871336926778
-0.07350060345098366
-0.062334103068136144
-0.0985786933434139
-0.02154295549972596
-0.12433182144164907
-0.05077317688357615
0.17258671211486115
-0.184641254206906
0.0035381822206001765
-0.04079521054322606
-0.14679366503089383
-0.20773851337558674
-0.25603276760462074
-0.13234120039697253
-0.29621879723712935
-0.24418131697160111
-0.05818563941859067
0.036270809982762046
0.24250519190896141
-0.07762950604164198
-0.1549376881343974
-0.002660244432046465
0.05981647325502955
0.23077975356751418
0.15977461596931491
0.0018498127319582414
0.045125921780038394
-0.10902866201959951
-0.026840960482451562
-0.05447065016303046
-0.009859132838923229
-0.08035838716393923
-0.07800082506711722
-0.3355854241828256
0.23427993528011418
-0.014921697968685671
-0.014121761663985951
0.03885552779363637
-0.3353671029959522
0.17124625022718318
-0.001580725880013015
0.233816677794743
-0.052972542504135106
-0.36723097573582697
0.33406454295963256
-0.3478243553659626
-0.17775677888148195
-0.1895960515892597
0.08693658716427621
-0.1658372530478931
-0.015521204612363311
0.06871150813177705
-0.08936356124741036
0.051466739493758046
-0.10103539510351218
0.18180024021192914
-0.1350406499324815
-0.045605908157715314
0.08353339845242662
0.06110076511253512
0.35421436275113
0.1109748906267035
0.2383994792982371
-0.07843543680598238
0.13198445479140072
0.0014220774181658883
-0.12871195924107975
-0.14095877272707774
0.26426319528381775
0.1441756579034163
0.014959226165324722
-0.14323274635060815
-0.23555156652813658
-0.35085958995255995
-0.14443233767545488
-0.09773193493886143
-0.03047132081792898
-0.22484846378447312
0.09422975160717977
-0.4599698278060517
0.14593478054603673
-0.2780151882400421
-0.24271281811676304
0.02457896858663954
0.0020936953673643356
0.19951124280912258
-0.03560816930774596
0.4070181985886733
0.2079663428992989
-0.011372311952116089
-0.1314241204903359
0.0001764388750430873
-0.12769581322328097
0.0918406225546849
0.07347155671946248
0.0450077964634153
0.03056675972317641
-0.020324333328671503
-0.21629899132923772
0.1955987510236978
-0.17025907070591084
-0.17506119508661888
0.08615571370978814
0.19422115333971945
-0.05331804123344915
-0.23042225222760035
0.09031750150856734
0.2794631461774314
0.28305756741218024
0.18589907653505955
0.21932706654880785
-0.06676291733476068
0.08575761816849546
-0.08299389877160486
-0.004752325765340642
0.24296432666963885
0.02980253053489463
-0.43509413907001454
0.05533237517159057
-0.28537441939022584
0.1355505100272656
-0.1606890360956612
-0.013956716617861914
0.2246868006272907
-0.12202026473196759
0.24299806126409754
0.3736503823925794
0.12762857368274308
0.2157465485824786
0.12664139663448074
0.21698896736424492
-0.09753525229267714
-0.10621740745745088
-0.23755803804595435
0.2445718631507517
0.1278604342154821
-0.07486044369077573
-0.24926901372436389
0.4542956140763491
0.1137121174992067
-0.013624114760838255
0.20344978946722586
0.32939488735210726
0.27524366290252794
0.16301685929628706
0.35144328352775306
0.10359206800877328
-0.3881382735491821
0.01911710442955116
-0.47188364966133883
0.005931671722634594
-0.11030503622357336
0.14548903683334272
-0.08430809578136272
-0.21819463932181535
-0.07753929498790983
0.29871560537206754
0.09366508507769346
0.08512567441041931
-0.45395007583687635
-0.060638628977098284
-0.10607241539522239
0.1610289515249709
-0.201613037783074
0.09096681114193311
-0.17782242016944788
-0.08045386510322666
0.1271044505673178
0.3038226930900978
-0.37888138421677814
0.39442083013618484
-0.29218580285153156
0.006232007527675971
-0.48484950642639135
-0.3050612360330888
-0.21250911392073774
-0.008067862412633367
-0.30670438083003326
-0.2968481171545251
-0.17995638674183848
0.015800262396533333
0.021425463160929154
0.026548011952559042
-0.12901216578105587
0.15443470341070573
-0.13257418754667769
0.3890163652686472
-0.11982574778789008
-0.3169062079326885
0.1573427333172272
0.043224087940535894
-0.043309180543477904
-0.013568517743688445
-0.2837285301616539
0.2889994311098177
-0.04642907884912566
-0.010091905311881666
-0.3829840727059509
0.09089406314667817
-0.0027209785088028494
0.17502116572449433
-0.07853802871714963
-0.29027584336050066
-0.25111279400412156
0.36477296003031945
-0.22846447892610164
-0.3918971570868278
0.020561716208490635
0.01266701579062344
0.08104700142914004
-0.47357084398490384
-0.3191263607888187
0.04821403547774298
0.09349215566684527
0.11208011583161785
0.02296358082628028
0.005511315029305659
0.26292045334799913
-0.25999764465524644
-0.06016444880110554
0.06260455330335256
-0.1528455842388873
0.1794863118344313
0.06637726291236566
-0.1940465973383851
0.25539946858251067
0.15184964273370452
-0.0017837564767170674
-0.05696185716956205
-0.33356697641998395
0.0031050388203638416
0.09267487022109985
0.2506035654398132
-0.3199454629756695
0.3701527103127751
-0.03338581574532511
-0.07394007541293951
-0.12472199770419548
0.06545108006604904
-0.04316106313439293
0.23652598177618717
-0.3217645216558227
0.6966530281796999
-0.6575095187042678
-0.24683878148247157
-0.11943172995297317
-0.2280065609280682
-0.12521124710761142
0.19034332771712545
-0.04346786035745172
-0.19306452767141957
-0.01640464216453279
0.11070037528509086
-0.2590083333850566
-0.07143363372568261
-0.049371323123125394
0.2012157999320889
-0.04415872730336129
-0.11153024560040901
0.04630998103571372
0.41729087826800426
0.08013537128306775
0.08635374592609983
0.11199127616938279
-0.027450470202606873
-0.07305083588763078
0.04241836201511236
0.05099115201164411
-0.14474824415267454
0.2065232892943674
0.04018088838822691
-0.28479505056110477
-0.048492609909890065
-0.2744529652764216
-0.2506145147560943
-0.18817238140693726
-0.08459062159189452
-0.17487463039380552
-0.2972828968155728
0.03755233979305207
0.08284471389529313
0.33254930863196097
0.069052745207733
0.22501233445499258
0.3004000903952128
-0.01183062387208042
-0.2674755227741916
-0.023996284369749765
-0.0658061926630187
-0.2627621844552374
0.22362165532587197
-0.1418401114446119
-0.06720861218685302
-0.5368961768641891
-0.342659288130791
-0.22394687200899813
-0.03237027895745423
0.08695822670741964
-0.07257555300120261
0.06704092875731923
-0.160950171700455
0.054581756303894974
-0.07385541190310145
0.025291340932904693
-0.041966520293712055
-0.3035939336006566
-0.007961463701990096
0.0723770654559736
0.12012689563676374
0.0368222541861293
-0.01746721410216594
-0.03458150683886732
-0.2518867622644247
0.11700591583924491
0.04453163404343156
-0.0619630891912732
-0.145616448992261
-0.03990994926622568
0.00420841756291215
0.1730270440553571
0.2966706337463795
-0.022179447993928215
-0.32308554162058634
0.27041092255118593
-0.20399335071489977
-0.19369603978731015
-0.19734722740646404
0.1228165859122986
-0.07167284069154664
-0.04284954329834091
0.32737799880029
0.04302222858525368
-0.27215247208399546
-0.14476041162051986
-0.12288913501095261
0.24666736266772865
-0.25728050736655583
-0.13262803053975578
-0.08071816676757726
-0.056625078696153436
-0.0393762594887769
-0.09437100670137204
-0.02900651696949894
0.19260705416873738
0.13103590674147353
0.11302201096884669
-0.15297703163568102
-0.3419716470182458
0.11611108789216397
-0.16202658390925725
-0.06315008339313757
-0.111639701583956
0.017788300050376033
-0.3272927273435947
0.029205333318705395
-0.2700140856726304
-0.4357640524509407
-0.1964050104961763
-0.47330416069544917
0.2868119370648036
-0.5921550486778336
-0.40375537134127054
-0.12274619423956014
-0.30717807769679645
-0.015310810957046575
0.06447771355474016
0.03536009943186083
0.1851688480438647
-0.3568445811309037
-0.03983699357103153
-0.04838701745503505
-0.3233797353005978
-0.15245745625818055
0.16720970904623358
0.012409754677787167
0.01110912461733026
-0.49871731980893
-0.5371168944853646
-0.10229730421296956
-0.08442859597933948
0.11696621506329649
-0.022831319607340923
0.007133653894209479
0.02071190696245522
-0.20688251292813742
0.19142554297182302
0.2585164848445837
0.24839684309094734
0.01906456323624005
0.1335956360193249
-0.15407965679147143
-0.14938363619401074
0.12623424128994232
0.12729263550384748
0.03410007618814234
0.16918843708348033
-0.007370802428174443
0.023122409676872107
-0.003947437842248826
-0.11601035359314354
-0.0043890489900100275
0.14506846921906197
0.19834845982361185
0.2666311588412722
-0.32436716834441204
-0.021021457424495103
0.21454354388209276
-0.4284445899470658
-0.002519217339661625
-0.18012198692093787
-0.2739835748213437
-0.24316878875150158
-0.19651718226034828
-0.14138708738073336
-0.07517533962860393
0.14055255975711664
-0.018603419732296966
-0.1465161376016495
-0.08916219159166071
0.4237787688795499
-0.15028422135163572
-0.05831280687625715
-0.40542820863408463
-0.05868335998686127
-0.018285515004410075
0.17569802057107553
-0.1587540542900012
0.12239973873239111
0.029242352057235698
0.29792515484406984
0.20063878980040326
-0.22847846542581865
0.03214199482321271
-0.056501318927171196
0.013397693048190532
0.10098867299386083
0.24146941360164093
-0.1624926995395997
0.23096918949324016
-0.0029207986139318295
-0.02730539059536086
-0.024866452151736888
-0.06807752590017337
0.2448069199552785
-0.1054125273741467
-0.12963744866592128
-0.06457587812358986
0.0986846539356337
0.15686151100341195
0.030010764932572095
-0.15190960055298863
0.1842577406234993
0.0434880879784273
0.13552429302349628
-0.030070637919278304
-0.04184184239647422
0.17570130526339556
0.19980478710308666
0.3409721012004596
0.222913500743244
-0.07811003641330544
0.16307822476895317
0.1477421880802608
-0.03514334060244274
0.20249542082407979
-0.139450786487311
-0.07965673492758481
0.0032429187778282515
0.0555283663464233
-0.17885813789104021
0.45094286303675996
-0.08531110630448129
0.008357065724041293
-0.09226796137624667
0.22029954836047336
0.14636246817077736
-0.23564678048968754
-0.11680143703056935
-0.058945828752942436
-0.12044619742667495
0.0918498921575494
-0.23253777698336547
-0.2039390056579335
0.33311902939417143
-0.027094213983056864
-0.09225142226968111
0.1457801970889968
-0.13404564831077254
0.08592379322132185
-0.1270461626207097
0.18494702186131223
0.11123035854849314
-0.1883968865811716
0.06243383079634675
-0.11480216372364394
-0.14546961961923716
-0.087269967960964
0.028504121178823373
0.1070398394457453
0.20340320588447833
0.23060743262934122
0.0922064199555469
-0.25943688160801626
-0.03609884448248933
-0.10855720230338517
0.012931443871504186
-0.0700669153648665
0.15790772003875653
-0.016119555898023285
0.18450600920822605
-0.08260836283759844
0.15541201631310927
-0.2031337789139332
-0.2812972070159702
0.13930718282211407
-0.2404888540923686
0.18112165898483182
0.20902468553065334
0.1920355167947963
0.2636600423425192
0.12847663293433334
-0.02631763950112173
-0.027705562617083963
0.2819185123376604
0.2329312615674232
0.07236374836790163
-0.21236787327285983
-0.09456271053600897
-0.355761896425191
0.007207060396774935
0.04677446261159792
-0.057562695283506805
-0.2638266723975039
-0.31262649915532387
-0.20301932347782423
0.24075204471313483
0.10178173483575431
-0.23805161572424502
-0.16211442417078656
-0.021046679063902236
0.2939743646944534
-0.16914542914690078
-0.17631282189355832
-0.1491605569264498
0.21665452781593794
-0.20115081095767584
-0.10651737208143966
0.3063194274480797
0.2373947210987125
0.04412230136462491
0.08775274996715604
-0.04138226005032863
-0.2846033385026369
-0.22878620122527393
0.04782125401755034
0.058098210104177185
-0.03934356307769822
-0.19969630005679315
0.3064629196195305
0.004288935586459644
-0.04134340951801315
-0.1872962793663962
-0.1368040994516521
0.16740916202900663
0.1546911957473381
-0.3669730497444152
0.21531951947578645
-0.4707170006461062
-0.17513507188609273
0.2310257332248835
-0.22979597897439433
-0.3921480275821604
0.09478733646217881
0.09540944728818897
0.011710737675265218
-0.014108690331753932
-0.029629818236820742
-0.3983535680634989
0.10848854999639759
-0.013172866236127472
0.3237736470317608
0.2373009202559631
-0.11042877116528368
-0.07661341814454653
-0.18254136129425336
0.15414416786096147
0.1620014862082859
-0.007963111728547849
0.40654804219005053
-0.02490858214889261
0.0916401526498429
0.05799537866786621
-0.09059394745735072
-0.03615213452836022
0.13496243554870727
0.21135605590776083
0.36073312211337377
-0.0825941862321078
-0.33402051165500857
-0.28372471550748
-0.2803964479294448
-0.3240478012232604
0.11357212991687676
-0.021651062765876472
0.22808467971828542
0.33697436198143815
-0.7744614181656228
-0.14648637368975054
0.06953252145509292
0.005614424292292056
-0.039001750914901136
0.29841918555783015
0.05520734812969201
0.17924996636792664
0.38803957199328654
0.18144749478397174
-0.3176697255042879
-0.18899716446838166
0.005764869045639103
0.1279437410503301
-0.05202306525448164
0.0275191413675046
-0.046695534993879184
0.004851781135516112
-0.16591215986969135
-0.08626281717006803
-0.154696921793321
0.027503321139108774
-0.008824862855163316
-1.108553933225481
-0.056687569849355565
0.08060597285684284
-0.010958263998412814
0.3297379291783505
-0.12706726619278752
-0.09143853215268645
-0.027093096659062947
0.22912633487172673
-0.06611637389184982
-0.3031194332912901
0.0953778897704103
-0.03285479674272672
0.13320195420810885
-0.07712105689176135
-0.05877324574928244
-0.0653464434102884
-0.15709590102807194
-0.09096574336324895
-0.06891958133749175
0.13738795310762664
0.04909625883686174
-0.00022722263699552996
-0.17155031700175596
-0.17468221289057873
0.1468789245085809
0.04969384236371786
-0.10798246268792837
0.3522314698173937
-0.023321098923148507
-0.11188005679327301
0.20325767697458672
-0.23744505632541707
-0.03528295902901205
0.01789651811604329
-0.08171404090281842
-0.22098191202955386
0.31160119481061604
-0.09472995642408964
0.15719445507834323
0.02964890457979159
0.07259114441358776
-0.25276077364445454
0.13962584688117735
-0.13080530311056365
-0.021755020717821046
-0.04586739107544486
-0.04358037159612796
-0.1273956320989818
0.30095261515233007
-0.045352314204489534
-0.12544686285394144
0.1073972994482105
-0.2654588975810976
-0.007847660474991955
0.13425998602196618
0.24375059307868882
0.011887369772071707
-0.03543153344195326
-0.011540921326979285
-0.23947522208086872
-0.06675925407422405
-0.15045667471218568
0.12627764317829332
-0.25737763175854295
-0.0627786308971071
0.20721868703550378
-0.11363878443310116
-0.16525820640922828
-0.25749346001169715
0.15232740357287977
0.1290121770475669
0.40338110260893156
0.033724607671908394
0.0563561541288106
0.2156081944570828
0.10199818987391956
0.1699673353010314
-0.06796770836186367
0.06117635382859906
-0.4009177443365339
0.1686677424782963
0.1366378547846813
-0.1643586723972195
0.3577334276367859
0.15753343425944638
-0.3583835096928351
0.13070860349063315
0.2997309391388247
0.03777927415442838
0.12660753258647928
-0.3476871040717457
-0.19811191482205479
-0.18863373443718898
0.08625733627010371
-0.4893516093954837
-0.18196597431784353
0.0909373218890918
-0.11647755709475008
-0.032150594554738246
-0.13073976086824035
0.05211653884223589
-0.3347528542241226
0.07274585238804929
0.1698650362028405
-0.09750982614673866
0.15501092286156123
0.06850779704478449
-0.32093080167786964
0.2024878239692898
-0.1181150942096255
-0.030092203860969297
-0.06486788027367849
0.2726176156528972
-0.06530994327329519
0.1307246654778745
-0.07040966340380622
-0.2212279879456721
0.3093550720308771
-0.07877278376769885
0.03601075745502684
0.30781302660703935
0.46989963604802937
0.12361206856814325
0.1735955318768583
0.02978375143791944
-0.23242523072475854
0.09565897083348661
0.05197499813123099
0.05103043718129137
-0.3642429511132711
0.17885368070963922
-0.0871042331943455
0.05491145227058158
0.11971472379019259
0.15809773527388424
0.07075638174666884
0.11256521066161597
-0.39782545628035615
-0.009907776102057042
-0.11741195285040187
-0.13870582081391808
0.27232900662559006
0.15287091356908591
0.33064924466899603
-0.09434652907244147
0.01834586395925452
-0.030829317130839008
-0.22158916335635112
-0.011173464235797598
0.10675141195756334
0.031202509677175295
0.17801268279824503
-0.0035692275373200716
0.26271560777759295
-0.08523179129451162
-0.04372994102591844
0.08431278952469758
-0.43255355017584785
-0.03265062477919846
0.13563901581922516
-0.25664114719454156
-0.15248520409153715
-0.02594062222505026
0.5060983234030673
0.28598167204787733
-0.07627968649871097
0.04300620284459031
-0.21202034860119093
0.08407566336909228
0.12975942489959483
0.16222935970585506
0.21137050511460037
0.14666572794862454
-0.3300375979958493
0.013820609210728517
0.08890737994652118
-0.12515712352886538
-0.10159159408595743
0.06352267505705861
-0.18896899460963604
-0.2633587953942577
0.001344965582654096
-0.22520843455789863
0.43108515133320313
-0.04438299637425853
0.1902309872789823
-0.08268522395161647
0.178035829669289
-0.35668895984855986
0.11676183892896055
0.5618819180298031
0.26407662441474467
0.19575038892268853
0.09287251629157135
-0.10726644299664179
0.20123160825721143
-0.23913143544643367
-0.15003346663017972
-0.021129417728031116
0.19154891032749796
-0.17721643344950339
0.09372229952093201
-0.05675317078948618
0.056068177218868184
0.18238773524104068
0.29564424270739686
-0.5357193302576202
0.29254300518652443
0.2109800362849846
-0.06799114487193635
-0.1277678505432869
0.2941030497678384
0.10281053448099085
0.055743118921047344
-0.020369660786876166
0.03089539247985888
-0.0730981493025203
-0.015732686890936844
0.3569407880454669
-0.11274875742810367
0.02364644064445917
-0.07794555696920004
0.10964058456617277
-0.07089059189580818
0.4157924855455753
0.3688768376729649
0.07205339536359649
0.22084370171254256
0.06739628721326718
0.18473584008454663
-0.11689461888784909
-0.0833224222518146
-0.09034248817287505
0.06670943992688445
0.1707471603202318
-0.22501199618645232
0.14597829032828344
0.2445079522273111
0.015852314518897195
0.1981879878108182
-0.11859493882477797
-0.05823601114215044
-0.07935767305399209
0.05865026917153397
-0.2347817447457107
0.17596304950689273
-0.10317651844961004
-0.09228429207200826
0.04584958801001684
0.0016172926130218752
0.13314716981561683
0.007502653845443243
-0.02085033561608571
0.07235315335489281
-0.2584450623830093
-0.08053921462087366
0.3180391354675445
-0.1870127020012141
0.014003910520754934
-0.023466660570119896
-0.032626403152592534
0.030340719192513303
0.07456393745858034
0.240920070156713
0.2321351072240445
-0.2592269886960031
-0.3022691560628492
0.07706064431158219
-0.2388257495142625
0.15224726801364197
0.14439558025120686
-0.04529644248852593
0.16415885776209074
-0.2596206244785162
-0.14201953000939568
-0.19518641994761965
-0.3935196109386646
-0.31792155935609123
0.018189048593631144
0.3078735948782458
0.024701943105372517
-0.010755480288669409
0.001925301389794068
0.40496803109511464
-0.04881125714051582
0.15025173301855088
0.09936570779612651
-0.17822433782472827
-0.26216365814640247
-0.027861371209714308
0.07841670119285594
0.10867290066959542
-0.18562644844480006
-0.03874163773441314
0.251664423013245
-0.17680132328977322
-0.11293111580447232
-0.14107774602350534
-0.02396994385349002
-0.09426295087032377
0.17927542280464417
-0.10738481411199854
-0.2931525482572475
-0.08814571299167975
0.19565540801148854
-0.12148564004512352
0.08259994189798821
-0.07935858134289529
-0.10975536692267378
-0.002733334209265868
-0.07360289317879735
0.023039966016255527
-0.13278421551769992
-0.0228129219564165
-0.020522636102118016
-0.11116535831304131
-0.1433867008851579
-0.116465623702465
0.12393818089532477
0.09134952698614812
0.029807032936564632
-0.04176656681977905
-0.14847464895383655
0.024394661803744437
-0.012018470110028533
0.03722353078804513
0.11989242330062537
-0.16898631415502985
0.2231044689099679
0.24159471876163824
-0.3051468273982728
-0.3648333142188231
0.10446055992221709
-0.25716142100737205
0.09204600371413157
0.15727985452385926
0.03135873912658208
-0.13132026650043746
0.08394825491190155
0.10222971276406435
0.21221185327310216
0.2348892005034635
-0.11413263394505427
0.2546160280761516
0.003125008693875228
0.21038785696254825
0.1372552432492043
-0.3185299775221445
-0.07303251994219953
0.02522548206382307
0.15307928653538386
0.3844166679793185
0.2309349443059701
0.09990728342735111
-0.030021113171203737
0.3099478511060979
-0.24422405002091077
-0.05163631539188738
-0.12125778394648867
-0.14326934603261535
-0.18483211118766305
0.16059060576242204
0.22193130798713506
-0.05709504663901791
0.18763034638368375
0.059216723241413444
0.1961752642700934
0.06788772773927407
-0.08798585798076647
-0.050456818960066034
0.17793612317842136
-0.019830528280574668
-0.22183440496128606
0.07927424315461382
0.06257932076127053
-0.14610516603564278
-0.2192322395195914
-0.02372546273209616
-0.1319194531671007
0.024818683990088443
0.11718138479743083
0.09895566710199949
0.025295563267570296
-0.3220571477747048
0.17353697960728276
0.09030616998711792
0.043209144582227715
0.23763147458931322
-0.07430966244779134
0.24218277862135004
-0.04103587781354466
0.18651357573817
-0.08992189758158617
0.4051613038240134
0.029499542660354542
-0.21180890007022
-0.07240116185023919
-0.1088978800069396
-0.3403682862356568
0.23850433661096423
-0.016699873305949752
-0.009078013251254312
-0.07496555680212992
-0.0039058380313783487
-0.2355118886318196
-0.08778039624706178
0.05711821178542277
0.12655036022530738
0.0034127299142536686
-0.014181983570249933
0.05418172351633437
-0.18691185491815096
0.38497645695400834
0.06479665919813846
-0.013547585927223592
-0.25856945547451854
0.018496585086936048
-0.031447253191922
0.012867323401946634
0.18713240243967458
-0.013190061299692775
-0.0756231144858379
0.07020086467357789
0.3589751858194149
-0.2483868652574762
-0.16789926177698566
0.04084202064460857
-0.20985097755612053
0.24558327145835857
-0.06009460442159251
-0.007859704153928
0.30299879151049325
-0.05046599671700304
-0.11374112679994557
0.06828663673427494
0.3456436369800592
0.2138596815950567
0.03712328378103148
0.3788523715244599
0.01493406235004663
-0.2972052859798622
0.07105464486332591
0.13708116748297938
-0.08816108204973266
0.09741974429221817
0.08592349002438095
0.054826745507072665
-0.09525619082478892
-0.3321633211525669
0.10431910686468655
0.07878093648540821
-0.11510816521641967
-0.25248535569176506
0.263351394239368
-0.09585750418447678
-0.0270441577863822
-0.09146476970274067
-0.012939262886826485
0.06563326345623227
0.1223228423251326
0.1636159618910394
-0.013029193296894568
-0.04020082187451822
0.058660961443545795
-0.285946857383602
0.10393396711335787
-0.14896280555086863
0.020954228847974852
0.1439830407721612
-0.2135288964114835
0.2483335941543143
0.025869251780822368
-0.3305752883345605
0.019484836044812635
-0.16388093396057168
-0.10851393025543417
0.16368715724518254
-0.14807785713491606
-0.36427726707332825
0.13133784355608405
-0.028194995945630005
0.013596174903187944
-0.2017292773661965
-0.19284019084427803
-0.24445175197807653
0.012307084054086868
0.23583472505577624
-0.19178561561171917
-0.24991660959642886
0.09862723925199136
-0.1409165326393962
-0.01815937839245974
0.2747388395998868
0.3053418291476855
-0.03163670401435266
0.0011384061323992758
-0.011602868990328299
-0.0064596726490937645
0.26753082264453415
0.18476705008576585
0.06939877138819309
0.2488038714947974
-0.1568901562543048
0.10065116296726923
0.11868018244530498
-0.05682390351697952
-0.46220235012752947
-0.19614509947996947
0.0064898645654281086
-0.07965824796563331
0.04606879529465789
-0.14240972481205652
0.029200766135203192
0.004511629947431758
0.10841191334168347
0.4376854733325041
-0.022956192429101803
0.13375020830235765
0.048428378090308276
0.05681576361560452
0.025953618006357447
0.32974658774282256
-0.10893153174878975
-0.027509090152366945
-0.005472779494989869
0.2038161830366577
0.12184976823675754
-0.15013958984300535
-0.016704706055500777
0.0011108770800544135
-0.02180371818112637
-0.0468654002201465
-0.10668277010441692
0.12941536519838331
-0.17489381094263842
-0.05408209620714051
-0.07094750816680769
0.07850629626087839
-0.09875410440170945
0.11945669250247763
-0.1955000851968286
-0.02205542374312652
-0.19592061592729643
-0.10965560918319661
-0.06749144276443571
-0.3923266150820925
-0.006175328686667049
-0.18196827034016666
-0.017709670362202428
0.09652646599539687
0.06466120868500144
-0.022840259816132295
0.265783336590689
-0.3262507969796897
-0.0037470818219148654
0.1798050474047207
-0.03104170121549351
-0.04870471692427435
-0.026273636527373904
-0.13294412457610047
0.03034801262934097
0.018068537198638303
-0.19715778546809717
-0.10062878709927149
-0.0263699910053475
-0.12153581857387723
-0.16704899663789433
0.033302140110622824
-0.13339783455667908
0.040218591042252776
0.1355535016273918
0.17918735190802923
-0.07868869148300774
0.05632639424253522
-0.17792413671978488
-0.008085910429970916
0.01567073106194255
-0.09144457034531063
-0.09108406457180908
0.1770034636927158
0.3360880234488388
0.1988924155975218
0.0005117201753880666
0.1618474694391108
0.06123468845907822
-0.006578226686232437
0.17274418511143
0.025850457232079044
-0.03983386264539923
0.40168264277486204
-0.001684447342874031
0.28388834678057884
0.15709739914833237
0.48244749350419175
-0.32675279171461546
-0.30208430196371894
0.3020410681892955
-0.2705006420908087
-0.09615761197224504
0.04125393785589593
0.010144350934808009
-0.29304042592563945
0.2887936973259558
-0.31953741235875094
0.15030537461697224
0.021978815521965962
-0.24491500713431139
-0.04711456091775991
-0.06250949086291457
-0.07261527589355112
0.03862282785295715
0.05483033835097379
0.050085951465848134
0.23037322413975914
0.03184076480684297
0.14839145969641218
-0.3242969344303847
-0.18100116713549258
0.08537425366320835
-0.15660539674251114
-0.09034471604181746
0.03861756084577131
-0.11129587286823307
0.17534951728948694
0.1687026753603799
-0.15390405554521416
0.03835866552246462
-0.1156406925654878
0.103421527518754
0.136173326733331
0.2017905944312947
-0.06254007762942707
-0.06657915148136234
0.009221572909928666
0.0658448040864661
0.045384221809218986
-0.04504884679631134
-0.2665279214662181
0.11443022203990569
0.2429579097272317
-0.04987054327724834
-0.029844861205803586
-0.1942726931881494
-0.08694137497954775
0.140362334774571
-0.41719385437448225
-0.13470947850576112
-0.06593832004287199
0.037906638520127114
0.1170861442342508
-0.3171828593268866
0.285028387763373
-0.2618389645526428
0.0452529112363241
-0.2139861848457559
0.022645704036116737
-0.04433935571837988
-0.2017181707839244
-0.05868428715670289
0.16333321506636098
0.13669654691014255
-0.22950879234202864
-0.1540389289803473
-0.12332200115489421
0.2604669634365589
-0.22970006949645805
0.07755009311979111
-0.038395826055559114
0.03848160970498714
-0.2064846025541296
-0.3540784917236328
0.026368590102674533
0.04068055645485201
-0.040947544965871004
-0.024483411285241306
-0.04365047201919655
0.09886458308887176
0.12701411355457157
-0.028446730489745442
0.3345166125366165
0.07137994311288247
0.3532019000746857
-0.12490321278055216
-0.06280310777895089
0.014380140102049545
-0.02291507517551007
0.06776572188454688
0.1030381685951101
-0.06709587389409714
-0.3133003953914598
-0.01572397506004062
0.006656671518880203
0.48854455192256163
0.08573333089224723
0.0660513303864846
0.24248807288749852
-0.5600729404225273
-0.24263306756926858
-0.02072170115155018
0.1537110254218456
0.2659913924517306
0.20887288002434387
0.43322674279302764
-0.027767144148438984
-0.0244295507498199
-0.23314581490256092
-0.017589315772019772
0.024536191051137957
-0.2465500776072192
0.1029423097708603
0.1876595638262061
0.12012814696824023
0.09853956183737854
0.016850239215650917
0.0635920650239987
0.03305925119579252
-0.2837073178200916
-0.03144431072001237
-0.012863025307073516
-0.14342532085229767
0.5120733300982554
0.20787393138435079
-0.35180848138380744
-0.01066558634439525
-0.24909081677577177
0.2817176063867368
-0.0809278295879238
0.00985516004585804
0.20780669442634148
0.38720124798624916
0.13026841759795316
-0.1833621624866232
-0.004700141554163866
0.2189891291557187
0.36873797271752656
-0.08856260456034752
-0.3906025839814335
-0.30561739949162975
-0.2773811445181649
0.006085512051817668
-0.038371326669594426
0.059851686444315315
-0.017950881405800687
0.06540613851128431
0.47540556691891656
-0.15531918294597244
-0.07683514342225875
0.0689687917189022
-0.15602927296007096
0.08144951421816558
0.22856707935586787
0.15351078086598394
-0.24395711515130689
-0.2664434450576278
-0.11597155390413359
-0.11105626190329197
-0.10710735730298249
-0.07480556007038164
0.028364439268278092
0.059984358143269134
-0.258484467072073
-0.19658410495180056
-0.10694392741527159
0.25533947346283703
0.3675707992154757
0.2653105395374148
-0.10914521974782711
0.05933400867454433
0.0018730917541481002
0.16008769044048382
-0.09950411570874794
0.24316813701559742
0.12090223490734443
-0.2524324646288382
0.14911484605886227
0.001697801675114973
0.1853816030592197
-0.028881007382538616
0.35803637082696976
-0.11978639195745627
0.1424227441535791
-0.041749812149357635
-0.3850790004386699
-0.11552665476288763
0.5891977646184902
0.08731050791333833
-0.08618971064532564
-0.058356498049684194
0.13841447001232238
-0.2719311884705622
-0.07962916489441911
-0.21072610345553838
-0.15673038400284012
0.3480349531471998
-0.14541155249213947
0.05414194756500356
-0.0448728614445286
0.14281628828908388
0.002060928578406688
-0.22154160651223712
-0.2477804108884567
0.2207438170535306
0.029038695179122286
0.07514025015666372
0.117556538760548
-0.2730244803373132
-0.19847314791524598
0.0058038858150641255
0.08928378223972946
0.2687319425935413
-0.14181199568891883
-0.032665338956274395
0.18414068449308663
-0.0372388224468426
0.1577643564788579
-0.11159378457828338
-0.18176064690347177
-0.10664193748006383
-0.11117369366124785
0.3782003080967703
-0.3625123884483341
0.09731128246170175
-0.1959879640352882
0.041449205639031136
-0.009893133529969731
-0.14130835898463362
0.0091469990927857
-0.12538020891839352
-0.20909306250228
-0.23797288630697214
-0.049218285610012985
-0.23990354111508147
-0.11367675736447734
-0.09992688671979841
-0.03072963619294102
0.0558711505526039
-0.20011344970873549
-0.14319604767334007
-0.11169428382923573
0.022637120137268606
-0.141718721618457
-0.09970667931937695
-0.2911875054206864
-0.018675833062955907
-0.049783903036230134
-0.12885212982000216
0.17538206937032647
-0.03570041819112289
0.1330168940623982
-0.28664966120004176
-0.2834236714323853
0.0020583340475090884
-0.14111571541193793
-0.23565772801771973
0.07807359508266623
0.12099594004422451
0.3253204516573206
0.23439221141876868
-0.0021475465236550943
-0.5268642707974496
0.02055748441561958
0.13351070734849022
-0.04218165430268692
0.15049632821305464
0.19097406391340102
0.302106205455434
-0.12417084025335035
-0.08907302685743375
-0.022644249983447867
-0.30901815400965243
-0.08707571951863675
0.11601359032560993
-0.11101235687998656
-0.08712525920210624
-0.05587747374105235
0.013646175674717105
-0.06717911903013109
-0.2308002484153245
0.03934238255847495
0.11612238081244385
0.2199933411166941
-0.200627986799113
0.00010192805025269335
-0.06362222744290334
-0.43874678680511486
-0.12717566268095187
0.022361310991976076
0.17789756435285686
0.021347222226081475
0.13793991541458095
-0.33134814551097325
-0.04608685509191293
-0.05996191577616689
0.018836376546836064
0.13142295919438096
0.1109524814964742
0.1282389398812043
0.030069611282338628
0.24850346897805528
0.07041862450451486
0.060741404066309686
-0.16743973744123775
-0.08328255168854266
0.055090835954522965
0.21398343614318313
0.10222995670817438
0.02193768812664505
-0.033239632361675535
0.24071501419263305
-0.16081402634777353
-0.12412774974990667
-0.21665215776301808
-0.01660620913881141
-0.44517806583968866
-0.26559302604306656
-0.2173039588098316
-0.0798182170151075
-0.08289011694993514
-0.21859939620828484
-0.43263564025742596
-0.11697748144818178
-0.09699564432170085
0.07793140816837073
0.031480398053757075
-0.15788879190916227
0.030512445729512172
0.013849270557447328
-0.1736998488925047
0.13715050930564765
-0.1659878735332755
0.0253602909645176
-0.13862023170769688
-0.2298044069116913
-0.05981864455052968
0.17063507560745797
-0.2371744320401734
0.06433623119807036
0.018897711846434666
-0.2589088944220651
0.010494378831280255
0.027450027243344655
0.15379954833785917
-0.06950827869264879
-0.14494643572896862
0.048711466576384935
-0.1374739770397173
0.293576606115005
-0.019623522865335974
0.03786619553793456
0.0032083297186062533
0.05535697930346744
-0.16499078138006998
0.20377182927167095
0.04318796576870853
0.2176694784928141
-0.23787300560168648
-0.03278154475284474
-0.0040199351322035915
0.03161882677761798
-0.05939213794248548
-0.10347553674876091
0.13881402766612516
0.15104284748437521
0.41584897146987926
-0.25980380779960616
0.21404395588324657
-0.18388560802384307
-0.3035145075427052
-0.19139758291749226
-0.019875853354910995
-0.32010873333989404
0.011943431112539132
0.0005695026646442774
-0.014081077621922952
0.007319685644902251
0.1962156124540551
-0.05522820931565027
0.07953420724050261
0.41715444506301924
-0.20196947119015324
-0.043246560626005834
-0.11077545744875632
0.14026641622583097
-0.011694522415612623
0.39388425888855977
-0.1973065574938419
-0.14909582487119244
-0.15906183112555272
-0.10549596244938927
0.1410638420166511
0.12320746867162681
-0.1714078038342702
-0.454243202389053
0.12606821994737816
-0.1767121835126324
0.13585745304954047
0.10611197688526852
-0.048471073091823864
0.1964392964578205
0.12549023807266538
-0.27169827566218774
0.03397392423294464
-0.02926813800212203
0.02263403656454312
-0.09905052231007659
-0.011082316232013535
0.2410182439526359
0.03887471222204404
0.048089661348064326
-0.2358002173759554
-0.004494340124900604
0.1864388931817824
0.174593490913788
0.005093128294662046
0.3534630918679731
-0.08725715282113297
0.2960299301228683
0.24590406890937694
-0.022667297855791295
0.0747769475312445
-0.1635005494642149
-0.28878623735025505
-0.0857305849064761
-0.21649073326530394
0.2777642472191616
0.1626701933876972
-0.014313940550969616
0.0339141730220383
-0.0689724138237981
-0.24358767777659612
0.020331549876100696
-0.053747723943266844
0.25245776317934954
0.013359203712366442
0.11893531924955682
-0.041427458774616205
0.19833824562537633
-0.020891760664791443
-0.08715479015779343
-0.04920267916179439
0.32324507493087395
0.040102920928977326
-0.17652956966678132
-0.010408672001004612
-0.07343719469736296
0.16808938853841196
0.2301554994368987
0.40081324213028313
0.08466130260895209
0.14273483522490288
-0.007985874635185124
-0.13458581186742624
0.03556231133704526
-0.004895316494342913
0.1978432298857947
-0.0663024638289445
-0.018118611515697523
0.335609874653031
0.1307063969563982
-0.0787802696773196
-0.08175770781620705
0.27471512140117843
0.008079419945522377
-0.0015369913516342748
-0.16328597018568644
-0.339591082617742
0.014454462682680578
-0.05337975397659779
-0.023938072594331804
0.05508784315264574
0.16002271088541173
0.1639713191222277
0.20773963889803707
0.06191797181506995
0.045217107856198833
-0.06434350573280369
-0.16497588007041952
0.2844344611942802
-0.04452150305411141
0.11298420790814981
-0.42946322954216787
-0.02698541563956082
0.020831181322916257
0.010970088761292029
0.3335134159325697
-0.04623014592230206
-0.006700432045378898
-0.0917230832816567
-0.2376210084021433
0.2558168279031222
0.2813150832833388
0.0206066853813767
0.03577132790192694
0.4254528819060998
0.010718971647019373
0.10880725443144539
0.10159117721301936
-0.17898800184925998
0.38124439110606995
0.17238322403852877
0.20276621393450453
0.012394891193490722
-0.1504986418789549
-0.12407572490666387
0.14664114109209375
0.16486528051264443
-0.30530660220599104
-0.1311382034657864
0.004382816599260019
-0.024794073654984095
-0.13949771690486495
-0.26241372249223577
-0.21047636967253136
-0.060758728112716584
-0.17969462883159903
0.0739026148851979
-0.15087309441972935
-0.34507846913936424
-0.31118670529502823
-0.6522501669866472
-0.05416422440719049
0.06466696195958745
-0.06744112197172168
-0.18873277283729298
-0.07897147371510337
0.08513804793132868
-0.10134307358222991
-0.08302389584553886
-0.185876545198364
0.17276619880090863
-0.3759478238299593
-0.18150112121209044
0.14459817022144628
-0.18578677257350998
-0.37539527215726665
-0.06602707269138186
0.2033827731945823
0.30838474200408084
-0.05560419314567585
-0.10846986849688305
-0.2385728726355826
0.12906649766919098
-0.15685199136733483
-0.369809032336153
0.07069039997610663
-0.3024579688080634
0.0351730861468348
-0.11788217651828141
-0.24676701219348293
0.19231848477133506
-0.08886214409696583
-0.13158540125278784
0.012024188224392976
-0.03163901261939886
-0.10739715197005283
-0.00726917623251859
0.12696000060160242
-0.17631112021145898
0.29666448820196334
-0.46424055261239555
-0.1244501645398773
0.13127575424970261
-0.13429976178322686
-0.2168319032363981
-0.4488997849247169
0.08545298678217693
-0.5064672203482449
-0.20029194780192172
0.1483722483796431
0.13127745917995184
0.02485547333809547
-0.05804488142497203
0.07512188571254849
0.03588835861847436
0.11282625924215195
-0.19975659647573477
-0.10250058338850826
-0.1134815906948191
-0.1376937715848304
-0.06957295103134717
-0.6005919632169004
0.17192570952469388
-0.21699256534247205
-0.3041499869444602
0.21850269167262415
-0.32929590089303634
0.03914600080470946
-0.09646785580375995
-0.16704537501005498
0.07792159780210266
0.17060877223712123
-0.30086043222184267
-0.0619956129367507
-0.0007197818194680341
-0.02018968202092947
-0.29634423575016733
0.47949524544599087
-0.28189881589831567
0.16959494192426885
-0.24934913720023735
-0.11309179308702924
-0.021843265552642547
0.056335200563075824
-0.26095168178843237
0.18610233834404802
-0.181164282445628
-0.10966102094065387
0.08896066816663976
-0.27386833013395473
-0.22601867478734883
-0.06603484448178688
0.0013208797515744594
0.07659593714403327
0.15008438540492292
0.3324469552644675
0.05630610441569294
-0.04390349834709119
0.01753094802303995
0.03285754626685214
0.016449215394339765
0.18397100151032816
0.00654308966229016
-0.03655690524159484
0.08257990326541147
0.11787651973164973
-0.3239188353439128
0.08060872449017592
-0.12313939502622674
-0.09323025226955332
0.05781770853822399
0.10146916938198587
-0.005025864675375836
-0.11246154831307568
-0.017526162803251734
0.20952276706340578
0.15307939007947813
0.08148613681898205
-0.0571009051185042
-0.043546226172852205
0.11515086952780194
0.29446815541995114
-0.5054003558643314
0.10354023147552464
-0.04479874359939207
0.2283013469597929
-0.01918250955716825
-0.12244833246130775
-0.19170611474202637
0.06277863862566029
0.23930511242411945
0.09054980073830471
0.046262134980778594
0.12575998652516704
0.047740031279572395
-0.15902168790125829
0.008761136971315907
-0.07699942095866498
-0.17403709959688296
0.1379224791298636
-0.16158822322713
-0.25992615030134003
-0.33915983244336334
0.21316214939364195
-0.001955107649198067
-0.10106189126695127
0.0711244161596977
0.04985988886901735
0.10325314056298254
0.024711464377696148
0.0888234043682388
0.06358300487641971
0.05800657259901897
-0.12269611932233505
-0.09639552342641965
-0.08307803681192616
0.0122449288261706
0.024892160095053004
-0.11163991069629081
-0.019852401599033443
-0.2489737009951246
0.04599751396907708
-0.14025642059884952
0.003683613392958531
0.09547401350432913
0.49901559122908606
-0.13329697687035386
-0.49004323413790224
0.008305882530897883
-0.16652637680536336
-0.0013406599684976617
-0.11324488599763129
0.04990117175866521
0.015488737512156481
0.14450372954552634
0.3313794477779967
0.13690855138423932
0.1846788568553656
-0.045223029242932485
-0.6683013280111837
0.09210596767525929
-0.06786361265351776
-0.06581329519284383
0.3197903852437923
0.004695283237788457
-0.01612570354036059
0.07129487781756498
-0.3548078924644572
-0.11275556562718413
-0.178384172136081
0.4385786132776469
-0.026611132847738302
-0.10996766669159562
-0.15779721189868398
-0.20555211822560154
0.10218363055454498
-0.10745594420961255
0.16968766363909127
-0.3693485152735734
0.16214629858673157
0.013259015794109222
0.09566515297247673
-0.24769709950870478
0.061492712036713956
0.17864072971934578
-0.22110641869559794
-0.06176886645165657
-0.5252409628748749
-0.1444892009188177
-0.054183165091436204
-0.05676296574089615
0.1929097471616238
-0.4538727346843216
0.03247601242566385
-0.14949698324176888
0.21496843510475414
0.11253157720077159
0.08679359892388547
-0.24277952304975625
0.04839168014577716
-0.23702161128655794
-0.1767403845459164
0.20752091597778471
-0.4535574163565817
0.15347036298283498
-0.23305413192472507
-0.1680835925207585
0.30493392624978105
0.04166855030783649
0.17563802698591965
0.054823508825271955
0.0801617417579465
0.15600223063576565
0.061735037344362066
-0.12139345920412743
-0.09653058123499723
-0.056510318196538595
-0.3255554918999993
-0.309348462468198
-0.3630518530793766
-0.14883074159526707
-0.12374982157102449
0.0339035561494147
-0.3410239777461147
-0.17343113893357123
0.30249571209489146
0.05689788231121488
-0.016457112883415965
-0.008261731684885195
0.17273046305409845
0.1296751606892371
0.04149072124925457
-0.1975207219093226
-0.4943293758900464
0.13952994837947724
0.05778164775747529
-0.20835514878743439
-0.1267027445726917
-0.1542275572345115
-0.036338714900068785
0.09331768361489944
-0.1881799674300199
-0.06856026787066047
-0.06913608748077851
-0.07873590222666442
-0.27333842208596576
-0.4109129532410712
-0.37115357703168217
0.021453109251686475
0.04472845153650495
0.5943107611987685
-0.2027034229374136
0.041372810191105
-0.1553156747995178
0.06290463491240939
0.601598655763352
0.05662648238616961
0.11676898145000708
-0.08045228122354676
0.1622267602755341
-0.04542481020486072
0.17358076688831167
-0.17202662946175606
0.005627940457401224
-0.10883177396354235
-0.03777851631744831
0.09374869424723255
0.1910234376109006
0.02443232683992465
0.1410008025420175
-0.14841037294253617
-0.07740886237126081
-0.2900943107440786
-0.02470646430618963
-0.24919073862381072
0.13700537992451578
0.02138640035874645
-0.06645075273287973
-0.29816314245688763
0.20447995731917504
-0.17897848272306144
0.2061732825667538
0.09527595230908134
0.01804883619868905
0.15169761138024626
-0.4852515511945638
-0.05563466605533973
0.16494978348596184
-0.4407051547079335
0.007946297082171545
-0.11104717237709315
-0.15449199699824265
0.009486822070594174
-0.20453732567468103
-0.6751625183138239
-0.06858366495874188
0.005306478644515985
-0.22452093237275608
-0.3941206119364112
0.29330314463762874
0.19960242689872656
-0.1596226193539365
0.11379031478424476
-0.4258726701410662
-0.1333807287655686
-0.26894862806362635
-0.12434290224528105
-0.08753482046463258
-0.0076907234226470484
0.27790688714133904
-0.11468303350729223
0.17818812468453513
0.19582500066881123
-0.019742710896625004
-0.05836542518002398
0.10830976360899991
0.06239337116813186
-0.21809430168500593
-0.04158284296481139
-0.05429639285089651
-0.2870535713128948
0.47258927855646915
0.010975174467228154
0.2163768275055224
-0.27177272564990745
-0.07648369724776556
0.1217769460742709
-0.0499316774101034
-0.039038920618552506
0.14050366641646658
-0.08471227403623074
-0.05269306175167587
0.04280780879608705
0.0916779009927574
0.1862098981465129
0.3326995919635299
-0.3214192302231045
-0.12002373974694765
0.0016353610680624403
0.15342107206399755
-0.06904813537881398
-0.22726111979355634
0.005947137657974698
-0.20824130747321182
-0.05601869162241373
-0.03411295060806504
-0.1876367742554292
0.1147002368043432
-0.0007113720021614284
0.4208982320454391
0.25385439212141736
-0.21803939614926146
0.12956304803660085
-0.02229545491311195
0.4280801355597563
-0.11130115579999476
-0.074237318083572
-1.055400865927336
-0.061135953268193044
0.1607535772711462
0.08429580697506264
0.146484888047925
0.07255502033430443
-0.11145088349062363
0.0952006131529427
-0.025810444281477204
-0.2840031266347898
-0.5330294698773035
-0.2895203926734448
-0.027623099669570564
-0.07744568025705413
-0.19420227673375462
0.21163085926556438
-0.08918096017438773
-0.02719840345584711
-0.12177372076368155
0.12164761717904406
0.162455104688693
0.007755730944544615
0.24436836017530233
-0.10504696954208005
-0.2405240169179
0.14427739225222838
-0.578079870022317
0.08866558945156702
0.3912263905185376
0.1184022816199879
-0.19601744811866467
-0.1970304662440825
0.14514929864704082
0.3626503571013988
0.08823525913856956
-0.3133105962893327
-0.1122099608160071
-0.08572583427168454
0.1293884417277785
0.016920069304306496
-0.014431170380907469
0.46298594569686397
-0.37468409889407844
0.10943172260177786
0.05055025400743188
0.03422219518477402
-0.06684025099386166
-0.09489795589517677
0.015782917042284347
0.05536502701395754
0.07823773711687412
-0.10130347844190501
0.04975322819509084
-0.02303947999939214
0.16525984526452842
-0.05647171735477087
-0.06790942805702865
0.11881585411953098
-0.34083834108274663
0.15764891273230122
-0.007271072309070436
-0.01975423005070989
-0.17603705983472873
-0.1895269468678894
-0.09218013165149777
0.11688207868373371
0.38474620666538073
-0.17334922414927495
-0.2009855184502634
0.08146500251880992
-0.1624371412360065
-0.0020338594756750504
-0.11894382101166484
-0.15677824515608776
-0.5205552462529176
0.130645979268243
0.09813878819527741
0.19697474109086624
0.31965609298577324
0.09363265679987169
-0.25254242360276785
-0.09762943753360956
0.30752140404640377
0.41315052026246724
-0.18218877818388002
0.20076836008591115
0.025360099700059934
0.02194762768467992
0.05411716673603797
0.15764892133491784
-0.005254602815141514
-0.25046437420050127
-0.17459930590120454
-0.11921617585008241
0.03244015433466983
-0.1811815816504861
-0.21291309613546147
0.07315433996161808
0.38156993582613075
0.04633934314925023
0.10586206813287477
-0.0752985838757154
-0.06162077396689949
0.08852415164153882
0.09939768853732302
0.3765158974250532
0.1191792387982441
-0.3084129361055366
-0.014253862297171096
0.2290638887831493
-0.0968509153916775
0.0945198185270669
-0.024668465896515064
0.12412152698544729
0.1596692016080405
-0.11356432039338488
-0.026798895441703382
-0.3296673604164053
-0.439078086168871
-0.08412187812723344
0.17732345857027793
-0.22144538074435446
0.08960343201463719
-0.11944424711795974
0.14298898517004974
0.1964856700219858
-0.14395310861865568
-0.013083852307746157
0.05006429377945848
-0.23807215925444583
-0.11744514108101134
-0.058673154294187194
-0.14289361097905132
-0.39142640781184745
0.14231392363224943
-0.3226295982178687
-0.018804621415532283
-0.02573437473092161
-0.08491763686090455
0.06838061350991663
0.1779254145562381
-0.11057452495495605
-0.07079268148186478
0.23319975320858768
0.394436267854227
0.05054630342317105
-0.09335904907764776
0.22735932366101255
-0.37509110823631653
-0.05218282207008346
-0.07466869206214832
0.059081684048169804
-0.05113199715184743
0.0387238419592522
-0.1800203615787932
-0.30706307824963985
-0.03859645888825266
0.051849396707061644
-0.26497624356068017
-0.10232912735212665
-0.019320561356794642
0.18263607779716232
-0.2841804171648356
0.05766493358308981
0.017853960848208787
-0.09194941151265232
-0.008077048540578653
0.05670551076218827
0.07594962683658782
0.1869756440974082
0.23154727041484094
-0.05999778646799365
0.009418598617468072
0.11318488119026664
-0.051221913439427245
-0.10498737450216296
-0.1318452503689306
-0.16374377810500176
-0.09749693960573282
0.11392169540833585
-0.1638488388467792
-0.14383709940047404
-0.03732286855110656
0.05999434511755537
0.1262812171217077
-0.24473272759669729
-0.16451820311611492
0.07349615555816635
0.0700217926775237
-0.38008893713281156
0.1581865629066023
0.15100547533242747
0.10647685707998054
0.054577431234878106
0.0325305751783996
0.08138395088598403
0.2751353505573332
-0.4944460220322563
-0.3236002913639758
0.012014402469553664
-0.1510785357183158
0.048124225028715134
-0.28498983695194413
0.11775039736212913
0.08240829663097969
-0.1540826147994227
-0.006377423321817951
-0.18635923126594373
-0.25223939421784775
0.19640704075860274
0.27087959343919676
0.012090457319663508
0.39689916424695115
0.32051870971029245
0.09238135435349967
0.1948515312124831
0.10691450414308902
-0.09436129553545548
-0.031200792414510698
-0.13023740698615158
-0.10053930564845834
0.09931671483789974
-0.0664502295298819
0.058441462795885656
-0.06742784885758824
0.17461636358756663
0.03668120568916609
0.2535908339518107
-0.053654343494871776
0.09848366915982396
-0.06145667487457716
0.12413691452217426
-0.1300997797098097
-0.0913198250423142
-0.2980496776587983
0.12388821522277316
-0.047401383780366124
-0.18771014247993867
-0.2231894008182363
0.23882618348240753
0.1668501179238682
0.07209734348699023
0.16522745710057224
-0.07477065148332268
-0.0809690482266972
0.06404666650371274
0.09135032712870024
0.03620532734073323
0.047303412099690786
-0.08459078304935912
-0.10713488794576838
0.14000084798636164
0.2216946653836299
-0.1664228674727373
-0.08440251582733578
-0.054641584874746484
0.0180864307517939
-0.2611145617803905
0.05676530471318595
-0.23447671070042841
-0.012166538578064828
0.1104732063613492
-0.041910742233031366
-0.09851229511626453
-0.04729807697069001
-0.2772576768544237
-0.16359093038338418
0.07183599625989986
0.012993664991831189
-0.08978845321399646
0.23828456583317817
0.13322269594282266
0.10219952293315301
0.23024676698775576
-0.23882548776778773
-0.21307476155319988
0.11321937091053876
-0.2609204843869049
0.03504563774152522
0.06951749703956547
0.17629157212083924
0.19449865427542323
0.11933680420610701
0.29591974716151886
-0.0850647764197616
0.05029777925617899
-0.20282083814279353
-0.15842965894585867
-0.08826542087059663
0.10989436620378655
-0.03691145560426043
0.05307481963993261
0.26109502006784036
0.14356208469880047
-0.4840389885492809
0.37008993443395216
-0.050707523885635236
0.32048683075629036
-0.2628981823679584
0.04898183096746108
0.515466592688284
-0.2535854633908858
0.05445370946859144
0.1396232356349812
-0.0995903366654683
-0.0032092537246334743
-0.28205501044972126
0.09500461907161341
-0.02223438268231602
-0.08060765634985244
-0.06480964825915914
0.21956847480570096
0.00921344720321304
-0.2810678989002093
0.2300027492242092
0.09559834052218631
-0.3437285077428403
0.09222618897452084
0.28945760351770383
0.11884907816708282
-0.1303667646487761
-0.16787208208722285
-0.0012132581332966038
0.07957679336818127
0.13573742871219296
0.0015098330708007068
0.18163293789476365
-0.01245066404862167
-0.42130162536655
0.03575031561192206
0.1528262229077432
-0.23986954636141955
0.057035670878449816
0.13233496743936146
-0.022284114572217142
-0.03637750207548148
0.13889131489315126
-0.044499014999556476
-0.13898912934413515
0.2662333345201584
-0.12118457315826028
-0.13227444531041158
0.2949844617453763
0.1800082976079633
0.30085226998682446
-0.05815537882148727
0.28438013847614607
-0.11854244148142937
-0.06665325068883293
-0.03855323237762943
-0.14141006041613355
-0.10238968433675671
0.3130887966287161
0.0336776086848165
0.14205207103978834
-0.17210631991416991
0.01726043652203378
0.12478988014839479
-0.009515181038816862
0.21155141205144803
-0.4188058861329944
0.07234702753605557
-0.2026086437378403
-0.07595052890945769
-0.207244469147156
0.1811248148253422
-0.03739730285307156
-0.023973191214717162
0.0665636745790554
-0.031109566055022086
0.2367883039721199
0.2676072091529152
-0.18009929351728887
0.05784878999933682
-0.074329326807756
0.20268060606633168
-0.26423476167860205
-0.007457852475880935
0.2806129296744701
0.11962455826829105
-0.09008102487347584
-0.02671617617164494
-0.267602929009758
0.038699916508185044
0.5131559874363557
0.39380359868840364
0.4139600200858419
0.3186528087670695
0.4588146671145783
0.1792043121948969
0.19395133960421743
-0.2238730280824585
0.09304437988453226
0.33640366689240236
-0.037946289076752855
0.08138264341925519
-0.12285479536452461
-0.07800493424388219
-0.02406217102269251
-0.08711507972966666
-0.13915230924366412
-0.2090578097791438
0.2952730481526164
-0.12211360412121593
0.37779386388295716
0.2900503872138909
0.05115088204923338
-0.22179495788941853
-0.11441603814625147
-0.23999318046316956
0.2580534834175408
-0.01653343864416822
0.09833364615945508
0.30972684438213244
0.07291344366954369
-0.08442468291450499
-0.13352963205151486
0.0031056369420966465
-0.09729497282674054
0.2586289848894525
-0.07752350556678878
-0.0006831805178141165
-0.14466125268028113
0.12074434037386868
0.143276274987264
-0.03493852983222875
0.021783747636049244
-0.19944540249923393
-0.0794680328271482
-0.06399538348708254
0.053187879454689384
-0.24818763513544054
0.016399769586798646
-0.3846374037579405
0.09768680654991924
0.0959722895193498
0.36691169453419636
-0.06759098900415156
0.18718777518290683
0.03143526757142157
0.04140907442290148
0.10535683215040581
-0.2409782618374788
0.06342714821053713
0.1855490008130112
-0.18437792827468058
0.06392610778916685
0.06930957316879566
-0.11591892718097169
-0.005949994155976315
-0.23980261437316763
-0.13975605274347275
0.007420575984821686
-0.09971803911306883
0.13780476097153602
-0.10486947137883583
-0.16194983087709394
0.05348787319399543
-0.004322066811098504
-0.3970673912433675
0.04421308932382279
0.18028330586723357
-0.04123397668530491
0.08441634067427344
0.013415093862349882
-0.023575037158389576
0.027746021074820056
-0.1769461192002667
0.29791109627071843
-0.21154550970640648
0.10062423619765232
-0.37407490695032775
0.07955955465322945
-0.32381951022205385
-0.07449053970203304
0.3633212870966851
0.00322951954386098
0.07650486270493793
-0.014453336751115002
-0.1146938472945647
0.11347467907947457
0.2897897355435535
-0.019244159352440927
-0.06547070959297005
-0.0028540220450876397
0.0739604431740155
0.1542171003666333
0.18602233433685775
0.12137498992125477
-0.1137765855241276
-0.00944772264552905
-0.19551285747199687
0.24042211384886772
-0.07899485176368588
-0.16594880903369114
0.05120795826963949
0.11199387236825878
0.08036908992633805
-0.1016720847693456
0.042559681047491714
0.11189006783198406
-0.011738386019766652
0.06711057451653907
-0.22049753831109958
0.23193769185963145
0.15982443715972533
0.11997044272486333
0.028671128490923917
0.1567249709346687
0.1517566781457098
0.03646492023142001
0.22644565690206758
-0.02446062952891036
0.10896590732680443
0.08667042311440255
0.009900301092419237
0.24259411992373872
0.14246324679621847
0.22061854514387028
0.09029671669541937
0.05721064116246408
-0.015081561532462259
-0.2698106011455929
-0.05304315266092605
-0.006798600597616736
0.2683773279248605
-0.06890101496141172
-0.13693426285933497
-0.14126044480903077
0.08289540481257039
0.06112570504865223
0.03755926586273778
-0.11174640282529831
-0.11130299037381633
-0.19761194941449967
-0.023048038367661554
0.11559099726095426
-0.44454685757263407
-0.20568391283452708
-0.12480157661894459
-0.017341418330116834
-0.11479899409836218
0.34014484628890007
0.11161267163282375
-0.13327152359025146
0.08173623535278589
0.3358352566401339
0.09143521798052588
0.18333797082607453
-0.1493319336391319
0.1854244501309641
-0.10851267383771375
-0.04500122522004388
0.0348973354012945
-0.4569311764964398
0.026907822043251886
0.4213114021871116
-0.1866869420128421
-0.004920363550046764
0.13194248040931028
-0.4317327993365027
-0.034373046073696824
0.08305565541766612
0.08524132808416324
-0.1023650706284266
0.17955300732968466
-0.04127167270557886
-0.21169319894351485
0.017436313157971103
-0.28833448507857645
-0.17592810954393537
-0.25569852558197737
0.02693428123967706
-0.12477092068499311
-0.11702924354358189
-0.0011104388785390816
-0.2521769921876337
-0.13376689710155779
-0.2767763505425159
0.08317537473352365
-0.012481053962721674
0.20105468680713842
-0.02631320187161999
0.1291610428911708
-0.12544556469909435
0.14315473359449551
-0.05365992839854582
-0.09235546029889775
0.010054530554617839
-0.054773980924538127
-0.21065935156803445
0.2495806842572122
-0.6942942952740506
-0.21027070415505386
-0.31853946815079465
0.12845246196585033
-0.12010057945017003
-0.10613157090835577
0.2535028978700506
-0.03254103445953858
-0.10642445957952029
0.23668796216772792
-0.1790466883816171
0.09644098053602645
-0.05765208221268997
0.022930976345297713
-0.31654288507289957
0.0522785163193663
-0.0990031169924889
0.013909882656521001
-0.18954015407824557
-0.12569260874809074
0.07598255672692508
-0.22078357656271783
0.10825103120654198
0.0446857402049912
0.08469882655666225
0.39175947422812085
-0.45112952257336814
-0.09998844510037345
-0.08171860704934607
0.09184602005730091
0.35282974491474994
0.052584218753175156
0.21482460063638623
0.0014920365251221883
-0.2832187692908461
-0.30521747243828606
0.07135446683388381
-0.20220312348499378
0.02486579094258594
-0.058245779137628795
0.08805573766863084
0.2277844688060375
0.06285245357422967
0.07641236463029116
-0.11099016505565237
0.10442222949502002
-0.03701300409164729
0.20345091391298967
-0.407284223701814
0.3474167350235344
-0.07575461774994562
-0.36136660175784174
0.14422670443247892
-0.21323532811833423
0.01575607371537063
0.09027536388907684
-0.010481875068949697
-0.058897522700032866
-0.3101535831913836
0.16451841766169897
-0.35329687756484157
0.16621691469355296
0.012651603155862315
0.04711240292348343
-0.10723866953399352
0.062475305993801154
-0.11138491296528287
-0.016448064941603995
-0.05994198197761062
-0.0931523158675488
0.04208151655771558
-0.1943918480697418
0.14363110041501465
0.17579331842502002
-0.146567352710723
-0.030816256475362083
0.08943495381740703
0.1648557303221542
0.2373315506285122
0.29767597955328023
-0.2518706182577841
-0.13252679460372405
0.1447487800686677
-0.21604923976433651
0.04063379546737286
0.030162443171982488
-0.13207399043718374
0.09500998654950799
-0.15928837873373353
0.11087620543928159
-0.12781413505033004
-0.4123305746953529
0.3530972080501754
0.05591728935929782
0.0810708686770075
0.0592226365208587
0.04067271866237449
-0.06538939010838726
0.10595916816244827
0.21808673928870434
0.26599689367442664
-0.07055608013129298
0.25146150497547826
0.3076839658829795
-0.29129886063500743
0.10762252863807174
0.19396591589556264
-0.19985634548633954
0.06270716884600658
0.17938862884806644
0.16335425630478878
0.010838394365604593
-0.007494105860221528
0.20869881981576788
-0.1462187494828586
-0.17929876502191208
0.08871008990049774
-0.17116031393757017
0.04240368172366153
-0.2698601203018067
0.07540905796861419
-0.3030203093304415
-0.035465498430357144
-0.0037002016896835617
-0.053378434735983374
0.1689787106295701
-0.108033276783375
-0.1448112949898455
-0.089488677165722
-0.07004665903056916
0.019652189527665547
-0.12211456409767917
-0.026989539925775595
0.2274573926210071
0.11993986541646325
-0.0909016212730063
-0.052486904493319116
-0.01374333247329022
0.08608747781895647
0.16601327824921538
-0.20010220857497782
-0.023152624912210627
-0.13549481030353244
-0.06413465986427817
0.2761431278006923
-0.23221181654278886
-0.12932062674880077
0.05122746035188502
-0.05984712549911773
0.40963562387342256
-0.027160134203352348
-0.13772815782929035
-0.0774363682839724
0.017137262441957034
-0.09137849637184439
-0.1945910295024686
-0.04511385220323403
0.25670428331392897
-0.038227913244816426
0.1573084635434877
-0.1764845512158931
-0.024354952278734552
-0.025308755090238617
0.21031032599105626
-0.10348324606697658
-0.21087170915268702
0.14489006561590326
-0.08098072719308494
0.09679005210393306
-0.2436235676916997
0.053747970893627546
0.18110519816277407
0.035984484429336466
-0.016485611191726632
-1.3771298864463712E-05
0.01725093253240021
0.058813403180410714
0.20726569485863136
0.020126570553243003
-0.5567471829634468
0.292888492880181
0.35783368842253566
0.09128556735900599
-0.10865266093680012
0.24049952043471598
0.1368463280144344
-0.15915002610610873
-0.08658838287148071
0.5021626519409937
-0.0005287814745514372
-0.024659132505254065
0.09850066568847865
0.07375287751937146
-0.09742019698581167
0.08155316856256135
0.06461563670974035
0.12502740435519366
0.050241032888141114
-0.08585958816250118
-0.3377659121823493
0.6606125531857515
0.07885265888234458
0.11914779995222312
0.14308346759904433
0.00031669557518468317
0.003914239149286438
-0.11543916227928035
-0.03205928983581353
-0.15391355851902946
0.17991513796883835
0.41108484901318065
-0.2880200662467176
-0.17619906282537093
-0.1287890937266031
-0.331453368441477
0.08300428435836885
-0.15129520960138382
0.012929738678740595
-0.21499465204892818
-0.21477451141617623
-0.024143245332246793
0.011770983376482443
-0.14113472932738255
-0.14213477205902778
-0.05157738428900431
-0.28040345658493493
0.42648948590237723
-0.2053480496417358
-0.18838865837647553
0.007015440590770389
0.015981923999444717
0.006226760318474731
0.11268279601192101
-0.10389766240997406
0.11353776932266182
-0.018621088214137608
-0.19101900002084346
-0.04194657448208069
-0.055071199309890836
-0.03792862712287181
0.1318119593508388
-0.20666417077333799
0.4160189153715992
0.014293482231915742
-0.026352594623610698
0.09146797476819904
-0.28480919962056966
0.1082570014194917
0.12329538650434047
0.020417883941232822
-0.04550080366142977
0.006401186255373948
-0.30752418091705985
0.050252757250277065
-0.038456317149389935
-0.05184307290870306
-0.15364082365372222
-0.03346441609803222
0.2905432435822262
0.05248172982684318
-0.20565421340543302
0.25023462599328444
-0.1076261855702645
-0.12881847778692898
0.1093580933931105
0.2737746283707888
-0.000636217503974325
0.03258506531438266
-0.04559470801271008
0.09777058127095872
0.06858021311194708
-0.007067447854462789
-0.09602434634433468
-0.0332051660308454
0.36074302169764194
-0.009145989876690165
0.16112087366090444
-0.0531009793184388
-0.24173972900554866
-0.04188321885465036
-0.11170107364954779
0.004544677654823836
-0.11710921295933123
-0.2877865652548429
-0.07331189554726986
0.337415229774249
0.3479354893938556
-0.8632731148408882
0.27343009787786077
-0.05499566838318989
-0.17840485525903735
0.5173215473791796
0.126881217101522
-0.24798665282818758
-0.2402099749676026
-0.19422026910633414
0.22443708392184986
-0.10590097305437628
-0.08600343992280247
0.045532270320374046
-0.0021888673521474147
0.01788631631445757
0.2583566618286768
-0.014048053008261428
-0.052448881176082485
-0.11640036598714133
-0.06915060144455216
-0.24616546175509652
0.01144391349921559
-0.25497952919061334
0.13400900650529565
0.3115078063472651
-0.14831081608701432
-0.1431708110205234
-0.18679091903571315
0.03722170757947194
-0.21952502319437608
-0.015163525853740548
0.015593925931122634
-0.013321855426162595
-0.23028212104099519
0.07499542303499582
0.11657660968263171
-0.04438706933357087
-0.09637446945854787
-0.1433208137099568
-0.11361656169751255
0.04658587911389932
0.07141362813452408
0.3162051058651601
-0.13833568909438634
-0.2472703429203374
-0.03491986134500099
0.05393890285510811
0.0030003665468085433
-0.4383105220755783
0.20524287528255408
0.08423136680649754
-0.27257702372650755
0.16461439731754787
0.3053267740263871
-0.4834263000156679
-0.0406209121264202
0.0455165429805651
-0.030414827847092086
0.0717953050981028
0.027928903210918846
0.3376597294429508
-0.27630243167463936
0.2306255005878493
-0.23348728699878907
0.11101503073798973
-0.20421355925450824
0.17414922827831325
0.01819311753186967
0.005446332312688789
0.01219998858106018
0.1298995941884599
-0.009712802436414784
0.01671478010928644
0.04443985008214768
0.1772258636634405
-0.2058047360601377
0.01974336544419473
-0.12493011892824009
0.024147574745350387
0.24641323444163848
-0.16465927081526688
0.04585415311490132
0.04213758487757032
0.01778553841355279
0.09469257953551066
0.32280384468964535
-0.47226840739707104
-0.09418613334067416
0.01972819731914579
0.2900999558632915
0.07254144398113692
-0.07366458791364805
0.14525887140513183
-0.1007950978857648
-0.3080632807302166
-0.12713191790709633
0.03367108208154768
-0.13130750474122851
0.14484703325656811
-0.36952417567053125
0.21801149129649947
0.0017549950717317931
0.26815574847774615
-0.05566026168083591
-0.16128385078289162
-0.20092582589990154
-0.02874923478243971
-0.043741865215834126
0.07632552817354825
-0.05698100502092934
0.07784679098293619
-0.3448922299545256
-0.13635898048840533
-0.042557999016267986
-0.24499664459380602
0.014805798989674766
-0.3918591743636472
-0.31340387012705784
-0.2161758136134426
-0.16310849397051433
0.33692516634118863
-0.21004985867435247
-0.05655830059855577
-0.022321294133985682
0.16189639324700214
0.0548877996667737
-0.03193825209832333
-0.060247486788055735
-0.2954083660631045
-0.05465097285762616
-0.14132656522142448
-0.09823639565007504
0.364019724714819
0.07592020028562094
0.11296550771382795
-0.36753883258160025
-0.10062160484961526
-0.19563184680098936
0.1285762671695334
0.0024747097485704325
0.04377139319500421
-0.12339512969720802
0.39021026685506244
-0.47825995008765004
0.12334475312738051
0.1587510257621032
0.06811499784753236
0.07924851694781418
-0.15149444777941248
-0.05383868942408596
-0.07884788858367496
0.16573155145405874
-0.022500942250677863
-0.28892653489503833
-0.07344536516394708
-0.11314954910726847
-0.13933429888044985
-0.1283664386499533
-0.10050264118015734
-0.03480017241713828
0.3093328764469476
0.054699293189845885
-0.0338395447067692
0.024672102256721482
0.014208103394164185
0.10329345778432038
0.14903009395082822
0.4277665256598658
0.33875184869123626
-0.03764399054231144
0.11136564776844712
0.029132497283021086
-0.05166558199194524
-0.005859890884042392
-0.027059621351505435
-0.26631123230564563
0.08762571061154552
0.04569946145713544
-0.1872910849739799
-0.177576977197239
0.0557278077316137
0.022933153356344813
-0.08727498093302957
0.13049164324872847
-0.10239669645075203
-0.4436904405461767
-0.18005117066098117
0.13801448146586384
0.04667412537565692
-0.03510052093334309
-0.23777471928467653
-0.05292023820660774
0.33015087151458383
0.09199560802541386
0.21653574254363117
0.059850047864305506
-0.17284753933504074
0.2409877131568325
0.061068262959724035
0.005365754789353094
0.13142103133396005
-0.07304951461500185
0.47848522245619185
-0.0458791744336808
-0.18296963142454517
0.13735002974273047
0.19256214499375243
-0.26216481286538196
-0.04354436240782279
-0.20731190331068677
0.053560875275887716
-0.062256386073331345
-0.14374171963751983
-0.06987506064588192
0.04688571220238036
0.06447970970178014
0.09278805164399145
0.05007357565917831
-0.11531173714361885
-0.14155174462274983
-0.12563290439333427
-0.03854306618448554
0.2687441773420425
-0.019580795518879156
0.12335160918526511
-0.0496422579998537
-0.09083821283824853
-0.0897807510469462
0.0033632794522640563
0.14538118329298494
0.05758880063725113
0.0765294802631792
-0.030638637896466436
0.042930728330101586
0.008738389548064374
-0.03194572873592213
0.006672894818150513
0.11916622189655522
0.06012328074443327
0.12804378328911542
-0.02968225197012142
-0.025081097836571545
-0.10484422719103867
0.11360379096659648
-0.22559102951852653
0.10821983275553744
0.010094632655690524
-0.14585178967188345
-0.092181013755732
0.06696378093134597
0.19727739560927912
-0.15271468562868332
-0.07879679222348485
-0.005099307628902073
-0.01863401421903235
-0.06023761513023956
0.23899446790627046
0.2687414473890072
-0.012482263880452161
-0.326331188111527
-0.2770695423728502
0.20197606168897989
0.15436052529651262
-0.01671032895476181
-0.0392319495931368
-0.08522242221403141
-0.05708458920027377
0.0007101635070675122
0.0209150976033945
0.11114722753882463
0.146765801278145
-0.1989088197671199
-0.22783853729070447
-0.23464786448879302
0.13975128774920215
-0.13960778563534706
-0.06156244590055834
0.11649279495227546
0.14135396215368737
0.2042044714711148
0.005293880492101125
-0.10482454078398418
0.10245646056785823
0.12194091556273265
0.2740036465944134
-0.15926262839083988
-0.16705519315905243
-0.15895504426398083
0.056300635462582176
-0.19491860134673694
-0.07835700628085313
-0.049504302390863675
0.1671127698001579
-0.2813087507018041
-0.15755291613791275
-0.40727207481636585
0.04810380281322342
-0.20862891134651315
-0.11598490050624745
0.41017472421432877
-0.0358420696206343
0.3265436198257215
-0.43990171946913353
0.06876736311955271
0.024571498615461398
-0.06883356942764075
-0.19348116709993085
0.2372460939653826
-0.05056182742302638
0.024382866266187242
-0.1508506619242495
0.03177800401378802
0.13530779614955976
-0.1614936323371624
-0.026568333079117663
0.2137934947644528
-0.08395739880980457
0.0265792659301984
0.08721799744906993
-0.032923758678883364
0.2793266298231372
0.12390058915278858
-0.21862451353198672
0.07348360067116286
0.2497846226422529
-0.36557616996135955
-0.21182414460468424
-0.005916288153109916
-0.48467335467297734
0.14195761229955692
-0.00916488551392406
-0.03902328458568643
-0.27925594871029497
0.45745822698547933
-0.12359150206045325
0.049698480551044755
-0.18704312511800922
-0.07272185453926132
0.47031382571334074
-0.17817478614930404
-0.10669988372142965
-0.08230613995726588
0.0045571392801411524
0.07715597805160275
-0.23903741226669925
0.012612322484728523
-0.0018621925441949915
-0.16700802351928346
-0.11190953696726409
0.0990913714741621
0.26436666124141545
0.4213356483391599
0.3165066075015415
-0.04923989353048901
0.12127641433831898
-0.21332829224138483
0.022999711756157133
0.16158418362354326
0.07062147541887058
-0.19411676666788835
0.1938242301555014
-0.05364075100949358
0.011176235487864063
-0.019531806768906028
0.03874036526615646
0.24526601405772763
-0.017243298130105826
-0.22913846488562994
0.15742638777037446
-0.08981851396926788
0.0734795317024978
-0.061719837595140575
0.2418538421401729
0.09440967676767034
0.1034655051182284
-0.0937403392277809
-0.09941839356188538
0.04292392775091754
-0.1426876638318448
-0.06131127563847439
0.1764433796921347
0.2732779394955863
-0.004762472740473408
-0.08721494723648524
-0.6943143919762993
0.29559598623579425
0.09916319565104158
0.4146358856826959
0.2854840420830615
0.21233184145989445
-0.1966610961162251
0.024872954243189006
-0.11241938591735395
-0.0328360897443741
-0.1395499717924726
0.15689550707391137
-0.23977421419949
-0.010024521145425569
-0.07629818792402122
-0.05709104422863255
0.8268662378345648
0.06662213829326102
0.2677615548164257
-0.19063586209111613
0.3808129805919261
-0.42577772113267937
0.3614875857818213
0.034230066921912175
0.21835594002412503
-0.08097984844495144
0.031485468055217104
0.019788868613519753
0.19326731630874747
0.06586385932874535
-0.3151152531602507
0.06593022213620099
0.10192553269915203
0.0683426508666322
0.05630800255052622
0.13909921811875775
0.023959121456069488
0.05496262452983791
0.181566772716235
-0.22210631373091957
-0.22856845068327292
0.13445994897967284
-0.18352044602149775
-0.14362761993197334
-0.09208857295455847
-0.09884915292048517
0.12502402164655155
0.19036494712087376
-0.0918517318889467
-0.1393019082602385
0.2228967131482849
0.11202645642840452
0.09273230537928283
0.09570597759923907
0.07800723068112107
-0.04552056229547243
0.025390341043081785
0.38131977488063784
-0.17504952673722182
-0.28719199576030724
-0.04632341868322975
0.0831124982029312
-0.28974923789951224
-0.28600352191838924
0.4699895046345003
-0.020299942862646896
0.12949257376213905
0.35672792422564265
0.22115406782488672
-0.06992175717696303
0.0930462202714826
-0.20014491792687086
0.06591761076170104
-0.0014622474887382537
-0.04358790938828105
-0.11017316462449789
0.007696829626182118
0.319198370463048
-0.02922801225308584
-0.09127087477767215
0.25568377408256154
0.022882753827937048
0.25273911799756577
-0.1234860739451732
0.24647515730563727
0.031701864784759885
0.2839824503931323
0.12459748772160825
0.2449890942397842
0.31901405209380335
0.18664553370885978
0.04958911225065908
-0.15611758593584946
0.0314274219522222
-0.19278740010096335
-0.20600595888791348
-0.10932557718716215
-0.22337537602670665
0.24857538428946566
0.09458098615276346
0.07076047566712154
-0.23839857578533863
0.1431256232655361
0.08646371594355311
0.047009084745150795
0.16261456066443278
-0.005097531346808804
-0.36300124086069163
0.18728202403181227
0.18769527523667148
-0.028000570426894036
0.45327404272132954
-0.20421821194442807
0.0436222074690958
0.04934647848891586
0.21838195281697198
0.05834822447385124
0.10181319220483903
-0.021708296935072036
0.11271021638708116
-0.36729842405504265
-0.048228577297487064
-0.22938015600809816
0.13519238064044667
-0.1635311058358943
0.0514433952038485
0.00647783517984134
0.03735828797966348
0.0750113324563225
-0.08967285469775411
0.3796663931789394
-0.159570532273565
0.18319261986663643
-0.001912856025008067
-0.1500678721679062
-0.1995013350088378
-0.15744565515245418
0.14075458353517367
-0.02533820074060968
-0.4272396832376041
0.13995372704290507
-0.10223890136200274
-0.4455957148702547
0.0801831188750652
-0.20780116748580188
0.09240450551253168
0.06651732308690408
0.038408179176785226
-0.13349785169427925
0.07252569958819784
-0.25521111631244314
-0.19569470819651527
0.013786578563077424
-0.2598019447200469
0.3289922877903303
0.07835927254624661
0.1097617494211015
-0.23489051737744404
-0.07462089192493596
-0.07022678978431045
-0.049118035468580346
-0.018970916042359547
-0.24886188060352746
-0.12028728764232997
-0.4471999644288996
0.14421232289859273
0.254661181401251
-0.1293074067349182
-0.22291052517879434
0.0836691740002445
0.1346290291534415
-0.022645346532649213
0.02507677318812762
-0.035247705386742885
0.12531919513789838
-0.1666585000242738
0.10237590183583824
-0.17342807099443192
0.06293625534034854
0.17721434364371952
-0.36176489193163397
0.03388920277479421
0.050808461614607024
0.17857537069146545
0.1980719524953635
-0.21513737235656247
0.03893050335265272
0.0023770984997834423
-0.042822150135085044
0.2786474893402117
-0.05019136722417747
-0.17869484011454714
-0.23956836420504357
0.17274870607250759
-0.18742342522493546
-0.009832058719200726
0.034905852573581336
-0.09771380955307382
-1.7522096855338758E-05
-0.1003882067837494
0.2551055852817158
0.035603632768065455
-0.203841230661825
0.2717577538547836
-0.06241997717032642
-0.18437504026202048
-0.07988706237647128
-0.036028221903330694
-0.2604094539460792
-0.15513383272093992
-0.17854016963557887
-0.1887331868171444
-0.19740207899635495
0.3914911728365083
-0.1309861149994113
0.003942424364495976
-0.012619135467711205
0.20549341067576252
0.12974614818120705
0.0023622309629279742
-0.04601907449656463
-0.4954982929646904
0.14337028695271303
0.07181861358162589
0.01959919738325356
-0.07421358513408713
0.2258738799782191
-0.0487691773692557
-0.05817633051780767
-0.00858414216034301
0.15510024198797445
-0.28141342308020945
-0.19951786466900645
0.14461608383308075
-0.590480751294558
-0.2999336230024115
-0.13997658207967298
-0.21228214433915885
-0.19416609114173805
-0.33136003399466857
-0.24488781289963518
-0.25518833618169506
-0.0830720521438956
-0.3583980921423879
-0.08603294539899557
0.21565720528590412
-0.251024771769085
-0.018624589269427637
0.08741217375035014
-0.05088937835552984
0.1285605710629641
0.26622148600153117
0.010608244772155604
0.06226676983585017
-0.11012582924407892
0.0035419826917178947
-0.14700635650077287
-0.23797570609731816
-0.22401286560066894
0.16088486398506763
0.07884429282289271
-0.09046920199693928
-0.3369755405138769
-0.0815919436986488
-0.022766574672437458
0.14785998213863952
0.023420787195738802
-0.0029901538537435088
0.099709490508866
-0.008106719358323479
0.3932771263745851
0.23087888135614
0.15594493343002028
-0.07736583738788981
0.005662728955768911
0.34989152295864684
-0.02540509327491231
-0.09543398924955744
-0.06552022910121913
0.5385592133423763
0.02982948915536677
0.34676685769184695
-0.31548197680120416
-0.04833024646582628
-0.1189566379157456
0.08549644989263282
0.2668150424705852
-0.12898284424646156
-0.20674727732300474
-0.12942499001037822
-0.146414669331596
-0.39903146628112823
-0.06776655180990726
-0.05480482501588058
0.18252264604305768
0.22132557789245433
0.13775559629236497
0.3386106165847871
-0.10751528600668772
0.06191956605978692
-0.0996880391098637
0.3374708775114221
0.04548157239644079
-0.2800877356074077
0.02567037605189977
-0.0349644103168478
0.22708702608326653
0.1755228001218738
-0.06438687092998525
-0.6170055724282697
-0.2447584004247578
0.08153841710479073
-0.1534300649772762
0.5969165374533023
0.06373083022783799
0.17759736297914672
-0.03423767047427542
0.6104941595846181
0.974899298236754
0.3291145763284826
-0.06400321720345867
-0.01882996025836708
0.0855896365496488
-0.05491573504664446
-0.1919387073158622
-0.12343302903059902
-0.05848802663233484
0.13539763043527198
-0.13969953705952404
0.17190912754554674
-0.2495232033878181
-0.2069819209321595
0.07699952753114184
0.08281520368296905
0.029170630899255447
0.0082402476530351
-0.12903834585042484
0.1874147110195766
-0.3859425108457179
0.04232951904368015
0.15382905318356624
-0.18093518692978836
0.00016101796824549952
0.051411109072634034
-0.16119793439269675
0.12624338818654163
-0.15790393003080985
0.09379899133294411
-0.300087984208368
0.24429585246017105
0.07355403491095662
-0.1757712618488374
0.2673684238351784
-0.3611399080803991
-0.1588295377185833
0.19748269944043903
-0.14684381599444404
-0.11971844482674168
0.11727577445011012
-0.01054822962228149
0.06879752206975788
-0.18753909232349195
-0.3515592108053348
0.08904221991296639
0.12847754274714246
-0.03179344769013631
-0.21751889671357483
0.08072354354381989
-0.037388066792363686
-0.14855203940920453
-0.06925227649526634
-0.3276082258924607
-0.16429399388795743
-0.529241405977291
0.178613198326093
-0.2174546553165542
-0.09360697402685327
0.27088109395522764
0.14819720010125348
-0.1889798477206008
0.042135959123342816
-0.011083562137200853
0.04290326989963535
0.23638452455997908
-0.03891691395448654
-0.10496667428489656
-0.08638074216719466
0.06765239023312043
0.05255510649210261
0.07499997980159145
-0.24885538280183814
0.03622332806371366
-0.18935101737890023
0.2321872313130012
0.1876244595598574
-0.044170543613736485
-0.030375069962983628
0.141618507556268
0.06411366161120532
0.27496459478101387
-0.13184301334601414
0.25301914875592907
-0.042057278152138604
0.017171828621560966
-0.33728987247505904
-0.0930391948262033
-0.13244978727962675
0.04421654965819422
-0.15688193406226691
0.07755298435798122
0.245467582837101
-0.1694415722241928
-0.2531794992284701
-0.09127066909625324
0.029482124431715176
-0.17130551437157485
0.10779374113078079
-0.2200209588174738
0.10823100018651599
0.1194566774957552
-0.25758524723981524
-0.06978990410256154
-0.28092931589998443
-0.003269889648064834
0.007837817228892197
0.036329255527067984
-0.3097506037100999
-0.06756699129273584
-0.08596238791643841
0.4100517083244726
-0.26980359497385553
-0.13074664779154352
0.03755263559527315
0.10662775786685035
-0.19256060645819126
-0.14835318650019266
-0.12160134990680836
0.07969646250824358
0.011780674383720982
-0.2745020860694891
0.07264996768435326
0.09232261776620011
-0.3855774843193608
-0.06331116249839158
-0.20457544062090322
-0.04757154711998203
-0.1547607468021609
0.16090017487145644
0.2981415001349987
0.28082354872166404
0.18095057786990992
0.3232323775639266
-0.048349793597078014
0.20368609327005294
-0.016521389074821122
-0.272352685286796
-0.004213033474831041
0.2516900851655215
-0.014426458381812786
0.3355141691887586
-0.11476792987877182
-0.1401869644518483
-0.08719376567801067
-0.05683201968412715
-0.12484473909289671
-0.1563248192779522
-0.1423767802236122
0.22350917528103292
-0.15173046841786406
0.18646194313009018
0.09783047101930736
0.15952806275067613
0.009250116884366716
0.25994265349438733
-0.11680106312562621
-0.12822936510570926
-0.26216370013246354
0.21368263491041709
-0.08358269143514019
0.03717851895609993
-0.12250657086341922
-0.18425146035997678
0.041506929386439066
0.269243544815781
-0.1395721291864918
0.057184038697083786
0.002695311966748173
-0.2648517725909564
0.19129109275898795
-0.0723710943824904
0.00887917744394076
-0.1977712654632723
-0.04545067199676849
-0.17169932271951396
-0.08121725135878537
0.24911471510821717
-0.12382560879571398
-0.17233259369067366
0.054703029342540746
0.24077047668402093
-0.1903256832057172
0.1060784775210089
0.015266079860210068
0.3720900935579384
0.1372358271050085
0.10736130109601959
-0.1387907443655033
-0.08432431954047676
0.042472845350457
-0.043350237701239455
0.41040622568557283
-0.16022264798270291
0.0022753410983560084
-0.29523730782843166
0.12498931691026782
-0.34189602300515537
0.1475211737583035
0.21490294495781287
0.0076737899745060335
-0.08898446937873614
0.041119576327756084
-0.0145407018751874
0.08522627956131577
-0.38321506555981427
0.1712315493821119
-0.21814457852113492
-0.4672689022183745
0.01217203843595708
0.2927405659220911
0.20047227448124838
-0.07549594397382672
-0.2735528005324128
-0.19259826051164147
-0.11515519999191887
0.25650738630578945
0.18151017079153717
-0.30116665938449255
0.06519581475634453
0.14450545248128108
0.05132917384012454
0.16860122738041602
0.2869197622778655
-0.01482240175796781
-0.1583526552545995
0.21437131613206237
-0.0010236397638927952
-0.2551153096676752
0.2172141154673762
-0.016252638203797437
-0.04144349453730357
-0.18021082727204196
-0.29170757317099766
0.08602818868010553
0.1127900654309701
0.12990179567962712
0.18119075232016746
-0.3668849808297706
0.05010154302226577
0.17371949867454844
-0.07087787751065291
-0.0493274300828387
-0.4426918707780219
-0.23129721182590054
-0.3311442818904293
0.08796915979168592
-0.35874137564357483
0.24906677303327288
0.20160672135795554
-0.35761174959398073
0.034416537066190425
0.044094996725379164
0.1498434165028824
0.3332120751625006
-0.051030288262435025
-0.045999203649471694
0.0767587520515404
-0.08323601966373537
-0.40547057666288094
-0.0851618070699575
-0.074323782425932
-0.31477694580839094
-0.1700506634957014
0.0313679604218937
0.0824939097738611
-0.34786379652159183
0.03665985920188462
0.09911053387504265
-0.2795013971075969
0.09146911828735246
-0.4114216872885869
0.1864999077235658
-0.3210183212278429
0.09473697066080501
0.0389106694321851
-0.01849571423168848
-0.13022565931145633
-0.253710115588802
0.08765905508798424
0.07354034721950126
0.035400961794552654
0.20562888744302954
-0.1431404599787171
-0.2340125112259629
0.21704935294635655
-0.05016663746024738
-0.013077478440830825
0.3044035254770945
0.13286848729069842
0.14775635794247566
0.007917298881371302
0.27297814264957443
0.1420058851455519
-0.007861705576259547
0.011883534024913399
0.16009786342961313
0.32093500477302356
-0.06045742573697377
0.016737367504376113
0.27507096868779135
0.13856132226187654
-0.12932767646456186
-0.13695273519574538
-0.1066991828371571
0.0947009288094245
-0.05976372337967696
-0.04257734888812614
-0.11267816292924183
-0.023618169143281912
0.1971993866489674
0.1202529578328501
0.1799661947674445
-0.11286753321935773
0.05359617845324018
0.0471517637946847
0.014830540835754368
0.06513563928308806
0.11777105940521967
0.03982066107819925
0.21994842280490892
0.16427065832349333
0.31062062827978176
0.04396725959191144
-0.21380862536384368
0.009372473583567825
0.1694459772431127
-0.05923385270921181
0.06672903082680649
-0.16196039717910482
-0.20102001998890928
0.014846664221080759
0.03342875016678898
-0.01636163031917364
-0.16024810349022378
-0.18298125460388615
-0.12534230313774491
0.043879609680872914
0.02049992576452911
-0.17474450959825308
0.14292859562033103
-0.07576353482509089
0.17978667968359327
0.02544005999983085
-0.7371412106028856
0.32847806956974357
0.1988896446666437
-0.14054571427659807
0.027877195027340824
0.08392006348007139
0.16513554571673103
0.046752309571892386
-0.17019389676259775
-0.11927962270698239
0.03163893796530709
-0.012024859998702378
0.03870570899106726
0.15008839988877154
0.14498867324199657
-0.13722070645330028
0.06960548435473339
-0.4156552248515282
0.0828348913635225
-0.3098737704798714
0.13043839966899648
0.05268312978665534
-0.20811540020776478
0.13128006336551482
0.05540470439802134
-0.0143760776272423
-0.09181463592402932
-0.20946653226674236
0.025366486001693465
-0.02106090120555757
0.1942432546673316
-0.07388452059551633
0.08897377561167912
0.14995756022066647
-0.06289659147009692
0.19048575239920076
-0.08432410347234753
0.07226417853672994
-0.05670631769162413
0.01828021903915798
-0.045669172789086034
0.45979505086358347
0.11836838577983426
0.2826964442606565
0.27934961704886696
0.0026389381547309776
0.26233511412656024
-0.3790254092141521
0.12644204472750928
-0.24384925242289204
-0.011177006356088886
0.3835261912050672
0.15366010986996484
0.30514383857648963
-0.002628557873959281
0.16916537008287091
0.12375773376138154
0.2905926116320512
0.18813557555320382
0.005145179171246731
0.03986610386493248
-0.10115271492195227
0.15239586118246853
-0.0945108931798692
0.03543582277100497
0.08593491920292715
-0.6211079738919447
-0.027639011462216628
-0.14601164584961654
-0.18917445949191614
-0.20704691063718517
0.05578390614015469
0.0713388239289473
0.11964456424819615
0.00767522225778238
0.07444991165055403
0.2189728500511593
0.11472717862552902
-0.0005820028718134783
-0.022068743151039363
-0.16727238115079984
0.09924779229909884
0.1125505427915685
-0.16534424701336292
-0.16612538678486438
-0.19914873377884296
-0.25735081198363796
0.1438414993032534
-0.3097824788249508
0.044700446851759564
0.08265901017882094
-0.05418425252323662
0.1200237024439059
-0.023572235252123926
-0.13871678069664434
0.2151299946114329
0.3131054035384989
0.06412673954648536
0.027480440260464676
0.09741934247995902
-0.03895378258651777
0.020096946229150772
-0.014858534620172241
-0.09642278900123036
0.021415821628515977
0.04020432913905908
0.0460979054534332
-0.0770667087531171
0.21070599565802475
0.03882095291363026
-0.02905136053911963
0.08554835440893947
-8.407863035794175E-05
0.13251176729849354
0.1922552386294561
-0.11153452042093139
0.09926048252391971
0.0678567051670188
-0.027065739948337296
0.20809965750254453
0.0010867901853811375
-0.3250357584335571
0.017036648742546883
0.1364235229578049
0.16221226923622145
-0.14948325272918567
-0.1177423932462513
-0.15422677693793083
-0.1966750511602347
0.31268581813902685
0.04065789764614145
-0.058446517132572685
-0.21667751693671267
0.13496167977550663
0.18626054949427945
0.08715068924166178
-0.2655600029196604
-0.05548120239333163
-0.1710211413224462
0.05284055359975741
-0.034510882845527176
0.14818756103874398
-0.10371445933877436
0.0675496178354799
0.12058520692043614
-0.31953603197503383
0.07352970232662091
0.02620673285255267
0.1061179168865489
0.10836531457826909
0.08306282579053945
-0.3128924964138969
0.227124145823055
-0.33327321614527716
-0.2854141006984555
0.09242680616112409
0.08263117592292782
-0.11770337792038818
0.21126768962959327
-0.3844276333106863
-0.2303632957600504
0.0906078941945126
0.01770162408383071
0.19483769167019438
-0.36234528260114685
0.028383105537589735
0.23416613033516212
-0.09529208288252482
0.004317978700629045
0.5306414524136458
0.13637937887179644
0.23918284255362593
-0.07390235348116357
-0.03864963631734833
-0.010764717597003915
-0.28318327509394237
-0.2194818402833046
-0.3046171017747225
0.05448958250835203
0.22750862209198985
-0.03852669521853233
-0.17950811180195597
0.006121379696323695
0.08730672336340395
-0.05234731455867632
0.02564588763727339
0.28763529857861736
0.1965124849565066
-0.0774623260103283
-0.18797903293255855
0.05392001798649124
-0.3300410543845047
-0.34918303099636894
0.03499114903504996
0.29702733047364155
-0.004504303861586368
0.23757000068798467
0.10112084793421702
0.16008433226044597
-0.06782664527382248
-0.1410471369487445
0.5399718661572072
-0.20056321617117792
-0.1996941564775665
-0.312086594560054
-0.03876138611832607
0.022946553882072823
-0.2931371298003227
-0.2738573365674511
0.08823315354598424
-0.04939978531935287
0.18738706415832132
-0.20684368285333893
-0.21249164622855365
-0.6115500248088599
-0.34962870266643403
0.16565066378195484
-0.2370574689342662
-0.303081711469028
0.035160292414192995
-0.06190763244246417
-0.18460886325014447
-0.10008153985554406
-0.07894671475564882
-0.21061812367357913
0.21728670084073828
-0.09383666626281889
0.03421397938289389
-0.1483183914804041
-0.23873015016211513
-0.321253080503487
0.0785925185002942
-0.3354639850383301
-0.40184853096878453
0.15565537348599953
0.20160458760698646
-0.24276617070310585
-0.07295032681636165
-0.030242140899240082
-0.22174687786309508
0.0891962898438155
-0.38208494146998645
0.10386623472869999
-0.24881520650388173
-0.10970150636257395
0.1685663855446355
-0.3657373558453359
0.279719480188945
-0.02685638046248188
0.13384493293437597
0.030728692333927353
-0.5085614727015225
0.0733557417618308
-0.47963900958708455
-0.10770379412165451
0.03830651139221321
0.11365633126788392
-0.02434633747762435
-0.2194503774619124
0.017547949278820186
0.1170787936939643
0.25013713301875345
0.0222567702872095
-0.6425470753553233
-0.05143504608726559
0.4969151731117087
0.09383887875309081
0.04534234284885344
-0.05934466530079559
-0.3166704868312589
0.12686999937865845
-0.09221886232956063
-0.038777416841239955
-0.0178560049867112
-0.0973329462988441
-0.12014154324517888
-0.20734578191959407
0.11613302994170342
-0.061087564534804836
-0.24100391778652083
0.01930188668051176
0.14358391618458702
-0.257919021335779
0.05660316943126633
0.13977195883112323
-0.31109857086280535
0.20620278176131396
-0.13804769067639694
-0.2003005231135182
0.06704741150627552
0.043054931145239575
0.28514483457370715
-0.3070442264507588
0.19474196426273307
-0.3297024132337385
-0.003152021001300456
-0.05452400048860742
0.01209456434451031
0.01006958979388076
0.17493494530937692
0.05662638769512216
0.06950276205498368
-0.24118492374233094
0.13676663939299738
0.01460857807053205
-0.03560248260088998
0.16091712383841972
0.07467606692677001
0.19876232183317835
0.06409500183061398
0.274010960884158
-0.4037975674819485
0.05454969662536471
-0.40890920292625027
-0.13711624882094908
0.07994693373308788
-0.019822107217164837
0.2526945167743596
-0.48254107161371573
0.036386787622190185
-0.41740732709938005
-0.016908505220026487
-0.22140559099729518
-0.10075266524142756
-0.12791438761150814
0.1262487728740569
-0.4784995746818647
-0.086812663262399
-0.29915159335573704
0.2341699730011557
0.37658149064364815
0.49834680795969094
0.14278579610489991
-0.34696128515243996
0.04591464800649883
-0.06855089230387781
-0.0998631382021338
-0.03676979101375313
-0.08001038416621405
0.08605266280987917
-0.5031675925031684
0.15388553195269766
0.02213471763698985
0.08630874673878443
-0.1373909816113876
0.03598130970549924
-0.04894017215540656
-0.087381841242647
-0.17721663383417025
0.7830845357118169
-0.6628671868670318
0.20681252571785655
-0.5043475582370384
-0.3140653141484271
-0.17756897725628398
0.014711203545500042
0.09804197480488766
0.029736785783792623
0.019352974292884104
0.17929548574095078
-0.02601471687562573
0.05384589190840513
-0.3171643550999636
-0.1654510937414125
0.15618006250114258
0.1729989509489067
0.12131111789328244
-0.07677556950340488
-0.19784710507177677
-0.15277815600107084
-0.028435665651095066
-0.20440248646895243
0.22385530303475856
-0.30189123116152977
0.01380215928131892
-0.12725480436189765
-0.2871616533332707
0.24004720760938372
-0.31546291178105695
0.033272635106705244
0.03211499579336803
0.03703727734754199
-0.11042970673551507
0.35934937641029935
0.05063262013945732
-0.2348358987358788
-0.023975183424451138
0.11453382188299284
0.019273726405853057
0.18123413985481968
0.06651078723022759
-0.005776478308331044
0.24420144384474654
-0.12970471154402383
-0.3185225883769316
0.32860925097675425
-0.21951668131681173
-0.06160938272701482
0.09459949917853899
0.05661800358421182
-0.13944417343895468
-0.3545628743594323
0.2203607499907833
0.11887347112103569
-0.05510755770707091
0.05298229418038586
-0.10234453320244706
0.006123182521502905
0.208065213662782
0.11111016727766634
0.008521160187815504
0.17945127112705853
-0.19948029057041342
0.2985380548081545
-0.15373141058715048
-0.20249703085351245
-0.006961601784973103
-0.3042626514232114
-0.10909307723466548
0.05766103498983596
0.10383031374725013
0.18407591966717096
-0.12279143754032787
-0.3106351971482998
0.1491220058426968
-0.2435280673931396
-0.39896481458258276
-0.049654364987140646
0.05098971694572992
0.0503232295577311
0.11511567843900034
-0.4363341834192676
-0.25213852935001413
-0.1620185790226214
0.22717581215157495
-0.07082136815071476
-0.13967068575226468
0.3441043090149089
-0.05413977816123897
0.20362519869267198
0.18879843519903028
-0.2647362558842943
0.04454182138213746
0.19107502190606504
0.3389859648989758
0.032146460952053764
0.06778717829397564
0.011309455719600384
0.1382796298781598
-0.11930636949701126
-0.11710923067649592
-0.0776489820179378
-0.0006737700286115985
-0.21858453150089094
0.2865467641738121
0.02477456423116849
0.06226770794593021
-0.045042057562082224
-0.2202384463941079
0.2765148682043283
-0.12671376364421955
0.24806104275392082
-0.16005960420149382
-0.4181725488164002
-0.38096422953438575
-0.1688867660762429
-0.051307630442171306
0.09566796865068636
-0.23345174290849047
-0.019016142380558102
-0.02087756707690349
0.019418768822958867
0.10911923300048323
0.13426826550711812
-0.018352777211593518
-0.22453766887368404
-0.018664447957959997
0.07082709200929513
0.08564611042585316
-0.09129197331843955
-0.4827216737103848
-0.10798646416946486
0.16304639911103413
-0.16870293194345487
-0.0035789988401330273
0.10396529535554935
-0.039946256849110046
-0.026635323481404013
0.31315534477583573
-0.177529779400952
-0.25306495000867035
-0.14520635765690834
-0.10211730391886922
-0.04039979088689859
-0.18857540804692777
0.1260968162251123
0.0904797387067986
0.029447637209009447
0.02134760375837022
-0.4910813385459852
-0.11207969015118835
-0.03484480218732054
-0.393047575028042
0.040007006300941526
0.03999231038318762
-0.2626699601684574
0.20325021825172956
0.04089796258576972
0.07895428607304555
-0.20013718245744883
-0.015500219104065783
-0.3844737226273716
0.0076569052841309795
-0.06504621482210053
-0.18664895715639146
-0.3399858363471505
-0.2743110508032625
-0.09816046146584938
-0.19000001620595952
-0.03257014188551889
-0.02466321436173914
-0.07059325809037338
-0.08250220810405322
0.16845650498820985
-0.009544302539241552
-0.15507022268498782
0.04923324919833744
-0.18671682451484764
-0.41057468221392834
-0.3570324419596809
-0.013756909847472137
-0.9172253446130517
-0.056020362629449615
0.21641867689952857
0.004314696369720549
-0.07597359153512384
0.30499976027077474
0.050692146555619516
0.276323634263662
-0.3060200697464021
0.025651445770271515
0.3542473831803671
-0.3720748418827626
0.1545086798023199
-0.10945392008256134
-0.04935542750523506
-0.5724821261592749
-0.15954099192274784
-0.2096334651896381
0.4009760708309598
-0.020247816409346392
-0.03324792445255935
-0.07779627542246148
-0.43254388077761435
0.25973667323965993
0.26996983664865815
0.08512089858891816
-0.3346821636812296
-0.08605847002872485
0.048803982255950625
-0.20885082618542544
0.0482567077127419
-0.7376882311542508
0.03409978983520982
-0.5722280801466815
-0.23693765713396878
-0.06794914636460501
-0.8740178712388371
-0.7861977876496039
-0.6638506771472833
0.12467589608806115
0.27064057689537924
0.034667845815244354
-0.09615649585543065
-0.16578350623524948
-0.1768132804905078
-0.2632282627477851
0.04869915654729809
-0.2150311609584944
0.005120015869682442
-0.2338721890886849
-0.10134505982665636
-0.16653125656055923
-0.41078446746543873
-0.0954323031529971
-0.047727165293515714
0.17307777998665902
0.009912900313558204
-0.06529346003436183
0.10499983310523806
-0.2051464957096935
0.0575837407370306
-0.16984109583804674
0.15710362117616397
0.21073113565121454
0.24901486152777155
-0.19586736228810808
0.346701577501708
-0.04892937424490901
-0.2111357515245599
0.199363901672926
0.19468763670940992
-0.07409451432988849
-0.20234931420170407
-0.07718625529049818
0.06839339040271239
-0.05740059525075281
0.11279883567849101
-0.06770362135666101
0.0054610062285457665
-0.4873323082508307
-0.09295914301268683
-0.2915298908149108
0.11176897073510668
0.01437827350594948
0.09227655834852157
-0.07980791834699623
-0.1168849371134751
0.03738691798487582
-0.10612368550176438
-0.01384101238617841
0.21425275325607762
-0.05679743789134846
-0.2844906666220906
0.14413344674052744
0.21738880350990886
0.08079143040435469
-0.01992827741655655
-0.27903018432667437
-0.12668754788936556
-0.2711685012068818
0.07861388885611191
-0.18446338247182337
0.21302340575339035
-0.18219098502793
-0.17452987873416617
0.05873101044609588
-0.3397586243204704
0.4760088067469454
0.173146141680521
0.23458348450517807
0.31234393663731336
0.08099036612648795
0.20700151453458915
-0.028280082781421974
0.14561686197727328
0.2967427073970754
-0.07365063621365785
-0.10252916592178125
0.07602035693259611
0.0721103207438286
0.016727024892422046
-0.1666176612517655
-0.20327850863335187
-0.2008308241183679
0.1374352949528017
-0.005822984576842639
0.1952276087675437
0.12394231736764286
0.05145887445580235
0.06993091569921624
-0.043517214634478496
0.027361220824898225
0.04945166188453924
-0.1898878204026361
-0.19134104684797443
0.17144298317119006
-0.015101265661821753
0.052397139656383596
-0.22393758994072013
0.1287635697545034
0.17050226368452248
-0.07198733826004279
-0.021895253377955337
-0.2610811883938611
-0.06322888669325617
-0.08529198222193132
-0.2361508721517239
0.04568924460868123
0.1736241709184233
0.12559814613602635
-0.07745337730393576
-0.05181685385683272
-0.049728907305622815
-0.07395750431189027
-0.07810065952428866
-0.23131866505565984
-0.1257081451062737
0.06775117201741464
-0.1082829239502567
0.04905358216880092
0.18951665488263664
0.09520128687775009
-0.38427205927629826
-0.14085594775011898
-0.28386024482862987
-0.24066474430178844
0.18906368586626804
0.1688394776754939
0.2985117212441146
0.2450842376361243
0.0908049270113144
-0.23163977304238031
-0.03736659426472403
0.06331861982739194
-0.009110543057696202
0.05270362852581591
0.049856796644816806
-0.08335709577606903
0.23787608518642522
-0.044602799337012555
0.2146001481897009
-0.2830488532017735
0.12134727790622012
0.0573560938664499
0.04498583718255975
-0.3821181833175651
-0.17201389487471738
-0.2839826668907685
0.11765017573077935
-0.1529794092236231
0.3367537493727873
-0.2881789282281462
-0.0649397610238003
0.0891907772420345
-0.08410730838774494
0.014013958844670604
0.1324462251841036
0.015122011338362475
-0.16549171931844608
-0.07113211342248528
-0.030154489189470318
-0.05391095323396645
0.028968778030208527
0.3459785894115724
0.018733094676634376
-0.39301216460340865
0.13942640376556809
-0.33212460483981265
-0.2691821743311697
0.08315653661985135
0.31721598615169244
-0.016667210565746327
0.14664349190911438
0.4102686588511587
-0.1510941341225799
0.31572024316756303
0.13396584524655755
0.06023457815529369
0.0015208765324756825
-0.15969977750015085
0.01556573456285223
0.060449982630845334
0.05664569559179166
0.0984256840612807
0.1155035927209675
-0.276941666367724
0.03651198959317012
0.07977534278010497
-0.22987025951173998
-0.1504590814115063
0.2553039828982903
0.09257444223114057
0.20317359053449516
-0.018593395568728417
0.08767973128895991
0.17732721851111885
-0.08532579712426634
0.14723579711853504
-0.06737117619587613
0.11381921206606724
0.06996342668516278
-0.07865352054900836
-0.06052785102738605
0.05177327315497427
0.153417572251445
0.13045487059310265
-0.08663831782049751
0.177145776228511
-0.506605188097539
-0.05616922568178477
0.31852029017822037
-0.07990873777100528
0.028242821894044617
0.047583249217995775
-0.03267855862051636
-0.15270355131844382
0.11735490090741622
-0.18526955795922978
-0.2848206725582951
-0.009301864118928737
-0.13408779143587335
-0.09475625844455121
0.19415320833712982
0.03203680797399875
-0.1809882722950082
-0.10836135188709632
0.07668397162048275
-0.05329414556551956
-0.095937595857166
-0.15230897643894217
-0.27771745549579224
-0.005477515471239869
-0.061230868201767
0.1795215995436278
0.1274789990464863
0.12496039412737713
-0.06181435029516849
0.08989074874599887
-0.14919257221689106
-0.09472922387439961
0.048674560304730705
-0.1592993096591262
0.33883942568435554
0.18630653759976729
-0.044204919817822375
-0.08880319330468792
0.02106829654130381
0.14921810316082024
-0.06905661175560703
0.09079165689583166
0.17565287520386713
0.15756131595491904
0.11317544285531937
-0.09370559365545815
0.06615309599531105
0.09900800674154649
-0.11920872238944877
-0.11761107319008411
0.08549584632962615
0.04047081908636078
0.1511606204891501
0.033305580498916174
0.09871875579135572
-0.15780970662301894
-0.4947253236887515
0.11402483035395547
0.10789356656189843
-0.24509344348960987
0.20380931604343297
-0.05408932385748374
0.06822163605701205
0.137106144815448
-0.2880270750724884
0.0979826070574549
-0.008823875587033214
-0.009079685264873958
-0.03539159077067453
0.24761118075864558
-0.0341965622718492
0.027108463045090816
0.06943904913041353
0.27755655320194556
0.2983852488513616
-0.11099851537458486
-0.25697697740001546
-0.0663929865682122
-0.20414410481754752
0.12530330352770777
0.011932139828651067
0.017548273193031528
0.03594752937285001
-0.3514929102586267
0.16899944215092452
0.14773990607954565
-0.14519706274176541
-0.049850816201622156
0.10544706162275914
0.27824019725454036
0.051241607361804546
-0.05066022986974605
0.2758760323097348
-0.1277526489878564
0.21491535025802108
0.17412145134856535
-0.2907581455553086
0.05194139324351521
-0.2061427245017248
-0.15033108604135414
-0.09455307470389761
-0.29604550119038736
0.07687986382426434
-0.04790692151668807
0.062125819130469634
0.10125786136215963
-0.25497704824376727
-0.11157861315886784
0.018811846706727607
-0.09717318577612301
-0.01585286569462766
0.19725626980039815
0.03428112969981405
-0.20694649695197118
-0.16277693171440982
0.23441239622913995
-0.3245206442645721
-0.40707230645162035
-0.02577344059462321
-0.0784449899902356
0.04941473364333383
0.038506269263274086
-0.05318670763015018
-0.2651196513738669
-0.0717486328060155
0.3225596729262546
0.032226447255217054
0.20368894624924003
0.07168411774590921
-0.36219968632753724
-0.18398323410457398
0.7702214947756588
-0.45729525550507255
0.08860450388742151
-0.306441549798302
0.12694448071193964
-0.4892361529132722
0.09889969101765449
-0.034318974018995516
-0.35986408589869584
-0.03815079554813408
0.19198079911061883
-0.20166593656585594
-0.28877366605909427
-0.22497421827619485
-0.07792483170975967
-0.28725142777485735
0.02977797930774155
-0.3870412010200147
0.03379854389186882
0.1558601602131673
0.062643826682558
-0.3106284108433214
-0.12941305931009234
-0.11605864813357815
0.1912601466864224
0.020618390910921172
0.0779127991481324
-0.043527618248252346
0.8299890662062611
-0.2692612155729678
0.27983354341625793
0.006469381175793053
0.5665515342755224
0.19290355971349638
-0.2075878560480965
-0.062393044896444455
-0.38248392518549484
0.061408973538374406
-0.11455195781077139
-0.21242179604734263
-0.05482111434821903
0.16407591690194215
-0.26955173277033934
0.007775684690749978
-0.23763183111208305
-0.05176535908847121
-0.0722258639689531
-0.16806234624925667
-0.033122663685691736
-0.05476819371264201
0.10552295083750962
-0.21773298869962385
0.012347115474596075
0.1225177298710697
-0.10120809005550624
-0.1843576298926001
-0.1892338368462466
0.02069446548435639
-0.17283326770155882
0.13701036212383164
0.08243944094099283
0.15665185803869242
-0.4800177220624026
-0.36819256385982724
0.04981083333560956
0.07962258135095025
-0.18574973696757688
0.17031172814379733
0.18882330075151077
0.027253914787713194
-0.06165773311930032
-0.06137626261251027
0.03074401866886691
0.1972784517253288
-0.04460943936382686
0.16305396031987315
0.11518128671236326
-0.012799654890125205
-0.06349783289675419
-0.08246198408746794
0.1569591055704646
-0.10009737794236413
0.0021985759146744017
0.004828113094478745
0.07477336029223812
0.004757383958603439
0.08767423354823448
0.10025735560938266
0.07604432274489316
-0.16658772159810145
0.02498740488888412
-0.3080477146892501
-0.15748218397492986
-0.40952040401753104
0.014467661440226879
0.05849865264743619
0.06469951358122733
-0.024382610895515695
0.1016421559850902
-0.39619558910623354
0.046422775524914306
0.21066598305533715
-0.018296721466403952
-0.008155054257050263
-0.10719930952351334
0.07240245638776859
-0.025244189783699696
-0.23556349547404432
0.20117262618752796
0.040212923071593264
-0.07255879338999013
-0.2831836628955878
0.1437873066878573
-0.28754317935821283
0.19183370978681366
0.2664447827289538
-0.22831358300702737
0.12327241593524717
-0.022825446805788702
0.1779763384228169
0.0044135890667205925
0.06277158045684668
-0.065837577257375
0.23296919333858376
-0.31153749764055944
0.24959009169907992
-0.23110114881689423
-0.4086250025077332
-0.05163778182719471
-0.24239777260136125
0.06957368836917649
-0.8956644051405722
-0.26777497445487214
0.056669555061068036
-0.17463994109114925
-0.007243076559531026
-0.11293823881547754
0.09895403791272922
-0.0751170060241635
-0.07195919787981087
-0.14452404237762365
-0.08779900836136337
0.03603218045418127
-0.3726464737788276
0.1890930063878077
-0.01588294965781639
-0.22573547122043477
0.08603062338395388
-0.12434037813314702
-0.2951771475419418
0.006909127590347805
-0.17776154154190818
-0.010512297427501106
-0.003798897220322147
-0.004257158668792256
0.24365457806498192
0.15618310831196106
-0.05402832667340738
-0.17047335887635592
0.1476369499389585
-0.1354282073205696
0.1375700917828779
0.2033739549296417
-0.24029074875116493
0.06849084293751001
-0.2315677047400995
0.1982629557432279
-0.24050554497912746
-0.05999402415910382
-0.11840992773817122
0.020758168326875114
-0.17376827905158956
-0.17903667552127672
0.012206775873648672
-0.2524462204248954
-0.015010409817490772
-0.18444130578180598
0.1356554328846184
0.07734871689219251
-0.09135778453223861
0.19235199384254267
-0.22897914201258016
0.2786291900941439
0.0018467105220314683
-0.15684184706038995
0.13583820864865231
-0.029296764412209516
-0.06565044509466661
-0.007664565280687317
-0.022261065861288204
-0.17878974551624363
0.15390351965221521
0.11301184574426489
0.19592520101053176
0.20981370030533067
-0.1599281513897609
0.20006358025817975
-0.4669755266107327
0.5053265035394985
-0.05881103540475709
-0.13583332706879778
0.14845231549579999
-0.04873668533342638
-0.08535791520705738
-0.1811394496799475
-0.06494809431199176
-0.14580941665424876
0.3831903627450282
0.2641650005348426
0.3198026910246933
-0.029833234719060134
-0.09535680546797434
0.09904502097144582
-0.21620968125147416
0.1645763278006381
-0.13318436126317892
-0.08651357217493301
0.1340398553445361
-0.10560157069592113
-0.009358867907601995
-0.3198233185967707
-0.0741408857385601
-0.09825831486720414
0.1759465128306252
0.08993588300930458
0.034383478937941005
-0.07557446744676533
0.07410036785191122
-0.1062207864863821
-0.2191950653852086
-0.046030000196216954
0.20384136953565624
0.05827745160158476
0.10036530136488064
-0.0035676724187561314
0.020561039595912968
-0.08651654202684507
-0.06477037918024746
0.013422015132247384
0.018284515195836407
0.09172877902677068
0.2998386047152211
-0.022490292029446093
-0.16860296487428683
0.07977891530229021
0.07554994424770364
0.19294187402391694
0.1253380226367753
-0.1179298995770823
0.10062722677339442
0.08179384548040976
0.060138283544141365
-0.15947000270348674
0.11261130381864841
0.04794403034280666
-0.12744006354930196
0.004849398307572157
0.06504709108973063
0.02378943829748757
-0.20977283665013655
0.18419107587779088
0.34723582767134453
-0.030653282667145426
0.06158234293886283
0.1347680890082595
0.12929260434071718
-0.09030958231115208
0.19635652569538123
-0.14852985818590678
0.231287576896536
0.007379603527373307
0.0950788528460108
-0.208524482877295
-0.07441010357674943
0.0060039036393745755
-0.09337496357603609
0.02748746806550058
0.20821085165428116
-0.2751179759344581
0.08114999896330907
-0.05068753573240209
0.1600261804060398
0.10748065415959203
0.06870210005102012
0.10753072155447402
-0.03885065291199827
-0.1469430396424486
0.09042432928407515
-0.06496458107165647
0.09247984301103225
0.03461659282338993
0.1456671608371579
-0.08903929154201749
0.05233073765439947
0.17781285390999932
0.18637069793886568
-0.12227861816701312
-0.07115905807514611
0.14424519035100497
0.19220786353517202
0.15336039083344835
-0.027407335027587472
-0.07255177379454117
0.08327081469149206
0.010981926012055433
0.11631514710828064
-0.028278679395274144
0.13006569145268684
0.25684387798933594
-0.0811580730924624
-0.14276375827613985
-0.03358644794785016
0.14560617330101988
-0.07380516593850535
-0.03611473588071431
-0.13807927413011542
-0.01320708154138474
0.09095786396473705
0.11323249834421531
0.31252772844088694
-0.033948490727654414
0.2348727288021228
-0.10874858373273064
-0.09744630031463786
-0.06154686451225297
-0.07285322293015795
-0.029404054938996328
0.07445313284622977
0.04395652567111796
0.41983985249848643
-0.17873507006101913
0.25781026264123386
-0.4022466316179713
0.3025568642527404
-0.12500055232382776
-0.186611395294342
-0.14340121382970866
-0.042849013299766335
-0.2238765126761532
-0.16834101218402875
0.16240419699078643
-0.1426651527008386
-0.1129628456951384
0.0511447762322455
0.39940799832825713
0.4062080922714448
0.06368453652933563
-0.023637684603733715
-0.17443699445726377
0.047116219001382305
-0.11348952480361253
-0.08823593850014344
-0.26172016587499164
0.05295290956339465
0.27559751641868657
-0.024855450776866662
0.07039251211084735
-0.07477977244050862
0.27079024743252117
0.11817945946458717
-0.1582776187802084
0.17604077585927175
-0.2787560807252688
0.18683301225111323
-0.0414556335269374
0.05965244345120773
-0.0029592635707417947
-0.17238571325260033
0.024553803221592067
-0.05926327692807042
0.0848493642211512
-0.15985379397266697
-0.11019671269265567
0.06533279811834777
0.19999316794364022
0.11395965742393292
-0.01750590533716652
-0.2825834658931105
0.1162689281339813
-0.2035477013205262
-0.07745452050614023
0.15502607452108608
-0.029991188018121104
-0.08327590153226959
0.011330805980810972
0.14628919418276035
-0.10318421431574339
-0.10943136050902183
-0.14842716128913305
0.22200702276595982
-0.07886112316794694
0.3947617187960882
-0.11246163515871771
0.04280242095578997
0.07207524911339375
0.05626212987035047
0.024761728670114672
0.23865368539567283
-0.26914968325842087
-0.09050336129386444
0.0703136537086154
-0.012665593721338918
0.19520679859832527
-0.20423746841668936
-0.324373592418547
0.023140981863332036
-0.2586481168646823
0.08572433660833306
0.17610016106294
-0.2089113600395755
0.20357204894882486
-0.05537075730018724
0.24213694355519538
-0.009311867414285186
-0.08003748049264445
-0.004705896510967408
-0.21160194353264788
0.08795515549619043
0.1719414369186387
0.062146751998638027
-0.4530382033555337
-0.02921660307259293
0.12019007378323143
0.20638865277709845
-0.3010240021120395
0.0940161862043351
0.033626686128325374
0.25612947381520035
-0.44376382986155405
0.05797375215486307
-0.3875953812823945
-0.1507561428348728
-0.16108957121918094
-0.2556223029313934
0.09646086773913562
-0.030910210567146566
0.08835856775783565
0.2383561197124663
0.16836354430218087
0.20636716996339835
-0.06994655649672954
0.0355902738966725
0.060968906494574655
-0.0703862322755245
-0.03751751221562505
-0.2546109656115445
0.5107754867275806
0.019150093616173862
0.04838239094650074
-0.28625971357723573
0.06345591833675157
0.1353695173858155
0.10340485638088928
-0.1155440086333568
-0.1997093544374649
-0.2787778528002914
0.1391345931505295
0.35644000498207695
0.07062509920392704
0.15026781923309734
-0.031832602974969315
-0.18885703296645956
0.12233283016625678
-0.016770754389495716
0.13179705965860591
-0.013077408989624463
-0.19507266669593085
0.33347082950935253
-0.03791339538273059
-0.08390592398871896
-0.1336775817460299
0.17017540161444375
0.1587438655704272
0.13283474779728724
-0.25813763533564565
0.11429427141601704
-0.13452631253439498
-0.1509682436596266
0.11454766221236276
-0.24301214182786485
-0.025709852595273853
-0.26986097044356394
-0.21605184125212215
0.1608630234444983
-0.1482273552195512
0.016385192570236747
-0.11807230127638355
-0.35481247726332654
0.25073740529855265
0.17827172509901262
-0.05940808636996573
-0.4778159994372532
-0.04938778053983549
0.342046760294816
-0.14513299309092506
-0.13483339473601774
-0.23772728659592435
-0.3423628066984711
-0.18036392345103
-0.028684793263925895
-0.1079812394991477
-0.056888930536853684
-0.06316550619200881
0.15274130836791158
0.17042058802602972
0.0009881933416896157
-0.15841356077166488
0.20758733522384673
-0.357680534802224
0.11164816786987562
-0.034052646720324646
0.0917701098476091
-0.17095036306597933
0.02606854754608406
-0.05110544777012415
0.06817440521775377
-0.27739060569780843
0.09138638338937857
0.12774162142343698
0.10826597142223503
-0.12474446943444685
0.2861689330610783
-0.00153397346010335
0.38290768516819523
-0.06748240533661964
0.018745477707821225
0.16472211097177036
-0.058407977349579344
-0.6187294192680143
-0.001560692412714936
-0.2594974617030383
0.01370207269880653
0.14817597521845616
0.015874915728097953
-0.031789553144722774
-0.08221159107954594
0.12357260210495769
0.07551233953534282
-0.09450929493837336
-0.07862286231533296
0.2238716917585547
0.41495324474085044
-0.08405994157271564
-0.06323805300019013
-0.030360878710993498
0.47952109967115314
-0.12744221816511997
0.05219440189155548
0.06677845985311744
0.2704203269114077
-0.11352633866403028
0.221539443250469
0.15245952582701905
-0.3249836390069704
-0.11672399336772718
-0.17304423955805012
0.191409832183533
0.06580173062175856
0.10257942752111911
0.07396058823969016
-0.2783059426293456
0.36526831229880835
-0.0558858049969443
-0.11969414322504357
0.1357355122959908
0.044608878443458753
-0.22297160078916026
-0.05645778519814218
-0.04049991538557921
-0.07587810250384354
0.08042871468772543
-0.1040580982334438
0.07305501357686235
0.29803866599153084
0.05278570693363165
0.06414767426393089
0.24542833349494494
-0.14868251214574613
-0.17363818475235945
-0.1871146289632423
0.023733112724777423
0.007224139744553267
-0.13515017111617084
-0.19159085317267688
0.05275916222962663
0.0748159023151443
0.09733745016584631
-0.13379549362687465
0.17969566266100567
0.11648945434478541
-0.028019332446267437
-0.21740023876804657
-0.15304146495581075
0.09128016592395886
-0.23792393826190938
0.15928318318128037
0.07680078428390763
0.013302030958506912
0.09011053676559208
0.1137515653069309
-0.018740915960824903
0.24824892892743042
0.0016245490420058388
0.059054376429353225
0.13509948607561412
0.06298772046637398
0.23554453393184072
0.0041377668306045185
-0.061450092239187126
-0.0632302438009264
-0.1391246785296982
0.061789722684264685
-0.011612138497725053
-0.12669799648400357
-0.11562295572652807
0.08274036000191616
-0.6663880020873651
0.041576797564053504
-0.13754254783326966
-0.1004073577044609
-0.062468976772377366
-0.22587910548534204
0.3599542668637973
0.29495873249826754
-0.13644240674858818
0.13948789658527808
-0.16707051906866147
-0.021762348605892982
-0.3276458471843234
-0.17912066576267063
-0.22099652705503758
-0.07280567798850796
0.024835464556204247
-0.2235894012467897
0.29657753769230955
-0.043536901003063226
0.15655090174636083
0.05207134909868888
-0.06046193338440275
0.011642462534822456
0.2004971625524949
0.26158305463327186
0.07548250948997112
0.1735091427662223
0.15503747933323353
-0.13020164459290437
0.020026854767697895
-0.1968322517842849
-0.0389864213901613
0.1867933722331697
-0.06927123029913716
0.28140970489946177
-0.1468088130044318
-0.09055586528313209
0.267663540350022
-0.07473202146190458
0.17303029511409082
-0.29623548911366776
-0.028075538855788017
-0.12009810055759594
-0.10589043187327433
-0.17295939382528344
-0.24738244847413499
-0.30801510576312313
0.22270727978336818
-0.06487282580458822
0.059170282944993345
0.285533090630801
-0.04671074267909374
-0.01744327911220071
0.09034953819913824
0.029484637345768866
-0.2173990915568063
-0.3215403028688891
-0.08452216512657568
0.010212787882752126
-0.2202957899913043
0.005909810744661912
0.009696618055114284
0.1444674772614495
-0.036619213755640055
0.21581729761426066
-0.011148165634210337
-0.06546669074144092
0.09722383985328874
-0.1481104514782128
0.25167140312464675
0.19731283730590163
-0.3152307080035693
-0.22345865362422446
0.03992587805322432
0.07384883925527654
0.010367061628978035
-0.021047998466515432
-0.07679541146357821
-0.37766589568863623
0.044142893058790315
0.1409313840148122
0.03448961856491503
0.044110983063614495
-0.3215539651222508
-0.16732897305832245
0.12175731351896432
-0.09039283243324633
-0.15343076339239112
-0.02355349487972518
-0.17264141723049925
0.09292129614821482
-0.020335731362906024
0.02967778237006428
-0.08841480462789028
-0.36932923828992004
0.10287625294365496
-0.21700570144350978
0.1544033410500903
-0.0897790274897714
-0.15233433872170946
0.32645008216627985
0.07904935445614432
0.2643291400833222
0.32582132466951375
-0.3807161349210885
0.10824897869955032
-0.019661202421500452
0.13853854320468986
-0.21210600362175813
-0.5641873929484208
0.07827492658884423
0.05691734868900657
0.22340195237408558
0.04614021574924792
-0.299830033844298
-0.09695695181256428
-0.4262380713263404
-0.21286701793806262
0.31864655265739666
-0.0847002743457608
0.2092746103109846
-0.17886933386409196
0.1502045449070021
-0.027697213950360355
0.06676206415790023
-0.07922941158963566
0.05678595993521935
0.21339838108114084
0.047983059964946013
0.08032377107911752
0.20129482295581566
-0.18525306931028152
0.04705353114956674
0.07539643176917711
-0.2111772787673227
0.3568598873165632
-0.17447377702248948
0.1408622472066483
-0.1370294266915648
-0.11625052243174136
-0.17814386996306797
0.03701970058894455
0.1858211203784971
0.1061378251834266
0.15349186640536744
-0.034698328268381484
-0.18416595774342148
0.12026441200636752
-0.43110540492105437
-0.1650717394571243
-0.1330669252440185
-0.07349777265674613
-0.1899987930733916
-0.06399460927006109
-0.19332060796140718
0.06913483120525381
0.08897593357888742
-0.0031253759843024274
0.2029344185484415
-0.12637486424035319
0.23921103327143184
0.15781384436999438
-0.05168510733164346
-0.06705394012429994
0.17633569931113308
0.026795524967294294
0.29145744435803067
0.069887418076451
0.06629603327264896
0.17505978163242025
-0.06651924188626172
0.2284918018553109
-0.0010827287278262444
0.14211007469178352
0.1697998188850828
0.1269392656878685
0.20493541607791804
-0.19061113106767574
0.030580177759544993
0.06930999936035574
-0.2302179040728965
0.06804887469335359
0.29727862736788974
0.04557457562585523
0.09099217637194369
0.05132229180851703
-0.0064061569751268765
-0.009101389853259053
0.03467563671657241
0.0670855984742715
0.16301633466580537
-0.2560027246187648
0.05993906895052278
0.030583400999543316
0.033921338410975284
0.10944196417867429
-0.11414043728241553
-0.1285544725049129
-0.14018268903004896
-0.6249099334318277
-0.046226494005956284
0.06074749619706896
-0.2417808770092482
0.3873607113593957
0.307835995377061
0.142053016675305
-0.10541589470437583
0.16308363357271816
0.2772877935278695
-0.406791638904965
-0.04270641976740282
-0.4199312898134077
0.2533708592861801
-0.1169349789062151
-0.2221788201601576
0.003339927032657679
0.08071468177940376
0.011627770301260281
0.0597740952268235
-0.18469108006867513
-0.08267024631170966
-0.29874963796987863
-0.004284034964529366
0.02240211167151844
-0.23720128948845579
-0.11935876280862134
-0.46608222945724476
0.04436900183424167
-0.2782283977155188
0.2159892142933748
-0.07470056105162333
0.188981737039014
-0.14761695175313524
0.041692396971212346
0.09605560844086163
-0.013569231143442733
0.09733562876527611
-0.3040833413343604
-0.1143459292458005
0.30551537823448016
0.043544516243011124
0.060114880970438496
0.0961927817455214
0.31854027618927033
-0.1979469040587415
0.08436794531686664
0.11337738057642811
-0.10281795039425703
0.06735540304003718
0.12004783755730249
-0.18745439443588488
0.1524449019810673
0.021033947603956805
0.33557740554702664
-0.07753582143998247
0.3557868600844656
0.13225293674597802
-0.06345358574203497
0.021151291076190615
0.03840214339234038
-0.38512485654224965
-0.08376572962984723
-0.0597144402061015
-0.3165332489453904
-0.007455952734289189
-0.01276387529759878
0.005263623860224299
-0.10912172861228227
-0.09844057172561149
-0.3581549264080674
-0.05275984979019437
0.024437048586247567
0.04940572028212488
0.1947654230310772
0.1445307713398128
-0.1286798280267705
-0.3266589658648737
0.09543171735541045
0.10133186196445078
0.04262860802030672
0.11020006821475888
0.0887038047236233
-0.027940697400098902
0.07129942786975091
0.2350034678589203
-0.17761366616242732
0.04406164955128762
0.046213855436101674
0.17670105926715882
0.23914413477357616
-0.13872386069997095
-0.11413207120187976
-0.4895713474760296
0.057137303290509235
-0.31380190977487354
0.002981549768236414
0.025047269963746958
0.21470129300141552
-0.07465079541841618
0.10344842980540904
0.058484533138624874
-0.11636079454311431
0.11575447242991733
0.059685770404313644
0.26531482750211627
-0.2161382273647148
-0.4157716671241979
-0.5762040996126921
0.19278193774667507
-0.1420766377587409
0.15179862353120221
0.05022295739406753
0.24810300669090982
-0.23241256500638902
-0.048541648322573065
-0.07134540232312951
-0.20514859105265368
-0.21554065668108435
-0.0019377570981191808
-0.06935427209298285
0.172889808935423
0.17127128552946
-0.16117398122548893
-0.12547591792634727
-0.10207808494086117
-0.1462957962243079
-0.19108404716272415
-0.019414293379037002
0.07549217242562165
0.24055106167564894
0.10472781729740649
-0.00892186892550145
0.06984210243586549
-0.004218893318061889
0.01723056777372946
-0.20887418265260413
0.16863398580319433
0.1018806122385829
-0.17414327051854264
0.039746295692738784
-0.1469909451283691
-0.14012089676893313
0.18528463088144273
-0.17370207946383703
-0.08561894960946322
-0.04386266604094211
-0.11057737467180916
0.02224891927983056
-0.16685851664807053
-0.044241343654631886
-0.33773286107333433
-0.07282307966381252
0.2623085948526571
0.2163780510949217
-0.09201126342045414
0.28261562626792974
-0.3170600040290093
-0.2658087803066433
0.026779126748994117
0.46942557720527167
0.05581915819764478
-0.06151884766258712
-0.10291187728353504
-0.016872140567656367
-0.08036979872218586
0.0991841067472269
0.018939260293395675
-0.24875848610586873
0.24508056389463687
-0.15459730553626452
0.026250338885463593
0.009570692111323763
-0.04991440254170972
-0.08877599640681884
0.022379384405923502
0.15509454708823828
-0.0007360459324513252
0.18537050342742306
0.004215353985719073
-0.15996133906942356
-0.21459127525588517
-0.19788963616146676
0.04257875885034343
0.15257615256678492
0.1567125491099142
-0.14778000175885844
0.1293760314766589
0.13022036914382906
-0.35260825871817747
-0.38610242988349763
-0.2543512494200092
-0.0105027099421642
-0.052583196947409025
-0.17191671205727235
-0.19132272045020357
-0.6481185110326743
-0.05794859706249411
0.2366607836750844
-0.15119855449894917
-0.24305714122823202
-0.08195806574882322
-0.21744726939340048
-0.05219343544640352
0.08046320524128327
0.2375746494420616
-0.15952846459305176
-0.15744555189050044
0.2762853606352543
0.13521038823684986
-0.046660697556099924
0.05351113663036379
0.022887779826015368
0.0019910818533315677
0.08069540880909389
0.035013903552245505
0.3248833863716185
0.020820229690654814
0.2860147989996363
-0.19217331260962123
-0.0002796380606488263
0.020244199336484057
-0.356042475157263
-0.04507094202371904
0.030319740680160023
-0.30001187359512
0.31823820858454666
-0.1517892195994251
-0.21466086943986662
-0.1027635237802696
0.07169255818181249
-0.11092419183786642
0.12679371708417242
0.026429561149328585
-0.11420359292402892
-0.355907421504425
0.1112907514252411
0.12390792843281938
-0.031673591654323804
0.12132670283630011
0.04261919062484189
0.422616092926616
-0.22947142971177514
-0.11509947384987947
-0.19166730188842462
-0.05095705103134445
0.24874287361093186
0.2697350329539296
0.19494235986554936
0.006500140357284285
-0.029131650960335334
0.08395656532177108
0.04705177021171124
0.5036531997504764
0.07128591878226725
0.05107987182659823
0.09481656162814651
-0.04572957459213547
0.23625838558520124
0.1314539370138106
-0.016178134044624207
0.04129986336828224
-0.03368866856266742
-0.18532101500665596
-0.015824686973042536
-0.22991689781713867
0.16535708810042632
-0.09340221188952746
-0.0455385300407984
0.04378284905977205
0.1328683784118569
0.05087528428901329
-0.34216524670724346
-0.26157200739000913
0.12024905746152008
0.053293454254219996
-0.11736123329849248
-0.23452126000299264
0.049062486586030234
0.11481581610335342
0.12017606641963195
0.08472429283846449
-0.10921942648359922
-0.28791512383298756
0.14141866032418265
-0.06973907604421681
0.007057535697274915
-0.13877433043800258
-0.2531349357219167
-0.11482361143833379
-0.33153328309947105
0.2511114702381977
0.06645499467688454
0.11971262464230037
-0.2573592901154055
0.13165658540633846
-0.15682780309221483
-0.03707062517307166
0.07205394693963799
0.001127182275602545
-0.18364454452548487
-0.15443398563904473
-0.05399075303311152
-0.09487756476524122
-0.050180275650394415
0.03276158767627291
0.2792283269233687
-0.028733192861528204
0.39634198362889184
0.20591266198170238
0.13541729904058783
0.011375828162877506
-0.26484782283220476
0.011732952958748148
-0.15444605368530004
0.028746653040441595
0.09756954741133432
-0.24021743276611696
0.04234928006096091
-0.11643989304913052
-0.06289911805184288
0.052412513227946114
0.42083065790746366
-0.0657342263450917
0.22269505985084068
0.33649663744447234
-0.05596564695853345
-0.03654677985554965
-0.111096276768128
0.11264937657939156
0.06728599062550221
-0.24347609511169732
0.30296048518359775
-0.055705600797833835
-0.01524220847580433
-0.07649558453703188
0.18737313606082814
-0.024393269775776903
0.005980445081663699
0.07123176832575617
0.08665594603525031
-0.12996427784053904
-0.32836362669569047
-0.004700837480355996
0.056285258035051966
0.12119934976217189
-0.3383438949767889
-0.19919420083165587
0.20181851459945843
0.21829256381554704
0.15512568711449454
0.1219240762557622
0.20881789035708587
-0.07861662679756216
0.1961458314651775
0.13894939977083065
0.2447010513744965
-0.3628453139786771
-0.09948346055025108
-0.08162177764326817
-0.021546725710605185
0.11632446095184924
0.08718748718445005
0.4275066648985968
0.01764640324573056
-0.24271284435168783
0.10097393628329637
0.03945692621768058
0.13548064864215548
-0.20040942413109247
0.3343813410515603
0.2461622294256424
0.06880037941532094
-0.15669605058689723
0.20673872772515126
0.2733636196893693
-0.11482672232106805
-0.13953501408035357
0.025908750155850795
-0.21386835183662128
0.05096933199064502
0.15043224420367918
-0.0001394506061781004
0.16427706287135846
0.12882911315348702
-0.2031670091294049
0.06763840835307144
-0.21740969073355154
0.24791510267992492
-0.2529411420567028
0.08048086445441192
-0.09629865038324552
-0.023672776558205794
0.03300310374524597
0.43851190036227294
-0.2099182554182288
-0.3513770491900852
-0.1601641321335431
0.11556099412083558
0.011758751231893145
-0.322438731928495
-0.038141222333383996
-0.11924719766090972
-0.04758559161503188
-0.1317914410106048
0.0941298318789539
-0.21235649708231583
-0.16508218789012416
0.009030522724940367
0.021846914920416214
-0.09604546473829087
-0.11496580351099364
0.048149796211839915
0.22271198931687122
0.24409021920215132
0.08451132306799844
0.08800884554665404
-0.22213660218106795
-0.11564944218083938
0.08389595257753044
0.12230386636618175
-0.1912186750657146
-0.01418882246756256
0.09505543741020905
-0.053199466037869104
0.23955762249137624
0.06071413093925568
-0.11682562028708209
0.03941785964041822
-0.23922884547633788
-0.24016608724138125
0.07070882378570563
-0.10612473647310834
0.33622452218357834
-0.15685738101797606
-0.2590314309929173
-0.024294618622809187
-0.26152638021424934
-0.12973037015152694
0.245744041193961
-0.4320635634163125
0.15447951104632443
-0.019472311117944025
-0.2695897549426262
-0.019091224295383628
-0.06924013644171781
0.02156112308838679
-0.19711629434745392
0.3051105041509175
0.058876466220125656
-0.2159428761931916
0.280051844078581
0.15529591131181142
0.3597527175343266
-0.2856559418433225
-0.08231208894823687
-0.17919507729693265
0.19161628859121918
0.131911960271731
-0.18722126755769047
-0.051222225588188196
-0.1262487331569198
-0.44772955400791603
-0.18956176653809795
-0.15412508976827374
0.3529349602870208
-0.06993207278291436
0.1779405442546496
0.05545481979414585
-0.08281673668847919
0.08632613872361905
0.3062415110354321
0.07416878795349277
0.009647822526126709
0.050320560362446656
0.1980046975453845
0.07029471340288324
0.056567942171685565
0.2578570794557939
0.1345661843947635
0.13911019011231435
-0.3537148632169867
-0.08440602586654122
-0.11705483142113113
-0.09630670363429321
0.012671995532346852
-0.22456881695203854
-0.00395491086024744
-0.2469557283111149
0.28017672426003787
-0.1913514267304519
0.27573728486297894
-0.12220452024462115
0.11100039091023162
0.23119562170687613
-0.3594252812042408
0.013718816953550478
-0.12846360180853753
-0.030016197479491823
-0.3187430578361806
-0.3316767339409791
-0.15097688934458703
-0.15211058020256682
-0.18705259631460008
-0.18507206367754098
-0.22549157190806582
0.06914609391307429
0.3083464391341542
0.1458880906626603
0.021966962186711753
0.0679665230750733
-0.20930477539434778
0.16275444403165298
0.11332677877542117
0.038677195326321544
0.019574301793951185
-0.057023779538816356
0.027035289297083535
0.02512647167269715
0.014942781626919062
0.2578891198874325
-0.11632214782973131
0.13712670817372016
-0.19519967467299773
-0.07684329298259195
-0.0336090966957637
0.22870828574086133
0.11144395345680284
-0.22589621973108479
0.14582564806400813
0.07139809465153626
-0.38244699439836005
-0.006447351906547803
-0.03621772747779739
-0.2599087919259375
0.061217552155061486
0.2629837447618385
-0.04032034870355681
0.1110801802512618
-0.24102387120869181
-0.07172475844484882
-0.11806613812782286
-0.04600015274266698
0.1155996913885248
-0.03595467901529286
-0.07021238638246652
0.14398449699903543
0.041174760701108926
-0.041640167028540856
0.2761575304761765
0.37276871688631713
-0.008043778888405205
-0.046828643258705185
0.3169692284023179
-0.10957161410000166
-0.07788817464560346
-0.07223158107235245
0.08471505870568077
-0.21994944893138224
-0.035331707248591714
0.006621304467105503
-0.005971753671524904
-0.11306464043133609
-0.10762514155626582
0.01607895042543722
-0.003720367556839401
-0.062067474415969895
-0.2814342999733723
0.04393993712825799
0.0047348131604711624
0.20916022046958913
-0.06103122923471673
-0.09514498152432235
0.1910310427747547
0.35988480391552613
0.16038498212217223
0.11203979978410367
0.026434397523604068
-0.04460453460231149
-0.021641735033948166
0.16296543462832142
0.15169916010330087
0.01505628229281811
0.03135053832296183
0.159497658692021
0.027722163912305645
-0.07524301388169599
-0.11022662597642086
-0.24131745706638552
0.08957854991053014
-0.338877660421005
-0.25256757061863
-0.23007550609323765
-0.05638369510828747
0.12240523175653126
0.09223820053184939
-0.044921108101778864
-0.257238151382612
-0.4030784132179635
0.09937129393971253
-0.014952321832014568
-0.0803240850734283
-1.2092472817282753
-0.4323662945901114
-0.03980828428900767
0.005811042664000321
-0.014920686469534289
-0.04768330208737436
-0.11826866271226051
-0.018576878409079928
0.0013487112853801317
-0.053131900841083046
-0.07020115088559992
0.09410763651726159
-0.03198894047568453
-0.03459824137125191
-0.29664873199876685
0.14696287533598712
0.0979980548368671
-0.031038283645235393
-0.02877138245805955
0.025746735802072464
0.25854949676487127
-0.6207659519789779
-0.0038126494599864482
0.033019624531237746
0.10510351084783368
-0.14707627346210006
-0.009807714378059548
-0.144614554492371
-0.08260696882131709
0.047190593278564674
0.14581877385542644
0.17722176869640802
-0.35117059672655143
-0.13167294438856458
0.02452775833358391
0.011049169174282655
0.14274700012514122
-0.19987653486225307
-0.04650815132918483
0.007082499527293987
0.0014203275634212162
-0.1577498663226212
0.16187071348451681
-0.20711165955867475
0.14158112833591702
-0.18613036124318785
0.07991581176994729
0.0603699412901553
-0.18690902976541054
0.27791397720587424
0.036879681209480465
-0.0382740444468126
0.23198863324093902
0.007566671819669571
0.04490655853807481
-0.01961400336997333
-0.39331892333526897
0.25610660988733436
0.017656870202525463
0.06721363505273403
0.03380420297624451
0.4922522857768076
0.04162135211034655
0.26995878076809704
-0.30602258940538557
0.11166904716594821
-0.2393540798006581
0.35661025804878266
0.0841274333931583
-0.10765775905148779
0.04300927650699526
0.04861681476958068
0.16626996775172412
-0.02214085206615336
-0.17266709134286967
-0.049474453109958315
0.1205256099383974
-0.33232731072386
-0.10998960077398351
-0.07775906698727171
-0.12613526687535487
-0.1820181443460491
-0.14250582557745542
-0.268105442945066
-0.3104600651324131
-0.5791500763533602
0.04256014319396045
0.13026149711663731
-0.01829624958621619
0.10767840957950792
0.2334528409746299
-0.5729455047844462
-0.13993156500781603
-0.35990316755733476
0.207274894855619
0.10686652709764151
0.11354758537347301
-0.05660540295543417
-0.2488745211360046
-0.17040988088084771
-0.007692671538171051
-0.28357020175766956
-0.10499531143559768
0.07474394863896158
0.2577464669194971
-0.04465767291200931
-0.12084036725557486
-0.14118859094553343
0.001368051803294658
-0.05146741706185877
0.36447058972003665
-0.08667283868312894
0.007740679369142246
-0.1199081218848314
-0.12531855012011844
0.06925685846599185
-0.041493439356261375
0.12708877014217532
0.138469793703536
-0.16951609160870823
0.013971720404645184
0.0642082764174217
-0.2493972666428059
0.046047597521695786
0.130702931966694
-0.12720474936775267
-0.15537990920779085
0.17847302324844963
0.09617065408888227
0.04644359263033346
-0.08490096610364183
-0.0923037452186348
0.13157169910178526
0.07888285761580358
0.21312350593266427
0.05833246508499208
-0.014165434512480536
0.18718668194559648
-0.11696666795472835
-0.2790612660418025
-0.024608674920304725
-0.026984323303420907
-0.04308223259222513
0.3760010752395676
-0.03181478506396295
0.1215769964709032
0.023961590343070414
0.07987199765237676
-0.011273115738101549
-0.023488051967059696
-0.013969899414867473
0.1289176909977566
0.1542263731205622
-0.08651349409102516
-0.1166200324809646
-0.021811638496361918
-0.012623632670934963
0.11267526830086899
-0.03320986358847033
0.37878213463342536
-0.02352136931073253
-0.12998097135957326
-0.278265850767904
0.18297852548462862
-0.06195883667692982
-0.0010806002314358405
0.06171004423445402
-0.22604202914808122
0.19545203054127647
0.06573173467555903
-0.007180309975915261
0.18736531991947583
0.028960486087811814
0.1999893903457647
0.05716012704419263
-0.13864284921491665
0.0851642846921083
-0.10389920259770653
0.0014335489349299167
-0.16621346731778347
0.1126366251314566
-0.030011822812249938
-0.24280814798241623
0.19197076910691663
0.09130642382068911
0.33817782953891484
0.2945562037647497
0.048533009960330324
-0.08630119058064598
-0.1953778091497873
-0.1714437259671183
-0.06678159556182171
-0.010168436860574592
-0.16564236210784838
0.3523449407539319
0.13336514310025177
-0.01655506140310932
-0.2602313340021266
0.22476025009661857
-0.41325247585923247
0.13731347408544395
0.06395998564276055
0.046352330954546786
-0.09450633278119018
0.06628271480711016
-0.020904238147307207
-0.025120282651171232
0.3302674618599592
-0.21773645285238716
0.2052012280247631
-0.10883835264068299
-0.004538109268420317
0.059682307254340594
-0.10156006674641206
0.061337198009842886
0.05867663327444001
-0.319487781461137
-0.0372342379698907
0.04566099580785442
0.09543502810940299
0.07823316766589297
-0.15058275744709967
0.12783652088971226
-0.33480442542015376
-0.11113815349546757
0.10105261248520524
-0.05674996048925237
-0.16025416815810614
-0.38216688687294775
-0.02055298783828414
-0.2237269650091347
0.012804143124958934
-0.4385534850320367
0.1996171433013829
-0.18724181764588266
0.06481437276654184
0.07540720027006018
0.12609725033089403
0.20867588204054233
-0.11874155408849485
-0.1975308166126828
-0.1558151743588764
0.030979058029214614
-0.27431224656816977
0.4568118140277731
0.04370315319335959
0.09185901186265638
0.22348004198623128
0.02050270223253774
-0.012235544317431369
-0.0936201637074745
-0.5367672920946922
-0.3128517281394977
-0.09950472279224486
0.08742531550442596
0.09363368516631866
0.18671339809743978
-0.18017519195675416
-0.09489138296198642
-0.19996236475269935
-0.33388074535540074
0.019495042438940412
0.12444736832045515
0.19100363313431815
0.3590538167593125
0.6190683677599474
-0.07073723875194193
-0.17913990216316442
-0.4019466097138868
0.08583714833055515
0.12847212946555533
-0.05244939748641563
0.12586388246151667
-0.10451587768561103
-0.26361884749391057
0.11382290616084596
0.18877028654950412
-0.1033858428659434
-0.0756184554145364
0.02378762382987405
-0.7165641147976476
0.07750327026725815
0.003819595629252433
-0.3516387463799612
0.04545170822767009
-0.28302745728464057
0.07553893708539199
0.30024965895654315
0.04108392929611268
-0.2022877565614359
-0.027164075177826732
-0.11143831930344657
-0.0434090203983406
0.049044650036100174
0.19511917971967502
-0.2793644667287135
0.010412380635062592
-0.07229545790849241
-0.2773807807335688
-0.1439983982434107
-0.17714565639716975
-0.16255065781772676
-0.14349143071440482
-0.09331998851170725
-0.1917722067687648
0.06277963911280186
-0.21972683543550345
-0.04946857961023469
0.3335683487056377
0.12304939611119314
0.13669068298334547
0.13594397667166647
0.03523327205389478
0.2234529339104352
-0.08096078363344143
0.003054857688315297
0.3172176779440375
-0.2115717343699157
-0.1430653962352629
0.003782529082477568
-0.3767285201737025
0.005715397923435162
0.012554529760571562
-0.02424147655342322
0.29137831793590874
-0.08418576403797405
-0.014148300203178081
-0.3852384900304525
0.030883855286092634
0.04404455251126645
0.05651743646070728
0.08543088000543364
0.29456352420313403
-0.06680077791125898
0.0501224827632011
0.03086339865421009
0.19321541180891072
0.09167184234048271
-0.07469071075480208
-0.3614572924320768
0.2664215038338995
-0.12331805069134151
-0.03318656033171567
-0.16250091162652464
-0.11336225225141817
-0.05342024871449872
0.032762110412536925
-0.3223879407133169
0.5948743059350725
0.08500730616705854
0.006840092368985543
0.11149184592598109
-0.15359693049317194
-0.0797407824866535
-0.2612598011905292
0.20603309544174273
0.3229633711187941
-0.08205111742364975
0.2334760033971196
-0.3206611488327474
0.0495729105206994
0.3374244872086816
-0.13682062145247548
0.304911163443859
0.100242216837026
-0.2230201542651486
-0.12592086922832724
-0.1554177157168447
0.10355398404135949
-0.0199288059391922
0.11667540127071778
0.04795873442294107
-0.038749714349156854
0.18764660199051714
-0.2701206618959629
-0.31085214660226623
0.35914298573961057
-0.19020005460239967
0.1819275360562765
-0.09082483385139266
-0.026112966651721414
0.07501242975820423
-0.0048003360556608645
0.2686118469352752
0.31333071985254446
-0.03504668737558122
0.12910522995708304
0.09531122119286453
0.2042041329977529
-0.050848536733763286
0.0414851603305206
0.38529026656423965
-0.8176969104191585
0.03261189557045746
0.05471343958726745
-0.003157663264895713
-0.6095284687170175
0.08346244246399565
-0.5126139605420417
0.04531592887156684
0.05951538208330652
0.08934306944880295
-0.1765774173959981
0.0958692411475426
-0.17841611366208748
0.18378927331151673
0.04913450339395156
-0.0027474342590486445
0.15271265725793673
-0.000797847702448327
-0.05825294173959408
-0.15070917221055286
-0.2271653143640422
-0.14833395885318218
-0.27526714183623685
-0.04989946138959696
-0.04453939508696539
0.06699415351873322
0.15217987966566138
0.16956619778468857
-0.12445307847344066
0.10216096804723311
-0.020025263025663903
-0.08105484307658159
0.07157968235631572
0.059498351759444845
-0.13976175147541536
0.048326060408094416
0.005736478053054731
0.0713868270067495
-0.04411060224798326
-0.22516135707916826
0.04338027067252889
0.05616970344099367
0.06504718875605851
0.015617261000260937
-0.10503225623973386
-0.060597821989843946
0.12561721033145892
0.3327452584193839
-0.022272137102031676
0.04128244287260498
-0.051422266804712506
0.10157926324074983
0.17331013748867802
-0.11804406747580107
0.2086679407354905
-0.22522466604952188
-0.08844251924131402
-0.17502611162201986
0.019615400437490913
-0.038585291743009294
0.0375517623596421
-0.0648109735368216
0.09884636783865304
0.05462395646096563
-0.2728836546429004
0.24633369163814112
0.0906676350607293
-0.07429835130276558
-0.16107904426788539
0.07740717050512169
0.043445605968349704
0.2528569375040476
0.09065719637978233
-0.006002755031089013
0.0518590620038639
-0.056267550452953785
-0.026416821143997734
0.2674859422844779
-0.01018990409442562
0.17994469563286047
0.06657838299435781
0.07526438426920974
-0.030041627623024876
0.13863638477727616
0.1899207143678932
0.020809055781169126
0.19657069612687655
0.10790658127448646
0.06728495843573369
-0.28315586940476284
0.061934380469100374
0.12331246852499265
-0.03139128460185802
0.2697116023552059
-0.07084832865310729
-0.4878307868802064
0.10392947787971302
-0.04815345573195322
-0.29114271679699977
0.13559979319450777
-0.05444260342988561
0.020469516364982603
-0.05914636270318592
0.07340105942524731
-0.22619931821064193
-0.2132040634998421
0.05339788464568784
-0.20891196426167827
0.021587621102337053
-0.08147500115077008
0.18503505339596274
-0.3070351745857806
-0.10138813779225805
-0.03280763328996722
0.3240536378942349
0.02612537749053133
-0.14907492793409277
-0.03996746414614835
-0.013499217797105832
0.047654570184245765
-0.1442177530605852
-0.01850433128967727
0.11110568244714321
-0.0629643213774587
-0.201419402381441
0.1778770975711916
-0.05252302525110752
-0.03018250788588903
0.11349099794701653
-0.022950318457072193
-0.005634342335122197
-0.17052659781768417
-0.05259282800999931
-0.15527656209904306
0.2220201814902332
-0.17591128214748156
0.3024259144464418
-0.04692746938125685
-0.18265336126684809
0.21696978451550641
-0.2905711383170446
0.12523936261834373
-0.08535625081239746
0.09100693605266079
-0.2164440542518722
0.04830975390024341
0.05361804149122296
0.17046978396737103
-0.0673098856170395
-0.044104049231949785
0.16599160892381537
-0.0970586231221454
0.25934213142695817
-0.3351232806237125
0.356479547645997
0.11795242481789348
-0.2503419423159592
0.012379476641344592
-0.061718772190355084
0.04672305165406893
0.1231270410044275
0.06898585775316651
0.10597373665633496
-0.024993752559229098
0.13139197740796918
-0.01857446706073184
0.20972333436074508
0.017525132310010877
0.03514460936203382
0.19010293177522294
0.22096469097465754
0.08671121656725786
-0.020766986686265185
0.07663596901213832
0.12607036625713897
-0.1143498262626514
0.13820868672933073
-0.0483456865166988
-0.09044598698368136
0.07658082868058741
-0.18788499266867834
-0.1072083905477185
-0.1569866321624983
-0.026512164852167515
0.3743862578496093
-0.23827204391930995
-0.04512139199400124
-0.06429152338345785
-0.43084684603308887
0.07038388255230552
-0.4313769619382411
0.020268387447750613
0.05309160731535505
0.14380096169972995
-0.02220750075430201
-0.024360010549566293
0.22685206263554536
-0.6107476906658784
-0.2565760012331593
-0.23114397387194402
-0.14567237183609144
0.0422521983757902
-0.39282929573087405
-0.18523368897892425
-0.6582310797244562
0.22811713899639202
-0.012464163468679592
0.16571916485229393
-0.018936405428301054
-0.027863555444395633
0.3002168716158939
-0.05493463313075711
0.12272217214715304
-0.09237077247366093
0.060119126241387814
-0.2479575410140459
0.09993336058625135
-0.30020658987096294
-0.28214878749762096
-0.08916500043634491
-0.14667416412406012
-0.0748854577057894
0.0841680300947676
-0.03934473054592516
-0.1849521266843859
-0.12837126758534537
0.08064990395456781
-0.2953338950930388
-0.1558087210707534
0.3078156702957021
0.15921517332467752
0.42089511364978993
-0.13855984763151194
-0.03169864753327443
-0.06815265213124301
0.11998164781334461
-0.23027126028758493
0.24177416315479192
-0.3405080360701794
-0.15251351753200712
0.03238944959888171
-0.06350987892946378
-0.12704325247016052
0.06747233784306002
0.0005838451874850666
0.02469858653132093
-0.10714944350732844
-0.11346735061260761
-0.20136904420039342
0.09106106713697792
-0.24209640806393612
0.04495034756882342
0.21609243872474607
0.1986319487064518
0.22508602756136084
-0.2488317079024278
0.043938386786662585
0.0580970027540444
-0.23929129232617585
-0.17405578221310616
-0.17574842400887955
0.03596437150601195
-0.0914179755094659
0.03275854123087847
-0.07393403093884277
-0.0739121159130021
-0.17047602690548133
-0.24656133347144926
-0.08464549445502675
0.25914067297924004
-0.0033885804372213637
-0.26913661894710467
0.12100117787042956
-0.1701942190388347
0.08409149874027472
-0.1870153287471625
-0.13330277926621634
-0.1693061458966271
0.014921936232237832
-0.038097667857939624
-0.32857287466084983
-0.263094230289097
0.06196046575425402
-0.07601816902212823
0.1149835235519041
0.35497545659175705
0.14135656673547392
-0.14568100925650665
-0.31937403170039974
-0.13517071003575098
-0.04700476924611004
0.2666838960106623
0.14315850053676088
0.10573396875075006
0.02866542166009874
0.06548704724731892
-0.031135893816197493
0.18265808064987613
0.13281309649972972
0.11444143780778149
-0.20095568531472272
0.1957479862124795
0.16680815963027987
-0.07841009383928983
-0.21668894342161352
-0.4157555996466636
0.19781220655278
-0.07081997001533052
-0.08075925458571477
-0.20951710770206755
0.1293853788770922
0.273341364417171
-0.19796978737018062
-0.17113141189879302
0.05667677590284115
-0.34065782932576527
0.15422957851057414
0.005150849348830748
-0.19850979643485522
-0.13466999097520335
-0.000674341716699921
0.11389981198662405
-0.13804717946870804
0.17346122283022566
-0.001580726197773493
0.06331968148406283
-0.03783328076490902
0.001666825400535981
0.12018498146415614
0.15952818268909047
0.2319011791697591
-0.097454539189627
0.21154001595279695
-0.22789556672186043
-0.12737025010302444
-0.1729604227534089
-0.09800977810321891
0.021618353049900906
-0.043648115587221724
0.007727507598769057
-0.17503777573617724
0.1694593959772059
0.09911011574892113
-0.12445012210393419
-0.2600338824977991
-0.059529050024312344
0.06531333577700293
-0.20925178246198273
0.18838951122062825
0.16843175707411326
0.09089204796141094
-0.18020150790000866
0.5083963417079304
0.3605232033892203
-0.24005303038746817
0.13211519116329098
0.06724432158577946
0.055453756031544045
-0.06741639079446105
0.022498657341709843
-0.09559125455268852
0.16224146410085244
-0.21959097818736975
-0.41574182629647016
-0.05591752544461893
0.18745937322664533
-0.06593240928866954
-0.2056903777400521
-0.048848424769783405
0.08707455343859531
0.007812393523767254
-0.2912838963839839
-0.08072527224173905
0.07116146853797324
0.013541216925566073
-0.0894643771860634
0.10089898411492575
-0.15615456875228498
0.01412599738018597
-0.4442091275452644
0.2934702852595833
0.016289647337009897
0.18918770462695728
-0.021512986279637384
0.27900510441452303
0.030020648354756523
0.18362268401390205
-0.1915165150621928
0.26234739302316973
0.35310770510922257
0.013632985756683003
-0.17167678394932628
-0.08579326590456543
0.4571928676501668
0.1546570663825355
0.15678134180200212
-0.2956063926858199
0.037509548357071446
0.031935994645036596
0.09137737405927548
0.3786770868965483
-0.011386393371746073
0.3809662654558365
-0.13705051855269013
-0.2461053284289288
0.05668732350994378
-0.05313855034373954
0.041889726021319566
-0.08450874407416761
0.06408517789251159
0.1797298899376044
0.05914145322949677
0.21988177308705134
-0.15840098244067177
-0.30427196612582136
0.2217871542019718
-0.19407880215902648
0.06792615754715418
-0.33322909501276887
0.1398988412218496
-0.012556107973548666
0.31491197352569417
0.06516560958446045
0.04154909430013752
0.19740354313084826
-0.17220545675142399
-0.0849384467710545
-0.10590285209090063
-0.042612549951772806
0.11595619852690346
-0.32208660350515045
-0.09254523308226154
-0.28247984663686804
0.16044315930778086
-0.01691878016570653
0.15441177242578744
0.07002261719749804
-0.0699106361161351
0.1284108158790319
0.014872437593737605
0.056862414249437145
0.02819610495446731
-0.019384084967274135
-0.06941335432849002
-0.010270873686126357
-0.04856749707803462
-0.23348128453466427
0.5653622165931028
0.2953677175957818
-0.03348301614646281
0.03341107603021454
0.08436986132836473
-0.1110157005361575
0.13210250775911095
-0.12163984952129947
-0.10503791235564919
-0.11759723504839154
-0.04412906675730213
0.14513870254016184
0.0012473154158333007
-0.1738023409917211
0.13486009783691014
-0.4573097667723864
-0.10568274796678576
-0.021290022853676194
0.05637221286775347
-0.11167389253344295
-0.14885343690376188
0.06275301156100942
0.2955617627903919
-0.09708976917940153
-0.08913885108287341
0.09477874720783944
-0.08142372366206149
-0.12227988962196869
-0.1275495216836299
-0.15018855138086587
-0.009227459418589724
-0.4176581149388127
-0.0028743670168270194
0.40297662158801323
0.05525263589045507
0.2179043855522774
-0.2458816430326575
-0.3307994924910259
0.5046280276559252
0.043416311688200926
0.18319565147300607
0.04656327897349826
0.2078145692568772
-0.07565448256451461
-0.0007837428810932949
0.4032269280768749
-0.0464082422941785
0.22635912885663867
-0.6989279445855093
-0.031119689201346116
0.037808052548025405
-0.07162663704774197
-0.3842175912667639
0.9902794884478351
-0.570812627065178
0.3882798341869702
0.10096269759484544
-0.18085969082696723
0.06566774206836808
-0.026761852624902098
0.006933150958132612
0.22545951699500455
-0.17948629121837104
-0.30672827518597146
0.5145317103818536
0.13690381233878762
0.033707915000359544
-0.3096044947006836
0.2448942633298008
0.009484116841430511
-0.15011281212798533
-0.03926586030264325
0.24375216056241164
-0.11888766500152012
0.0530268656318175
-0.17216714276564843
0.1562175793928792
-0.2653840251847487
-0.08927812756395725
0.11893972880168234
0.1976122416782938
0.2525990766442815
0.029555850720286964
-0.2854844025055492
-0.12520508249589699
0.058915217424335274
0.21958789493085945
-0.21255672898744213
-0.0024013597419581117
-0.05548583623800177
-0.000797894736860113
-0.03214330730932951
0.1467213154724965
-0.09893747394671212
-0.005746293426941493
-0.031428331821423586
-0.12486628975020306
0.27651200324366804
0.04583154221191545
0.0467669114435936
0.020870462864404558
-0.07615631889623405
0.32710756656017576
0.11202729805762625
-0.15672002066055912
0.07263043008040615
-0.07357767290584676
-0.03937136929953036
0.022360860412228522
-0.1550232070543794
-0.23662904651288233
-0.04741827829394652
0.02086224982548877
0.031081090370634248
-0.022617716972896
-0.022299550903626845
-0.48071772069581836
-0.12298118524069131
0.008384773582864696
0.27675508799762877
-0.11370174012051476
0.21668631502687682
0.16939351382900053
-0.0981321867595905
-0.035573136100222925
0.012835873634633125
-0.05795768861945114
-0.04765241452948547
0.03540634765091197
-0.2173495779929628
0.09153151836117385
-0.04395354951187483
-0.34657260513306676
-0.03266842412990624
-0.026749580669060347
-0.054354436051490096
0.15341463990683984
0.27977179146166026
0.006014847371839568
0.2348422526884414
-0.22154559557377274
0.14767567180367377
0.08995680801422437
-0.572450791325431
-0.26325686313660557
0.09406741479802982
-0.09478353718467739
-0.1045234644013694
-0.052809240252921004
-0.09243761830211947
0.01115435573285737
0.03233228111199231
-0.5600599357665268
-0.026549530140044873
-0.3873430950487051
0.06746858730582299
0.056107318903530996
-0.0782661215585171
0.12284620061732476
0.07922969902437249
-0.28613026732074476
-0.1020421784539645
0.43871474039722963
-0.3100189436864876
-0.36132505081536387
-0.1453780762623068
-0.21517521863786743
-0.555024842405438
-0.05142743212385552
-0.5342814984519089
0.4646688582472671
-0.3088462688038806
-0.02609171591001669
-0.16123001723260524
-0.2261531208683938
-0.05020306447231142
-0.1917909095966672
-0.2468147417250504
0.26051911611934064
-0.2067812965649804
0.04650444325688643
0.08091480450041895
0.1359972028290045
-0.013124003018692302
0.10761112759015011
-0.28921736627169153
-0.079796626213813
-0.380801961014993
-0.13560337296290018
-0.04509314651352643
-0.07185405786896307
-0.056919509607485715
0.15485027502428061
-0.01713396997569363
-0.043061014581921374
-0.1147981121280428
-0.24987394786221134
-0.2361049760928697
0.279763440970932
0.22785932227413758
0.22956673538900074
0.09042625054826994
0.09541392332021366
-0.004281470636554647
-0.022198318612119468
-0.1695285290529209
-0.049341841529788925
0.14774736509737113
-0.09826505830059325
0.09399405116970665
0.21884594314093736
-0.05810734647521528
0.05054622625472396
0.022145924282107484
0.19226945612027133
-0.3757379858702835
-0.07717064242634325
-0.5177215307524494
0.07151000981234103
-0.24832952011912254
-0.44581522129292267
0.15438192040400447
-0.25924569596058483
0.186661615413325
-0.003321296892407852
0.10340223919537478
0.07248585819080067
-0.14746790658176792
-0.1663085425358887
0.05618855288169662
-0.06005215529701304
-0.17724310444435804
0.1673085920255607
-0.15897147651865376
0.11073023586276305
0.00614436393017621
-0.09827450377448216
0.07615516317735502
0.14778862459126468
0.02347089431945372
-0.06156339157677202
0.1306983697274442
-0.2970318569818225
-0.20650636255286497
-0.026244715982702796
0.2990490277656338
-0.22267221075974739
-0.09640252736681153
0.0067968998628223625
-0.13379315693641014
-0.2576314247296286
0.04127822830014892
-0.2605485850632189
0.18425189821232987
-0.17674417092035563
-0.1635458154088425
-0.17839566721611766
-0.58580846844524
0.07064355715347934
0.00712876332140789
-0.2594428167891945
0.3330944825405552
-0.6402977420093728
0.3810291858426652
-0.01838478108050325
-0.027460334498238398
-0.08151360408858101
0.24314332088867893
-0.4230590173484885
0.3180957831130616
-0.3888249692188195
-0.4361798335384666
-0.0557218807032706
-0.5757837350075555
0.30945070382312995
0.06375146658124739
-0.08589027861926583
-0.04661622127589799
-0.16427078505172055
0.03680204968589201
0.18947834322983245
0.08722315270392944
-0.33198673658324707
0.06755079399748933
0.1926139830021333
0.3118571331376159
0.01144471922290094
-0.24311400836477803
-0.3190743340989198
-0.09769714371364786
-0.047313054633395725
0.029251662805350163
0.09522295856238128
0.24361505828861618
-0.1413491109763586
-0.014626972808792035
-0.32200440219560056
-0.025957906586194922
0.1273943627847683
0.020313563870998072
-0.014798111885182453
0.1716831894526456
0.31255660241473776
0.01098017428280213
0.0045833804173616806
0.026505365688417586
-0.046934189684102165
-0.025239035233767356
-0.07761133707366126
-0.1284883137672009
-0.2942084347784647
0.16000281247079573
-0.06387189893274309
0.11049549050908324
-0.050115325087300086
0.16009528375690166
-0.20113006230989347
-0.03299644265356249
0.20605007864314723
0.1582282404453862
0.0382498529813774
-0.035829616358217006
-0.011345244003461223
0.16338971850823275
0.056617562072548394
0.0694142056604177
-0.10850593242247673
-0.04775564429880792
-0.13256480630595938
0.10229988940566812
0.010125193689182481
0.20467510612158182
-0.3103313872525636
0.024605974455537576
-0.20940201275494516
0.3505744520881446
0.08604761318848267
0.18994521587698304
-0.1413189726721874
0.18769258902004815
0.25587626418316367
0.14469382282314194
0.17046878513454286
-0.06013226775503494
-0.24225785857793367
0.07179730092862618
-0.10387239386694956
-0.29745410921914595
-0.08952450409239536
-0.1017927046337984
-0.6880376665521356
-0.15450648512085366
-0.24570799079605957
0.044195467343505414
0.054733010078596156
-0.010848237751971556
-0.15603245350904466
0.13083658331040643
0.19800559938149634
0.12609847155748416
-0.05684074047154684
-0.04287574158072688
-0.09013125771882984
-0.05268236646678543
0.06216046271148384
-0.33808237607457486
0.18168189381408456
-0.09103129663495331
-0.36421441363172313
-0.13384422235886329
-0.14897841849956822
-0.1910015645721712
-0.14774888916248183
0.013621908617735464
-0.021924196398503962
0.08107540959112614
-0.10185418180883785
-0.08582628918276368
0.08778394287883666
-0.04832140575350541
0.008909989819566911
0.028586965117201185
0.2874209357844362
0.2444753736598445
0.06769907292515766
-0.1569583831242592
-0.07337854941646772
-0.027465549349787254
0.2701729350116697
-0.28050396977615943
-0.006445285681593632
0.05904860334026795
-0.28843135532099706
-0.21765244503261919
0.39895623803508906
0.12497999883989887
0.08727117824814122
0.0683102612004761
0.09795530927137319
-0.21566385023967233
0.2425209868634257
0.1781403715651706
-0.03141609337177776
0.14327511284721928
0.052504478902727504
0.056991041462497526
-0.04432170281800146
-0.11709054099634797
-0.18780546910289958
-0.04317411093686263
-0.08766751728035624
0.1657027224073969
-0.28979827710329287
0.11325401658645844
-0.046584078050902034
-0.13368749264264168
0.3562736834417239
0.11642290753834988
-0.05193419648955687
-0.24038646605208475
-0.10890717084834976
-0.23881930349941938
-0.05958749860684872
0.11091957820576083
0.10231136555022956
-0.20969664056874646
0.016534137223925407
-0.11247457595574345
0.062071380541011155
0.16075893490015955
-0.582529638067392
-0.06149103316561901
-0.06688338518228293
0.45131544666226053
0.10496640170553695
-0.019999605388222014
0.05598815523437992
-0.3199327084384469
-0.38548062331154404
-0.13348566828389938
0.40575687298947766
0.3511731216341713
0.10119396435979873
0.08165255901610828
0.20569150354640187
-0.10872254811950322
0.09510598860807025
0.23072554187828964
-0.08707223324744534
-0.04035653309056463
0.012525517499697174
-0.19822174974365675
0.13691526878968846
-0.1423577347439347
-0.20208888942772996
-0.06464848794402976
-0.13497624685760662
-0.5363106012231301
-0.10109803283379752
-0.23348406558160514
0.016049464298469828
-0.25655339083406176
-0.3143612464037176
-0.2158086035211971
-0.2589927167178018
0.1421062567785334
-0.32901240718261215
-0.18997595649123497
-0.09886219356818607
0.05896006758960316
-0.06410910487946668
0.19516190647855344
-0.05524368391498441
0.09316593515799411
0.031982481403418854
-0.03545017980023267
0.22232532228447446
0.11804749462011117
0.03316392649907647
0.19837605388812268
-0.08187806567932468
-0.018847516488554875
-0.12989447567412105
-0.24177144166458728
0.2835793848047552
-0.45335330405435453
-0.13261848445217475
-0.054952580076068284
0.08928539529603742
-0.26729175174169595
0.23910497613604714
-0.04213230876915392
0.011772497126275065
-0.10490931909296268
-0.13360465033996116
0.19733664023076927
-0.11058774190624197
-0.20199612761918012
-0.07092929580044216
0.07746344302364849
0.120292018889403
0.208585332254424
-0.0502570405668032
-0.022288703469424936
-0.06998941986046206
0.17151785330100716
0.06603523621307016
-0.38287185448036004
-0.29130888297662144
0.2931536364551747
0.13666325197867785
-0.3514698490866394
-0.23527697525878208
-0.32921134013186387
-0.015348482376298985
-0.155755272120731
0.24514557692788594
0.008461807345574866
0.062920916878889
0.013448396082319162
0.026899047702194923
0.020533143021718325
0.08957997426997603
-0.06454023176450463
0.1841655656565662
-0.27470510091450395
0.2913552604299459
0.5191596495305972
-0.39449638446411467
-0.06906452702722926
-0.22521492929586356
0.26479215304894516
-0.10086144169660827
0.15586681434981975
-0.1554503327722399
-0.240754421434822
0.03151083666569996
0.2855152945291025
0.009505825539151695
0.18572400424089605
-0.29186074687894153
-0.055906111697633654
0.47582154069246646
-0.17197719933081576
0.3094908541925859
0.07155556449682801
0.03418907445276842
-0.025864673490729236
0.13504790745830708
-0.04673502442781
-0.06517735735504274
0.21330620062104563
0.2550185054371404
-0.01173394071944373
0.056502595672620316
-0.5383496605955946
-0.09137870892241978
0.0022721092167746876
0.05366391832333535
-0.07646113539399028
-0.008484528176537
0.11213289047232507
0.18200331887110582
0.13020558686589476
-0.14950827959706534
0.30490524247967493
0.1880039131455153
0.03221584531644504
0.17806894979767368
-0.025418781731114996
0.21001511682578425
0.07458368364023897
-0.026063480107266883
0.16477047291249464
-0.10258145662738063
-0.034628210831984474
0.011601290688406112
0.17783146046192275
0.2742365031472422
-0.09287468396266861
-0.03397427296287267
0.007268171048295165
0.14508865428612153
0.272711253288896
-0.05409154602621813
-0.11216868580215068
-0.043034165871332596
-0.11303203139728386
0.011308305011321143
0.07366861051493616
0.11933452538905547
0.200063141580138
-0.22409134061332506
0.3330239656962523
-0.0807251742168694
0.023919446740598142
-0.13592561048438304
0.023509276240169758
0.2815950804568805
0.3799410247222728
0.42123128353636974
-0.007087280238707064
-0.15408865796034657
-0.12464894219884542
-0.05338551496459705
-0.08301047632229276
0.1335574210401537
0.11107184695037593
0.29454619067550186
0.24351661702821092
-0.31219158139761577
0.004287137911630132
-0.10067694452576519
0.3168076248020114
-0.039368359955094315
-0.29773484878538925
-0.16259626508868236
0.044547794865633226
0.05667876288113316
0.17484215247072962
0.23522623144925478
-0.010829299535874989
0.023000994612622398
0.16129470012394861
-0.030348686074722537
0.08576966291355853
0.17752117807690698
-0.021480003862380675
0.11593170513121585
0.2760543933150851
-0.034319324339666134
-0.07451403018660135
0.14922834365129065
-0.025420387059804896
-0.17169895205654906
-0.056500436083181796
-0.24429172723260265
-0.08675378671592453
0.020404939282225497
-0.024052950499896364
0.0790095286565176
-0.10752930725682967
0.18027807832952017
0.04195471801918884
-0.012547367998357825
-0.20994309502371206
0.05052934808489092
-0.24368661277408138
-0.1891685941623249
0.04454199132930723
0.27048843406933193
0.0023284059155635616
0.18964247415624277
-0.14704954326961173
-0.06268641772956544
-0.41729556498754383
-0.22929972503252335
-0.02197482591153597
0.13439154357110578
-0.10674350767957005
0.018104166710997956
-0.28214656575683983
-0.011607900846928594
0.29251150361367945
0.0745333672402529
-0.2370179772825708
0.1805986757192227
-0.08841989753363273
0.05644464246980698
-0.05041651759263649
0.10157059828541669
-0.15324457736182787
0.12088828976910596
0.3040921399368984
0.1396995993294143
-0.3802824038600015
-0.21825346278163796
0.06371453258836057
0.22551102158736253
0.1823965309048713
-0.1238910596943717
0.06293064711783596
-0.5494124204609089
0.436480356739462
-0.15733459993081902
-0.16185669859861493
0.13577777734128224
-0.12334647342835092
0.05980721550041815
-0.03128516399675238
0.23004042014602852
-0.3084581403784635
0.2321724830822021
0.3310229970630571
-0.03943493133340132
0.22707440774554702
-0.14730394951154174
0.024608270358861324
0.07268120703143621
0.010447564123921794
-0.06933560155293779
0.17553893719226007
0.17427438204724438
-0.05644559270344654
0.2384273628740342
-0.1623080784720711
-0.16752327124109473
0.12641942742413334
0.15637908586340662
0.2687618514006758
-0.2055544002935989
-0.07474568847288195
0.1276077830723287
-0.017310138457846215
-0.2861114044343995
-0.06973274501816609
-0.1301973137913523
-0.3098032910357067
0.02859243979484381
-0.010841753415703651
0.138997581682232
0.02882531349002647
-0.1512213627807542
-0.010328740535750378
0.08075468264916696
0.1900527716994589
0.1511840900642326
0.20884708979303357
0.19656854694287787
0.3989640319162962
0.12106169804982571
0.14262196803308083
-0.16044294674475246
-0.256365212685338
-0.07277176018434636
0.39057034965741505
-0.029563468829874782
-0.540148455156572
0.020502850523686722
-0.16917897655924682
-0.19164178314330932
0.27230796357561
0.5087359506803437
-0.03690982866421732
-0.10616778792174178
0.1831305343469895
0.0174127696480376
0.1134090162157338
-0.03865819678573185
-0.36283686123602726
0.34606826335110874
-0.10790522181425312
-0.042967949508510406
0.12175925865471801
0.004224643906560881
0.3135962001659505
-0.0914371624152545
-0.15175214273348728
-0.06815434953039269
-0.4224923098352373
0.11379515404643098
0.15384714344123826
-0.062247029312106315
0.2703984491114557
-0.11258141468229343
-0.11238736157411919
0.3414107670656542
-0.008809987934895703
0.07568671452596439
0.08905525268299926
0.01047872797807452
0.1213045006348034
0.09249136304146027
0.01514891801404853
0.04190055617675382
-0.3495396481684074
-0.19534107549286273
-0.0996158767106346
0.0764276703677165
0.07387229805766489
0.2454985663706774
-0.09036146292885264
-0.0914759755542332
-0.024268176609449257
0.10889015908726374
-0.08394180801272103
-0.16312247046719588
-0.05151840140651773
-0.029318610095069298
0.1132982274402615
-0.03576847300303061
-0.320784944768659
0.06356455085498383
0.08484828197916622
-0.07928753170131905
-0.4350816104717574
0.2668046031300822
0.21233239831759676
-0.022917817460630274
-0.016845607623884432
-0.06902639145656511
0.04699439410776252
0.22730987230163305
-0.22693610738758851
0.12879740740386325
0.19313229165588192
0.06504235308901912
-0.6649296790249354
0.18622256695150538
-0.09500227378244809
0.13813908613506787
-0.002825592518476047
0.10562767237019853
-0.13889386726876543
0.08609593260787014
0.11389175487345815
-0.10366820857997203
0.05621758739964908
-0.08497643209260788
-0.14219878236240543
-0.11708019289503158
0.21149881814317084
-0.15165283533859433
-0.4011943634887047
0.11247481654974098
-0.053749146608598676
-0.11564073766320816
0.18225468323517305
0.22773401700603416
-0.14245655935360435
0.1926158941666891
0.10671856035150856
0.299039987779393
0.12470519706714753
-0.12255374666104955
0.14417468976558742
0.381566277700068
0.01091211035485428
0.10484184098572379
0.2829277930833704
-0.5042761065893973
-0.06756528977009382
-0.111569905108718
-0.04645511586719447
-0.15688406158160523
-0.165053551631525
0.028539434142068127
0.3259346720449182
0.21277993871398976
0.14395718393537904
0.09035969165485823
0.06072694526940028
-0.062092474941704404
0.22918184427001986
-0.022898000195458675
-0.23310672193419565
0.2521312217755381
-0.10654771665307404
-0.024960768742494126
-0.052124428080988904
-0.04582829006620289
-0.10296064131742695
0.06432959322636826
0.10331529618243974
0.1565553642463706
0.0207607883497153
0.01967355673542708
0.06635583761781871
-0.045145591635779095
0.19831753158490104
-0.0351547393072508
-0.10686734659764796
0.20233171560062005
0.09936486429905136
-0.08003918009647291
0.11904761632230258
0.011980374718509853
0.01822745405650828
-0.07607062674879726
-0.22446339536566579
-0.06260614819459667
0.14556972507844496
-0.007849475675148133
-0.2001760037533624
0.049409949501199237
-0.12522686516744352
0.010094166000296225
0.31166027414141945
-0.2486105097592452
0.08818129178969479
0.3499452040324476
-0.14010712184271887
-0.15461123394802695
0.13720713805189824
-0.1756253133525648
-0.06716376924647384
0.2980168164103027
0.18757141304241665
-0.020023959611672814
0.11355715888799824
0.08385268771776312
-0.18802635826415595
0.006127393223180229
0.13099936504134244
0.03221949395695816
-0.24892194573747697
0.5554023509539492
-0.06126235293364484
-0.039766234561739416
-0.28784018975523457
0.10564180466743377
0.11651626532239891
0.037415226984043606
0.1386362677921203
-0.033896735323253574
-0.056459410608762105
0.11307677980520447
-0.017848580606099392
-0.2695269142134664
0.0592011100735434
-0.109296766392663
-0.12840682406049234
0.1125659451709559
-0.03892993029766185
0.20761685842998145
-0.057901857882124395
-0.20297806637333074
-0.07354399718267944
-0.2711458551836385
0.10915412827322599
0.10745904984401801
-0.08450454885598405
-0.028138919862546553
-0.2503410977174312
-0.09839558326821272
-0.055510513723105226
0.18358300844652692
-0.010427675012395134
0.02435747894902018
0.5248441716610284
-0.1969000016606271
-0.16954452613019344
-0.07685310082250492
0.2486076340974457
-0.24606445528183035
0.00016543609517536578
-0.32645349976142657
0.14110315225328132
-0.049823707462409425
0.11228882598186697
-0.14322493958319352
0.0372183436695669
-0.23360519647452596
0.297709708370209
-0.1159513516712618
-0.1399468553480117
-0.32942961931307596
0.3246577897463593
0.14022419295696534
0.08114613650070997
-0.3700340412353034
-0.1932240925330349
-0.017369130536226816
0.1056786531034866
0.17876791528539598
0.035882009381520134
-0.1561370340422135
0.13787927967373761
0.01482094801349996
0.07295437715701308
-0.24680596419203904
0.3445247086788597
-0.030858028599502714
-0.06723673683656897
0.12980987481494707
0.22512401356627873
0.1494777491873898
0.448274082066907
-0.12993021472925176
-0.21846072873648803
-0.0937581599475554
0.12828994354572554
-0.11514227612114888
-0.054788903715976514
0.04379816768212658
0.11659969857124844
0.239767198025526
0.0861252461767019
-0.09200654510588921
-0.03516285310195977
-0.12804800213496853
-0.05548030401888296
-0.08059642180226574
-0.23788742534399274
-0.45616211941025075
0.32983829158797406
0.14796122659394625
0.22774162533283185
0.08198334296621164
0.10808641162598472
-0.13453823884340413
0.06683599677087794
-0.09320046283655015
0.1429891905759173
-0.2550995737996973
0.0791531288736617
-0.21094069467444473
-0.02669218286773879
-0.4168942569915181
-0.045852466136826246
0.0634670662223455
0.31883725401339436
0.17446599514920721
0.05411572999121189
0.11134920887876355
0.05928416652740174
-0.046149721164478005
-0.16201537302074714
-0.04698599554300532
0.2620173964927748
0.10514866006125902
0.19423858385175868
0.1768909462844386
-0.24261368237865436
-0.32803915418606033
-0.061578678023497875
0.07761126411002789
-0.09109967133269434
0.3140579800762752
-0.023792709804245252
0.013814634126485044
-0.266057260340801
-0.10402293849288594
0.22226914014974292
-0.403605202407568
0.27615385100577466
0.09049399060920765
-0.21692484978216103
-0.007671891804892422
0.11788285192946213
-0.38663162863144757
0.2750445032531389
0.019062122722002636
-0.2076009170233549
0.3467607035678371
0.007559056126851064
-0.24641141710317957
0.1008613088313995
-0.024660801594315652
0.047671341528649214
-0.08476003747967474
0.12366258053619172
-0.045327950985760285
-0.03449859489099801
-0.06000528439988513
0.08498821577448272
0.0939623066640558
0.2207595434021086
-0.055239392778837715
0.11072945465168142
0.04886953701412542
-0.14416473029762802
-0.15399337004959746
-0.07714294407684104
-0.0908730477460539
0.024884274699802127
0.2119085195100395
0.08832160435369098
-0.10656873934510996
-0.08221621345959336
0.14065129975136384
0.22925096058111472
-0.44533055433841723
-0.018897616073871654
-0.07199091923155254
0.04603577453920218
0.19866278234037676
0.21526188019274037
-0.079336437128915
0.2528594720473026
0.1077781438841479
-0.041784343839704
-0.36989837601607095
0.08797605553628382
0.2247248472348902
-0.07691326108679873
0.3348080547501466
0.39514574379297224
-0.13586237648528884
-0.22192331476107607
0.12084327553301005
-0.1748979512150668
0.011916006474198855
0.01826701192471318
-0.05683730512702035
-0.1727226360554457
0.05553571248773236
0.0291825546864752
-0.3250636534722226
-0.02056320040951942
0.11306095030645429
0.20683501432604157
0.06224368976913848
0.03953937763255303
-0.4492690045878959
-0.045550969925673444
0.03716445317831735
0.03409943321030546
0.01740874722118198
0.3323707734139776
-0.028989281419305152
-0.0035155587610908434
0.03314289507597036
0.28473021979942553
-0.4871797888383293
0.13428270499720252
0.31884846033393055
0.11663837607753129
0.15076053411707765
-0.08268878663577081
0.007133771008910895
-0.11272392187294256
0.08320254982302511
0.18190082434485488
-0.014356508187106097
0.21311830731735348
-0.33786546344269214
0.21615033311655288
0.06831298709518113
-0.08929615334499816
0.011511189768643125
-0.4299593521437137
-0.0006647205142779786
-0.15958278959715072
-0.05023567137975436
-0.08173762912992774
0.410563742481023
-0.3482579388995075
-0.16469535302762436
-0.08745684547526258
-0.26692019571958536
-0.3229634337199912
0.43155201672579757
-0.8146192928580955
0.054665041531918666
-0.2889193981797295
0.024685644257277737
-0.0492936004130137
-0.5507685907180203
0.08610666747794717
0.13551499896221936
-0.286562953938724
-0.24437215284949973
-0.06687256740348178
-0.261836574285027
-0.21695464805347314
0.11504915919471584
-0.4019700839936558
0.008692060000096575
-0.5273609961297872
0.03971177055152852
0.0885521249204074
-0.7463199521569539
-0.42629226735680353
-0.6366979683500991
-0.029386633117357473
0.11417453279046105
-0.12386912213569631
0.07949271888643131
0.0949666197192833
-0.36841470252949127
0.08970390170141113
-0.21987884773705174
-0.4435057155976032
-0.1288757482730447
-0.42661120919716533
0.20040092024516445
-0.28951979664596866
-0.4732127198793477
-0.44720636564163907
-0.16381450832324265
-0.18375058325605598
-0.1638171252943354
-0.08872607562949947
0.04458769608248317
-0.045875183945631955
-0.5201865146196882
0.08570680672388291
0.2179907184783945
0.05509681328011486
0.10232519127325133
-0.32739227957242106
0.11360225882056456
0.18643653778064442
-0.23972331051660142
0.1720612981412564
0.03031918626151053
-0.0634592058741207
-0.1191205206672985
-0.06522958068325906
0.47363532404528996
-0.23273706059295451
-0.20573962397867934
-0.04260722271771241
0.034259176785187556
0.1359279790410648
0.24643079508221694
0.16973177617612167
-0.287572454015174
-0.2333463773045747
-0.7031192735165995
0.07018573944202604
-0.20785037146635912
-0.35938710716827477
-0.11321519952907692
-0.10326676237331223
0.15606974774822227
0.10634345338654749
0.00316129576680152
-0.14924463770315122
-0.031614398374127016
0.1179192377076373
0.08837744410385873
0.11626455509776369
-0.20654775826767416
0.07561914253401779
-0.23210304782615332
0.12687198083996767
-0.2689959635806951
0.03268834246662392
-0.32073778593765206
0.08778452140155478
-0.39715800660033096
0.13300877206548864
0.07344157191903918
0.20192552482191548
0.43855109345946813
0.010504120990372748
0.03618956084630487
-0.24180768644179818
0.5708001458341094
0.09613671778352238
-0.19108186152260956
-0.1261446861962123
-0.2777795743785994
-0.1876511729252673
-0.13059421690384995
-0.056804183548447205
-0.05480864765482419
0.07317207155797338
0.0003984750978094151
0.13166765569328326
0.022589189971433134
-0.27942826154173134
0.02806892088341567
-0.34392724438433603
0.24272873706804585
-0.28469649975102956
-0.05541316218032623
0.10116088615057696
-0.38709684266079747
-0.017478918044478823
0.15874339008327643
-0.28261991677330184
-0.008127019660210637
-0.042715269354934034
0.02504390352009927
0.10859121995547487
-0.08016928729319281
0.13319488700653676
-0.06067286917239093
0.0835227924423421
0.3030684024535879
0.4475966214263834
-0.10428220522461021
-0.23070815122338326
0.33337832123038785
-0.09094418809446767
-0.220534858313095
0.32667042659290546
-0.15388458261863236
-0.10445187524048381
-0.1720048590123082
0.1469463654592119
0.11268537044723807
-0.0890432019646126
0.0013492484437849098
0.1850813357461422
-0.06874347792960571
0.01823785768720851
-0.14329577931695697
0.21829067368393332
0.38496488137883705
-0.21698477486550527
-0.13543104947301896
-0.1520276173040461
-0.01611503081914939
0.009669747456233928
-0.30260725750721995
0.23974930194008515
-0.00671273300559151
0.0617790159360995
0.1703436930378176
0.006564825944846705
0.06669980865037674
-0.5970942850981888
-0.23755771994077288
0.12156731608059924
0.028663563560788134
0.03453707291448032
-0.003945806398512021
0.14707459074634732
-0.1779053919082171
0.08192042185940639
0.31691313559291817
-0.17897540845730248
0.026543070612414503
-0.14701787480747763
-0.019575196915564794
-0.07199951531458938
-0.26597385117306155
-0.1447558782646526
-0.4406407159785212
-0.25722085195559347
0.07238391120957603
-0.15756514215107156
0.0139940607809106
-0.10257430908862626
-0.04592648627530665
-0.09761545013149539
0.022974101065718587
0.09348293706712744
0.21979071017235605
-0.3896005161014609
-0.2004440355542965
0.14266660802442296
0.3819300517956864
0.04062421983273999
-0.09095518966752239
-0.20920566519160982
0.09961079079081518
-0.2189551920800794
-0.1616682513916374
-0.170379432937669
0.09904569368470763
0.10067222321991416
0.04817953715744316
-0.15027614992069357
0.1912474673062087
0.13031163580194827
-0.018096310166933915
0.1641560642549156
-0.1476483633696625
0.1350002382587285
-0.08048873871866637
-0.01116400704446843
0.24033384878078765
-0.054816329289944295
-0.1413820417083969
-0.33996477837424455
-0.023143761988182337
-0.01814823351230998
0.11452772199373071
0.07534300080099186
0.21677130992645566
-0.012105934887617263
-0.16769047859683645
0.2151969703375281
0.19324664751804863
0.011620776349961136
-0.08155087668449361
0.016132474230078547
0.33138995090555096
0.11689660985783387
-0.10873936438147858
0.16810801186815744
-0.042752916541836126
0.1235911120192733
-0.0041466359872727706
0.09856709799053646
0.07240772990304127
-0.18975484903944367
0.1799065460222542
0.05762937369228232
0.6073166088691822
-0.08375494928880402
-0.36448937203603216
-0.035464824666494164
0.06496304132428596
-0.1598170804090836
-0.25691890817966484
-0.050971823441623654
-0.3014564410516653
-0.1920863532376511
0.09471122933703814
0.19729847613936213
-0.27295196893747414
0.10942846176157149
-0.07878231808882105
-0.04436265780079749
0.23428413019556243
-0.29070844247328453
0.13980556773052255
-0.34085620920376475
-0.08469882835603655
-0.08124695122263165
0.19238389738166994
-0.04795585114199302
-0.04040692055379318
-0.1942201945928902
0.10056623196346441
-0.02476883607879414
-0.044075549808248425
0.020059273203119576
0.1439920968130949
0.35341006958348137
0.03093958959411709
-0.3502195650153799
0.048917329667947845
-0.10288785685975269
0.04651743048787321
0.06082687557992107
-0.010567699155793654
-0.08171858805432762
-0.14371160136718195
-0.1658338028666911
-0.2875023551167279
0.17222910979359693
0.035330414380536544
-0.006562708296289405
0.3966193854284141
-0.02196530789756139
0.0843531511972447
0.2660325910367186
-0.2840001625944322
0.4007834271014687
0.09010196956447906
-0.12831073434469695
0.13168923939251523
0.11250419030315982
-0.0032844938396732297
-0.3562192709216108
-0.17737573637407142
0.20841251680019848
-0.12905819955996622
0.0116680661921547
-0.14781010773085365
0.021670037344221113
0.2083470740077601
-0.3691801219268103
0.08677287532692766
0.014900427867062601
-0.006261563585084864
0.034568426291782445
0.1260004235518084
0.10977265179852021
0.18679428055588576
-0.24513560427340572
-0.12026486659281191
0.18019521180776868
-0.005004422838836787
0.18363344668740297
-0.13094457279129215
0.08164291694913606
0.09022037786326086
-0.019373449895596688
-0.06883412987618695
0.2864618348924602
-0.015816185001006806
-0.17285644851380863
-0.10660695276892972
0.38694907480436125
0.1262517471328295
-0.06917782309912093
-0.11569097492562457
0.05725770882638436
-0.11297162305056574
-0.060892047953193584
0.11839780746139435
0.2006337018775629
0.11356398243343133
0.08517511437505897
0.1552544921314843
0.01421397249304113
-0.14334678849371477
-0.07426612015332323
0.3275282101610855
-0.1271920194469062
-0.06950555188258063
0.479432145316013
0.10770585592021806
-0.013118476328539498
-0.07284615270014314
0.1779337551276719
-0.006165775546799825
-0.12775540430954724
0.19291112699343593
0.10316924833086083
-0.07276081665914975
0.3081049102807991
-0.13615448055544435
0.05713839807519174
-0.11306815652848437
-0.0011452996646223227
-0.4621115654639618
-0.03448229173795517
-0.1276435292684575
0.07231141668226665
0.08158373762560561
-0.25651656283792684
-0.04845868831835192
-0.06496605590898485
0.07574168491849065
-0.08387657788027811
0.06899899372194662
0.1802706846817049
-0.23584741232619555
4.228990323549534E-05
0.03891717598781674
-0.07951498686422229
0.02621794183318087
-0.07132989614135088
-0.04453720330577826
0.03852691245955009
0.0082138730953162
0.30172091821823327
0.32222997159545513
0.42172556038037345
-0.09674818693078942
0.06295079987454186
-0.355584352733926
-0.07558227886641372
-0.20950346133775158
-0.1221164650874624
0.3564890144890663
0.10963253850455686
0.09181703661800934
-0.15203717419898694
-0.516991872071669
0.23652835091986435
-0.15846043060975598
0.08189802728403742
0.12183283437493571
-0.0187722763292399
-0.21903298640712215
-0.03597695278297573
0.17446111681980717
-0.3683980312418677
-0.08941779979052968
0.009605390393375926
0.0696057851596763
-0.2056123297879491
0.12439589829221401
0.004377839305253469
-0.250724925891202
0.09537272082862916
0.6182033662585218
0.22381293306877023
0.0754671279257112
0.23636386113366806
-0.2036384840374932
0.007834128930182963
-0.26019392231095984
-0.19311643484481986
-0.11251181496497312
0.021418680325774497
-0.14119536172938799
0.09129103735199369
-0.23490402992651238
0.2512523218199262
0.302850961996483
0.11789403595152895
-0.30105325590423804
0.028093704351360407
-0.04510261329871634
0.01471411981681382
-0.10365653107387082
0.09683165998970793
-0.32943887994208804
-0.214223665941946
0.10551632324264616
-0.25677654842817554
0.3362310321325457
0.27472693529318093
-0.10851382043859527
-0.24263009848614822
-0.343315596725315
0.1129535166411289
0.49499259367988196
-0.3432007255203541
-0.1310549928343184
-0.11914257354496337
-0.17498828303089814
-0.12209567623395638
0.08479680097478196
-0.17470258701121877
-0.0077975761891643965
0.08941209522801037
0.00306217130323682
-0.09038032852825123
0.0660341749554102
-0.26604426828749395
-0.06948858484945812
0.06718434575341731
-0.08811316517591816
0.015433033822602457
0.002971743713366827
0.09195946113713711
-0.24338669114387207
0.07016645563952206
-0.01458035933078227
-0.32418610680510823
0.2569633182455147
-0.05304108318428512
0.37623681995626795
0.017004546349514142
-0.18306511764140765
-0.14598713723684364
-0.1861749108797045
0.41830583693025747
-0.31360892689848463
-0.3106150328974794
-0.15521296856400113
-0.005463229415630051
-0.01867889168177184
0.11846606210194235
-0.29960697747349624
-0.18436171825290185
-0.15622865922821175
0.02969243932287842
-0.23010996288191896
0.06502022513194332
0.35140269674692554
0.13525599178840012
0.020982109396122276
-0.045109276795921804
-0.06711654224987806
0.44158741775663646
-0.08814281447290515
0.12637549670859421
-0.09812485491466638
-0.07836345519301101
-0.24808566899427684
-0.035329214270532976
-0.28597340743179955
-0.226265145260143
-0.29456818262873485
-0.1935530208921591
-0.11381703621759078
0.2842287215435401
0.08981794842794463
-0.07659723957165034
-0.20592803780278518
-0.0053892636854538335
-0.3495194782629041
-0.02577030670537403
-0.19561609024894389
-0.16064135962050718
0.1841848671414044
0.12180049593169058
-0.09124265324872316
0.16796407416800013
0.21505532908971223
0.17460760531234362
0.25212317587314675
0.3037535959934716
0.09231438353934968
-0.13519686124263383
-0.08953833207286367
0.010836472060401838
0.05842038704930611
0.1379182067966307
0.18707134191078567
0.014213612563436605
0.028309295751644408
0.006358659527219922
-0.14188112460907207
0.007140077491347668
0.027309085698371722
0.1889629727489137
-0.16932691245016965
0.007390009356413399
0.024776384895484366
0.20909399423120317
-0.11985107425380773
0.2150223674461727
-0.016151315889822965
-0.26932320392039366
0.1799319688387335
-0.07809485416335432
0.0908887796576042
0.08399377264427509
-0.1254302203788978
-0.08858376656899684
0.04199675464457097
0.09011715113719695
-0.3902979049130499
-0.20844889211652434
-0.17285033752993634
-0.10028363330823875
0.22806492927253613
0.12159162742040833
-0.007008660299050002
0.2141566595741226
0.01778607094718201
0.022813919709210442
0.0056672949948580595
0.2550249595933427
-0.26524883678921574
-0.10985607899719398
-0.0754586110521532
0.06003834909045821
0.07642130275520036
0.14686751034931586
-0.28212713515352406
-0.1855453680868323
-0.1704749900788903
0.1709073849891715
-0.23536963037658046
0.28557563104783257
-0.37477744233111326
-0.4389342908266514
0.1635317832533332
-0.0003908747687303917
0.100317699117637
-0.00871535553598458
-0.18807224826358665
-0.13597274261488743
0.12706720395382765
0.026111506253134662
-0.09283426450949014
-0.047091042720717104
-0.18483732129877306
0.07114724691223367
0.001832407809893678
0.18733695352975954
1.0487122693450563
-0.5060697391292415
0.07889366270164869
0.44972865783461047
-0.009795695808051943
-0.13142051847558076
0.01807560817942248
0.24502484723711748
0.05443188483349171
-0.0839160175373458
0.3065234068257078
-0.05478171676578336
0.007473374210142153
0.14925983380363406
-0.035030460757765496
-0.17102345771539781
0.15683456074712446
-0.1556123454142719
0.14979266607283212
0.13911949849206212
-0.28326991564454923
-0.01593746138052337
-0.10150799637992217
0.07474141195595514
-0.12930394438278123
-0.16367027147515598
0.06296577586944316
-0.10805919735019222
-0.15790961606545637
-0.04807407500017018
-0.08531930164358563
-0.14576059189858723
0.1321103182439402
-0.28610327389935664
0.5545903681083495
0.11711060627243326
-0.06302171930989887
0.026172146172106964
-0.1767134401435725
0.17489080492062511
-0.08557339655661457
0.06400382860648691
0.12482160320894418
0.04125464391933587
0.023373592024042125
0.247516424622826
-0.051041420016657
0.20810208436311403
-0.24201115057485784
-0.04911054341749078
0.3819048522162441
0.26373785115009174
-0.2784976732867765
-0.27525137002488537
-0.14273834825582932
0.059729850789692944
0.0888364783520601
-0.056028188545831074
0.050920426332575174
0.024746550276017017
0.2699170014540109
0.03272966884947587
-0.09449120125846143
-0.061740943333456394
0.05520316024833745
-0.2244509372399275
-0.033377851992046646
-0.23296854956107213
-0.12254809949233406
-0.3150623280221618
-0.157815971818247
0.15366063059935883
-0.17224700281828725
0.07459892277343283
0.11893771103240523
-0.09987277519613444
-0.019395732634479485
-0.003950938636319459
-0.07045172164505403
-0.09219990019568679
0.17165592319342685
0.07789893739360072
-0.010579874116001742
-0.17085491128304323
-0.20324066018583725
-0.16191821701614562
0.07369074582818277
-0.03989159415097726
0.15694579402225117
0.04027630618309713
-0.5204413869079754
0.029499600444824678
0.02388124017696424
-0.12476136136667294
0.2382803885447579
0.014768292277971695
0.22496939514107797
0.02293079612587536
-0.04200363042605509
0.1483467066889417
-0.3084310808911362
0.11502271087215903
0.2179637044730428
-0.12126087040006532
0.05014222557336951
-0.06713160758354063
-0.08268338917863674
-0.08492336297562571
-0.020694830264691894
-0.12746737084977428
-0.12076537504489722
-0.016391904825179156
-0.10353718863972403
-0.055531966397899805
-0.13970480921350428
-0.053428423289000715
0.21061285687653372
-0.32981737478179984
-0.06054666902810669
-0.17374906701089313
0.16164485890594674
0.033631101681229396
-0.0061487403635248
0.05349742210266126
0.1716935936413247
-0.05643985803606698
-0.16071729646495128
-0.025560853314341346
-0.19859554988431802
0.2727658276138034
0.05901717816660207
0.22801667952732926
0.07621433831969923
0.06597325210645694
-0.16158384762384498
-0.03289139015298911
0.02569876383560084
-0.06806513965468604
0.08719930342303948
-0.04358347029925893
0.13308451945407251
-0.10296699285146792
-0.028660053857995398
-0.011994361258304508
-0.14308769282860764
-0.05804100317813793
-0.2296241844389011
-0.03720512928858826
0.10123573733546906
0.007295450572921024
0.06957092578783393
0.08633871497417019
0.2182221293297142
-0.2565588599600403
-0.17286765957384953
0.04059532095385583
0.05118850167441074
-0.09831354260801811
0.11923051648837961
0.1116993089619001
-0.19593503627332323
0.07745586395849757
0.06297433851957496
-0.06686669136381787
0.05260802288401104
0.0559679821047944
-0.022705488143116126
-0.05735537020864898
0.195086501923378
-0.048951579912907515
0.061751749303933456
-0.07237169128473
0.019420926952386057
-0.05246403970374025
0.03342520547706129
-0.07890579529815467
-0.05708300106171234
0.030776117438418665
0.15876512266575593
-0.12900664166355005
-0.10761777204616314
-0.03096881743293642
-0.018260472290392862
0.1928919372683793
-0.12148180599230216
0.5052112986099229
0.1341998508922657
0.3948137145462599
0.14014067183783527
-0.19339724221132945
-0.2752601387845101
0.302522055931007
-0.047407498379325896
-0.08789578472494543
-0.22006685535096382
-0.0848009997754557
-0.06943216894975572
-0.0548414423271495
-0.15439926148685854
0.31874084375636097
-0.13748512317351994
-0.4514433265092565
0.029903244247752196
-0.17143953392649355
-0.08121919088354793
-0.039773110268892284
-0.13416752753539835
-0.2620938665398713
0.06919081107384353
-0.28839767119242044
-0.018593623904420573
0.2877829791143602
0.2417577138740689
0.13277146833975306
0.09159659764177212
-0.08098803941432871
-0.06385955386329736
-0.10553344540667357
-0.299456933744437
0.03999868965744927
-0.1765856819027068
-0.00017182722043523717
0.1485603563181101
0.15518431212641434
-0.03195579609564507
-0.10236422999184083
-0.3431438448723442
-0.03422241038008824
-0.048339239403026625
-0.19174729465804793
0.3043895587767483
-0.15160910003571548
0.4315669296964448
0.012187280318925946
-0.42074502062920033
0.21645017944534353
-0.15934038273402906
-0.05735469178277129
-0.04074956713978089
-0.03360575958750382
0.18329692628795455
-0.3033271347811339
0.1049999574458055
-0.17971571201172015
0.11084578612184373
0.23501330061766323
0.08831063191229818
0.3036226179494881
0.2125089310008785
0.10557052702180134
0.05773453872527937
0.0003987011023487496
0.17735067491124085
0.06479590756904881
0.11784278968916836
0.1441350345674247
-0.15165161353106835
-0.07608348619477552
-0.13097045691770082
-0.010528291133471918
-0.028303799481800226
-0.20320607292994872
0.1513062496747324
-0.1478634200697903
0.27524860891168695
-0.09245480103118095
-0.02166910889063345
0.10238959256801296
-0.4612505433669306
-0.01079978408197158
0.10857250366792534
-0.07331736092144078
-0.1000547936671375
0.4548114569911294
0.45006113635958855
0.10736285565602192
0.01780115478818553
-0.011840935640533637
0.06567391612126106
0.054808245458916736
0.36165687998701335
0.06791524558266993
0.16568542360475652
-0.15044356624473304
0.3166930726701218
-0.16001526003640376
0.010770891650060907
0.15926005031689017
-0.11970000300124987
0.12546559245365077
0.20566870491060216
0.00010247517344067226
0.059000620251729426
0.013532205057836286
-0.1331312029317981
0.21238104079402084
0.15374521558431317
-0.39443614151619194
0.053948306739191015
-0.18987158052173006
0.24978217490214044
-0.09137702625399727
-0.007173214734171381
0.010577882804726737
-0.15194175168382457
-0.2529422648981859
0.2491823902555196
-0.18602426401308536
-0.1573742658146255
-0.0011383773026681586
0.03291026223760229
-0.019108176838822318
-0.20964629147605082
-0.16259056316201387
-0.370558979982922
0.010394265142657568
-0.1163332033501238
0.3587972730308624
0.04802072424182148
0.3248610522737641
0.31435060988733055
-0.03936382312541507
0.22266362315557706
-0.1264780640851085
-0.2744629771318422
0.14927217168355403
0.19286001071054018
0.0723742400892891
-0.1539735985601738
0.026603040115119176
-0.14064429534107784
-0.23331105844484482
-0.5419945917395157
0.060215071895767934
-0.10900711505876955
0.12791812272363773
-0.05110049419918983
0.22981862109713774
-0.030341084211634995
0.131403654062575
0.19789943230405788
0.3488164814374475
0.09115510225002484
-0.2540584853968105
-0.13430960769109093
-0.20846788288921186
-0.03425520451735503
0.19992808782816324
-0.007672926848545087
-0.12238414723503444
0.08816386270584169
0.036346345237998005
0.05686049071280029
0.1474599142126296
0.20910433169554754
0.0030150917102499215
-0.020902294165734275
-0.23088873735803953
0.22403671620094387
0.14307013990952758
-0.42432908042372713
-0.0049720601215458935
-0.4728355687970738
-0.21604797245869434
-0.12447225302199834
-0.17349726915471217
0.04543063572023169
0.09130987516354674
0.007074273834186403
0.29664997776087493
0.16537745912789706
-0.13309020759749024
-0.20952764961504952
0.17267939785313177
0.2796552902068208
0.026821201879538722
-0.046193143365376686
-0.0839138298969814
-0.027250802131897314
-0.3863928639353612
0.13583966664184793
-0.018224213958626306
-0.06298755227102239
-0.03274479861787506
-0.1453240664270988
-0.46867544125532795
0.013169603606921203
-0.7898463762436521
0.1970728795892996
0.060089880405066035
-0.171152624570949
0.4275916311043738
-0.1853627621013596
-0.14516953514233882
-0.11315310575162507
-0.007575912740738835
0.40770238381054325
-0.6653004797370935
0.07899799375863954
-0.061035173015495964
-0.1509395534350116
0.02295791818928271
-0.087640869188472
0.20294869875851837
-0.1846399783490269
0.17268886322254504
-0.08497880597627333
0.12490597438364164
-0.22290705041659598
0.031121628228852095
-0.265264385545914
0.1690730121677279
-0.10319687663079244
0.3439621908736575
-0.4161790929779923
0.42244464260190157
-0.05884820872543806
-0.22241227543690853
0.03573477651106658
0.09869031731466839
0.023915462954900005
0.22923277751151455
0.0826230877645654
0.40457264357438105
0.0056090736403687485
-0.4503092395495101
0.066004339004847
0.06042229127166562
0.09560867621702679
-0.005835895299918351
0.2804202139083073
-0.06422255663596355
-0.012899128547381114
0.046822493576836356
0.33948892634701866
-0.23807550460627006
0.017364884359269014
-0.10493695915612822
-0.003785866661052911
-0.16689772535668973
0.07663198294750954
-0.08035710974093224
-0.04687201819941226
0.28338401020178106
0.1269056708707388
-0.21629564917192806
0.09463241752856069
-0.006096565478083489
-0.51493680610776
-0.15612069414611257
-0.00920786637838447
-0.1594020550688308
0.18373967650907438
-0.05542180418577321
0.1609052766857952
0.03498270323224407
0.07436670758395797
-0.2879264197951629
0.18221703947632506
0.23747577903042677
0.005199679003459409
-0.16867829491259012
-0.29307858471439113
-0.07062479066149602
-0.08018153425834719
-0.001421446057276369
0.1757653637667488
0.06831370533542998
0.05912886439996418
-0.1601159213162864
0.059491237619236075
-0.3606509888081599
0.017909773643048726
-0.2889625803686355
0.235699713420812
0.03594193473131551
0.08866929841179583
0.09808450889561908
-0.08802742416199576
0.1474482768911349
-0.008822146476361052
0.02518967995974634
-0.19612723576128696
-0.2868903832318036
-0.16391219501128906
-0.32223268227622737
-0.17128922268356547
-0.3215965566092876
-0.6885879207107696
0.282985454399687
0.24946141267163913
0.4035178072820612
-0.5048945821722456
0.28795543777471944
0.34107577677284073
0.19209377953263104
0.37830075388197454
-0.2256291073280926
-0.0442580341189976
0.057637956615325406
0.04412756792065453
-0.13081567364169422
-0.10456357216320829
0.07551514575071337
-0.19538486443734265
-0.14154663690400276
-0.0002758101350168569
-0.08964686823515368
0.26432215523738856
-0.2711838021263407
-0.2383237215340292
0.08676939797276396
0.0315032903451355
-0.3798558619261008
-0.2510957124610081
0.11564543963789081
-0.10181458939282653
-0.09439526886526527
-0.10147775887108663
0.3530140242113117
0.17861414838989148
-0.08305535191221226
0.3878192893234535
0.0031677037512881077
0.11550068904975079
0.2495790013436687
0.027755430390622317
-0.07115510332761979
0.33574116859260694
-0.39609496875395933
0.045221241312275735
-0.07105108853297823
0.03184530453689298
-0.05374329633549726
-0.06172558880946133
-0.11024372895768965
-0.25721178714293824
-0.10787480735600696
0.1989301041875315
-0.04743945862640201
0.140732923005408
-0.006102840599367223
0.0013241136572235861
0.18852369418381856
0.24701288269487806
0.5622058282047735
-0.08081741720801153
0.2612170406110603
-0.07777199744647924
-0.19484277881700623
-0.022987151144409378
0.2888848742435352
0.06059899421379201
-0.015504536896701308
-0.15739798294434332
-0.3298107718463171
0.09050017091551664
0.1522451697952108
-0.16561358935046497
0.14391560763026207
-0.13048174973651347
-0.21357789331250096
-0.21395815396300652
0.41306146435647195
-0.14905044941475046
-0.20143888418808326
0.1661124289749379
0.20999779904200258
0.17479600365015385
-0.04668619408621394
-0.14543537851334667
0.06011193703792553
0.220745022665475
0.29990691173668166
-0.16026982475250945
-0.22845038770013593
0.10709057796545986
-0.005330501129015254
-0.22587381052047212
-0.08779131732007112
-0.054161482222922525
0.2829870182397004
-0.04425625994930889
-0.09418877321617229
-0.3491536955291744
0.21415014744353936
-0.2729889732712563
0.0264874729133541
0.3202708244807294
-0.10421376457377887
0.129117602770568
0.17071848171728843
-0.0795932873548301
0.11327865677472782
0.13823512821272163
-0.20976920516810188
0.20822885740877223
-0.12738887838970783
-0.17177187352982018
0.07261968242910237
-0.2640742707889733
0.04902040657457367
-0.036585670629847036
-0.1230518720771538
0.07334517461157687
0.16323151846499726
0.26035440182825353
0.07298237637057273
-0.14882236616000333
-0.10440306821253263
0.2560938041695981
0.035019757468520714
0.3241611347373876
0.15093293829883178
0.04370838909034668
-0.02976997933836057
0.09316047374964863
0.08553901288941484
0.04379424049558836
-0.006200088334535104
0.004957226190129171
0.1591718009310746
0.031836113522751563
0.11631053901249505
4.138756886304081E-05
0.24906679076808716
-0.04909292171585447
0.08580712771495731
-0.022542233085846318
0.10393896664827022
0.15812039522539004
0.04747135837597815
0.20241387145409376
0.12337282546777173
-0.07141686346794995
0.04576195515176215
0.18872533278744374
0.11908236569023053
-0.0991781414054493
0.001833202304243114
-0.10584571828334867
-0.03930598825092938
0.12981165412550963
-0.2802787590610649
0.24259977700206525
-0.344901935365207
-0.04175816954449386
-0.06409873808968589
0.10369645106233112
0.14895687224046308
-0.1476886560944326
-0.058132006403261806
0.2971485969829313
0.11014612800140262
-0.1458429916545276
-0.05809586384053004
-0.2589048273233291
0.20924185109961294
0.12427175615347072
-0.2449250463584095
0.2732041489517938
-0.02333813351472831
0.3402979725989095
0.06507462493074576
-0.03405847342794532
0.24471587653011734
-0.06487169389482081
-0.06427699631543173
-0.12718074006561306
0.10640806364232519
0.30177665657726843
-0.1808010375520001
0.07181648802507261
0.03033862438084505
0.22663469518559556
0.1111194384179342
0.1579997674342642
0.02259715650328898
-0.0019302603759716582
-0.0006385472769152181
-0.14732093105909144
-0.14258197987634974
-0.17211709711329365
-0.04156603946578718
-0.4232618068888421
-0.12443622039628482
0.10450114946421833
-0.19208066884823877
-0.11822814221911562
0.28433802556402876
0.061290791678318975
-0.07205450917606669
-0.9884582577524489
0.06131252843411646
-0.3235922893832094
-0.15876914807830594
0.36631800793726
-0.06843174269154564
-0.003269855456142106
0.03965139761474001
0.06212661931183163
0.041158700929268745
-0.014000108440649093
-0.0697737034801837
-0.21692022578133183
0.16878488632333427
0.2014816326920733
0.05670337331330765
-0.18627063220462664
-0.061278283502622155
0.06385694414360459
0.06676488975748412
0.6381615931489801
-0.24868415050634715
0.028426966291491405
-0.15149772725163493
-0.35189775796225436
0.11183407823959782
0.07109706825990768
-0.3028517921324938
-0.2741703236369701
0.29356042723923476
0.059082241479006134
0.4732958846581112
-0.2206393386961296
-0.1984174239888054
0.04398170334695142
-0.16157743036468014
-0.12060421812875416
-0.27019765333420526
-0.1678334545259628
-0.0890380141685875
-0.21514978072100413
-0.03406963622567007
-0.21197806547940717
-0.1901257155081562
-0.13322594758129785
-0.3397046210792949
0.19129736572277192
-0.12247325632995558
-0.21505284398476926
-0.09076617407364193
0.21604625331345903
0.010079395025213912
0.019386381005749735
-0.07652694390120157
0.17021655801032173
-0.17552196472133683
0.09861010443144014
0.2160950120761224
-0.0580782006815313
0.04329884324616407
0.22351891777933597
0.12716821761433486
-0.16378570056784963
-0.16637985045896506
0.018569460845392967
0.1737921020420533
-0.2584028539214558
-0.015265115887041525
-0.5026651601812545
-0.5079835044370709
0.02274308695311187
0.09686313357326681
0.1644399790139956
0.11554170354533953
-0.07307485516473547
-0.20845596666156083
-0.17916655654620228
0.06800689047618029
0.09680573075506711
0.2653987062322364
-0.2961947039342885
0.018432905738410353
0.15209443754030758
0.04546294635136938
-0.25634830355889104
-0.4383165785131996
-0.15073733981029366
-0.24430603299549766
0.30148053691612864
0.025451573028328144
0.13668581734956384
-0.1245510611565604
0.0035707119560310424
-0.11467312100628879
-0.03949893972958322
-0.17180392232720004
-0.040571461524129944
-0.027699070496571575
0.030787733301610047
0.02139046555341122
0.4257249429651303
-0.41100941659980705
0.11501645294159989
-0.2576579061732793
0.11139533375359587
0.05807787338836437
-0.025697103414564455
0.10970601822060623
-0.02128139136522317
-0.1779794899449719
0.20425248806859536
-0.022944698915499502
-0.09421617108717305
0.019826655010327175
-0.02919400492899804
-0.16593505985508186
-0.2529210370182522
0.07448917375955524
0.26272516215781594
0.09278379864920086
0.08231260942845872
-0.09156358816794817
0.06958334354720541
-0.16291670558325597
-0.01003658100741788
0.07729445645492744
-0.014253732226473892
0.09829566734134229
0.06191929342088092
0.14665588992736825
0.03260169504557904
0.007912138091411149
-0.28065318284007695
0.1168674753040784
-0.05806466927991863
-0.02337396055707305
0.02221830540732436
0.09184281672550648
-0.03367000794135165
-0.14134821052886276
0.05824485171005366
-0.1817141889888654
-0.07688950599001691
0.15702989903232537
0.17728320777222137
-0.05115213145856176
-0.031175499674229213
0.029648612033101894
-0.011891977523385151
-0.36071838296212966
0.15017467362015563
0.04821629126065996
0.0069034215314108995
0.06746220583414628
-0.0692716580086441
0.030866529519532376
-0.037373492831980916
0.06625152229706584
-0.06188037364832743
-0.0037258077954872657
0.11570030562698524
0.20826806710814685
0.05405284683132254
-0.12576808884036972
0.08746161541638542
0.0452654385495489
0.12772164975155714
-0.006265033939528541
-0.04855644773542138
-0.05204407646176503
-0.008195803424134514
0.06734671971069556
0.05293947881425246
0.08717784056232074
0.09028171335179284
0.23451840366034224
0.0023443089721733876
0.06621067003510796
-0.15423514550543846
0.169455311963747
-0.19590535989936483
0.004579795181726274
0.1267192265716439
-0.20809977090877485
0.14920668053443292
-0.028619630601974668
0.11847372813199074
0.18941006013403938
0.4594317629492148
-0.2686051017650941
-0.18862086218360466
-0.18650291538621488
-0.09893815837886004
-0.1690925514812629
-0.42296695153949776
0.14904665583872084
0.19979704242240476
-0.16745639339935328
-0.05608785532138707
-0.1825545294311055
-0.22544266427662418
-0.3922419511977528
-0.4778567416542107
0.048289716210430676
0.03408803834020567
-0.13674387627894588
-0.18210749354108002
-0.21850892468687078
0.13626460231847176
0.43399495728224696
-0.23689630109792156
-0.06824631014055263
-0.2379151321312568
-0.21384959584710297
-0.32348105612399863
-0.254149869729016
0.0980593737082558
0.023124654767201658
-0.012504484232271039
0.12367174999766054
0.22625090080465482
-0.04688716089689303
-0.1654555735877986
-0.36626559627072564
0.15037749700082295
-0.012257627144082968
0.12095281173099112
-0.334974613534699
-0.21443937140516592
0.027908952309612135
0.19613974768062864
-0.20776041944127188
-0.16930683154145196
0.2935006429158632
0.0032456534055416595
0.23143196116141246
0.042055378296738576
-0.24365264252521615
0.35248275434529364
-0.3121737978055231
0.0723572584507186
0.08351139190577665
0.4129771513207841
0.02777478837315395
-0.13288107361918003
-0.08909788310008859
0.029760926821950983
-0.3049585794743384
-0.12600948702464215
0.25535692395230114
0.22237867641738332
-0.3730962073663215
-0.19576549578245128
-0.0023336654964159157
0.2428569762876671
0.2823631221845708
0.3593355795892401
-0.26476816759623195
0.1756343470001627
-0.11096036401980788
-0.05578335790617653
0.10970955287856339
0.28147297012720257
-0.00360448080594531
0.1905814876050456
0.04979461557136907
0.23278552888277465
0.20712769582668702
-0.06686274237056826
-0.2958395521635544
-0.05044600329623634
-0.20097345595517108
-0.16219253524514066
-0.3139499467677449
0.1849472010578718
0.06417137891824774
-0.32418738408718484
-0.15123854597653952
-0.04177512525248734
0.07950195623316705
0.2949630473571542
0.008346974435119284
0.10943143327902004
0.2267143033887219
-0.13308808141033268
-0.01666682819277321
0.02539144236267086
-0.05094460009692547
-0.23376953240193246
0.47960439222116635
-0.22516546287443884
-0.3271046225253037
-0.1807587445580735
0.5306611043096245
-0.30679203294341717
-0.29750724840287696
-0.16392248526534406
0.14377700529162526
-0.07554402487112381
0.16068493427446393
-0.05640865820113571
0.3061578570499542
-0.23779381344664513
0.249969848513734
0.10579250688498397
0.011068008252938931
0.0416894247447103
-0.07154753564736163
0.1026325174313932
-0.142925173405403
-0.13309658418156275
-0.16487500621382933
-0.4348378586254356
-0.16716668887919298
-0.26734329179772165
-0.10101428062235694
0.33931872643997063
-0.38571733464604563
0.05996297497335237
-0.13774670768073607
-0.19545630114710216
0.1739731203393969
0.17651972044714054
-0.044087929586613145
-0.023654575046838582
-0.5237156635775126
-0.36378517817246936
0.030251167770079915
-0.3347813823697601
-0.1256933544471444
0.2598780210243112
-0.03585376550798851
-0.14162074984190276
0.1649659659227713
0.07095395555463463
0.0050559630042946255
-0.14111998544194912
0.10776719630238403
-0.333033967849113
0.09476835260211525
-0.02973388339730828
0.02415168781728253
0.12750060124583418
0.3422639327964151
0.11414382888133955
-0.11256178185252767
-0.0162497646827685
0.31550185148666043
-0.20124210317023444
0.30103348314833106
0.03687780410395319
0.09450517644805691
-0.03442414231108155
-0.12159256040330166
-0.19886435555530318
0.3625258197757687
-0.2755060219694178
-0.09245466355669721
-0.16372198536178667
0.2290898793815911
0.05663820516507013
0.16480007804368435
-0.23157091866549598
0.24864949858850346
0.015884798181202104
-0.19389933938770704
-0.10255199047661841
-0.024487088437120587
-0.07365122609730744
-0.22168465932083112
0.2879761740008417
-0.15392160039532118
-0.0209934012871989
0.3086406271562693
-0.03916195761438051
-0.42529870149402754
-0.11185832033156994
0.10509316854949399
-0.2895974285131276
-0.5920135719545605
0.04391276397380605
-0.03221098448604716
-0.01787560459484172
-0.18068451767441904
0.21587025562038964
-0.2148192002201477
-0.233330305433649
b1
-0.003776440541990626
0.01684361588925593
-0.011505659369527578
-0.06171088058712572
-0.07184326271594171
-0.05246749654221418
0.023338120669492136
0.025862144273615262
0.012847148824792506
0.0055517426405483255
0.01920558748507868
-0.04112719977578538
0.013607957657637766
-0.04668186143708556
-0.05787679454613926
0.0027661161851189114
-0.00962744087738763
-0.04129866246116767
-0.09341335241285924
-0.061186770535699396
-0.06934578898241267
-0.05410363423492977
-0.0065463097240053
-0.06013337655347578
-0.04057722795727515
0.03616897658355098
-0.017244249631392095
-0.02728851458989238
-0.07427134708294006
-0.028379189179196986
-0.05478398203371338
-0.013933720718761136
0.004790345009281973
-0.05738108543509289
-0.056899094050604795
-0.0993654470455424
-0.05569106545828445
-0.051341634855399096
-0.05813985932349233
-0.06698611605920801
-0.07331522425150681
-0.02969476875103976
-0.05270908047598588
-0.016174355927043763
-0.0027370063255966544
-0.049018983932454095
-0.03522764564227439
-0.06386909170249576
-0.03319035046553747
-0.06934154412763648
-0.04945126061000443
0.007878955317013917
-0.07740444147917915
-0.0006123248762677553
-0.03644637041702361
-0.013170180478617245
-0.0249926874441293
-0.000785438119521145
-0.054433394005625815
0.027793692991068604
-0.029674173544726772
-0.10195213619885163
-0.04593898816707266
-0.0516508231954985
-0.019585729809103246
-0.04281323442798895
-0.0017733447274970895
-0.07824443838705603
-0.021115484274675852
0.00365324999315928
-0.03224000877488317
-0.05031533852487346
-0.07566974726447309
-0.05622790470293963
-0.061121994738382306
-0.03361924374760501
-0.04454404727399256
-0.04339562082819898
0.0009295081856178112
-0.06189594042242706
-0.03042950490473588
-0.0276132682156258
0.03901012387181186
-0.036485140012611224
-0.04868020463706074
0.04529289730893358
0.013236324124253197
-0.05846307243377426
-0.06519613506164745
-0.07038442024793135
0.03704143137327084
-0.019768260731821627
-0.032518889281120164
-0.10906409148119589
-0.051330183790715835
-0.037511477280904065
0.010184975109986947
-0.03727696067580587
-0.05214704680352254
-0.038378369803188345
-0.06154327398895013
-0.03508700117454989
-0.03885866582352366
-0.004989152581939177
-0.024047172488842045
0.0033292709912749545
-0.058983857592311326
-0.033373603430412895
-0.05726692125285502
-0.04025012456149468
-0.049919377940178325
-0.013050989400814788
-0.0002908191511470995
-0.011529379106598918
-0.01783879199606974
-0.005758698380422344
-0.02400428411892338
-0.03914556488093074
-0.014498802927096386
-0.04886663989111716
0.015094285372559392
0.02434134419945509
0.003506650652804132
-0.04696976909554833
-0.015632929127513587
-0.049971183301627885
-0.055849547962199354
-0.010297089253331598
w2
-0.0015267755147190093
0.005331329888244982
0.1215924554194017
-0.423143028797691
0.2057180332373605
-0.27808730225808653
0.29725069771728374
-0.053193442819216924
-0.02759909208024666
0.026153412803067794
0.03155988900429831
0.1378056368255621
-0.01103767792948947
0.5176202564651348
-0.13355808045495624
0.1450747672444896
0.03683029170743023
0.16651835647308574
-0.1477565825959731
0.022318606456822158
-0.1564263930856585
0.1668512030559028
0.045925108215978935
0.038175728399449105
-0.04353989234170992
0.1959618357172582
0.18812630285898516
-0.13802682292263868
-0.26577866682275
0.19490295724285162
0.018823486056070402
0.19247338616824688
0.1272333716123883
0.09203603746904755
-0.12130135130352383
0.025697531712831317
-0.02669545813846502
-0.034318990259515986
0.21399211036628385
0.08299489089376859
-0.25006689045515285
0.23798502845485242
-0.18483251963285524
-0.1553523101483864
-0.042281724146676365
-0.09367064624705931
-0.21820706889282893
0.2836253506234017
-0.13903898506037068
-0.07339556335273738
-0.11235706955159858
-0.4651495379574702
-0.10858794609660456
0.1167025476020394
-0.29987126102893746
0.15567295708361428
0.02026089190570617
0.09379963882982184
-0.07223683210799495
-0.02834111050825649
-0.1501004011152668
-0.06948973620124196
0.08313459200255584
-0.08768515697641409
-0.38490463101282896
-0.2255677241188076
0.00041289882417110726
-0.19097361221923687
-0.15884368550269923
0.28911159779585943
0.10931609914466178
-0.402255438131008
-0.030211456937394077
-0.39097594769733773
-0.25489254904444253
-0.01956876888479555
0.2372922893198531
-0.24704451977798897
0.0848537293015002
0.13215572091192349
-0.2397548778134017
0.20534840367198492
-0.11478638477851356
-0.22415099324908253
-0.23407948603479073
-0.26110470653202644
0.24651957254252013
0.1440035790036171
-0.4242908823577568
-0.08272401978867071
0.07830173596346902
0.2985528623144469
-0.2292871967241528
-0.04900610832721769
-0.0619193072868458
-0.23309798466109075
-0.25411003480068306
-0.045001726878823534
-0.10569097466923949
-0.3476930876009733
0.06747083575540799
0.030808470307075723
-0.2952476437829366
0.45849928463137224
-0.1517016932938429
0.17181789641065995
-0.20300275633135445
-0.11097593765683288
0.18431973469265409
0.13075324564745477
-0.19454466671753046
-0.062165844324087206
-0.2226579028461831
-0.12471679282227593
-0.3096174983277477
0.29502852434356514
0.22466351514759314
-0.2354448129903989
-0.12849665044791672
-0.14617400081969908
-0.091861229407356
0.09749802991083903
0.0771300381018777
0.10516328989441852
0.2653262391866704
0.03357877118728499
0.12001363187128833
0.23088205720423516
0.07115102469186624
0.014957777445344057
0.1351657751484362
-0.39214442565397933
0.1357398802378141
-0.08373911030144536
-0.10917921641372176
-0.07966832201239053
-0.0501545174637707
-0.22454822853143577
-0.07128184217253324
-0.02065394415555391
0.09462442580342738
0.2254196750823023
-0.05010100320701223
0.15249592070102852
-0.013294223575677522
0.0775774160473628
0.3160139053294227
-0.3557672135436247
-0.3354848042994022
0.008423835009357122
0.19471407339000055
0.1253006697785338
0.055484988058339256
0.09427750136463722
-0.07567528447590109
-0.023659362844253462
-0.28828379691977485
-0.33916253447558753
-0.10964013452397114
0.09112527858060619
0.1172305628047155
0.37724291240065094
0.17051443720988818
-0.08746675192169467
0.35453771563422604
-0.05112634171964771
-0.039732798183271884
-0.009523183911559025
0.08166887223875578
0.0674633222186446
0.1089073148098744
-0.13100066796032805
0.21826505213343622
-0.12223984736038086
0.15039715890598168
0.04204219135105468
-0.20826725314686745
0.04143834979852939
0.05323617469726117
-0.28741945265917257
0.08020878594446117
-0.07539394339331561
-0.11216675185231262
0.19682166862179737
-0.03484050646954573
-0.00281069303339059
0.07564008705450635
-0.03249167154392743
0.253600671782184
0.19537898540342832
-0.17095360455884004
-0.2054518390408257
0.2812130326111135
-0.03297361054471467
-0.010360443737485351
0.14491696065431273
0.11546774368534578
-0.05706938511676401
0.3358677691318554
0.0011891768549509452
-0.08449032770565663
0.10882671630257078
0.020731436240260127
0.10336304232236727
-0.023012781339705097
0.08523009750274631
-0.1317705777407705
0.06342618239700702
0.022363436479081625
-0.12929627045936498
0.027138216789058353
-0.025468406859203426
0.08505548130833401
0.1827314755018986
0.02091025586966123
-0.4615157719217887
0.1616514859828172
0.0709920223318087
-0.0691235152033732
0.010521749016621415
0.04259052749811065
-0.11553383485479432
-0.3046858780426068
-0.10022480129435038
-0.00030759919999259836
0.05843684491382088
-0.02144106523622415
0.08567666800163155
-0.10297806797160053
-0.027168888072057525
0.18992578820404898
0.04723277874709849
-0.11154440867083995
0.10273432201059439
-0.18656285074582588
-0.0225864178232391
-0.12204908355849514
-0.013968987043559566
0.2220876406893953
-0.2969145006877027
0.02041090865619409
0.12805136652204313
-0.1415876574267564
-0.4844987791170667
-0.04813468199786726
-0.09565136199777396
-0.12041420986766112
0.09916556906051877
0.19919123852635287
0.26962136534001635
-0.14636680643757588
-0.6830584302968741
-0.06076999584525068
-0.3176377224618788
0.2945206699670602
-0.23849702799528355
-0.02127313127475378
-0.12445022977004977
-0.38117297125567196
0.09866069689297513
0.01614554092527924
0.07770633136744465
-0.007011697891832165
-0.005094643607257745
-0.3066815101166898
-0.26259963838517025
-0.23390257724373154
-0.15440710525087176
-0.12492638781810729
0.2512704950454966
-0.12125686013875231
-0.3912351718697419
-0.1588885509837606
-0.43884393423711143
-0.14940667223067933
0.27806111807103134
-0.2785534622567259
0.016197047638341212
-0.30566954529871776
-0.10824347067839915
0.20154540663633505
0.08663874240259825
-0.10964644561638741
-0.021851280823479927
0.08780857072673925
-0.025297597358001824
0.17407750249969606
-0.08984098982643539
0.03253509226898426
0.0822158777746345
0.28484333831451053
-0.14666305572658847
-0.23448279466828015
-0.2546355253660899
-0.3547033241484611
0.004710535392953329
-0.19078691695969546
0.01292724766495913
0.05981706697337989
-0.11001011375044077
-0.043304967312787414
-0.22108911782031734
0.21960434846129198
0.15258956423879003
-0.16101212448651836
-0.31906378873512353
0.2176889970711366
0.06134205380572368
0.09873348535661804
-0.35148304396251506
0.04501853801087806
0.048037114982563564
-0.003927060726313319
0.19786170211150064
-0.012065395588870001
-0.14932350438219677
-0.0696536768569909
0.06863504795074608
0.002901732426368396
0.2206292043994823
0.03591536042441593
-0.6023716021133456
-0.38762983080173374
-0.2891312860984143
-0.08328947558964608
0.32114578792924153
-0.19766522355655403
-0.13456945885153196
-0.06605499442469553
-0.05824794262609888
-0.1336685328049074
-0.33126841770689835
0.029366942811352766
-0.38945768124194513
0.12460713916299213
-0.08810856474063322
0.010326957622374212
-0.1078865441185608
-0.13538745153235884
-0.293327341945829
-0.22124637326866467
0.48905535127780453
0.06467283811896143
-0.02827911614174755
0.31890361783304555
-0.16879388822496944
0.25498442156800055
-0.23872695107130956
-0.22298357225567247
-0.03500701581712128
-0.1168334445267441
-0.2788160439641934
-0.10934839922296667
-0.15425997573023875
-0.041524880875076046
0.05388679715006168
-0.2538344288586697
-0.08398685179218926
0.1380892554429052
-0.032754921363520095
-0.12946518396134846
0.09935181077901774
-0.014778324527544944
-0.09648636099331184
0.13896810769957874
0.0678672809025626
0.32258076620056747
0.28020675059114913
-0.24820666654641216
0.19200049038155306
-0.14466673725583495
0.12887447771420932
0.17348732258192254
0.026243039641901684
0.07240056714604182
-0.12303533547259789
0.07036058613975835
0.13690567944329798
-0.26706850101439406
0.11139336028485011
-0.2480047211119973
-0.16469149668729557
-0.11302859814303876
-0.018192634037177635
-0.09277813080578132
-0.1651686118826095
-0.1612210833727806
-0.2489042699113217
0.031549918405306465
0.008702619381068555
0.10354641387093254
0.10780584968977978
-0.12258845606115353
-0.16316969013254
-0.0102594499475749
0.05456443980295357
0.030227011670649333
0.057862897567771784
0.12991106931848298
0.3118881532017584
-0.21800264764342395
0.05015647221840542
-0.23955305392054382
-0.449036009106958
-0.09984339939100202
-0.029751380208605356
-0.047536385891134125
-0.02529710337313014
0.04991200431855523
0.08427901481697908
0.055436028364698034
-0.004675052264660367
0.17318294680022947
0.32231906862960413
-0.31237397209573087
0.08743308038797636
-0.030856516683606873
0.016110902132578857
0.15225503415116295
0.09553419902867422
-0.32870917278635753
0.11858347092396565
-0.2745551591633421
0.08321798162942008
-0.12965792448478156
-0.0006335873786396087
-0.11461522067557671
-0.16565687438853338
-0.1397893885341694
0.11918100960242485
-0.1444239167710099
-0.22898077504055236
-0.34851924506793236
-0.007164032658998608
0.044926983175665805
0.07812781264849644
-0.025894574886417405
0.10229899191891936
-0.005328338455375742
-0.06796151891794502
-0.07544930821224143
0.1452855924015346
-0.0626207491604663
-0.18328664758302424
0.062092649320791025
0.10531657572562778
0.13504979128922895
0.08017076031259938
0.14067839226060613
0.10574756274673376
0.004581751641405844
0.09869425724611547
0.06934491698778772
-0.4109107295604355
0.2713939959110862
-0.030954417319387195
0.11378645673298757
0.13584120102977124
0.07076033160660533
-0.13525404266033053
-0.09054269008154885
0.0708880966360193
-0.07972753872998278
-0.02330358474090526
-0.25382753858374174
0.11072632744131404
0.00899140787726895
0.059620490883886136
0.07883216376705711
0.18670925188460694
-0.09486617939549505
0.04113336780345101
-0.18998149665463035
-0.2936358196441425
0.3199210677561801
0.16937209879888593
-0.06898821812129474
0.014739101945182187
-0.09633254643333837
-0.04454084183895437
0.050016108832847433
0.12170338973155692
-0.16047474419379437
-0.03130304937435333
-0.41005497832332105
0.10612096879394609
-0.04926523308196953
-0.06472259680337611
0.11152524469253629
-0.14487353422087138
-0.06591913324600908
0.15117661901808532
-0.16938787295440358
0.10869484689586716
-0.15067573242889656
0.21904661043299029
0.01983823121657014
0.1162255637511883
0.07777931753961234
-0.22178402510453168
0.10793385554385726
0.21570258671016942
-0.025088948449283055
0.05068953025417314
-0.1846037613286217
0.12083991134460967
0.03976722611752597
-0.05150153357384619
0.16540785905414884
0.10893270434732026
-0.04451716675894342
-0.22775991042219593
-0.22296715979001955
-0.06392862338354853
-0.06862899722800987
0.14535492302843106
0.2441869872493045
0.007569392562171907
-0.2076860374418722
-0.0961296965813136
-0.15675572908438723
-0.0014477432972243894
-0.14724466046739845
0.04984149200236817
-0.010375616128080136
-0.10849738658380301
0.007135331292985869
-0.022017029670776768
-0.318200711021716
-0.11900543778805434
0.2530633139888655
0.20057480275040884
0.032155998689837734
0.2513529534314344
-0.08803980505251317
0.17947568816313658
-0.13550247208429497
0.08170146405473805
0.009322791683524794
-0.07653075209252949
-0.1591546792763457
-0.16963965026448177
-0.1367628600947954
-0.09800215174466252
-0.2032920107237875
-0.14232534374527114
0.16008028805952193
0.15622160645890731
0.12100715321556686
-0.16145629747681228
-0.151705971411649
-0.12532643260417034
0.13211530584543743
-0.2066043366092495
-0.061185901889039745
-0.09162083724717096
0.19490312848221492
-0.09316042754864132
-0.2971288700929317
-0.08269810883184313
0.06785800383985956
-0.23970808358170706
-0.09423855795613248
-0.14281732551675697
-0.09266158842594036
0.118763285254264
-0.13688047588168248
-0.1782559717513467
-0.08692190679178037
-0.040134321388151956
-0.00013243307929688606
0.031599423820564396
-0.0570633771147063
0.13417850947141977
-0.21896838943083358
-0.06550749467425998
0.007479218656642489
0.08790655494422935
0.11098176292724364
-0.044121441870771244
-0.1411594994547375
-0.018210886397050808
-0.020745644425253593
-0.08778095154104833
-0.1492939981948396
-0.320218125116711
-0.1852124028946337
-0.07732752387176534
0.029330961460938474
-0.06847171112959739
-0.001359341580710976
-0.049144853897714565
-0.05376533318328421
0.062293073043879814
-0.06652286362142038
-0.20507741122926665
-0.2610636631648924
0.07712656935074132
-0.25145391091245417
-0.08237491926287836
-0.15607036045551945
-0.005466024692190496
-0.14512245320347006
0.1141202966483903
-0.1567321338858025
0.05702625120480311
-0.31460562819673565
-0.10495954856012561
-0.10555784467852986
-0.1230831183202602
0.07073759906022754
-0.046083701241123716
-0.02967250065450886
-0.005263220306977578
0.18343195930661815
0.24185275644863427
-0.2803400163480483
-0.1925332853482519
-0.2327505949706445
-0.533896419729626
-0.006386431736397074
-0.11271347797540615
0.04488043216209137
-0.06980678497910195
0.0720499983296855
-0.19347134129731725
-0.0040587056245190226
-0.257289210551345
-0.16932416858376279
-0.18196528096767062
0.10119536624165776
-0.023586535808881325
0.023628761870231857
0.023582542963164227
-0.19649014169485482
-0.10872656652028005
0.026549860643725158
-0.3318633463860961
-0.06517686015413794
-0.09230579883244347
-0.14994883049521834
-0.1625752722679426
0.04253906297567759
-0.20324460387410379
-0.05240826272893715
-0.11048881301090012
0.036708958162173656
-0.23441588709894656
-0.01339583585886433
-0.13738627708905976
-0.19157957676130016
-0.1287827312550328
-0.30944405188311636
-0.19470760040889937
0.2176643926775957
-0.14900800110895834
0.063416373089987
-0.08741325921340706
0.09362603326334556
0.19841360581484196
-0.010996225127321164
-0.35697031736904744
0.02404968725639699
-0.05176078872658199
-0.22233785363698313
-0.021507262846197577
0.07417946782380123
0.25618886528106394
-0.03281075899301072
-0.466264917109516
-0.0498153462303729
-0.2724382184928665
-0.12974660864844612
-0.3575179025639105
-0.17128172540185488
-0.1763674714234804
-0.5389426916065129
-0.023162325582752736
0.1532629902827664
0.02327982991563075
0.08618132400979124
0.17197206063913908
-0.40113200588771253
0.3133112033245397
-0.02465908828567231
-0.19805794378812822
0.20642033412224625
-0.042648319131558816
-0.28736205886100213
0.18127011616801633
-0.21705242273812142
-0.0674730963479875
-0.03875386604586034
-0.1441511369459128
-0.22027170316979178
-0.03545929677263191
-0.39329507805415903
0.22339642220754669
0.14496055002464275
0.20451843304929793
0.011595719174842747
-0.07420650005083045
0.07513457858924924
0.17300754195874693
0.05841378295090141
-0.0012883850679943371
0.04342380575588511
-0.05370417758279215
0.0509686578518525
0.3361175855696078
-0.18503867143356434
-0.4632985635267269
0.040183556243956156
0.2503428585403981
-0.18878650322728688
0.0053846619895271865
0.09694145671555422
0.10804418806889188
0.1073278492473289
0.027122284291115063
0.16130250501805943
-0.09648683661639118
-0.0475934203064652
-0.18554180751014818
0.166700230603985
-0.37783408754880565
-0.059179881771679176
0.37064890323345967
-0.3283501845491515
0.03198749519658045
-0.04931972448567817
-0.09338706369925014
-0.45743197879436714
-0.05537762951936114
0.025703557065717406
-0.298792871362327
0.07653974050087385
0.012563973262107907
0.25904788302523113
0.10260515372294834
-0.042016089677217504
0.13688443116144772
0.10442532897323903
-0.03547643725974576
-0.14629920353022402
-0.09257205237272018
0.1486292646824766
-0.07793077457784536
0.026882839499953477
-0.3138491853447551
-0.20132705325941005
-0.38426943449092354
-0.23285614913060018
0.04337708360445617
0.041830770476754695
-0.3002122615573569
-0.0360639410361113
0.12552724482502517
0.0050841850120826836
0.11108556072772573
0.03611506199684462
0.08641457712077731
0.41899922253112704
0.06426200618709935
-0.1124359868710129
-0.12574780055121723
0.1566260898247267
0.1400303706981796
-0.20242380426411316
0.019372166348374346
-0.08006921878840258
-0.044754368452663465
-0.012301377062843573
0.0607226762444401
0.13006396591976596
0.1016741877847159
0.15375470691025026
-0.20923545475029565
0.2726092706563147
-0.12943172707429826
-0.027181908573985676
0.31131804426242166
-0.031047309721970638
0.055184317292552944
-0.04236605151391623
-0.22062573089472948
-0.04536437357939719
-0.07707623371478295
-0.07960748370928483
0.11583865095926002
-0.00271466812969291
0.05831540128891254
0.0851999490146103
0.16462399189557114
0.007103906211008404
0.13685314756428898
0.0379727084994872
-0.1829759514838624
-0.0669792073038721
-0.034324478182086775
-0.34550485599400693
0.036857337218424824
-0.2080882521984902
0.04795736345071693
0.038832120212683126
0.13875631464971475
-0.19721591246389875
-0.08597134004387169
0.07635077170766016
-0.044269648788345245
0.017484070285314544
-0.16375431179358535
-0.19097896588670146
0.10057137377947088
-0.03022680474071818
0.0849561866989374
0.16877625543213545
-0.1468346098609887
0.12273303123854765
0.08940121304780953
0.1701974914661204
0.040554867262693216
0.3428802473053693
-0.16415798633626882
-0.04358935236173748
0.029590401145825465
-0.20602440146395057
0.27322531098210906
0.0929107280469188
0.12665757721631468
-0.11370582614292508
0.08315785160611519
-0.007305747729829272
-0.2774661618196612
-0.07174281320741147
0.1377411736879231
-0.1339890406189604
-0.1937860069021141
0.10082010282418946
-0.0022397084571527783
0.15829238759626552
0.21480443915760009
0.05800215200476561
-0.21775257957161673
-0.01361750947132907
0.2953495262084929
0.01306847842179112
-0.15632610049203546
-0.09253939100018344
-0.033733889070669314
-0.13442515857286097
0.026518785214436853
-0.24434425284958602
0.27554311776301593
-0.05061993014239226
-0.25367914020910987
0.0630936716754858
-0.020150399536395257
-0.03962150505805132
0.06964472792082473
-0.1930170643391079
0.12334471119552427
0.2821887789830771
0.09988488325968645
0.2723451971023734
-0.03413497767628306
0.2736778345583267
-0.14460215989859335
-0.2825503776808854
0.02703500568774952
0.038839929485794886
-0.04522113268890927
0.07984781976200406
-0.13761097113851278
-0.17433914085684743
-0.11371875291571078
-0.12181448066852377
-0.07890447777004156
0.017518318376333303
0.19082218567437045
0.1926137888540321
0.011623807463566439
0.026245745655670973
-0.3180025650799228
0.16891058162573447
-0.09187150330268089
-0.0941026791535458
0.09898790026066319
0.07968619656447423
0.03467180872435177
0.09763528756793104
0.013644489503394239
0.037397854591133234
0.041786675877446174
-0.2518786481657347
0.10572033614859212
0.07736340974539448
0.009137050442661115
-0.030018738644942016
-0.055872535536887875
0.04405897254136851
0.1451057730708246
0.2399191250876557
-0.14459662248300872
0.11243055697981955
-0.039063093650127154
0.07631471682603932
0.07259569529803031
0.1288547009091022
-0.00635586285974438
-0.11712908477066161
-0.329035733555672
-0.14328030032154027
-0.009461895284900632
0.008406221565105518
0.3016297462137691
0.14788054201466735
-0.32543843926057797
0.10203052745392503
0.03669950333510843
-0.08453494546620471
-0.04473498031641662
0.1546739613461992
0.1508387994652545
-0.31926532913728034
0.019888329786398658
0.12873430396796773
0.0064847961429416855
-0.09323391053431926
0.0392684694215713
-0.06616993904409466
-0.15632328173776963
-0.10939791201712266
0.11886332831594884
-0.04160365403345337
0.2816490845242464
-0.027701896650619968
-0.2652676534634446
0.045508227518468836
0.118675945167987
-0.2704418685984833
-0.09323169699761472
-0.029922166779131697
0.2211740107935802
-0.029411372894560528
-0.10913569670386872
0.2325526187903267
-0.11067555225710159
0.028434025988502542
-0.008634087872565248
0.15047888631439985
0.06015547703016784
0.23386974155801768
0.28419359217539003
0.11344828367472803
-0.08665386413006113
0.1355254190331789
-0.0010656589136316416
-0.02249993216999791
0.05186191815602353
-0.16282346550145826
-0.2683815262059147
0.11996769648149821
-0.05271561499415329
0.0017929223212551422
-0.11733595469138809
0.12137635299887538
0.1295329673154564
-0.11652245250099091
-0.18147675841390362
-0.10696467717109502
-0.1860967200453326
-0.13095097007682033
-0.12203057687668019
0.09984112892044222
-0.0060804455389599004
-0.056351858639817336
0.3588102356004091
0.14838582066012376
-0.08679323058095875
-0.2451368665324955
0.11387011990188264
-0.0035475751332667096
0.05575470227383994
0.1171461991302516
-0.2663548474224461
0.09157886118714717
0.1185801200514557
0.08521031842340417
0.10443960666939797
-0.0885518517026765
-0.01178809924318135
0.2626331220740294
-0.15233096429670911
0.02750014467333776
-0.0060278752248146125
-0.03456341860185605
0.39330818223647196
0.10351887653573666
-0.01994360915607464
-0.05866202290453253
0.05948036604712506
-0.02651711054781431
0.08398243868803865
-0.1178971590014722
-0.061559901023618656
-0.15398594317534783
0.3074078474328047
0.0502486561234808
-0.1696383466143869
-0.30567301900307847
-0.011970814078519054
-0.09145424046821796
-0.11093871580622311
0.0017250360762586636
0.1591469778059904
0.2224582296737351
0.11240266536294245
0.007530739016409305
0.08669371228216212
0.0025013559598180213
0.08902336484882632
0.03530060426289811
0.0481147190807743
0.026353764691705396
-0.12742829507388712
0.07484562597355673
0.013612392153771219
-0.13318184269585223
-0.03188151316931444
-0.12191550299686756
0.26991893486134505
-0.017395184798258825
0.19252047421258175
-0.02640423233577622
0.4046580577294076
0.12132624794778808
-0.09904904408681917
-0.15994896913686432
0.24683441276565604
-0.21301522395878716
-0.03742452139439649
0.07806767942045909
-0.5180044265757467
-0.16788701816707932
-0.2523025831641307
-0.1537828438650077
0.31592216715400195
0.13236272657507378
-0.17976376813898015
-0.13706713041747517
-0.2366904700162212
0.2583978152819167
-0.04842968915344599
0.11402697478585161
0.03553785202311383
-0.19616125707774004
-0.16788044885659215
-0.2161486064906909
0.04190026472352524
-0.0004370733340100062
-0.09781105965309016
0.17262083805522974
-0.188644568431714
0.16657996002252423
0.07866281136862202
-0.3301083880665022
0.08906259841544802
0.08769217905937865
0.027287672844635916
-0.15247168795218546
-0.11299961007448614
-0.014771008808316645
-0.03827975260546015
0.04907784949039992
-0.13149136821090238
-0.051212360292346416
-0.09880754629670821
-0.0202745101922152
-0.08106961598685974
0.007365191206339921
0.0013299085691671408
-0.20781528752080627
-0.20102834475964426
0.034521741531723875
-0.09669248099518613
-0.08542078833277594
-0.072763147359853
-0.22260678192082323
0.0673880243125456
-0.15695449949829726
-0.09740736455482037
-0.19134303914861508
-0.24679625480882664
-0.02270823680627216
-0.05997749705902823
-0.09899500882626495
-0.0787286267722608
0.12496367095691452
-0.13231188179937195
-0.18312820216772793
-0.01007602840086136
0.09823233614350416
-0.5058548046463126
-0.40748483720491285
-0.1883597546852766
-0.025669150605615913
-0.06387772755233771
0.12587113613212986
-0.177558038088074
-0.06319607568008113
-0.008539558294241283
0.04828052333961327
0.1310997592462705
-0.019256374003649646
0.13601931221534985
-0.4378547923877145
0.1143649597898158
-0.1968722456852065
-0.09053762719302422
0.09390727284576889
0.05244165365793211
0.11614934064369262
-0.10529300365328709
-0.1253412688792039
-0.12569184288479998
-0.24118209154238623
0.08012730455082524
0.08056128460923243
-0.10533634554505644
0.23642036976652425
-0.08995275674817568
0.04983186543618592
0.15229820601514124
-0.028313303398111295
0.017623597819084517
0.26669652195279664
0.21831827737354254
0.07390082003966145
-0.08589449367670815
-0.021111999860401114
0.2627315249793888
0.1507341246337647
-0.1948957174944943
-0.019155529361911134
-0.11997814477235134
-0.1636550861680722
-0.09029595836888714
0.06928539749704102
-0.176994759232874
-0.5275708020623058
-0.11741188522826929
-0.03724644948943773
-0.21006963238590318
-0.11456360726795538
-0.1171659586952143
-0.16435831483774513
0.09475188284188973
-0.004152291028949938
0.13549181368736946
-0.250857962861003
0.1588563266060326
-0.028765271521626407
-0.06460057074943834
0.15218383860801327
-0.12201959057875565
0.10649971164764256
0.32140813653208444
-0.025621001656252522
-0.21042973877379365
-0.0064200613683897245
-0.024830397978408553
0.045062866918454604
-0.2549971762997596
-0.002311674005861029
0.059412754251232824
0.14431871382493647
-0.028343194557622308
-0.10707888164204647
-0.19573326859493662
0.08449806251825859
0.1275408802791009
-0.020792528783814122
-0.08107265295051401
-0.262968836480227
0.01191391497863786
-0.3458448461385041
-0.06597027323985025
-0.017143313540989698
-0.004998440595125732
0.17193384847645335
-0.153440723394348
-0.35671683544458405
-0.1247914197288366
-0.17085305536048084
-0.26641717935618264
0.18345520823933378
0.10674504564806764
-0.10064702666271796
-0.11648313969993465
-0.05187994744414591
0.06253351041951395
0.02436083089524571
-0.14030972979318576
-0.024436358042430165
-0.11204050160496745
0.22227422472093605
0.24121509389054682
0.007171099707682664
0.18942572536588406
0.15882085286378952
-0.16103953446194494
-0.00047038564386351353
-0.11295004734901525
-0.27923021554138855
0.14165169992281648
-0.2291139080465122
-0.3080039744145996
-0.011363302779126007
0.15772861036861907
-0.15212744430335529
0.25124461961972444
-0.10602883425442204
-0.006630869509790342
0.15504684479251873
-0.19417611851995628
-0.14104330757292724
-0.10062234464167627
0.08617079386410813
-0.23046813764615015
0.19574022579242567
0.21222789006543546
-0.06628784152745344
0.024126300325423143
-0.05104380034209598
0.06485884994574041
-0.037628738680387214
-0.11513763929703633
-0.21502047231468585
-0.17156973604040188
-0.046336945963552055
-0.2887947439664822
0.05692672375396128
0.20050681786242427
-0.03288829287321652
-0.08709287500622655
0.026375184650260407
0.1487701461893293
-0.05049824004125278
-0.09422038205729855
-0.15148557539211907
-0.45767470125367804
-0.11680354818166964
-0.0001216194419964823
-0.30192960122401524
-0.1680000919474003
0.22204399785922047
-0.2967621793846265
0.2112105480538557
0.04309510902574054
0.25745535757789756
-0.17874754905496026
0.020480165077949985
-0.05788939404683273
-0.13840588911257135
0.2934076874681828
0.03345571613330933
-0.23787477158978249
-0.2574550591041263
-0.23012181493984094
-0.011036982627875367
-0.14655265729123484
-0.019536732742609402
-0.04365548828552969
-0.3185301189648845
0.06419057743735758
0.07616613858271072
0.030594463366532473
0.258023977700132
-0.3118231740469731
-0.0010924421648191081
-0.28177484660293145
-0.3171408654224152
0.2380388782601107
0.0784765364297288
0.08062956417627355
-0.41788572286328673
0.012031882562509968
0.04958561955992912
-0.12665100620400102
-0.04362757030109861
-0.4184437451993226
-0.15031565028323254
0.3034456628023825
-0.03716082101735668
0.05428718387918448
-0.09279052715380273
-0.138955077449903
-0.0318206693049259
0.42204474054949864
0.19854914690059927
-0.13183590469209827
-0.10622648801773293
0.1680286944466505
0.15041800951249118
-0.19494638049042626
-0.1536996036498424
-0.28466912086008184
0.1284571894784345
0.1534205928248968
0.22871178604663692
0.3306628497211872
-0.3109888701803609
0.1740432788666198
-0.19511921176066754
-0.12346531637093716
0.33921277578913805
-0.15793105198030555
0.03037290272226588
-0.14017667051471386
-0.1083716974111333
-0.05036344550211938
-0.046174397509659806
0.19797384641210505
0.09043295912333289
-0.07768882085303652
-0.475095789157097
-0.2708271077341081
-0.4161448764308522
-0.06635515473409019
-0.09666348616066427
-0.043559008198629276
0.027846300740037074
-0.172034836016555
0.013300692791959294
0.10952786725137287
0.0455797454962304
-0.28362146071332284
-0.4701869882301124
-0.21890494810876152
-0.4792032450740427
0.27397198031223335
0.01684617771388865
0.26485396063374483
-0.23367817323796944
-0.07346272081850731
0.13758360372036096
0.24991586733135088
0.1908456087449121
-0.31526335424467444
-0.10006608646799083
0.12463181132218748
-0.09792013216032282
-0.16188676635442248
0.17318093378214539
0.04509692948808568
-0.3658566954185861
0.10522886220577772
0.007103217155515328
-0.0027818907723221515
-0.2695473242585716
-0.048040729392853206
-0.5031160045986167
-0.11299792413136339
-0.077595522786423
-0.23329556332814938
-0.08173789786811315
0.11018765261180008
-0.08057128791552422
-0.1386984888826443
0.13935876522371812
-0.4720806936725451
-0.19411542195695122
0.33441740343346604
-0.05932181056808692
-0.18062559294193176
0.07262352385635809
-0.20464141016488593
-0.3211024999286635
-0.04816302586875625
-0.3108163501474305
0.251375175129991
-0.1496268307707733
-0.3019173939001233
0.17766898098767497
-0.16174904281826563
0.2851529133628032
-0.27092095094372304
-0.09993086760432413
0.1621038418159592
0.19849390464881977
0.004802128137358528
0.03823197486776113
-0.12257050251129244
0.06863758003455529
0.3392613266923831
0.16627448795145144
-0.011588446799555353
-0.1265308046878197
-0.1925582955140599
-0.15285297056362745
0.11465779687716178
-0.25294760694414686
-0.2129334501337337
-0.539116805895383
0.18937181087016267
-0.4946899028625388
-0.12981833142157861
0.058195900651268076
-0.09409387875345149
-0.09560009575288927
0.0405879115511996
-0.08889431668780072
0.06868659187180227
-0.03690273821796973
-0.12508745562244927
0.027817861567490474
0.08858712699535558
0.08158315958032265
-0.2012844845001239
-0.08252675905233435
-0.008704823528884654
-0.10607745759001706
-0.039701144254803304
-0.15487728517863342
0.12841472746273108
-0.2874641518139401
-0.21254649068450107
0.12753520939511861
0.10802151794800667
-0.10423562800436499
-0.30463374357932577
-0.03631537799546109
-0.09021896458921884
0.09255974996015706
0.06466470204170899
-0.07231463147369536
-0.15329579738934498
-0.09619161383216207
-0.04867428948035592
0.05952695529320869
-0.02580445065612589
-0.06135618652282075
-0.15924504801403136
-0.004206328147918582
-0.06538378206181981
-0.09099536561188318
-0.21003126115850365
0.0738148283306182
-0.11112192783386712
-0.043416088003211596
0.1286092353192782
-0.00591203550622608
-0.23246198524905634
-0.26204219689336905
-0.0868427496347675
-0.041234194883516616
-0.053949972659486596
-0.11420054894412772
-0.10962071903891298
0.10321407384427075
0.046541158433500165
0.07373777030159478
-0.32385797201365574
-0.3690837679382097
0.005763766347236212
0.14589258329875573
-0.10348723057913466
-0.16843976956064843
-0.14036759216558173
-0.3094680054338859
-0.015077920614894836
-0.02733695978471415
0.22514173890789346
0.06822539321384424
0.24213833383249717
-0.09629889740149572
-0.049889754195840415
-0.12291965535770237
0.0905579393550932
-0.25248826333345464
-0.14853184686264542
-0.30761068878672027
-0.000494081857905108
0.08306211921446625
-0.47914119702465857
0.11231685038444733
-0.32862059140746863
-0.15019189846027498
-0.16154699124834082
-0.2897901284579092
-0.09362705239162641
-0.12247030286546454
-0.16563278621673347
0.08620995258641063
-0.2640173157748552
-0.08079609300442925
0.0844173532515976
-0.02970181485424887
0.05015653487815492
-0.05766164279782807
0.1344138116498362
-0.030303849201215663
-0.25191736878381915
0.10974163119715104
-0.35517693927051613
-0.20600749136583635
-0.38932572185359593
-0.3623811226947879
-0.3773980500300419
0.09140745433879341
0.025608377669727803
-0.030769412227813736
-0.21702834467928594
-0.4588436728517239
-0.0411843746948752
-0.2054081663290655
-0.07280639292273501
0.015068922980650587
-0.15696913712088992
-0.12410653290891982
-0.1443638619202861
-0.08537094451317978
0.2761880056653745
-0.2732114872477307
-0.005236488622127274
0.08906730767340289
0.04325795523253877
0.1058257714251805
0.14726397856016446
-0.09340347669246256
-0.12297569214458333
-0.11235294191801956
-0.19165412207022603
-0.11867272535202679
0.1378341982686025
0.01838678083124462
0.14254455393607035
0.03645310521230988
-0.14652730964668376
0.06793307123115704
0.04193061579649775
0.08443307056944516
0.06589154742619806
0.017805082223045773
-0.08402237463566839
0.04492200185829744
0.07305566381012554
0.13569305119272634
0.0366580166854385
-0.010081866013765215
0.06085019938520215
-0.29443815341319185
0.14948759799207212
-0.16042215527159762
0.0027552762441608045
0.11229095691421093
0.12336056333012045
-0.26108273660147263
-0.17975547732204286
0.005154693870968012
0.12836442265005177
-0.09342007388323549
0.13239223585312637
0.1072035751992644
-0.09199361865162252
0.22822903090253327
0.17671880580106825
0.1669570391635571
-0.09719503155122831
-0.11962349131555626
-0.0336972896495241
0.05433880200091862
0.11023927326999819
-0.2601535210194487
-0.014249062747257846
-0.06319073741768484
-0.18005489584533982
0.1396526313344363
0.013351235761380371
-0.05391660483413504
0.06455207653093
0.0992267641991876
0.07829110569008865
0.16440077485393237
0.06013275044973352
-0.1625006526645481
-0.15091372981756934
0.13428561152412727
-0.03777548885763116
-0.03432091803112306
-0.01154596062654061
-0.09058018598892512
-0.4087334510850134
0.06813557325766278
-0.03133662566579915
0.20228882038203333
0.04374152120959554
0.054191308098551834
0.14289721727747692
0.22824286862739035
-0.11152029968948145
0.020119075021640204
0.09318804050303893
-0.06867753771899494
-0.11040838653875822
-0.12340857268550427
-0.10904132759493237
0.3666463605790733
0.08397492734323951
-0.1720384349512172
0.07886268139900979
-0.07749510818984336
0.06188755800187976
-0.11211943858526388
0.08522168782066898
-0.06852299404203933
-0.05236238746583597
-0.19747901523180153
-0.11741790402263941
-0.32618708212495184
-0.12888265378244398
0.19285428663459378
-0.06878249020371328
-0.09784389446585604
-0.15360312929475312
0.011307944163715354
0.1330198819743011
-0.11278236273487097
0.21219541744957396
-0.03756244545986197
-0.02228998687237477
0.2973023616148414
-0.14060300356728342
-0.03760022855906051
0.0566687644953066
0.2825244068171753
0.016838744932879016
-0.16105454270210015
0.01503228834106822
0.031500869220529415
0.03300195445687804
0.020560575548765603
0.19727678546736188
-0.18951552789856596
-0.17497124094987082
-0.20901856950244113
0.310296632635774
0.20368127370487302
-0.29600466388379043
0.11139337958211461
-0.026661088753599155
0.032343294757332476
-0.23298097389479427
0.11733072217977986
-0.14786177058248245
-0.148168376107828
-0.09020891718322527
0.007959125438970857
-0.04348665013487927
0.13174359802020014
-0.033221431176173315
0.22837144425337386
0.08190810963163675
-0.1655896320925806
-0.19349166764873915
-0.05632458192863749
-0.07360549606560357
0.07498788301540835
-0.2576131818026862
-0.07417151381210424
-0.13775404270195155
-0.16925222654562067
0.13775953554828918
-0.0973796279107185
0.13302828870869388
-0.284193428955511
-0.07656796178626199
0.07069187108215057
-0.16882956268601249
0.04551582710697179
-0.16100222591669824
0.3290894950501737
0.2195442718604931
0.1217753043902164
-0.2961836188636851
-0.12911437425514893
0.28619667197373866
-0.028594085751033352
0.31008661305996
-0.0814541544293467
0.11217794127916933
-0.24046410350043704
-0.02700965204844672
0.3413875377081787
-0.0416033754782784
-0.030532309935075084
0.17226192255641712
-0.07930600864901727
0.0965080120084222
-0.377423033314822
0.02724838093374456
0.05598812210800312
-0.06837873396802041
-0.026081064536065027
-0.011586659654871238
-0.1280749085839457
-0.22679737405061595
-0.32538721256648484
-0.1268859534531755
-0.07657790681775799
0.11477974049828932
-0.3608872111385488
0.047146068143242285
-0.17022573105113464
0.12309491699439447
-0.01858480590330828
0.01651372657956225
0.07186080084358502
0.24006866818271932
0.04356661117625919
0.017322428551787717
0.09511904674194492
0.1330202918913325
0.08784888602925094
0.05511596335667134
0.030698803718125743
0.28901874507121633
-0.07334252666231467
0.09754984970667688
0.2738626840467662
0.041485599604734205
-0.04268302152568297
0.06596307665263784
-0.060690113095134085
-0.3610118670523165
-0.13084512010290195
0.24826610111223105
-0.10247091482417481
0.002389589177357719
0.06510444811946829
-0.023717971316449017
0.10396972263866157
-0.11529037768781003
0.012564510844395657
0.08217305023348195
0.36942451121073777
-0.21163083015461356
-0.15827132440257408
-0.29353065456835126
0.04004335580749907
-0.19507043778730007
-0.04366434581531321
-0.33910821069297586
-0.05232759074544093
-0.3140406349505615
0.029398613690477433
-0.5078641077921124
0.22474288205380516
-0.4275331034485868
0.23429702600482724
-0.2232351243643498
-0.02559575038947621
-0.2798406384631643
-0.2514189820303745
0.4218001002738542
0.12724202391444886
-0.1847528847966921
-0.30819824591222034
0.003962789616363413
-0.08721846713908536
0.12057623241274963
-0.16685380377597445
-0.13569070542688205
0.012142403416210437
-0.013509621991679042
-0.3256676531343325
-0.3226238332779499
-0.04213036182646578
0.15438944492113815
0.11817795696914823
-0.13958324725974108
-0.23142949390372722
0.19192908692309066
0.1418797544080827
0.197333858433614
0.08805953684659348
-0.13355473034374252
0.07143823646813949
-0.22616165654155093
-0.14175752355210555
-0.07364803588559278
-0.22717228304411244
-0.030430078850995367
-0.28885105049014675
0.12345250528414879
-0.001370064547671834
-0.02451241909673303
0.060851117771970706
-0.11499648849282225
-0.10217196248795975
-0.1426706074755664
-0.1961126387085831
-0.3065895930843291
-0.07994764688095247
0.09873104800095156
-0.24549282594664512
-0.056118152717490564
-0.2341509192484816
0.07485415689020604
0.04664110150474898
-0.022483227969192287
0.3217075728569006
0.1413350733056441
-0.03181140752094028
0.10486242505825397
-0.21692636217765457
-0.3966624208014012
-0.005733123513059203
0.01207895684578317
-0.3066842200164803
-0.024176022905851875
-0.048355702046729614
-0.21336800458911412
0.2541631932977063
-0.07571174497849327
-0.007836425544838597
0.012335496571666514
0.09882458738316742
-0.0004895659946039527
0.09548498829721366
-0.08572488654553197
-0.16195072742823488
-0.1487654344642059
-0.01962681639407498
0.24109830980411678
-0.10564975050262516
0.058781877902942065
0.16440204555034396
-0.31007797562357314
0.21348341692848083
0.08676361795458984
0.16970281718897204
-0.20141038089308103
-0.12661465056191476
0.0066511259392335745
0.07328978448470627
0.13011929932577423
0.07454234158048431
-0.17384061356550992
0.226341789054978
-0.28295963092463106
-0.033292892893455654
-0.09460811819797847
-0.03275488438718568
0.2461406912999397
0.2641251831082481
0.2135805679391235
-0.47230444631295865
-0.10368776628949539
-0.09141079745861504
-0.2821757759311743
0.2980616253870508
-0.026726973436992013
0.08381482598342999
0.04442959004917804
-0.2651566399354857
0.0393403017989283
0.1514335455259218
-0.22912436020107038
-0.14631078254114177
-0.006816546953835529
0.06404258108733152
0.08403688765677622
-0.3819557034262127
-0.2500929289786872
-0.29326973838105985
-0.4869229178787658
-0.4043224692034221
0.14779880851396487
0.17586432425438545
0.18767697733991612
0.19383861205734512
0.13832891231463326
-0.18757194160033452
-0.07865899262608114
0.15007962837871758
0.15494903866137563
-0.03384564042746176
-0.05100944251024331
-0.08365558605191772
-0.04537408532767505
0.12401169058810481
0.21886880931145347
0.2866621685557092
-0.2629502898518805
0.17214957610090806
-0.2856460977604999
0.031122403970946757
0.22024834079252945
-0.23978218578226165
-0.21764785969624703
-0.19854425383157137
-0.22377170379388378
-0.0978009782012613
0.021242907003525224
-0.007745158452701599
-0.20065839855451864
-0.6604015065650825
-0.2552540480189845
0.010558887205816022
0.1369713350252344
-0.07166892183689179
-0.12525721429933748
-0.12261887175130164
0.1912576277423471
0.09567445001956557
0.01890250879435505
0.11024699288261697
-0.2976734262481798
-0.006730142342249226
0.030486168978404875
-0.09486150241580517
0.030089547457277155
-0.34462966804742734
-0.03172817288787718
-0.3114966364294274
-0.27108438188366335
-0.030631728451022872
-0.19023500923962655
-0.0645768918819611
0.14753018362192563
-0.1957458706490798
-0.04841690058269184
-0.1667701878769697
0.07439615086441949
-0.08781773397453924
-0.063451153034034
0.12531198749546354
0.043273082926069184
0.005868131405767547
-0.014116184434592784
-0.04882122705446493
-0.0518097813002825
0.18190034431044505
0.0017811924209967854
-0.11872947299302034
0.07066094096759962
0.011215235464265868
0.0647691167491129
-0.09472966412958439
0.3032092675155317
0.028902415431042043
-0.3302994443530686
-0.1649742128069735
-0.14610813010473772
-0.05663654547968561
-0.17007343909507658
0.01889108602349192
-0.14586587825994954
0.08816745646050655
-0.0966269390228469
-0.13174290532167995
0.11296419385729828
-0.07636683743250097
-0.09617600591388595
-0.08920877713339136
-0.1976383902545784
-0.12347446900746063
0.03261638097501835
-0.15880258178409276
-0.17132358477710763
0.01509268021811798
0.11765742716043165
-0.05656740110899681
-0.2578031103201042
-0.052345473344774324
0.040688346608758516
-0.10602595200019717
-0.07490297277765037
-0.06530574146607927
-0.1866134331737472
0.13150810424315143
-0.19220881195195383
-0.23572945832358466
0.0018252026028311758
0.10367111947418889
-0.10814174292009188
-0.07524234510487991
0.06704856202708993
-0.06012417167506912
-0.42169956019182475
0.007904551311134054
0.018863017670423768
-0.06926510079589256
0.02599324348224454
0.010184577696852212
-0.34258029117610106
-0.21480318666730566
-0.13816830422491047
0.06579246465307712
-0.038300503889997534
-0.11991427279190797
-0.11666803711383683
-0.09487698826668566
-0.2084928158762482
-0.12982234246084368
0.1206551062162885
-0.008174065030517787
0.10843269637717967
-0.12932743737179556
0.0035596648695375125
-0.10167752161790812
0.029451887827603267
-0.014822360447196047
-0.0846025058907656
0.012577828147787044
-0.12548997816833465
-0.07677189162828518
-0.14183650525548966
-0.07053406211961803
0.16401693926125455
-0.24424071509964268
-0.1473299722820351
-0.10755535901301089
-0.1764512750337401
-0.07865416389717135
-0.239416846074798
-0.050144921935404985
-0.04037007622219898
-0.17406684013973117
0.1679275456123959
-0.19776320315913898
-0.034092289643669574
-0.16591097065013863
0.013543134537383594
-0.04287968778803297
0.06055677063910052
-0.010250422365899738
-0.1298317644747993
-0.30004079659255295
-0.1893639844977727
-0.08694659471886493
-0.22820150442605247
-0.138062940754066
-0.3110103917616335
-0.04835538549110315
-0.06213607402189512
-0.04868784433766445
0.11833596570710059
-0.019600774696711287
-0.020152289778683136
0.1026194801580508
-0.13076623281019187
-0.04784382824124962
-0.0867693031734208
0.05934545951701884
-0.14917268437420148
0.3079862621530459
-0.26465495780593107
-0.21297159310466948
0.4080484997106159
0.32271119282958444
0.17689707712143854
-0.010099637831812766
0.00963066609752294
0.2701212655724158
-0.018006465357922635
-0.05242128632299617
0.1255736094017641
0.02867665811362163
-0.16105569200173533
0.16341746419375608
0.2233258294629803
-0.1260239618444867
-0.009238348901271873
-0.3121282973443391
-0.041760681036471736
0.055741736412539294
0.10308366090719172
-0.17690227888441945
0.43782559447181835
0.14041042817863694
0.03477622745381858
-0.09679028215721817
0.0787368134819707
-0.07656124391733415
-0.2573878423257875
-0.06378687809847834
-0.007335908266407943
0.13024108033577114
0.3128660944253039
-0.3612149417353174
-0.27599767886697474
-0.18480780379791778
0.24778527755329516
-0.2786973337874152
0.09849572749149021
-0.04615774844730286
-0.05008534905260099
-0.05240409933162275
0.04165810503466282
0.08373488124211678
-0.07534924077701134
0.01296620436785877
0.28217421787386293
-0.004948775697734385
0.15559802706789128
-0.14860821124101237
-0.07832776336778385
0.13226250018821084
-0.06874647161901824
0.014324212258426105
0.02658878414829309
-0.025203394789040528
-0.07820515234058523
-0.04678105010468685
-0.023721962297400076
0.20500417943764995
-0.11418794841842449
-0.030489366981264966
0.10385148545970876
-0.13247711723745192
0.15472985646310605
0.011260339513948382
0.18066528179570934
0.0503473548871346
0.0527854851849525
0.08029960627814686
0.11390412440875294
-0.01633056490157838
0.21650857125501038
-0.1657258306160651
0.40224526171391467
0.05711645950343049
0.2896295933051588
-0.3109387307169615
-0.0852003538169296
0.019931833765782964
0.21825735381572772
-0.03346868906246567
-0.037195033039601
0.026669548846384145
-0.13615693145797658
0.3621475750793724
0.10532108519582514
-0.23721138499255132
-0.09521863212339146
-0.16478147651593517
-0.056320879793198414
0.25297442952323207
0.01272220448977866
0.07611613558477985
-0.13541890118684416
0.009551722505784338
0.177089492252659
0.09372730358443773
0.13107263386079956
0.013033105834531293
0.28196808864720124
0.022126132385914543
-0.07357475994281336
-0.09006310071238922
-0.14181237500902089
0.15647716195367276
-0.12014499460064552
0.04628395505407536
0.21267211542466294
0.10942658292179638
0.13202996611882453
0.1426555181671106
-0.0393670332546719
0.21494623159573167
-0.1974805741405934
-0.09505818638427414
0.005966006809361416
-0.06559724139500012
-0.19378705410701452
0.10354164926866989
-0.06947896736483525
-0.04890771411003739
0.02769762413027043
0.12473370022392467
0.004238558666813238
-0.0889290043028803
0.009244881502869756
0.16040693156337857
-0.14674132169233453
0.17542480476751993
0.13029418643074214
-0.11467457622163017
-0.18595262311013347
-0.030005163817095077
-0.09270149703499943
-0.21510439038765294
0.28945159305878454
-0.013114364721948242
-0.09856250590349262
-0.22900419500541708
0.07197304736853778
0.21768607817984365
0.040606183590945547
-0.06606110864236657
-0.10462616347897007
0.014239843884632515
-0.1389876662349086
-0.03556889178174651
-0.010909427539436994
0.1888357017167851
0.07730390454148559
0.00871328862786358
0.09499668375917995
0.26280551899770976
0.1080213195914723
-0.10020414194894707
-0.031089656896225372
-0.16305876893038793
-0.05434683041969347
-0.08499607296481197
0.056476474586279746
-0.005340197829224244
0.0982727162252183
-0.13503254024786623
0.007845167223153565
-0.3273107160049271
0.0988292653548627
-0.02671319081279061
-0.07711777816525339
-0.17635484055511502
0.009229120415988086
0.05259193941531564
-0.1867973857275417
-0.043365048695955866
0.13962157030711725
-0.19352934014699477
-0.17032606274756548
0.03906524351852429
-0.17107105828093574
0.12787952148971954
-0.0623583401771277
0.08751138835657768
0.0014492876011196888
-0.0881764024573431
0.10821081481132791
-0.3055995324284995
-0.10375721924495936
-0.05215478518991741
-0.11482588876123913
-0.03217586541968243
0.10235756604497488
0.15341691837518048
0.040851722737897445
0.003989118195128624
0.09664848112524713
0.030190744773308267
-0.01667930269711978
-0.06669282218495796
-0.07880250890612753
0.13943955565072794
0.063313253181708
-0.15895102624548438
-0.08141445272411152
-0.16041449056123347
-0.07346931662552748
0.057421513866456934
-0.06953440131541849
-0.022178746179546818
-0.19417392660761357
-0.11854986621056958
-0.0026659603711489785
0.12437519705905924
0.09052175150612521
-0.13676288622720525
-0.12755386133916616
-0.09011430327663188
0.009381555287596485
0.07460275841537077
0.008339913488551513
0.24558807497112184
-0.10050569442550641
-0.1216918986745931
-0.022814791449184378
0.018133386237235163
0.03174826109226451
0.05735478673010643
-0.16515293717933988
0.023090752601266046
-0.20556337194635804
-0.08878116029114302
0.015800593818585444
-0.14841167624622995
-0.06592507425088083
-0.026241195847249186
0.07057201973926884
-0.009208123652156966
-0.047633952152564295
0.2031701476749202
-0.12637830539553715
-0.016342669352557546
-0.05427555535840141
-0.4065863467029502
0.19194486587883028
0.1024528393034455
-0.06979784804556918
0.11766743543261474
-0.15346705230744168
-0.4660987296504623
0.1871927082214932
-0.33353936096951203
0.282048818563031
0.10595807811705944
-0.1431038756565929
-0.09276807707118925
0.05778532219065035
-0.07987605818925354
0.13357410082063711
-0.023713760571919554
0.13855491008335394
-0.07270903822647219
-0.1977125462069296
0.15029751160777208
0.10675884656372407
-0.05836092169346515
0.1082484001980285
-0.04382060238979649
0.06729388339079653
-0.09294373157170463
0.012458408220225923
0.32315467378660645
0.06286041564214394
-0.13476343573095956
0.11226389757976571
-0.16994419470954697
0.053187225524522035
-0.1549411552196689
0.06093722670553328
-0.10581166402514797
0.14722369686361783
0.06854363349759983
0.1939301762834501
-0.03989321503289573
0.1788553796603413
0.044497495216688325
-0.03303463016643513
-0.002992504723887102
-0.1608166294409219
-0.28568580503591934
0.08216589397194253
0.07568267108530802
0.007450737612067797
-0.2873917976405235
-0.07901508196098825
-0.2655469959698725
0.3126532008529355
0.16646203153771763
0.021024942493025434
-0.045008796388211446
0.03510035309990881
0.04383538423046057
-0.046112293410956455
-0.15141390743021602
0.056511528626070215
0.00019927367119335082
-0.021505934106094898
0.2552042261614521
0.14389504223346258
-0.22441478864088135
-0.052260137204687786
-0.038966468774302564
0.11477349360856544
0.14102057881856417
0.1707349720082925
0.04374168695820516
-0.05035810441651112
-0.3333828391788202
-0.0607156833521973
-0.17215295326871133
0.012613786166380637
-0.2814535268268106
-0.04397279815718263
-0.17553746191637715
-0.145732627930116
-0.3173162310248832
-0.13148388237634123
0.01023533370762125
0.11663155092152433
-0.14109345062592052
0.01001976100437562
-0.023087621549803598
-0.38228356134620334
-0.27572060530659986
0.06540965935168064
-0.08273654498232966
-0.22292047944682616
0.06525257834365808
-0.3682600412006667
-0.1943259771305843
0.08417107491724364
-0.05475361306077139
-0.10770915492454378
0.1739912595255095
0.0015256421801203642
-0.1219004837062807
-0.42507044364938945
0.07014917687451014
0.19085940452236225
-0.2126654329956261
-0.3409876322185561
0.14954623259148783
0.0032803698320541985
0.36100043782434804
-0.1454506604503372
0.34038783100382813
-0.2664987661578106
0.039904418433245686
-0.1761432650386896
0.27076855223899354
-0.016145233495633154
0.15357822981263114
0.027654434979963713
0.012881316857123274
0.1721470237830065
-0.01001116035947303
-0.2414325281863889
-0.04792728915765067
-0.07096470161926731
-0.11496090300026672
0.2483459702933127
-0.27383849631671814
0.027822210437110445
-0.24051800964778386
-0.018072449826649076
0.08262015126045878
-0.16319225362940123
-0.10160908704527392
-0.07923573488452809
0.03552165226279623
0.20336380372625237
-0.283255960852619
0.07212754634058663
-0.08902970939333417
-0.04494845827677512
0.014497185894689638
-0.2126245738967307
-0.14175131944005598
0.13907349935773214
0.03587076197207892
-0.14620370584957443
0.03748553582886525
0.05744106376001091
0.057369395144491256
0.020235354751345105
0.04571460967801958
0.047332374637303797
-0.1704076666658024
0.014983092044131794
-0.13339089115704983
-0.047947067286020245
-0.04856895136555746
-0.12460530091010147
-0.047751365673733635
-0.17038221773988974
0.045288038090721176
0.10573285478602008
0.11544306983183175
-0.18187478388908745
-0.05309528303266756
0.13727833961083433
-0.06579002475280724
0.052203286283421926
-0.24886630640630797
-0.29049447551064744
0.041404794117195866
0.1471834525149224
-0.014197272581663598
-0.048628229533226396
-0.038711207170574975
0.21598126905461615
0.0553197020714278
0.031483461977325204
0.06572174949829322
0.08558263239475805
-0.05013149426469374
-0.1971593469229194
-0.20215803111922073
-0.009743401534499884
-0.22222368174371127
-0.2143774518488638
-0.0889311951970319
0.06444009895358253
-0.019651239087306108
-0.036235725255749925
-0.041031185625737696
0.029343440372353553
-0.0900095430620854
0.2179427852075644
-0.00859462574044504
-0.15623246134409052
-0.1603025641062186
0.19139359871429448
0.10038665292104854
-0.06654952850213314
-0.15916964409612
-0.08643866781576516
-0.03193508125430715
-0.11700737338376252
-0.16139007662973062
-0.07305655774715379
-0.06254140005264626
-0.13162304571096983
0.05128587102806343
0.06555698996413792
-0.07221844085606816
-0.0029881924149268166
-0.15143427265165754
0.17195592175246163
-0.012607007621557054
-0.2825169330193627
-0.1369967841998812
0.2427670874711116
-0.16135990490378851
0.01952075049093723
0.04127517571338988
-0.24619329688634614
-0.18877514386590483
0.13382761238958943
0.023729875536160964
0.10052232281605218
-0.09575109588462771
-0.016193198450724696
-0.20734983082994726
0.06462891348959851
0.05012816073536555
0.1944059453172666
0.1474685979938289
-0.06644656995140501
0.009570079646821158
0.04698757258043001
0.0662471223446656
-0.044120053702472246
-0.056480724122208746
0.2802255852729513
-0.10797406214944867
-0.38891518411539383
0.12250124509549534
-0.10386721143324663
0.06211932257360636
0.04634665532143225
-0.12721425056309096
0.22194175222027196
-0.04990400502541704
0.03422884837700407
-0.14286159579733015
0.13449326458163163
-0.037491867564484985
-0.06216786787837071
-0.11862434679758704
0.08682391335358124
-0.13109389780093744
-0.32455099500340284
-0.17581241798660852
0.10599871492628177
0.23151472495913789
-0.3143424089082712
-0.13771030117720873
-0.31193524228588604
0.02854251585660808
-0.05061025894176002
-0.028819542432386484
-0.16935905053435366
-0.17680172164317573
0.09144621234944149
0.08985572359219245
0.6329170519123564
0.27648925039157174
0.061725656587093454
-0.11747426583390773
-0.16801683828896372
0.12701680685943104
-0.12284655807113867
-0.017722356673705694
-0.2286327497381918
-0.04435618675972955
0.0062247467623567825
-0.06311246769113193
0.09534920314782167
-0.14466359228140535
-0.15169382705553133
-0.02577620613972681
0.09296943284484466
-0.5882325999721973
0.01820584792485497
-0.3070889560604062
0.18562846797586025
-0.09622399843938739
-0.17385557221391496
0.04382480656008286
0.41113361991443603
-0.06631363366540317
0.009513326248302855
-0.13266148371819206
0.09563442371937836
-0.12309985245959296
-0.13013983615751248
0.006595341126772037
-0.0021830423862625645
-0.016718133157002525
-0.09417747474777313
-0.07580795375682207
0.1674935581477889
0.36709176213071215
-0.19304842721064605
0.15965391714854155
-0.030330264668573543
0.09512661716111577
-0.1473239277704165
-0.10708483132299183
-0.1431910875983342
-0.14009774416583423
-0.19104837246061307
0.07114180002292152
0.14952702066927356
0.06566910268487994
0.008852894497828397
-0.24537547512664343
0.21224140022256394
-0.4757549415945084
-0.13947926823599935
-0.09284477577267408
-0.17815349773231004
0.027235510215095633
0.3910076540399993
0.031000630841314356
-0.0835366392869763
-0.05856583032178571
-0.11574942954189808
0.2618475020778745
0.17540081192592366
0.042836871621492856
0.11862470907337909
-0.07704795280220228
-0.04651929631418405
-0.21746211881110916
-0.019818350391592948
-0.08425542301237476
0.11458773197800735
-0.25536116008962795
0.12320523667171643
0.019696773503608715
-0.10337052688561825
-0.07886912520124434
0.24897713737716015
-0.33132047603087494
0.012071137119014788
-0.23743170045171624
-0.24003178737456493
0.2988189628491447
0.12185758302562169
0.028076607039818475
-0.2341285876369141
-0.19261176711279307
0.06793164953121109
0.168782965111022
-0.18338780706247534
0.05502410485376797
0.026652761783226085
0.19128479294115464
-0.16055530715183594
0.07167670832387454
-0.18577547359589472
-0.15002499951487283
0.10870870577680523
-0.29778519301178424
-0.19693022849945338
0.10415650117682433
-0.5309361106159622
-0.14241155520252433
0.2812266114977692
0.04964910688315688
0.40349209456842433
-0.09993053918681262
-0.14436842046913403
-0.17962235941052146
-0.19240902250480968
0.04048384806084387
0.02868304988012031
0.19977639554913817
-0.41772924429099617
-0.2837589692926485
-0.20463752387191275
-0.00023492854489399573
-0.07118882117357819
0.3026528926080752
0.10923035388915062
-0.009612965185649589
0.04368255922437205
0.11872626664095863
0.0713735535842477
-0.06577834048828664
0.3535507447480295
0.07849448393170654
-0.18260836480228942
-0.1191040397474396
-0.02536231598531689
-0.37625898192220786
-0.40381306843601866
0.017369074056271756
0.0884119877613082
-0.02913132284583153
-0.3880790029658723
0.03718790768179488
0.00813656140532699
0.05936312511690854
0.0025519657551025423
0.03291220723246777
-0.10088445832553565
-0.06782637648856171
0.039816123725644456
-0.06493780951922996
-0.23288869646190344
-0.024181804390007916
-0.1940291051983198
0.1397338331322021
0.04414947490218737
-0.1894745979327891
0.32035666395937995
-0.1877758904062035
-0.001677545166125336
0.26506601223913406
-0.07272494732181355
-0.04693570208598278
0.22238095669414543
0.1592899949462847
-0.12469813391735636
-0.1284006966343938
0.06707613888832319
-0.17630439138021703
-0.10123011690590966
0.05698864923852544
-0.08083916421708816
-0.16727212809437284
-0.09143801050783174
-0.28739027274865375
0.20702331226590526
-0.11839989848537241
0.01861291406626864
0.1456649846500145
-0.2124483216452521
0.009404561909163578
-0.22946084903609368
-0.09790212603128937
0.129963940573882
-0.15160660335527562
0.008252928720229324
-0.7062917558216724
0.06225249533795834
0.21228608497594115
0.3871662694682919
0.21109421191106106
-0.06828280189132682
0.04288525112801928
0.14901941428552698
0.1269534696548251
-0.06892841261260277
0.09900842147141227
0.037502670950544686
0.08096477323115758
0.19207936039662574
-0.09119412366634576
0.06947467100676975
-0.2435987124308757
-0.07026322432416766
0.11730635663205302
-0.1876656714639241
-0.05013669089641762
0.06825460532048491
0.08393660659650642
-0.313339592684186
-0.2818245504849991
-0.24619262107802425
0.030531271951922217
-0.0025206464619438674
-0.016819285176769425
-0.18090812665232459
0.08498949095606266
-0.12423448643405938
0.20911689327803215
0.3227232082956131
-0.10429897867901299
-0.11719213786247278
0.071323906198468
0.10438278191023787
-0.16780096635748015
-0.20896221088546058
0.02422922199340069
0.10932807353242034
-0.23690499933757178
-0.18882704846971315
-0.19765432026528662
0.01349017099736629
-0.3062435656869124
0.12515828380007005
0.08512235912692166
0.24820123296059393
-0.14596261663716006
-0.0017544268690832443
-0.050491402592966354
-0.31451353497804646
0.04514589784606546
-0.2158202060527531
0.1823004554377149
0.04971170662552117
0.050301870106100356
0.05696082058945261
-0.3250301610599958
-0.013774235647548885
0.10796090777930646
0.04034050200584627
-0.3425295945734842
-0.15465930509688777
0.06519705372475464
-0.06937429399558172
0.16443923889340556
0.18294978777734106
-0.2436889736692621
0.11874579583242156
-0.04587006570497732
-0.2089106060288781
-0.0010279203036628554
0.24930782725702313
-0.0051442130942285155
0.09397256708743633
-0.016127213284057567
0.07575163355154044
0.15138041820440648
-0.13677802370178185
-0.1853433078654278
-0.10573676077444137
-0.20525298994275265
-0.035984966981065264
0.028540887240810556
0.130044561265116
0.12280957364383895
0.11742978317302567
0.23604787713048053
-0.004905667846437925
-0.15691019275983148
0.2553493169703349
-0.09485392765711073
0.21646608556036226
0.02643795907611231
-0.04220053705520496
-0.23903551764107242
0.20589581231152193
-0.06655697102289922
-0.058072357038488176
-0.21758684056946143
0.014246408635780156
-0.09563236027204697
-0.26534526645918666
-0.1874774739707129
-0.09141312564759947
-0.18503012327942736
-0.14797680065363275
0.13133304138971996
-0.056326132761742295
0.15330810925567956
0.0372265218128179
0.1715959889122571
-0.036324806551534104
0.17272915758794244
-0.009154384890435355
0.17400828339250982
-0.03063332644002279
-0.2068043701301715
0.06042678355704641
-0.15368016507160076
0.13195003402834563
0.055730658578541946
0.14178668073032435
0.09935516786655958
0.06808996703683087
-0.01485824476768192
0.19749400913142348
-0.05314328565733459
-0.17171446511924743
0.18763579271296044
0.005599410003554014
-0.0898543105034508
0.22975686863574515
-0.08884501726713016
-0.14006088278095788
-0.13249456539963977
0.20921822395585496
0.0295513237984075
0.12867554473587361
0.2850167064399569
0.1095471636070078
-0.059572883284858824
0.0344161994927927
0.14150407432057305
0.03228232975288129
0.0039015600045821694
-0.14153092733601488
0.026179147953889204
-0.12334985499123838
0.1244831597577206
-0.07235713366193168
-0.047172155000952176
-0.05970018671576288
0.054668573550155225
-0.17288492131852032
0.16020938747015953
0.023129465956636727
0.1606664773846607
0.17948613836102845
-0.2084812989831536
0.27925043941773997
0.13866990357797898
-0.05949610890188335
0.03991230042658758
-0.10283151368123088
-0.038857379944852666
-0.11226877542333222
-0.029406173789406874
0.16173067598581664
0.06877502942533052
0.3719159094892442
0.022511980908751356
0.10134004163667912
-0.08346737280079879
-0.23125263693769676
-0.06249914023160102
0.13057207949588315
-0.09917884756655872
0.07541065805608158
-0.014241282825105792
-0.1337056140383304
-0.24698954820836433
-0.1371950267683444
-0.2373832872906252
-0.08795310188557656
-0.020983882109272645
0.005420680759361287
-0.030145204932159705
-0.38046595217495444
0.030000907826890886
0.15807556547946833
-0.3097441291606133
0.2965487347081036
0.058175226550286376
0.17131300075528968
-0.2980566910905945
0.15654209695053234
0.31138412996881787
-0.20575082703091133
-0.46363746127245065
-0.23611860051619216
-0.29527108404952174
-0.033732427745294565
-0.0958714928529214
-0.08272171609475097
0.27417696719666956
-0.06258244656701813
-0.04855454346580076
0.040784358968528195
0.07734433927057889
-0.06053674613811139
-0.18399912324807208
-0.009519583991541854
0.10736311122091363
0.21762782538467537
0.020793882860758874
0.012536795156760398
0.19888769639492304
-0.03208521412004261
0.3506657253805402
7.096653398411493E-05
0.2641060508937381
-0.1238567511654492
-0.022142532767437443
-0.12127802578002678
0.11312630267831215
-0.32392693151815594
-0.29737461941967214
0.42571753183925365
0.0801574114676026
-0.11787762406229121
-0.2601657719396932
-0.3793609374034472
-0.24092784564276315
-0.13572909068536762
-0.12774052274496422
-0.4565729557452334
-0.13081686542569504
-0.047819029373292805
-0.05426214315237172
0.15148535596637971
-0.03532551819479548
-0.2595399138153925
-0.11986961871958812
-0.12380265950640142
-0.07149194289038943
0.05604868986668008
0.09965342642881798
0.23998861323300757
0.020538984182997776
0.05041398520254378
-0.14176266153504194
-0.044230459277644456
0.012688002645260706
-0.051046696830852306
-0.2450163651423464
0.24381300561960406
-0.2558302948439793
-0.1308376571180051
0.060337693082556036
0.047349420152716565
-0.009915381577746924
-0.051538272151987814
-0.10876635350423276
0.30539154370637245
0.03909618805028591
-0.1373453035983923
0.12018285596043357
-0.046347383377873516
-0.003791790119530338
-0.4222248441138228
-0.057567410333591335
-0.11517123052634927
-0.13081056096923313
0.11297078995836696
0.2957497021198537
0.3824936095711652
-0.15489035025751124
0.12835911594172952
-0.0006505053459306364
-0.3455797159769074
0.23007897560385107
-0.11494660405766723
0.30332346356981854
-0.1615116119104505
-0.20246421609939788
0.07321256956048547
-0.11507781805277849
0.0589508306622546
0.3500897153116874
0.01611718052000672
-0.4821394580100865
0.03431410187924636
-0.15491425766093522
-0.06808580284462161
-0.039047806429325455
0.15649358564352442
0.002362449143809006
-0.14219267911297406
0.17575589787408166
-0.25917129676648065
-0.4152254867261714
0.0139885827105598
-0.23741278607980124
-0.06049676083650992
0.11538667479170857
0.25081147525374065
-0.16884219238937065
-0.18699447483380813
0.3830148320168422
0.03185850182129838
0.0012189404450747346
-0.06860097807829126
0.41252045960393446
-0.004730714521071553
-0.06882038948567686
-0.12869704502359464
0.02014323344200443
-0.05825441628267694
-0.07278535914498414
-0.15604279146900657
-0.09780280660342543
-0.03006826549477168
0.03636576328569612
-0.1686542050161483
-0.09424730671516088
-0.2077851748146505
-0.21004846651648906
-0.07667680524167461
-0.10062313479794993
0.027610270454917776
0.10441188880093866
-0.08048934033030423
0.00731767827042728
0.0709976547576549
-0.18513871866776338
-0.33075840779032084
-0.31677787729639006
-0.11938007392671944
-0.0446474844840293
0.2586812885109172
-0.09753479141107076
-0.13098109206196587
0.14648936458962303
-0.18053340261153192
0.09199183045985476
0.09584055438284783
0.03856114306840144
-0.1490658927125415
0.07609810995893704
0.014140725325805199
-0.15377409481765653
-0.10640177340097136
-0.30095112766409604
-0.02056916020301016
-0.21455172410248788
-0.07810357326077282
-0.20759607509133454
-0.03611767461558791
-0.22506269031550616
-0.04927122356406923
0.06073041665450154
0.0475140617794625
-0.3012916861872817
-0.0863964430691195
0.09693721325427539
0.12785860761658066
-0.2190754144715717
-0.12235105629080074
-0.09554415688937334
-0.06875248626465903
-0.13511676593577066
0.13722207137600242
-0.0681208226046
-0.0998307503529343
0.05665459120618588
-0.09165180831362174
-0.2722492542908846
-0.047156084512521027
-0.0005052990569202223
0.0692594983476135
-0.0994637447594981
-0.021561689316061085
-0.030598805843457807
-0.06693427647277754
-0.053103325314272254
0.14324356123136298
0.13335499643014195
0.11449324571420329
0.013724013982368182
-0.055745128780882856
-0.19080370255582693
0.13701361547083457
-0.08393303699053672
-0.19204398725515165
-0.06189204744995236
0.11859456870194333
-0.31394966144919684
0.06753285988839085
0.033119967961221734
-0.08363459784826477
-0.18483332535272554
0.02114951515914968
-0.24283894994624067
-0.09151247242447426
-0.058090706831738094
0.1027458549829199
-0.1665526917544978
0.008009008936412022
-0.09920505190870155
-0.014746353787411109
-0.0025499183979804016
0.043934699207114465
-0.10805736295337873
-0.08111041963381548
0.008869572500945572
-0.17160382390330003
-0.058562633969273734
0.17802571159929087
0.07200639297811394
0.0018044389227314431
0.01922923564272816
-0.1897049865468218
0.08177158652690526
-0.0039643293567829295
0.0037351887862723944
0.1027269577824117
-0.06103314428936069
0.02588673470555987
0.009506622662094646
-0.17499038045728785
-0.07969452498439253
-0.0712203238400187
-0.23748307963284634
-0.10652425185204423
-0.10760096178824409
-0.234526437800407
-0.20457968210124808
-0.10958490985855313
-0.12395275694042021
-0.06818093545454672
-0.11383101209438595
0.017463914826760584
-0.04899136734232138
0.10992619936882336
-0.19210274195496588
0.1916766868526893
-0.023383456710902122
-0.43589335639434684
-0.03559664490526348
0.038103491423553314
-0.012729115995324815
0.0833872583027711
0.11997119707108476
0.015114055640504585
0.1038404275719136
0.2223418159774257
0.03764420102150731
-0.016869015596748086
-0.03779852238377227
0.22590442983630868
-0.2599607763484635
0.05227448417078816
-0.0025583077061332254
-0.18615795973985594
-0.29480750109685666
0.16464461345550113
0.133524632221245
0.44838964594331027
0.05013253936901405
0.07295778196744353
-0.015745810222053958
0.2530094384345884
0.035009989126190834
0.048502411201645286
-0.1780961643424773
-0.04071413168691011
-0.1717293139423336
-0.20502904356392573
-0.07203749675288781
-0.06788814807762672
0.03159417065478525
-0.13728179926124748
-0.01327512606342518
-0.04927224766667307
0.01787984826188858
-0.31605108035753243
-0.10624309223098165
0.09618964869806815
0.05869762830410049
-0.3042841787829546
0.10854735660207143
-0.10008746753510323
-0.1193934812190236
-0.0004934058172739048
-0.15229454885391996
0.1366212431733357
0.09906026802432241
0.01998162929773193
-0.002519913060359771
0.006654456858318695
0.1751397495978026
-0.11521939451347564
-0.14796202027144714
-0.26048708016436467
-0.10851213332574049
-0.18816329260562023
-0.01301315334414227
-0.13620551011467205
0.13307698613925187
0.17442181295833
0.07156169188212612
-0.04608119029574485
0.1339034873640383
0.24605141293238497
0.35135452636168907
0.08873683625919505
0.3301354268349027
-0.04954819577497786
-0.03845781860922635
-0.031690384504984646
-0.22349112627611278
-0.058869788037092696
-0.10629133099018256
-0.2738441396250394
-0.01671216607618491
0.22399084954242143
-0.0586517292531853
-0.013023261595242282
0.0630789533117556
-0.2546045021606928
-0.003922323247515454
0.1747011481871149
0.12037391216568151
0.013049101224984875
-0.10474006810241351
-0.048312008212168286
-0.10232301588158373
-0.13475461777809858
0.2339633646202435
-0.14115459541777858
0.08150282759733196
-0.10689023559889516
-0.018576494306543654
0.1975068804877046
-0.20246209485892502
0.03298466762681793
-0.23667927186722082
0.20557028175542288
-0.1230913880844473
0.13574060551570424
-0.1151489092703953
-0.28006903030395386
-0.10967630516668378
0.21913956622520775
-0.07032291921334731
0.2259593211314153
-0.002502794051718407
0.17508630735422331
0.12826584695062507
-0.2674978657603064
-0.16426546021621866
-0.186025839447688
-0.028046957578504356
-0.05893508200694025
0.08403557123870418
-0.03906813345698383
0.002413177283392818
0.11484312156431482
0.2109283168201364
-0.019308053970120923
0.07339692113607654
0.09516978051917935
-0.12638030099341296
0.04259794762646572
-0.2471427340311614
0.0558660208726912
-0.050635639824749265
-0.43832112194257944
-0.38331464914990676
-0.15648494037656097
0.053888701893496614
-0.07462241630723904
-0.15385215764176202
-0.11725922673804101
-0.1407224066543284
0.10525524746636526
-0.30354902218375845
-0.22531045210314715
-0.07029706586228592
0.08500693281777308
-0.03539072539215383
-0.04280777396007246
-0.03266416888190836
-0.045455130368464755
-0.17813648012583297
-0.1012057545127892
-0.00459336783919293
0.010219960127061218
-0.09954943287517935
-0.36662206508110495
-0.021126507521016344
0.09593994064057311
0.31422325363390513
0.06662206703405286
0.17364465202116758
0.2055095806400275
-0.054000234154942185
0.041045620507849906
0.13779782481556407
-0.175776572831946
-0.170369611112737
-0.17502962248975204
-0.024303854994653106
0.03232512788233222
-0.44059571292024136
0.13665200924179272
0.24071242704771623
-0.30492673161708705
0.021958537839400077
0.1378968746214154
0.05827060604433971
-0.3686327362218631
0.026503445184871646
0.13226325713598333
0.03358299670383291
-0.05948146599050819
-0.023205274933391744
0.28468532487802
0.009516968483931817
-0.14942128264333765
-0.21625518393802926
0.13290305837551372
-0.07548673731448292
0.18142034454558925
-0.15295336735263923
-0.1139296260043023
-0.25126015349091096
0.007845709448170575
-0.28298805735748345
0.058074867390657654
0.14782582688521606
0.07623456221755269
-0.012939496141170768
0.08631455905211063
0.03617689003580258
-0.06903437016957599
-0.03246336260621398
-0.003030298817640541
-0.06510229491689692
-0.10008899847670255
-0.0013743331290490747
0.10877325063057254
-0.33327917086561265
0.1348895158585092
-0.0059193294976138825
0.09918473692014834
-0.018266283258041457
0.02403381685005683
0.0675999026639227
0.2952627459891576
0.04318295086924522
0.029713250710162554
0.02505264005342643
0.03614427418471024
-0.019381277685595638
0.04950005997630898
-0.03586278972522853
0.12627617269344737
0.19339662759534262
0.075840973924527
0.15186835075710114
0.25221922287174153
0.14275079326341464
0.035998313060418397
-0.056763836501642496
-0.26585379798049225
0.22614788211003464
0.03558127233552715
-0.039094057331612315
0.2035272640301854
0.11799503850721635
0.02939803021230639
-0.04513314625444203
-0.3024205279445256
0.03483032650035806
0.021649744179094103
0.06582121261972405
0.14363569517585756
-0.07167343160195222
-0.06717017914615442
-0.003425510030275175
-0.007106310076555891
0.0031002805295890852
0.12966045228752074
0.06133424812987376
-0.0178573858443968
-0.24322154264717014
-0.4503537212503208
0.03228703399429566
-0.057988167804119486
-0.14723482157087553
0.01054973433155305
0.06143582221605692
0.15735460676428456
0.032740297924745164
-0.05439663057444941
0.15762688994799348
-0.20218474735884673
-0.14268304464075363
0.11010258551646246
0.040625895452653785
0.2728735930338709
-0.2942507412127843
-0.25516096751680706
-0.09653725783060677
0.11049927096058769
0.1508853044061484
-0.013039719586070177
0.08946578505015607
0.06544381810475233
0.03182569861210327
-0.11352547300305206
-0.04938067769105605
0.13470668272014796
-0.11559503642527191
-0.03740656265462327
-0.4118124735640897
0.033968088776751566
0.1974319452355614
-0.057040286997873814
-0.0593868822012583
-0.0077222512859045815
-0.06600322696216976
0.12376727488895739
-0.2591983607751774
-0.2141610962324337
0.1640502308454945
-0.22586871281777426
0.024055521274486458
-0.1330320076162668
-0.30151265038754743
-0.2506901051707395
0.09745231348454333
0.0019606408870603974
-0.08608081907038728
0.05608811446382739
0.18905557582813898
-0.08938392948462105
0.14730663424792603
-0.03589439800205521
-0.020328029248946316
-0.15797504422735326
-0.07431394893920278
-0.07056788216612275
0.19737430794653382
-0.3414464101913098
-0.1052931163396214
-0.17028507317706545
0.009963852986639214
-0.2964500179585272
0.1972251288124263
0.04654769987882654
0.11182382288137914
0.013030727168714541
-0.10023844906395539
-0.12723117862020025
-0.06560939969246182
0.07427139783982446
0.08015281070898718
-0.052830539047034074
-0.118487778261814
0.27091139425474325
-0.20991066307016362
-0.06956280446624319
-0.020224221571245024
0.0002890053466755669
-0.4044248315433668
0.0977608279572062
0.19551309317315124
-0.11093205051055122
-0.2749312311255886
-0.1700638401706012
-0.2625365960722072
-0.27166825240967146
-0.17678416076474712
0.13787454652950248
0.2992506155596405
0.2532349451731844
0.16931713408314142
0.11119833839043386
-0.07693508572929604
-0.055518138453734364
0.047853004708027155
0.15062528689926113
-0.057810606187481926
0.1828495279195935
-0.05532874390332546
-0.14959031309096701
0.08774706257864501
0.11229570093212202
0.06134353974375745
-0.15274413402187328
0.18386940120799922
-0.046769433947440764
0.44848457848476214
-0.12781449678787568
-0.15412175979415813
0.022317664632010008
-0.18059552144491506
-0.2550683838197178
0.07034127202860918
-0.16417015237218208
-0.0953672796009788
-0.20982279755911604
-0.6300547349291359
0.14668641725956041
-0.2014583069330758
0.020166018408200242
-0.11540183945177428
-0.08228959031951619
0.042843323965869234
-0.01007802165095766
-0.0062910677483244675
0.11603081003236888
0.01344077528444637
-0.18457771382448887
0.0044808339595232135
0.08096618489323687
-0.25898227704281285
-0.07859103825351064
0.11433124530687845
-0.04195019065087128
0.3794767965140656
-0.10453306236620907
0.16737799841522183
-0.033772168003289756
-0.08912312116023707
-0.08058091724784629
0.09887149519296595
-0.012664500452637867
0.11647602192960962
0.3864076574075363
-0.0012953309614694773
0.00824795208624349
0.008049802505159954
-0.17278640466742984
0.22534802669269954
0.11181092605692897
0.08535055325312108
0.24608370510483188
-0.03669855837607638
-0.11072678683191448
-0.08869171226954564
0.0201444438228676
-0.17014925078522633
0.13486775636726372
-0.2837229418750895
0.07171333282337605
-0.025960608744036932
-0.044661112618108956
0.027272574256184127
-0.13931495022084706
0.015379679486261049
0.37760548921369624
0.08989880611604939
0.08549102040610315
-0.05722803034859152
-0.10684793482089458
-0.03297761613697147
0.16251657473567305
0.263755775017175
0.07125043176848767
-0.1138053897633343
0.06793845684897555
0.023825972022719587
-0.4736187728922304
0.0034915378787241146
0.21778789243783253
-0.15779776760905861
-0.4739900563573404
0.11225604826472928
-0.1638938458975165
0.09119794449549767
-0.0515231084275999
0.14066859608134613
0.04998222220735786
0.026190471716401365
-0.005043621578894894
0.11223775939751048
0.03606901137111015
-0.3098172141779237
-0.002585540753596626
-0.12838197999711565
-0.10206087518304202
-0.02798752999190705
-0.10034587297582505
-0.09664755529583394
-0.2522915314142999
-0.02726226958651999
0.09414206506415411
-0.04515478399570731
-0.028106492114421767
-0.01981986328619799
0.03490405301145288
-0.13816182320957954
0.05727213069856209
-0.08053164265518051
-0.24246445068636838
0.0022068878809927183
0.1544796531861894
-0.18728503555949597
0.07145081720486779
0.15721810912273956
-0.03227539903192982
0.05527954144102318
0.004413648707103324
-0.055851811256587496
0.31722134175298483
0.07132363931199617
-0.061337132461555
0.048906624952844695
-0.09850855561066334
-0.15776707113417662
0.2596643513451829
0.1356507158833247
0.2438295218957021
0.1489263602774536
0.14034280285833184
0.06408752045370197
0.08771207521939546
-0.012556440489442577
-0.24259975951743737
-0.4441262459117864
0.2239199852121858
-0.1784048831764417
-0.10426653457299175
-0.15584594591328274
-0.32787868138025983
-0.16061308254664414
-0.1375423978771767
-0.1249353153751673
0.19116168488614704
-0.038333821126002414
0.15149434551777916
-0.008162477482286193
0.3222908632995979
0.05389599611311555
-0.29721953746497826
-0.15670595290937037
-0.24689871000926727
-0.3219616555899828
-0.22254391416266522
-0.07569426829902265
0.06717878889161139
-0.05716679182933893
-0.130082245035945
0.18008662899398759
0.1043426696659927
0.15154698538970324
0.000512159452311763
-0.15989018839529584
0.08800276961867741
-0.287497832815004
0.16581942177383469
-0.43226881560211045
-0.33803811587960403
0.08518107747254718
-0.27193720556487694
0.12651170432214598
0.12072305243031713
-0.17875547719547902
-0.7223395647608383
0.19160890194513597
-0.19936475727036884
-0.25207354731865694
-0.09326822259105146
-0.1325190728884482
-0.0278917239826936
0.15807679703913985
-0.19952115682169577
-0.05004874265926879
-0.170057672043585
-0.06090401361361702
-0.29878738303189817
-0.014935005250593344
-0.18056578061047876
-0.07174864863390498
0.017528423654367197
-0.2720958347909174
0.1764271548020857
-0.3021246355858169
0.17420539350039474
-0.046269226821570184
-0.021668095980718876
-0.10636634417155104
-0.4315552334287629
-0.06364208518362524
0.30032027887453044
0.09686840562744035
-0.3327965201579159
0.06994683392280714
0.3348253939076393
0.15987690951964464
-0.021651624042929772
0.2441207982505264
0.0720316803697022
-0.40745898238331046
0.04791482646251911
-0.6012773172647494
0.22057921998512803
-0.20242268553174717
-0.2636733065557213
-0.2465157340405498
-0.35309711019731355
-0.038132909053838406
-0.03755729293602942
-0.19388382515753516
-0.2598684016397181
-0.2552417987569422
0.3667596898564974
-0.34531748750120606
0.034301593567890636
0.05524930092317587
0.3065657275336429
-0.20506475780498817
-0.5981322487469427
0.06042064858718585
-0.08955400105517657
0.01589621003902104
0.23328305564970653
-0.07125126220555374
0.4570615546584454
-0.47066925813655297
0.1471925540474746
-0.29500764413453684
-0.14405818956775865
-0.42852288156773505
-0.012707878901362843
0.25469187251593517
0.15160239335144324
-0.7596711986921894
-0.04455677327679267
-0.04317051043394197
0.2771667843890776
-0.32510763452708785
0.09159381502230879
-0.10975991290638014
0.12335193946943855
-0.009706577069785095
0.04065061168435085
0.05984808476958242
0.0212356047980618
0.10947585387036562
-0.151810531672909
-0.6664721663986508
-0.20890947637607568
-0.1695176716061972
0.032435256612209855
-0.10925413778742624
-0.20382196041228742
0.07336861800058385
-0.119056065014373
-0.057945345463772176
0.08905355335168065
-0.3024391499599151
0.03564153134006059
-0.07734032977445005
0.05347280034670483
0.08922080650569722
-0.03414577644443335
0.13051721422965662
-0.39825205866387287
0.20793838635356302
-0.24882754851136846
-0.07564481577688288
0.21248286448840192
0.34497728582759235
0.18392039664972737
0.32700051697015964
0.1359554931371515
0.08078255817753217
0.22918964754883925
0.012562342171369395
-0.2668599319320914
0.14787788419468909
-0.10110947942053769
0.25399519817405003
0.025239816268324246
-0.10576516852042127
-0.039284797591708116
-0.035521852733312625
-0.21918022142214733
-0.13384092787670587
-0.27792357566303105
0.0720789860631595
0.02795527404067852
0.11127702195298542
-0.056288408865952405
0.048215831956151686
0.04907583942617384
-0.002627578409307881
0.11121838075886283
-0.03199342830752169
0.1446531457925348
-0.2645958837934239
-0.16429939082788828
0.10228147858223403
0.09649329393898776
-0.07840626367530823
-0.006474540735151507
-0.002326221043918233
-0.1937988200519467
0.13030509132028895
-0.1472329797778851
0.03625440033287909
0.3670582115663262
0.07759012575609406
0.03217277762076227
0.0038964473379667045
-0.09725456519939497
0.1341515400641491
-0.07836928282773974
0.022419048102631192
0.19552530145509597
-0.06974546387558259
-0.39041565860962646
-0.22028707736935282
-0.07488331625591457
0.16186425760749498
-0.21434376929517335
0.0013587711578069166
-0.10577488563178092
-0.056595401151706574
-0.2589821707952884
0.05133326145229006
-0.1415450467372704
0.24855408769451676
-0.0731339344430803
0.0974774388955037
0.10255550025177589
0.04232547280425461
-0.05873817037620639
-0.10120237360467782
-0.08459411240956465
0.03640442523532907
0.1576320760480678
0.2897118771318409
-0.21171975905641482
-0.034059765341586015
0.10603709941493415
-0.3951179923484017
-0.049029531607780424
0.023394345445657435
0.17065264541975542
-0.028709595339238576
-0.04855461699705738
0.2918211633368193
-0.04443690572100803
0.02162557481998261
-0.0020866991957599517
0.07439384189051837
-0.01772467516044074
-0.21526436809595412
0.004597270931006942
-0.25778738481558855
-0.13718556006499188
-0.010620095440441867
0.09868264853560924
0.11932105466345583
0.1410875279697664
-0.12129828729230359
0.17430583627644192
-0.06210553443517406
0.05992775561372118
-0.003006470559608325
0.171390106702721
0.0018294867710464855
-0.2893672881273003
-0.03789121799984173
-0.5390948267331982
0.01472334713042807
0.051620844811976575
0.13032062079489848
-0.02566091748647764
0.29519487433397706
-0.28571166266068093
-0.11424645795260843
-0.3733923560780281
-0.1621503060486602
-0.04713156103616985
-0.0037136359045782798
-0.15423328482929605
0.03741278772905201
-0.37422119067231
-0.21541163567884936
0.023028102276025534
-0.002884874515871582
-0.07134744579755682
0.026133867621210255
-0.16761413889856017
0.057392981316851686
0.03869739287142594
-0.04615473092476608
0.08541305704599249
-0.014440338908925321
-0.11220105967876791
-0.12285692954598246
-0.0134301988097694
-0.16894657683187397
-0.20091770392218994
-0.06773471112774418
0.10933829871510693
-0.14011886766170475
0.1511079367858543
-0.054773071388475286
-0.12056230176476264
-0.24884499071977406
0.03288668283230003
0.1815778471382819
0.05650002790378908
-0.1390599188903711
0.06591510759561514
-0.060181786255963
0.06571118240615044
-0.029225821035990366
0.17079676108449837
-0.07684450408768703
-0.005474268837445485
-0.05439007458099631
-0.08166196010044148
-0.0063783590339351
-0.10011754716288225
-0.06823602001655592
0.0020381911438728767
-0.07692698844159579
-0.32712388954364796
-0.3078621671655163
-0.1540766143900619
-0.15527074010618952
0.15057352835066795
-0.22733136836925694
-0.07860806008885501
-0.15393840579486565
-0.08789561973735914
0.0758372887288964
-0.18943407397229406
-0.17320830202798285
-0.045496226866245326
0.15732033577185753
-0.015842350906079387
-0.1942787632872343
-0.033304575493816366
0.09076174234685076
-0.08958010258411687
0.015603199583385397
-0.359884677493718
0.04617754012509571
-0.05529492214348086
-0.02277313669085427
0.008580060239286168
-0.10990219481729038
0.24721898155861644
-0.1025249842759223
-0.2552328272682776
0.0028509125235104894
-0.08070393357711882
-0.06314890721957499
-0.13646286190025533
-0.05548576746571875
0.050687987753928736
-0.10208715028439141
-0.05060102545535985
-0.04006907084222668
-0.11489757729361481
0.10056769387334696
0.0163005496097152
0.1863422641112844
-0.1092666621617905
-0.4348115912925319
-0.07944841300918597
-0.36277960913476853
-0.1975420236675997
-0.030105461916501618
0.044766798562005286
-0.43113483686429066
0.07421382565560444
-0.18881555379966472
-0.1891675632835264
-0.1285342975922024
0.06510460289025408
-0.09318964745641667
-0.06915988323546561
-0.14887643597102587
-0.18685335914529466
-0.09770894041020467
0.11874876347690798
-0.08851664629175889
0.008165272362934942
0.05381468895113163
0.06317217315586424
0.005074893212840642
-0.04257436362449207
-0.37044331321701396
-0.03441797623998214
-0.10998430049384673
-0.10656918731653478
0.16985370264031324
-0.05722302127803695
-0.04859695917112339
-0.19588932909717802
0.00978707442788381
0.03830209342109264
-0.08743365837518435
-0.05014691580804657
0.019078779130285307
-0.11196690871570394
-0.011668547512905475
-0.21071775429059939
0.09295015579099335
-0.16146669628506988
-0.04112404436085182
0.21748138863336391
-0.0959010410547512
-0.07945493824768668
-0.057222030395591116
0.0053749121398416295
0.06575547966186715
0.008885019250860656
-0.17913875715261915
-0.22960899305555088
-0.031624788915397675
-0.17639088040352166
0.11829702872493011
0.027138519764471437
0.2243179015495408
-0.10822573366610913
-0.2619409403740176
0.02175060855183426
0.11238207305819135
-0.10032785639554716
-0.00821556803180882
0.2922435061066886
-0.28709247324030945
-0.03652671668675794
0.08890297084997813
-0.09812473173355062
0.13840122382656844
-0.017805325569765124
0.17477183915589403
-0.11113365795716486
-0.15188056229573896
-0.04420467660890926
-0.07766689743909208
0.12434192553662995
-0.1656794234595177
0.014483518421529605
0.050991395451441
-0.04089430149033568
0.040643222697510875
0.432565250936478
0.04617058671160865
-0.3259908182410541
0.3474957426065007
0.0009465504630478156
-0.04299214803946918
-0.0733920484385776
0.20016426048254454
0.04967981023609033
-0.022449426384083367
0.07247502379623842
-0.20309401731910193
-0.02584848500211795
0.23345907235701005
-0.059503320395373406
-0.14270774262651972
0.17638045053223472
-0.11840565913370779
0.07216618022964527
-0.09712622697488588
-0.10121374487292292
0.019246502137596284
-0.04047956995122568
-0.10010803171351838
0.13293097240754895
0.11392858900140498
-0.06427282086693872
-0.22935774057123648
-0.0634554876178659
-0.2933025240379701
-0.1889234607327977
0.24210109066645671
-0.10475079344176054
-0.25721534577177363
0.04779581157319413
-0.29227929870571423
-0.03436993668783479
-0.01749416561081443
-0.0830970530299034
0.038343953605135296
-0.17762301848595657
0.1588963638773888
-0.07768061286526308
0.08101967717979125
0.05264707387847562
-0.06568419650226838
0.07069429805481212
-0.23964588665400802
0.1246377160885189
0.05012490518125246
-0.18880702424111256
-0.06947518401494798
-0.16257889587830765
-0.040784480176267034
0.14278707856251838
-0.05860205156423496
-0.04758865670560163
-0.011951700984306018
-0.05503467820050287
-0.4650003274204653
-0.08448148999111142
-0.516270150204443
-0.15083043877863006
-0.051660047959681585
0.30336252966668803
0.03840380242721044
0.41974021777660936
-0.11553751349773908
-0.05583896616494339
-0.15603084916854423
-0.3338512101020553
-0.09597771504964472
-0.16184584281255518
0.09747011433479087
0.03844983874235901
0.1702588475030631
-0.16059722104193713
0.004755859865672263
-0.08150667659164568
-0.20895757231839956
-0.030835583732876284
0.09184516967395129
0.15035801793538164
-0.0003369881641023296
-0.33981873378223215
-0.21870814447964687
-0.07580563206484255
0.07219682912315256
0.14460131356274067
-0.11151471408753537
-0.20076122373163463
-0.21607879950363662
0.048403907759406686
0.09427273978767056
-0.12893044778194587
0.13942226231551014
0.00948365590808895
-0.05245345639860487
0.08153731786192497
-0.3454645462661681
-0.17054474083148702
-0.0013630620221008923
-0.2067179740553964
0.024401547106203073
-0.03985397509572998
0.49981944436393166
0.03974261652631962
-0.13544154142653173
0.1540424542243281
-0.2047103200534409
0.050741282408381626
-0.23802841698473845
0.2297417469066185
0.014853367073840188
-0.2236351373886533
-0.11674240904148203
-0.06503115281514321
0.04286516703022848
0.0762481202984566
-0.11224422536887729
-0.043344374857800676
-0.0250720605891166
-0.07727757259092977
-0.27479984933255464
0.12764725906340213
0.027481022048224984
0.10541850511203418
-0.08683877600173985
-0.017776477281092648
-0.021412816403848917
0.03789735326997488
-0.02246836753618301
0.2210593515985627
-0.006226532859961287
-0.03376902557292758
0.2996192344393995
-0.05679136709841473
0.011596491652074109
-0.16763272012375152
0.34429070177910426
-0.013310480741983127
0.03606652220959048
-0.08786200081791468
0.03236708272749181
0.17140499946817075
0.2006504318589176
-0.09318076776256908
-0.2080382242992132
0.2809483230811417
0.1161576587182818
0.2432602186179724
0.05471723470966815
-0.10635501081599796
0.2906791429250444
-0.060391364943367845
0.156017394105774
-0.19637569311609498
0.17669098710391185
-0.09881012176128988
0.011122148896730133
0.12464779850376644
0.07396615462309022
0.05761206689331321
0.3344096681996466
0.07386589793970254
-0.01600746514919243
-0.0328559848683714
-0.05225454300072485
-0.009517798436801148
-0.04290141688750082
0.055925020555550514
0.08989130970701346
0.13912894646818247
-0.07916630164565464
0.016420843940400966
0.00502448984063926
-0.2483885553012946
-0.11432780726253167
0.07329874942627868
-0.0522888482991434
-0.2313057019492995
0.021578534100195917
0.18840004153322998
-0.10846471327935989
0.04861013766129507
0.07445916609041196
0.16105106675150355
0.3051582334856979
-0.10800258677118053
-0.1751582679380971
0.1816585487758014
-0.060583846211417845
-0.03210309166947167
0.008684948120202556
-0.055166362790634006
-0.0024588537769473506
-0.017546311991890468
-0.21158185739087645
0.008480427992279134
0.05327301366241525
0.3003517802684135
0.19790695616267262
0.02974748741047681
-0.2484036790656877
-0.10332836332628856
0.08092827082625018
0.08305787410888246
-0.35862701243478545
0.3446487852741172
0.050402538622085116
0.19515928118389783
0.14033970106743776
-0.18150280673364838
-0.01808814671425434
0.16379427240471905
-0.17264337341754635
0.10527126771474211
0.12315933072305961
0.4210329565140121
-0.15511068877269138
-0.11160413859161193
0.10919041094766932
-0.22521642306625136
0.07360455543350944
0.027522759836156395
0.08060086626436354
0.005363783246261068
-0.199362250009425
0.23555587494825628
0.041423956002445333
-0.2848374973419878
-0.22471345426594522
0.07055476205286254
0.1364180841709385
-0.2787019211103442
-0.06157211552326853
-0.1425381218723071
0.045388468867830684
0.15992551646743683
-0.18762740383877377
-0.18679110524428888
0.21529791765513082
0.0614102669452376
0.01001503097139334
0.06784917600564672
-0.007256569167698859
-0.17647237748917713
0.21480110635735092
-0.05271198625578257
0.2647025066703187
-0.06746841834490973
0.15301728512849652
0.17608809227754368
-0.30370940823973114
0.05184299380624151
0.1405075113450532
-0.1627125777394422
0.02112874417746738
0.08805699201324056
0.054989257263199864
0.2039199869511141
-0.29863265606161776
0.0015027099969249537
0.1355929174139892
0.18023517586978588
0.14280789825301882
0.057286203671077965
-0.017539911150724945
0.10752136502049311
0.005600358146817723
-0.03473760576128349
0.04978085006895958
0.024890067193168112
0.20278723277001287
-0.1268337495028591
-0.18572187349116157
-0.0162093486154104
0.0461880651764246
-0.10872218662728324
-0.13582864885450377
-0.12914815342838912
0.023734547706076897
-0.1352817154811941
-0.16245662310528963
0.10211934027187998
-0.18596992001496668
-0.056618126346417566
-0.0430921764364516
0.37193963963107896
0.24570271057473203
0.15081832529797867
-0.08487031541916897
-0.00014126722670414462
-0.1142103729585699
0.07038323495307218
0.2242225438783817
0.08468889850785039
0.1335474412455794
0.0559128790290579
0.09059070414257962
-0.09062367475830149
0.05244481831350103
-0.021288615343883634
0.01906642604042452
-0.036670675811737274
0.016854606898431407
0.08855060671676808
0.04585274762265346
0.13846407750640444
-0.04670957603968236
0.050948993487190994
-0.10583213994644745
-0.011977778019502928
-0.12516759358262863
-0.04617317879973596
-0.180710954059039
-0.02242914379166438
-0.012723815833666823
0.06973074532176143
-0.1851824989621629
0.13704095060135668
0.03260130160389838
0.09517288665032335
0.13985973381439296
0.20785944343435825
0.07595794449010632
-0.08329439279610466
-0.06463422599899979
0.06604494331833943
-0.04121482000628012
-0.23591964102229526
0.17434618958439668
0.12839614502044466
0.016202803353207534
-0.1633827866986248
-0.21976951781406706
0.06988974280851919
0.04442935488868811
0.07337539641792111
0.07930299945408634
-0.03490641988854955
-0.0009726434987805813
0.2064818524944999
-0.06790930169232869
0.004248938647641807
0.171456873761293
0.290900190307658
0.12381190474523551
0.0780762427044573
-0.14031476942582916
-0.4076094257285758
0.043544223114011765
-0.09238087691376215
-0.21574616313828196
-0.2908108800727394
0.07508470794517985
0.04368184376964183
0.007070203480099863
0.11514148381021476
0.13648547707720998
-0.09598991370606338
0.22844260480187698
-0.1215879641905523
-0.10091094960038188
0.1754778587719414
0.1271023477235356
-0.11049608853310855
0.09294649569604471
-0.11635249722200602
0.04142825548445677
0.15184271951510872
0.01902044090008776
0.006910208167670451
0.049455060501315914
-0.014326702721742513
-0.0091280056498502
0.3581659999485704
0.1091991938882078
-0.03879589858399143
-0.22905122871820932
0.07560187253970348
-0.250340407390625
-0.018732294734538652
-0.1107707309434111
0.04606556489281998
-0.14586418972430448
-0.11857982315280961
0.18304581478695697
0.004243597993881509
0.2166112726353055
-0.1992007210824801
0.010050685014638513
0.13287412517789632
-0.150792636269816
0.07852533670732378
-0.3215786340039256
-0.04087607822186206
-0.02068561852406902
-0.08773555350301722
-0.06143307130391521
0.2267004405143918
-0.12005376842688824
0.211058181657393
-0.3763407955107083
-0.014886437471996928
-0.035254322052620066
0.009744490371578339
-0.10760442238169038
0.31328996658471764
-0.07726365837791943
0.2343578912723161
0.38415811835092795
0.1432938041182742
0.29320083700116767
-0.019969795979206034
-0.05703041000288355
-0.07776290327850495
-0.03699683994164561
0.17733075413529795
-0.10478551115535881
0.00390087510051532
-0.023905492669794588
0.13307668822677401
-0.1270190600759142
0.11566405819555889
-0.12794185187477367
0.0415407836962539
0.06138893486027873
-0.14887273469784187
0.1263375034596687
0.018105970878104897
-0.19067322645071347
-0.101559265252712
0.15926048827530115
0.0770990477447003
0.2566858512806104
-0.08660896165786379
-0.22984328300917625
-0.04526220880194066
-0.23664285528851514
0.051010390917540456
-0.08706748714126133
0.2859790610092224
-0.20458337394318424
0.3868144074034333
-0.24516100848518724
-0.050144200367017694
-0.2494301172848696
0.259072535662763
-0.15932928720894315
0.2723055589684656
0.007176478162859003
-0.16144899631681958
-0.21405451661757163
0.07189748307683
-0.07283128740778129
-0.20743887173551545
-0.0575604855167043
-0.08846953865801739
0.002051509707587161
0.2698622908464805
0.23514971831971773
-0.08654370847020186
-0.24153183525141741
0.1367086012829372
0.1457329777042818
-0.11631535143480676
-0.00572199716340141
-0.07904570416213123
0.22126205681482894
-0.024197748604478982
-0.30141854659076533
0.03172746677599336
-0.05206259600247866
0.2683456401827474
0.021600080520344515
0.25228969088908243
-0.2194360493533083
-0.5721187104238447
0.002795565529442822
-0.01577679047812918
-0.15273155262476004
-0.031393765904035066
-0.06661502971361213
0.24411320093747577
0.11978745873751856
-0.26851515524030506
0.13779032387004142
0.20673788462084913
0.31559143275279994
-0.14779574516271626
-0.13977646171975236
0.03201625372595898
0.25705779715810484
0.17959814999209164
0.09483567272190281
0.012641044775953066
-0.022016292379963564
0.1982750818446333
-0.017682045717005365
-0.3182348095923105
-0.2345773841923403
-0.20848008554993738
-0.30082897698980254
0.039674334663783714
-0.029190329981630327
0.05754220132782868
-0.08060222867276728
0.005106961106739227
0.10498471196422907
0.00913434747302317
-0.016465633100033537
-0.0863083924273186
0.05055615931155061
-0.19024760719993333
0.20273370163915141
0.417739695170378
0.18295141633867273
-0.20507253339310177
-0.390132111394038
0.15209497928158802
0.05530766833076935
-0.07905323200270102
0.2047374196178162
-0.20944877914122245
-0.31390590698553905
-0.21439208915449456
-0.2368880624720214
0.23304477965081002
-0.08130871364752472
0.1540251206184253
0.1375869787336541
0.1702389158108429
-0.011709868151727835
-0.09618520035831755
0.04490912110788799
-0.2408945389026168
0.20897086786283342
-0.20591211564098563
-0.06747931089589514
0.026778956364941434
0.09038290282114078
-0.20527783194481306
-0.011317127539354179
-0.09199238833124639
-0.05344384415141377
0.0010320849578877025
0.11315710581900465
-0.37184426064423703
-0.04228397352549648
-0.15300141233966866
-0.018506258421213395
0.09785550810405422
0.1572117804559398
-0.08392475954717482
0.0699837750782356
-0.42791593371728964
0.13089519406923245
0.05036556157803596
0.026288387036368634
-0.15854424043301427
0.027633726263496194
0.06011896440639778
0.18629534304443346
-0.16216461753584344
0.0423153574827091
-0.00658597042549901
-0.17935447945383257
-0.20272776740795115
0.038163313974591426
0.022643602864377377
-0.3438980192012868
-0.10200865621076129
-0.00899375590634587
-0.06628956646380654
-0.18354476271692954
0.26332931148320654
0.07919661394412046
0.07697049973374673
0.06394324936105696
-0.03713974863227837
0.18593370129250042
0.012743645730102502
-0.04961433461804112
0.07153938937920133
-0.056817098322150573
0.19546600701255737
0.26918607898010866
-0.025618995975667358
-0.18878337620540495
-0.03716880358205583
-0.07458521661827006
-0.07330976024658246
-0.4602255714103912
0.020499180866235023
0.13787678483416108
-0.11736491008794854
-0.27688882419171473
-0.03200334270571246
-0.24538697322754097
0.14965815547468392
-0.06137181165369379
-0.32415081476745206
-0.031857458617825754
-0.1591756405014105
0.07428048447183244
-0.5154880214491318
0.4060806019350528
-0.08558004970489919
0.042064582473454244
0.09339616629698119
-0.13048932660517235
0.22676489051917084
-0.12072892171676794
-0.14783638182812459
-0.1681718233583402
-0.028592945349989934
0.13438216170347564
-0.08187560511534775
0.2949717502607027
-0.02345466923722122
0.1559509199835064
-0.0178516072950199
0.1611294886416732
-0.08179164931317831
-0.17125126982189534
0.02510080543157665
0.02858557490712444
-0.11477426035116386
-0.08522990157839716
0.22334960866000475
0.09806495108791112
-0.044304269071307245
-0.033392544260272175
-0.051529116283658624
-0.1339486992917354
0.27803573041821267
0.27408617281845626
-0.19040899764125105
0.1680066151619827
0.17458446245535195
-0.14026106405834707
0.19104389403294947
-0.30842195864571303
-0.16998140236520903
-0.09531792156215525
0.2274684543915137
0.18659514811795772
0.08928676137437111
0.05092988820572838
0.01645877003519988
0.24021081744386272
0.04094717787219195
-0.22567133802745312
-0.0008864654125248694
0.027994983196917525
0.12221986785261674
0.03516370358285259
0.002876242167300169
-0.22672251043439343
-0.19070026832042547
-0.12641024927944972
-0.08895330118866805
0.15238464466747742
0.006888772353082354
-0.23293501962364935
-0.10926160088447281
-0.00042365017613390707
-0.09184912631559877
0.06198798355700015
-0.10944160592847021
0.0748235931407736
-0.14079949516121426
0.13653580833621365
-0.03382122379191979
0.16560955451805526
-0.08800358303604523
-0.08749182317104491
0.040439604585886066
0.10024423678761771
-0.0825091302924647
-0.016069824834792763
-0.03779423624963675
-0.021715625192146624
0.10750466152539899
0.1013979798151455
0.1367763658072232
0.13617411477186958
0.07345858337812937
-0.09996858317243439
-0.08206557227667086
-0.34028735329735915
0.2206120483372941
0.11221607397983266
0.1548990209054428
0.2645394808535888
-0.06310240662830363
-0.08846167231817023
0.015027073433071745
-0.045087177437527805
0.013980737194605722
0.012618366341173654
0.043533758477265844
-0.013239068015038213
0.07580461288905722
0.0171003822841371
0.03334386232168168
-0.1807379294189047
0.04806164689957418
-0.17165670753435777
0.2859550582084538
0.0005316666438301405
-0.0010870735423735996
-0.03443940084930124
-0.11098616153843854
-0.12971102182514435
0.25366612095354524
0.14723959585278157
-0.0615039053834551
-0.09236856526676362
0.02834921191108288
0.07736846441471693
0.05439394120732609
0.007345820319991251
-0.45898151022625333
-0.08893711813570204
0.13419115389639513
0.028399817529855046
0.04980060224446009
0.005219518254162393
-0.16734547234891997
-0.09785212008197079
-0.0893011383857687
-0.021303381567265696
-0.32511417758188194
0.14260044272854516
0.09052469647533205
0.19934738108939518
-0.18216573137901898
-0.10174692049076597
0.09963493636366262
-0.1892178184637312
0.0033087609250884603
-0.052171479422124356
-0.019154092423963227
-0.21632551211676554
0.11598173664430812
-0.08151170416477459
0.0034394319651516857
-0.0683587152082043
-0.050662615280459504
0.12724086458173345
0.08850107963152852
-0.2023423985670011
-0.32771532971415995
-0.07541756290628283
-0.05626461719200062
-0.3099593635033501
0.09766030358071931
-0.22606487028051306
0.10625647154141019
-0.12570765184842547
0.09231900726196299
-0.266756853243668
-0.05943044048477749
0.25032251956333723
0.20178373901078078
-0.09948692638079894
-0.05087646930292165
-0.04902925939977159
0.07835672487707343
-0.11190196206442195
-0.18083743924088067
-0.18847776685145065
0.16155154985118972
-0.045580061770944695
0.18890836919264858
0.09854438541060577
0.049255568936503055
0.2706939201731659
0.008587595911954194
0.0016308918371283779
-0.37425170467750846
0.03677112747643313
0.02902007712755512
0.10991008607331677
-0.03328003793788689
-0.05796321794260697
-0.35040799243409065
0.0031224660491464044
0.15493346839508826
-0.2869335197656002
0.012477081060258466
0.2555034898179264
-0.20819243376844687
0.21810335835879205
-0.0957249237922918
0.2039147365883724
-0.0992852909856642
0.037206427483496805
-0.2719185241851833
0.0009696855436985053
-0.04844863639401438
0.34447277385274694
0.1314721734651991
0.1906017141152652
-0.12787935814810772
0.19249027690628104
-0.007388747869531639
0.2922233439348401
0.0968218313200323
-0.32804850963313453
0.010414926793344405
0.17816552453498963
-0.10624473783656661
0.04155858645146469
-0.17425783985820073
-0.02234122606556988
0.07028827356343645
-0.312609834107259
0.32627884197921186
-0.014559405444585203
0.06468457327000667
0.0055119346321045965
-0.142267731887148
-0.2130231443721322
0.04772954700520106
-0.3492060375099149
-0.11340419286488086
0.13308625623321513
-0.07594861573856275
0.02831285700065211
-0.11673133800343383
-0.1767008316008867
0.06281684749035109
0.224574884050623
0.30144321058475326
-0.22880288864719384
-0.12909237313655708
-0.09505677183769258
-0.14787558392150718
0.13126117901271803
-0.08150686298571
-0.43587330883849573
-0.005285670878887243
0.18961575612001436
0.11660921759166246
0.3335701304759924
-0.022434599374505107
0.01656775649728716
-0.010086716121221093
0.26486417517109506
-0.2562576201851002
0.07979708981229282
0.049164099010446445
-0.09114794941243463
0.03047983184606084
0.020704384894936534
-0.08032609300811497
-0.0967440131102018
-0.037583728549797545
0.19919717606633444
-0.07444078311077308
0.025029128293259064
0.22806217983720142
-0.013862846998366346
0.12614551997902132
0.22373942687634557
-0.1566263896087188
-0.162163789908929
0.11438884095764486
-0.4154313849056562
0.0046620637484264815
0.07881436888157449
-0.6175054389656339
0.16858185899286116
0.16569384093046066
0.2943378996707718
-0.24117761970092383
0.11956277932588466
0.13343336998109914
-0.029155212193940915
-0.015562091294982537
-0.222261525129052
0.07359813617600862
0.018761491016213622
-0.18693008656392493
-0.01570158850053617
-0.180812703396689
0.006329326500772595
0.08588334768340046
0.148000572785119
-0.014221247705916233
0.018944822059428493
-0.0475080776636584
-0.18929076904971393
-0.004845190134594467
-0.043670338073444316
-0.14995155006753516
0.3982904115170406
-0.355013259478384
-0.13155524641649816
0.2209897501360852
-0.0132418491286521
-0.0526204350321435
-0.12581489104013854
0.10554428980110174
-0.16249489394229627
-0.2962375654953117
0.041790541962130875
-0.20867119514894056
-0.03475150791010095
-0.22749656126420909
0.12905244230334104
-0.1805862227415619
-0.0682071333097738
0.051513240824733464
0.11328452838686048
-0.061219757823481054
0.4342993965773059
-0.0341858631468321
-0.06795067237605906
0.08145851411312867
0.08781655982279901
-0.10166798214591091
0.03144813355282798
-0.09730948371887288
0.08804388923776627
0.10572739758783249
-0.20261790067448215
0.02183189886317881
0.11206040636262503
-0.14073797291755935
0.08943122780025554
-0.016049831394131957
-0.16998845627772896
-0.15407407489116945
-0.2804663865073017
-0.21943978730852537
-0.13124825656726086
0.06519660231431189
-0.052903904301188236
0.1048835945953578
0.06006837665610556
0.2478328466233003
0.07325321648922752
0.003506752709571806
-0.07193051405788614
0.21839480687154986
-0.011481568378509381
0.04371805648381286
0.08412391119167911
0.09947844505358522
-0.2256807201947939
0.009544256939162516
-0.30598715481485494
0.12981386856278243
-0.1696406294567759
0.07474716988750535
-0.21777503364018527
-0.03728952020597531
0.12048375598047718
-0.0032324835988756244
-0.24989641409807334
-0.13929564074797765
-0.03165125535718617
-0.017018665415873258
-0.06360830342840645
0.037037098275461186
0.13113531021842625
0.08823167586026387
-0.07042073329824737
-0.20231462801263062
0.05912343146732068
0.0023278266539682882
0.16373368655977658
0.17175931416861925
0.05671018310812197
-0.11203459275289569
0.1940097423949324
-0.09729792613466022
-0.18782444973284
-0.12285021154417773
-0.0989367859707261
0.12080344461046329
-0.310752545946943
-0.24328169681771689
-0.020089538466827175
-0.15676582083008753
-0.05033200667244676
-0.24506376798155338
0.32902843021734746
0.012142749080402087
0.08845582368491191
0.33301111213323287
0.069886238456825
0.20585110132284318
0.24540286585276452
-0.08325019434034696
0.11975447532504896
-0.18334516868811496
0.18859466195135088
-0.2567677641428148
-0.02567749031311438
0.022176546122255544
-0.06002062588286088
0.17736648916319223
-0.02274755739968013
-0.0971250723306427
-0.14967555424404888
0.11682027885197392
0.010143755485973056
-0.08975561405473952
0.06541721969554204
0.05198438303066246
-0.36929012345322876
0.00448026379688486
-0.19903835499496764
0.04106274871053732
-0.14495886208279543
0.0379335845235062
-0.026349275620341197
-0.04059728672014648
-0.1272081828147786
-0.19690213602658693
-0.0021773001161721085
-0.044106361150104266
-0.15740923272633045
-0.0011110640696050794
-0.26040907996400164
0.15520621523459338
-0.08018693579202477
0.3017718723341055
0.03029663680226712
-0.04965519310497536
0.08697126396554358
-0.039939195271456285
-0.18455259967097606
0.05779893629558401
0.10320596987204662
0.18018847046558284
-0.14902778488318488
0.18909260147877996
0.12759008365757485
0.20678736207211565
0.11871397101192228
-0.20474757811006475
-0.2677725699708937
-0.14460070381366982
-0.04798862991409224
-0.1209343700321288
-0.020909837948940052
-0.11587327085156349
0.055125920159029146
0.02224791727549935
0.07626694738571954
0.10921114825696966
0.11332671493067971
0.039559000166984534
0.09746537948497967
-0.13669856310404327
0.011258165150209989
-0.3324032426850944
0.27602212191839226
-0.19834830457782415
-0.18785127518772352
-0.02868311517708594
-0.031030032318782083
-0.11122806894822239
0.1340535147241624
-0.01492279330062941
-0.04230691460239105
0.02594465159894808
-0.09049862979397176
-0.11378137130650538
0.1904937965054195
-0.14450095001575733
0.05866231378071017
-0.08318263151010279
-0.007774379679566732
0.036941693632304
-0.03877176847910055
-0.23570511122986113
0.020637804908049444
0.06248111475330583
-0.2786279474298346
-0.042489106386926864
-0.07533318338988398
-0.21883350022151984
0.1881836152658163
-0.1822995519796845
-0.30457928783027094
-0.033043916674746404
-0.17331600709020117
0.0635378967691251
-0.09807606507704442
-0.2521592838834983
0.1627020315366504
0.12023393247126807
-0.16409251115852533
-0.0709310332000686
0.07834061970966794
-0.11237868643104107
-0.2280884236400158
-0.21517672704345508
-0.16309867291208027
-0.15851639997439906
-0.10779059804808765
0.029613916879517962
0.12950892544160447
-0.29097082687983594
0.10829432910983014
-0.02859468303478821
-0.13533879906751703
-0.06650734586576525
0.021174387759115818
0.08246267361113979
0.16658130302479998
0.025836814253248
-0.10551470024814034
-0.14428839470320678
0.012878765780424555
0.2648473564122862
-0.1674922648534135
0.011737622181871635
-0.0010388621039735969
-0.2587952478109476
-0.12533068352446045
0.10466281174823705
-0.03956427193767099
-0.09354074446987848
-0.1183914251729417
-0.0607979764124197
0.05583840601774434
0.19708277397826496
0.22765286449572386
-0.013200743757325417
-0.013882242692807554
0.20042189084675618
0.10843860329332616
0.15405779511032663
-0.13586570934351386
-0.00019021512183612776
0.13118669471791797
0.029965951924911048
0.08120306848774841
-0.13056005000774543
-0.026852246833932857
-0.075336701336829
-0.12487738488001882
0.34010745618764254
-0.067414404792917
-0.014815832322049784
-0.20943315198466536
-0.10347952733955751
-0.198955603767513
0.21688318283861088
0.29520814920949795
-0.10341725664413014
0.049549670283591765
-0.07813595831773842
0.17395155033049867
0.24641542365299804
-0.09074969197844172
0.2118939233782352
0.05289660171413001
-0.004302685798386901
0.08782425919961037
-0.23355271092437904
-0.11221836357916809
-0.207429982373555
0.21308428111713926
0.09572377770892883
0.11771824591908725
-0.034376304095145076
0.3207260928991839
-0.18487712599094264
0.01242694748758302
-0.17343834035608385
0.04115873362330151
0.10729904181426209
0.09685619137410933
-0.1842565665953693
0.1440802764851626
-0.08204776511060574
0.16372270900630673
0.08813536385384892
0.10067235211126106
-0.058659491212614136
0.28683826393298517
-0.13127013679074812
-0.3099363179953096
-0.11334675663316769
-0.19764597784246457
0.2081830496628616
-0.15736276524797982
0.06584058494804317
-0.10091142219541019
0.13855262782197067
-0.12959401663178977
0.13942765042558805
-0.04896319732148443
0.24050344427090825
-0.04488955082497177
0.20746008336655541
-0.2695295068482084
0.1167459576445153
-0.0687851654629749
0.0838329393848053
-0.41809732472296673
0.121652302299046
-0.04811559974729925
0.255407902709511
-0.06152566538850147
0.2442702153363606
-0.010395586175976948
-0.03344448139661837
0.035007953981078185
-0.040059350892271556
0.01534736987285146
0.38796118349625863
-0.1795396877810683
-0.02638839334683164
-0.05964641817111212
0.09166502034649428
-0.05677173841082284
-0.19699450181455203
0.07984979142119883
0.0658189584441929
-0.018055092674753897
0.03738497894824824
0.15193863465055274
-0.058775198871625
0.04597906039828608
-0.15880426541971637
0.14182021470327874
-0.010372339964317249
-0.10550557961459141
-0.07313844222820527
-0.16649077932075432
-0.09972823065239596
0.033039329345895777
-0.18416472316064672
-0.08971041733887464
0.07581693600691515
0.032254361101943685
0.011380118281223569
-0.15924054466912702
0.16735424437850363
0.08546468777780453
0.03710190322764308
-0.11109887795115665
-0.11056960682569784
-0.4039818648679776
0.20556916943449752
-0.4368221750278854
0.11172059608475177
0.04195087161090347
-0.24781797633642413
-0.10551722257185404
-0.3406720468249986
0.005119488314621715
0.18553218306473077
-0.09416541388585518
-0.015128128617292291
-0.3346127376921387
0.0274701759825754
-0.16532389955151092
-0.060432445919256325
0.17366367620980433
0.1802301794552851
-0.12418775606360237
0.09912317822057576
-0.06628577342015333
0.10738970340676914
-0.1101084158040518
0.15289493373676571
0.10059547678376848
-0.10594398681502488
0.08447296168964417
0.016130999591847345
0.095864762148443
0.028923970916547966
-0.07522599969706853
-0.2207680978382926
-0.03008337268883898
-0.034388633155596544
0.09164939467215964
-0.15004569414457913
0.07929803283517478
-0.1344253833159861
0.15718617656754552
0.10098806739028449
0.4170819287158855
0.028386307052268037
0.13188763626978203
-0.04261402321768097
0.03781093572040088
0.03056100074749325
-0.10996900874335154
-0.05835458099177173
-0.12876108971000746
-0.016114961878442368
0.05534361453452895
0.047043878212663315
-0.03347917742018609
-0.40278360897531146
0.2117309362849529
0.23723647883231502
0.07648300794183215
-0.1557384838641949
-0.1033264732665706
0.12418227938479848
-0.03374556701166277
0.2543220473702959
0.2051453021433901
-0.05564146836419994
-0.06520628111488816
0.07393013615151889
-0.21856804634281404
0.0722400063322585
-0.09432843285056648
-0.1291951253382544
-0.3876390084451633
-0.2123827855632571
-0.07220016724154873
0.09466110491759235
0.08646287436830889
-0.15569447921546067
0.16373961855356878
-0.1504096002366995
-0.024148150849620492
0.09594876587147068
0.09661734490892834
0.1046647602215972
0.07457754779211545
-0.05016174680890502
-0.3339250375501946
0.017502426371693997
0.30620238408539086
0.19616386605842884
-0.07380121794241452
0.02451622278764076
-0.06095342773061786
-0.2278937701848341
-0.24178302405643362
0.0854578968264099
0.2048617699083174
-0.22968373000236686
-0.07656704288531761
0.06024225960028547
0.007350422818234144
0.08478410682600239
-0.025370312238981445
-0.08774306812912268
-0.05616266018479237
-0.19272418553457035
0.04675903760684267
-0.06504660741782427
-0.025881253626645374
-0.05776699245202315
0.05713223519040092
0.05195425743319329
0.09686521704726916
-0.35138566161323204
0.29329501046164735
-0.1590368657841479
0.14836331677189546
-0.07247769941897689
-0.25302786128483123
0.0033680036025673975
-0.11020937832352982
0.07707729997583383
-0.1332157258041197
-0.1570740238861021
-0.14485076115887371
0.17726200962668498
-0.12172267356640463
-0.23034664878638542
-0.031130129891888663
-0.0206795828237057
0.008629413898869157
-0.120403509202551
-0.15099044852596444
0.1927133260955563
-0.5759935328802499
-0.21587417091088273
-0.03812080645931943
0.069494786998661
-0.31383935705329535
-0.005077272993922616
0.0019588046539529957
0.21166779003112302
-0.09375818460360948
0.18351149845163497
0.2164805539841127
-0.157634675765609
0.3105137100857286
0.0801930223390747
-0.09093366938542405
0.04712244682764237
-0.10104781299360333
0.32086987311672777
-0.17374639162010308
-0.1109457219486609
0.025887055535667183
0.09731015687589548
-0.3903218488522878
-0.13837619858247047
-0.31680596032603237
0.08241465699313205
-0.15316657608965076
-0.08522727161053789
-0.2549377862796772
0.14932847793704843
0.35375897203132733
0.03853975654049934
-0.1190716797296001
-0.22661235660694307
0.20520930861403097
-0.11264974103362753
-0.2764067392730901
0.14821343919466504
0.27412466652043715
-0.1799355139752537
0.05376733926216768
0.025427882627213797
-0.04502475187221878
0.12765287895786498
0.15849824356768422
-0.4237302348952206
-0.11188525937692766
0.08673395319863415
0.12086398640499907
-0.1656478063199132
0.09233071857511746
0.13641267681793606
0.006793640692294772
0.15601879081481881
0.030336624270687788
0.15863775194498558
0.01268797027090172
0.002518857776064258
-0.17854346980868807
-0.11532265738715751
0.16468110826507212
-0.20841209028155563
0.11556729773842359
-0.38954070143568204
0.11349909735827372
-0.12970765790385483
-0.4449589217430243
-0.20856956984827568
0.14326969042025145
0.08436105474946737
0.02954098383922042
-0.10008032526577043
-0.08399721557888694
-0.17582269001657072
0.0972612657899298
0.14776411864468947
0.20231525643056333
-0.060618915749027356
-0.2104135028985273
-0.08423531207638499
0.12415361233283427
-0.2752163714594773
-0.1650003754438284
0.05571028974365639
-0.16662806259834198
0.16914798469962733
0.005659734198530601
-0.010812240602552111
-0.09377113393280793
-0.17151731835168263
-0.05576933145343781
-0.1591778436102256
0.008606453698156366
0.2585525389660713
-0.08267137549446656
-0.07721154695862167
0.06242687947267012
-0.008297066650582555
0.054391561758390466
0.11849693536057468
0.010623008341475428
-0.05275747744657609
-0.12364051733239918
0.012612536528917537
0.03343004291417027
-0.04274324743757772
0.1011695167674043
0.021067990632261703
0.33667267239194
0.0888339520526712
0.014412120890589887
-0.1932303787654636
-0.23880195058533363
0.35351053631783047
-0.15580598089256084
0.1602142797409814
0.11525600680005488
0.4645201381318026
0.0021684767981114193
-0.036024397832524625
-0.027356243365875728
0.10693251503164412
-0.19388022201375268
-0.22316424266962298
-0.3778580553325298
0.032741135274260466
-0.03488323668452615
0.05136379754892807
0.09602865222209375
0.17876746960774992
-0.17668996265765624
-0.05268360759164329
-0.18277625911883033
0.10972017846806359
-0.022314964351504853
-0.042243625913267586
-0.015446877094801244
-0.07527230165314253
-0.068428366397217
-0.08986547913423433
-0.10127353374103752
0.07442081247277739
-0.07453926766681403
0.03819228913237971
-0.11861321286745878
-0.19845735883067323
-0.4298003278206434
-0.14361799587852422
-0.024080631054397453
-0.17819438447984542
-0.006570554484306362
0.14281759647353695
0.138910691743206
-0.13585681957982135
-0.1212336634822091
0.012813365022580316
-0.06570570009456161
-0.2598685757210201
-0.08461876915008275
-0.21580027161750456
-0.12091163433218324
-0.10332339380701099
0.02875832332370544
0.013470644886890084
0.020679228475098156
0.003842496462364684
-0.030400750317411716
0.11372332822913055
0.009128150906108225
-0.13997484831352217
0.020463692918117646
0.1352159829417632
-0.0862058463926795
0.020968398449896366
0.22058951435692437
-0.1078927393149205
-0.16404474422016785
-0.00846540514855738
-0.07670405971501075
-0.05901872845327417
-0.3089272139785093
0.05156516410538533
0.03329003140703131
-0.049800271422394314
-0.15635061446901122
0.03478651131725843
-0.07922265899682628
-0.08481126392839038
0.07583934014955915
-0.13945295290366827
0.13243159972982205
-0.10044677774759189
-0.10620448120201234
0.0030137464383500462
0.12010976748624871
0.012783336260123145
-0.023315432736514104
-0.20109532125355417
-0.07615243508895003
-0.07380933995593755
-0.13178896323468492
0.02865373613740869
0.013688258598691312
-0.11449846770808016
0.010861418011664343
-0.10775778253344154
-0.09563380020239727
-0.267073322102812
-0.04883652481481944
-0.02958923868605171
-0.04749047621889568
-0.12896771130035672
0.09446803315513576
-0.03372604764511317
0.18933341459371308
0.194359066703706
-0.021395835797692626
-0.03989834008917165
-0.07227138988083393
0.03602677096627252
-0.08117663336047932
0.2528870794174492
0.08833511661337003
0.08637113372164287
0.015621659041003003
0.017302571230062687
-0.22859061763434144
-0.16847583641071884
-0.06196907608888135
0.06630242328534271
0.008149075178009798
-0.027369847943147133
0.022903783462194093
-0.09214007575227794
-0.1498411255718625
-0.12551780207712152
0.0966736868920695
-0.13396904597696707
-0.22665115950048376
-0.07442343091546433
-0.16811172291499235
-0.12240952400667997
-0.06783815843942205
-0.19994382104707265
0.0979903739666052
0.08271799812119883
-0.06480799114141796
-0.3002485820343922
-0.20013779441252377
-0.23971235844842004
0.07133920296948956
0.05709181257357545
0.22521924959770465
-0.12403343489554819
-0.05392275402050359
-0.062326686235862544
-0.14158789726127693
-0.1829820768946777
0.08945187058468759
-0.050516730721981706
-0.06240944609392834
0.16952369717353377
-0.18142494125532607
0.030162162641057626
0.005692887001798143
0.024764655599701303
-0.010777119260095768
-0.00949925868169269
0.07244185580231466
0.23771755911395476
-0.09704677306684838
0.03884003028511765
-0.021582603442289416
0.009487096052355337
0.027308495226558777
-0.09328455617307738
-0.15724699080752721
0.042162820354429906
-0.010333242800304952
-0.132286963083207
-0.19783860876651288
-0.17994073884431294
-0.14878441116718016
0.11674009339361598
0.3176177564749679
0.28747531499466744
-0.12665107862070063
-0.20657085659705793
-0.18042787148596792
0.25978453203250207
0.2725001061498769
0.13321356158068204
0.017194155213340452
0.18104904683221618
0.0023201985446735717
0.07708072611532346
-0.07108801507773864
-0.19558502378054446
-0.01730361058859712
0.1466090828564818
0.06884915383633076
0.1400270025765536
0.09628109755318472
-0.011488810979208636
0.034102812876330164
-0.1345228425473009
-0.057685499711996394
-0.10980546253228839
-0.02355563694300717
-0.16136177406531999
0.06819553295392582
0.04324582159229463
-0.0449412729128193
0.3175199945522125
0.047622136734212055
0.05801409374641503
0.01257082286663073
0.3337932609723336
0.3155695363605108
-0.03904669139686937
0.09472792270890833
0.12033537520777321
0.04744960933103111
0.05604819399315504
-0.1113476794705162
-0.04034195221661611
-0.3855460360560347
-0.05423402127057302
0.1774995571281663
0.023174555559584305
-0.13662207375306995
-0.033898791391364064
0.11107738632491894
-0.013249941952522964
0.04218771310475632
-0.03365380472929485
-0.34856288716504086
0.007342764965379619
0.07945840758492242
-0.019967863315339816
-0.17269267622675116
0.14737600229683923
0.03832993235073537
-0.04936924691657257
-0.29245618671993956
-0.04810966722021895
-0.036003308190039454
0.04037511283196408
0.0013056882797797468
-0.04255500057158215
0.02404917688991665
0.2005341418416207
-0.020653353226502295
0.07343484771900419
0.04875383919213305
-0.14720856023345744
-0.09840509035589672
0.0073565711733811585
-0.1099908311666282
0.02425953857139788
0.03816794637615248
0.09476642881819816
-0.041891229726953416
-0.021512911223605546
0.2236706115825483
-0.03792550819352823
-0.2708103162391883
-0.1336979210864635
0.23780784434361943
0.1571841143243041
-0.19956265335931653
0.17337399660805164
0.02077038797514788
-0.17869063386625764
-0.1641974127750757
0.112481721547619
0.20265350197548937
-0.12781197289955365
-0.06915102376043428
0.052795719114264984
0.0070243490122392895
0.1379882498960196
-0.08805950429154528
-0.043923566982174755
-0.10131159030364469
-0.19490146978984554
-0.11475545364748634
0.2507968369895049
0.24053191105959515
-0.35658502881953935
-0.23185562798629514
0.02257023730382749
0.034738065706505325
-0.1433990713646058
0.030563143280402365
-0.16694793115869194
-0.18558580237819014
0.0876739119954522
-0.02533943384538441
0.11425836415473231
-0.0418141044829847
0.02084626686408931
0.12992147912726007
0.0008900837764080964
0.09844150895107054
-0.032725586117239004
0.2334261659149942
0.19125197885789819
-0.0956596455898587
0.10400615852328714
-0.05041403405856625
-0.09779737118974476
-0.2090231837264229
0.12675977332088165
-0.3546610360538415
0.02380044401943228
-0.19890043386788073
-0.0012608585044014881
0.24872499899701558
-0.10523257443313544
0.17851489924285974
-0.1485398755664926
-0.2108402517690629
-0.11692595065904436
0.14152881969258538
0.03394688190973549
-0.12116479207527843
-0.35096664331075417
0.06536829833216817
0.08676148250221218
-0.013408132109827385
-0.01649427684996704
0.19510047777691422
0.1213347907234119
0.2200938239414778
0.258906781081447
0.17560025301376692
0.01094736223213302
-0.2729732056514273
-0.17817561422065611
-0.0869170350694526
-0.08534062717373257
-0.1369159091874243
-0.0038387219674675377
-0.14873512305069125
-0.24805855423852818
0.02745808453391157
-0.26683776831606365
-0.09304909170651451
-0.250593843212829
0.16571586013800282
-0.08730274386574202
0.3090277154683402
0.20442175997368944
0.06326242309670632
-0.011834516260689574
-0.1891949464827442
-0.249164001437906
-0.06094273458964471
-0.24318729829923164
0.23427610033913307
0.059998925189374545
0.2038353642062325
-0.05992170444085228
-0.22651167480520135
-0.09077055993635395
-0.21009744540105169
-0.3743500919812049
0.1680873601764862
-0.06430360912142999
0.0001099809590079646
-0.04268450549881314
0.03117550244418728
-0.18526030211489747
0.07500099341060212
-0.389917699712302
-0.04961443489387977
-0.09589581210413474
-0.01711959331797053
-0.14614968200845982
0.19433838782337656
-0.019915108788954226
-0.046335576693334095
0.08719482241624854
-0.04222021220323118
-0.031983261100482316
-0.06153665867845517
0.03606898403541195
0.0023502814700644067
-0.021427008728423087
-0.1066265364204918
-0.03644764461480669
-0.3610519432183699
-0.07047748203316803
-0.04366796222451417
-0.02093732747652813
0.00902245088643637
-0.22968673915081295
0.09265329495879686
0.33604002815670186
-0.1425460450903225
-0.08479846126080225
0.1276538631893802
-0.06312012946558127
0.05422214402258031
0.052110841146185916
-0.08317993593621115
0.061599437832481764
-0.018048639723712897
-0.05651521620633294
-0.19391322704425915
-0.17964792988044465
-0.01231726368832248
-0.11477719743375538
-0.14246871031949013
0.14786326882854456
-0.25027260681180125
-0.06066231718843583
-0.172758320716605
0.3533765472253622
0.04408549733667306
0.03498088065899633
-0.022506532967932216
-0.11044767502093827
0.28747472833699184
-0.10128336518455923
-0.17041937954624645
0.2883360917267974
-0.2581374793749687
0.24191362935909955
-0.0973857920064832
-0.20613480649062582
-0.13748280478387134
0.2679305859745588
0.04002367337908668
0.013633436591070948
0.028512923565632512
-0.10603421393648786
0.19920638359418724
0.1919030851322287
-0.434933342846112
0.011848479206130733
0.009177641360243185
0.029473153684348687
-0.07066730616136713
0.17186183246706724
-0.11307221533220667
0.057356358564903454
-0.2125025495237842
0.3367127148365695
-0.1256241208073589
0.06493639435869507
-0.19211260466040506
-0.02815220552002471
-0.09697159731743735
-0.21530031277511205
0.11577683956968242
0.08876756595594343
-0.3139980040921908
0.19108658576233725
-0.04362584534460423
-0.0758333138954855
-0.19800788310458586
0.1204868093324407
-0.357120960664296
-0.5966448500459917
0.006954118357849211
0.004288895333675696
-0.07826186723860094
-0.037055898544175375
0.018101464829427767
0.1637241354717244
0.3455635724788706
-0.1510329784223766
0.12393854829452207
-0.027402547271588983
-0.05543961536969259
0.07788797479786373
-0.2031592148300401
0.14205230801830293
-0.19094578295962442
-0.0019353079910750433
0.01445072977524871
0.056999873810603306
0.2938762769464882
-0.24430338378981084
-0.09628701004873536
0.15844638826060328
0.11841379630814762
0.11010710108893244
0.17311789076227369
-0.34015310141293725
0.0027646411579076244
-0.25889020392956424
-0.18927769858535134
-0.045002401298352084
-0.015065194660859467
0.060015101848549884
-0.09846976830997008
0.032909482206065696
0.27766894161817185
-0.2084792952554549
-0.022149136023888516
0.2827094608523709
-0.04254338027870458
0.14133937910381567
0.034189770458949706
0.03405627192914452
-0.0073318299369998915
0.034194009616987736
-0.18579814385584162
0.11472702640947091
-0.25010252059356397
0.005281157773967064
0.22504738800549282
-0.22758158614481314
-0.2865928795372322
-0.041733991129065236
-0.007998174130785605
-0.3623952463823509
-0.3457889387221644
-0.0873952564260742
-0.1732196322230587
0.30613601582535593
0.1950408243142713
-0.0012922335756903906
0.03840285025667729
0.14372784942941358
-0.12978475212905077
-0.1225059600071453
-0.03530254316218279
-0.2993103859464336
-0.2960309414799601
-0.049511866977734964
-0.13907468821714883
0.10288101275209087
0.18753033557516258
-0.21271952179797002
-0.04774890341853634
-0.007027729492818162
0.031434527807880225
0.12908445198493224
-0.08672828083131214
0.19617228071994847
-0.14310856017802584
0.08368941917520727
-0.07476477373842377
0.09459081976402443
-0.12900820774623156
-0.28549913964919876
-0.13382091559628395
-0.03312553706881499
0.09463590662036969
-0.18951967082067586
0.11987175730786678
0.016783204988001964
0.09814895661493023
0.18844195131066363
-0.16791138101892603
0.04164568339454685
-0.2502760436395531
0.30179592095460395
0.004770829552368316
0.08797283010330967
0.14449749576372206
-0.08120741719817272
0.067454732516021
-0.1172009401079689
0.13295080876463744
0.13615713477282132
-0.06306456857466856
0.08116550338380801
-0.12120980257018119
0.039878020941658376
0.3440245808108234
0.012308804301069298
-0.11425198513101571
-0.044961940393083925
0.20083298384838655
-0.0998647361145301
0.16463658910913537
-0.1063948363300058
-0.029101122903013203
-0.3471706472985456
0.07337233782087133
0.12706690519189656
-0.22524737153875393
0.09951375107869202
-0.09188961978531096
0.0709372084824522
0.09871565836382966
0.04186915170175161
-0.1537910531655152
0.0074000237611917385
0.0879297309090003
-0.05143721819266559
0.05548885067541911
-0.34001405247891203
0.004484555586631393
0.22809855567224133
0.22505380443492465
-0.10015621291814623
-0.11066624060901761
-0.06960539288429461
-0.1289842177724305
-0.20447968721687912
0.32490266415138686
0.03178465605807114
-0.010617325583640569
-0.10617229776729253
0.003032491908324655
0.10703633832132516
-0.12637909985777968
-0.014822957934148284
0.06237413553481375
0.3661252335343924
0.326743971470382
0.04403965121992218
-0.13608135671990085
0.1364752012413621
0.12957337711796293
0.16415118143607854
0.14131992934873175
-0.1070627735813975
-0.12928812298020764
0.007526523232741566
0.08573744136927051
0.03799234137646558
0.059791264896046206
-0.12435228574840772
0.1153496663957445
0.21203356147677277
0.0837030319669816
0.02469867784050767
0.3585414341828316
0.08604795587808019
-0.08720641194212485
0.04541175005654981
-0.19445528453294308
-0.23323631789497645
-0.012813395131438844
-0.030198220515294697
0.10256681472099351
-0.14369887751270696
-0.07802473727188328
-0.2327761197605743
-0.15803442767658946
0.0036057779829040577
-0.12559518701789862
0.1328513991371814
0.1659267832789257
-0.07690805813817024
-0.10862891960375926
-0.13156975961261788
-0.068288022197472
-0.12537486298203096
0.1307119830237406
-0.03562560909785611
0.06164932938730654
0.04355165990887399
0.10147706002168264
0.05156810843942498
0.12398520916430983
0.11473820604521547
-0.13655691224108435
-0.09806485187417784
-0.07500098324325094
-0.04534142749623625
-0.12668327073584387
-0.056450245380015626
-0.027128158859296196
-0.14696337949142033
0.23857506921347976
0.03742203625897219
-0.009246432372283848
0.03932720160808712
-0.02972813906579924
-0.1130652964300304
-0.08128706385410675
-0.04735817588567967
-0.3234158613258282
-0.08469548668863305
-0.10686060148557415
0.10190469573413652
-0.052556086659723056
0.03019183295222572
0.04813884205477822
0.06993438260516706
0.13462511833605806
0.03367399432819268
-0.28210698101307125
-0.09042728576856213
0.013051939694521638
-0.013614563699347652
-0.06041107588577038
-0.3005543698883498
-0.32461818888817506
0.3119581716744057
-0.18709479141504315
0.104188155349332
0.062048407224536674
-0.22121943040333852
-0.17370028454580036
-0.08349575483880872
-0.03269560826035419
0.041496339821374024
-0.03222824902671483
-0.3414460061306301
0.030850770755188245
-0.05502147950185102
-0.11889537536670351
-0.04504795991473729
-0.2200960827376145
0.07905107214726528
0.29484152361532917
-0.11522694599600372
0.11285724855069956
-0.03172609363043891
-0.14987464486104632
0.04820391707502629
0.0386691220147935
-0.18188944629435858
0.057007374885341834
-0.18122227370395694
0.20720914126894427
-0.20976658705687157
0.31649091362935644
0.018564944410211216
0.38769719433812805
-0.2291696613635745
-0.4625947367515369
0.06058307784722039
0.10207035560978399
0.1917566016406899
0.04624082576277244
0.007341584246180297
-0.16884625088723748
0.2784144353168094
-0.21926427008201613
-0.022591422453846627
0.11805403902162223
0.06568005505234094
-0.03194285355123871
0.3019676430091197
0.34914457916169633
0.03890513037703925
0.15443328280015556
-0.28715527111076267
-0.23754281683493728
0.20953468834110153
0.1613177983465494
0.17249039029537883
-0.33736981522003806
-0.009862489016317878
-0.33744602767771387
-0.09785401923814509
-0.2674985021321848
-0.10602084866025671
0.1475680810188404
0.058344607536811845
-0.11035774844408038
-0.22231558835162774
0.07516323457807965
-0.01653537215623407
0.28084389902808066
-0.3100961695867166
0.048254402081579134
0.13328971504882106
0.18778987348263715
-0.15029533164500303
-0.10089932900299037
0.2570433858916773
0.3565218403380623
-0.21387792225494665
0.250996515468514
-0.26511661477311393
0.30251451058253626
0.00022769726712715412
-0.13552295727957625
0.21140160398662974
-0.1095749001340414
-0.10540642565736401
-0.4194153671626811
0.09736916427146768
-0.10821122160618814
-0.35937264798636925
-0.03248712869872624
-0.09243027938573005
0.1544826313679331
0.20815955872275252
-0.25736352827248987
-0.14052096578876253
-0.25545050430864147
-0.026754429176672232
-0.126735335259117
-0.04770928104272401
-0.324341689758342
-0.44527063515111953
0.12261841233628083
0.04637991403002252
0.09488925359541146
0.2483245192130304
0.08971163868220784
-0.0492861565464293
0.1249530222732987
-0.07596467526805598
-0.013803018767172987
0.05949185708545151
0.20375341935785996
0.22194965235426803
0.020057105664631376
-0.3740840587934099
-0.18132566452552615
-0.05963349247334607
-0.020806674757189975
-0.018815110635272355
-0.31815828275152835
-0.03689730787632414
-0.045837913436636915
-0.03027006100525546
0.02113779699989351
0.15986866912244502
-0.07708178700315421
-0.0019637762823733543
-0.07549037073449187
0.23304336295522537
0.11415867970469833
-0.03594800909922876
0.051838407193477765
0.05996497574372287
0.15235508524255914
0.1451682440500636
-0.3814652674027084
0.13894947841267097
0.1478199287035228
0.06635065015724659
-0.013055410597609582
-0.01509786275545555
-0.06954264629432962
0.022921520089318578
0.027872997757957037
0.003205106851036788
-0.032209726943919874
-0.14493635723957432
0.31711126246081833
-0.06939000835648489
-0.05855674854211512
-0.20878907359618096
0.06904587034441835
0.047847990757880536
-0.0745861217707225
0.05689609816692207
-0.1415938841478609
0.016434096636115118
0.0027710503503965357
-0.14705945967273518
-0.00850524098244009
-0.010841604621326738
0.1817195342089099
0.022311005036348797
0.008508471674739657
0.11620276768119037
-0.354586869432811
0.10792385047049777
-0.017989132064423295
-0.08017676131723023
-0.007569638232694679
0.06707273050472833
0.13685268884240387
0.05123237891002134
0.1091790391460612
-0.31646329761528186
-0.025047585528960598
-0.0759552937642485
0.05228387467308968
0.1006285861535087
0.1177788238939361
-0.1206726915145309
-0.18839725911322275
-0.02207358103387425
-0.00800711981861526
-0.3064832442396882
0.09120516076353635
-0.22565188114994625
0.020434105804685732
0.10743517045089387
-0.14730656922831453
-0.003169185663531329
-0.03443227113611008
-0.16118829282194244
-0.15867902129350236
-0.13897803774687795
-0.1831907195538003
0.006450029892767847
0.07116029495207157
-0.13783883481748627
0.016855636801609092
0.14304442168159962
-0.08138378045690536
-0.15033302654664463
-0.10921235290710438
-0.07068715885435242
-0.12114323762974401
-0.05580649313787895
-0.06807654286613078
-0.06129261934034979
0.012527123878831007
0.07992537116595344
0.1219506745938386
0.08246315500484774
0.10644224656290395
-0.2181476705109615
0.08548818258396108
0.04480716382165455
-0.05982825495533289
0.06594167305597688
-0.18419060361187878
-0.04692912435715796
0.05392892149354411
-0.01677923780015237
-0.19486956401316824
0.09337784423244513
0.09991334823056579
-0.15951675409117558
0.018376613768461062
0.17039036161344162
-0.18342282858090167
0.3117736541648473
-0.0713279687636495
0.10460091960386468
0.1075778310904487
0.08259714090512887
0.006778616613322365
-0.35110239383135167
0.12018015581201826
-0.2895063005945238
-0.2623464163482656
0.07765073280713272
-0.26674143872900097
-0.14808516336010577
0.010939076320727915
0.09001490327135148
-0.25447599543269767
0.03321463663332502
0.01163561713662455
0.06464720261016833
0.026703704897442768
-0.2031617173102963
0.010880628546988748
0.04047661678451075
0.170559991985311
-0.37752755346349504
-0.060704459675514265
-0.01341296322024312
-0.30123539580595493
-0.08204409501181995
-0.09042323776666775
-0.2288774248032231
0.38341800626909794
-0.06736692741983995
-0.33626655201604966
-0.15558674529747268
0.04819221748127917
0.16867075619269833
0.1230203107235151
-0.07773529893747756
-0.29107653476424983
-0.059090044576424534
-0.445698053457599
-0.05858940647006407
-0.08446127451388744
-0.09677382404756847
-0.2836862725900075
-0.009653311164681225
-0.08530223742613008
0.053966016531109426
0.3009759547281864
-0.19775643219643557
0.10204041391289446
-0.09676908758490183
0.06920597170462649
-0.14925854858951354
0.12949857521055583
-0.06510313554714328
0.016306445541248844
-0.21865802128554324
-0.24364664487380236
-0.31132830545662643
0.07523508239762576
-0.04665403209868632
-0.16932264556242066
0.15053141429994296
-0.32715690078379
-0.007913409724149004
-0.11716577482342723
-0.2796984433978198
-0.01884454595079983
-0.1689857323217744
-0.006768182681417946
0.199958594866849
-0.16542044736584055
0.005180853734096754
0.15511538356834045
-0.09159781117622787
-0.21917731682968686
0.07794917788256144
0.15691440073245014
-0.07832479034932327
-0.2682420171137271
0.06604500630849888
-0.3632778037057986
-0.3567802728082683
-0.11103937786076108
-0.03785671666698304
0.34090392800808333
0.3688822599546546
-0.09563478614968138
-0.11540062664067904
-0.030698184382776543
0.0017805863772708758
-0.06666077801856411
-0.08107931254701155
-0.08849691963561994
-0.0009780003710722312
-0.22371841519156851
-0.15880332290600033
-0.14693021130617023
-0.032288850053566395
0.3024319782970795
-0.05391171588700907
0.23227078236701143
-0.3404518052488778
0.08256579954249131
0.16949656707600524
-0.07668042961980101
0.10611190487172725
0.20284899847189505
-0.2651318945554605
0.13305781879945391
-0.03918826470443423
0.23644382654398732
-0.2908829040759141
-0.1938905331892667
0.015390718293217746
-0.022974195762430503
0.06026743857078367
0.07764516966596552
0.23516163822140276
-0.12494569820119514
0.08818846859561642
-0.462352240101983
-0.4073255578304747
0.34084415490541087
-0.22746473673339954
0.002454077315321364
0.06890006859702918
-0.21879909194890712
0.04087200393100735
-0.30387278984920435
-0.1618098977342319
0.06105586091926582
-0.08627430444977523
0.3063778005067559
0.0755189517713756
-0.12464412125996689
-0.17212764590234564
0.003672028392834651
-0.12984330088870794
-0.07184843231686247
-0.06129405122796596
0.3403533066048342
-0.04932653250575717
0.3465489257106727
0.32718880001169615
-0.4386267862420247
-0.3162049776321195
-0.0026898016706378694
0.20509165229498108
-0.09030600379119881
-0.24201715678551047
-0.19702398314504835
0.14400002599218156
0.022602683235887922
-0.522224007818565
0.05702053260385552
0.17645465437486124
-0.27512504082687755
-0.4887401985534434
0.13261479341027838
-0.18875191949542078
-0.2175270667698555
-0.4275968368995291
-0.020877087993283854
-0.038842612739476264
-0.20197699951861883
-0.05689306695494686
0.057209025420823796
0.06475436096331916
-0.004350950765247048
-0.2605565931554197
-0.32097563090829223
-0.30366979856002396
-0.04921814140128495
-0.236812795623908
-0.16649222392678537
-0.10126474954192717
-0.1618416361334291
-0.12522409309968124
0.2197517724009827
-0.026778926139305236
-0.1894727027822834
0.1249129965410098
0.21619574598697988
0.11038653937266144
0.09239938005237501
-0.10673988603185626
-0.24992481832331287
0.10036174624743618
0.014926262616834508
0.1978665836015361
-0.1321597523377468
-0.1597415216282934
-0.2529197737290446
0.3377865858675864
0.06698127147791852
-0.14872734852576264
0.23664554771455457
-0.08110781147339625
-0.2423899896358285
-0.43812151982399417
-0.3292177536479469
0.019204019003284372
-0.15357451026745325
-0.28072966873917427
-0.13310750813630542
-0.24334059804625935
-0.24518307147346147
0.03162309524812002
-0.1486370487175023
-0.5262446101179293
-0.08627941049975946
0.2935329547101933
0.052981296639128185
0.10051195839868496
0.12423640077242888
-0.07367765106813372
-0.43118031766028503
-0.036689574218245036
0.15182002742331602
-0.21987233016732993
-0.3447044093527268
-0.1808961578467058
-0.33067762996138084
-0.017383817425279065
-0.2724246852757222
0.12297590385298715
-0.12971043177693847
-0.0004188247362779438
-0.028645042991485868
-0.1834744134130739
-0.13755910144779404
0.06866203735128568
-0.08999069914261604
0.1660053093021544
-0.15949034788497993
0.10386092655547177
-0.19141940345425298
0.02622439442990989
0.004854523511755965
0.18293873007579362
-0.19430233737024766
0.22103107543242093
-0.41494347213578264
-0.07144726330471882
-0.16819016399675948
-0.007403884250752949
0.30381856961694026
-0.09768616052750294
-0.27398159103790415
0.14016312661496844
0.19490875776577649
-0.35486069238712775
-0.23806504011416937
-0.5429680046529348
-0.19602685805043818
-0.0001978016837513241
0.03942638537821109
0.2339470499564175
-0.21656439302740463
-0.15795676654873736
0.09455235504438994
-0.45681863850232995
-0.16070541506210792
-0.06122298311591425
-0.3375950026675805
-0.20054672849409488
-0.17951474393690128
0.10304651852156275
-0.07350177588510633
-0.04224395876908357
0.13082829385836206
0.02562483588828668
0.1436130895918776
-0.1190897369301273
-0.22782446716663038
-0.054399824226814386
0.15071814110643794
0.32434303716121504
-0.24742473573894835
-0.1307039840414644
-0.009940903460710407
0.08380125217443006
0.1658219881636277
0.08537155766175152
0.17043907214712817
0.20237186794178352
-0.09546439086122724
0.18252508179530116
0.17805224619694396
0.23875459839378255
0.05815727943973103
0.06075780297171082
0.11995201502993703
0.30568204503390345
0.3035255184238838
-0.05966016803097916
0.14315036220713565
-0.20504533956604545
-0.15907336246028414
-0.45047400078119465
-0.27800218727965975
0.026978531440380836
0.2282927314004617
-0.0028869266088726014
-0.01644563449538138
0.0312076141677532
0.018459065117657467
0.14342918134914373
-0.03853570908995674
0.17557389367223675
0.17539745214806127
0.0184081051508193
0.0960770386818931
-0.020699872335423145
0.10840480393444088
0.3700207455457795
0.06906752201338727
-0.14144063498351447
-0.2477294591392052
0.19228174927971312
-0.017981419415839698
0.058764391489363736
-0.30527288538113423
0.13843332504492645
-0.26294005288281186
-0.0037890276430089377
0.05653592706778318
0.20438716137120508
-0.19413801260755106
-0.1466683111197611
-0.040408459877492
-0.012296007776474209
0.00909707501578311
-0.0199722558141028
0.20156005355728943
-0.3551341873643704
0.1775012607074578
0.18831340943051114
-0.058751472713809476
0.11930490977441999
0.0224132840053692
-0.02917153111103647
0.10016312879996862
-0.47440711826650567
-0.33200024599614214
0.05302905111598169
-0.09864532497718277
-0.0006342018823066061
-0.08725984349265034
-0.5738713560592249
0.021788913878680084
-0.10714311573366504
0.061001218225154204
-0.034268664657062686
-0.3792355770688941
-0.015112967299017937
0.2856295253406352
-0.22685626655186852
0.25182806983001554
-0.15643357616053744
-0.18410624587677768
-0.06158376883632836
-0.04500530474802801
0.0957157971098413
0.15712818700603873
-0.3050677070606891
-0.11776000021248093
0.23753485447711611
-0.03350632805497989
-0.06917520552252536
0.2258586337863344
-0.28960608133697796
-0.0302638715695343
0.10215037327445435
-0.16229326458456336
-0.07211532942517741
-0.3183491282518765
0.05430584907093831
-0.32359376070982504
-0.3657610049926598
-0.009692390195925932
-0.14091687363235716
-0.03684821575165334
0.07282299959156768
0.2361465318415562
0.1356838750060637
-0.11977257822438427
0.15711724428561152
0.05258482048906761
-0.23494515827322596
-0.22393000623992235
0.04701760853628919
-0.16129484178036674
0.1569410778934823
0.08541815890331914
-0.10604151727648717
0.03941550328864669
-0.06192150486932373
-0.07484211990921785
-0.026751067716249327
-0.042447008725577766
-0.182333272343605
0.08054290317677046
-0.05590873986213268
0.11864543449486756
0.04190748647731144
-0.08167706810520273
-0.11913479314423026
-0.01547699716056553
0.2399805012508502
-0.24181355337546473
-0.06501114464040299
-0.3171500456060284
-0.07005144194366926
0.05808286422099754
0.07067176650751966
-0.019259096736834777
-0.12476884802418502
-0.023923119121227892
-0.21787062688143044
0.14279174723170784
-0.019789363756718647
-0.047456387448176186
0.23714561787787541
-0.20105879143683764
0.04483661491432998
-0.01054421188955337
-0.042718441137795125
-0.4176567507008047
0.07927594321252233
-0.08604066706666798
-0.18070394065543935
-0.09480187475038332
0.08046114265488982
-0.006197852920669109
-0.1353194719590276
0.14160502969231709
0.2903001845038846
0.08664208206115186
-0.1529213871100395
-0.08532777290235535
-0.18672652949987623
0.011713345750478488
-0.05909318148865371
0.037129409974491934
-0.010258064560786529
-0.04658609334887477
-0.019123423117976823
0.17250559560883924
-0.039303743308954364
-0.010743526967213113
0.20703990143426143
0.09441522678868389
-0.11945779919979384
-0.1050157661865203
-0.06316477970889266
-0.20178763079991488
-0.016823713639206386
-0.09305658107468663
-0.048559412994185806
-0.23181849376113736
0.0768778422854952
-0.044433913712047704
-0.05253837990871921
-0.15511481980967057
0.19269178357749586
0.1654950826463145
-0.11268687149466955
0.11861503561498025
-0.03888442067851889
0.10148124973050685
0.1674945662899203
-0.04728050016676858
-0.033180046336209884
0.08213752214811255
-0.0230039128975475
0.1326528790102345
-0.19872501552605987
-0.1780498679295984
0.18199495343339941
-0.10401825809600819
0.11502077222447113
0.048751352233451895
0.07695041587072923
-0.2141230237362798
-0.04593239328353786
-0.06903974785005144
0.11921323977192119
-0.113351923630467
-0.0009770605316428793
0.20160912349573912
0.10952085658903585
-0.11293696245356923
-0.04735546658147655
-0.025960168246278652
-0.02943960707637007
0.003613922738798744
0.15521178424125437
-0.05615478224523356
-0.0926697897619451
0.05662035568500915
-0.01169495207616303
-0.16585817570018996
0.06271557753431883
-0.011541517104286223
-0.0873079433235695
-0.20264228829797487
0.01381137442776574
0.012443487478671652
0.046378174349625136
-0.00791202611349855
-0.3210985549507598
0.11395332491006474
0.08492402686783582
0.032311878198190744
-0.1202357882455945
0.04668109593632874
-0.17824491654081376
-0.2986811080977417
0.19583263714478952
0.03482854234754388
0.11663813506350909
-0.08219622908037377
-0.07732421314514988
-0.17139779555545603
0.2399478744108758
-0.14679506847712515
0.08487999387495496
0.007612858732477403
-0.12381496611215098
0.12416259327024844
0.05383138585526055
0.34868921506727946
0.024456918467455274
-0.14718313765376528
0.021732578213319635
0.10022802476087396
0.032343031247052
-0.046113897767824784
-0.07157910010656797
-0.04575519678611101
0.09735987723545397
-0.08150161905192115
0.0978814549723912
-0.10440053667046302
-0.10215908229282288
0.006492727847825837
0.1584115487798021
0.09599740330073038
0.03237823197363069
0.111332605554146
0.008813497483382051
-0.08797611699353802
-0.05416737867556089
-0.13999060306234246
0.06948055707867093
-0.09062200815254602
-0.033336944331143314
-0.13611800260071558
0.27518244218078247
0.11133551178898977
0.0820615101096062
-0.15192760109120615
0.06726303260867332
-0.06011149545300334
-0.06395723382545403
0.24642338019630372
0.06596701295511526
0.023167844834237276
-0.15482091305699985
0.06792740754704558
0.0814578617742566
-0.09154730568776093
-0.03401948629482535
0.12054043939367545
-0.023944647837722658
-0.06611787332082102
-0.09497123974634916
-0.1182834373178679
0.04171925702072615
0.05732198599788043
0.1717695329103832
0.1973785012527338
-0.18479258222637723
0.021200708959350095
0.09241597758547684
0.16322561488170673
0.013384541329217433
0.00636512704651676
0.14186434622491573
-0.07917344575809152
-0.13158923083198862
-0.06957298061897473
0.019267173349135677
-0.16360190553061563
0.1115194193891869
0.0463654213227269
-0.060729775261057585
0.0752841388369404
0.10451353165173301
-0.030549092639122977
-0.000722500416231971
0.07977647681725611
0.10586427905481163
0.2699370896721017
-0.20224892304375072
-0.08240165955591343
-0.059977328437895466
0.20630357405395808
0.02116712570783872
-0.08622295656502697
0.007531853178754618
0.07276348997556623
0.1656001736181971
-0.20997736484625973
0.026667703206795783
0.10613172658462293
0.06359297437026382
-0.17742681771123647
0.12476235378724444
0.04939267677191588
0.22030141782934837
-0.05771728379944635
-0.14472881190974893
-0.12177343562602524
-0.027648759548862614
-0.0851367436216611
0.056752930945888555
-0.15390573147592165
-0.008713591694804242
-0.024122822034486548
0.06361073460173633
0.0777321818424328
-0.06860355865180559
-0.13043838819260314
0.07625345458266276
0.06688653094764228
-0.06065821256652531
-0.12954614080996793
0.04591202511372062
0.1541990694345127
0.20600260187973327
-0.24252648384770467
-0.25736090975731557
-0.10306123225497318
-0.1931279318004157
0.0725581633957227
0.07643369120800601
-0.35014366676761666
-0.03882181929256906
-0.22473200284536698
-0.05933828576706155
-0.024321487662042573
0.0794363606622838
0.3611718456140773
0.022378096504114865
0.01981778355169331
-0.015468355408257332
0.16155004801053968
0.08582720410495755
0.0012054961890016096
-0.13657619255829467
-0.017339308385807876
0.17244605885305925
0.06220835348749611
-0.07547884820261849
-0.052981593306698806
-0.3947021509217447
0.2707973096691942
0.08125337962631009
0.2979378857116149
0.044683335561698505
-0.01839552422371629
-0.12124944788014387
-0.009012374439155433
-0.2244284910228224
-0.25205882843431876
-0.037668473772305484
-0.06831188154553464
0.09249974363662414
-0.04068826313304269
-0.09944220260536497
-0.08433335957992572
-0.0035881290317816648
-0.16158430000715426
-0.053566707033207726
0.013906678212066469
0.09639636069549225
-0.0549500104174375
0.026145479552423377
0.12652274590396106
0.20920520289226188
0.09162907555395257
0.12993508459768272
0.03505457694137127
-0.003663315438929605
-0.1631622389575585
0.052927771521318036
-0.18944232334899228
-0.08292536061408642
-0.08308299688796883
0.282883627877306
-0.0470749655443708
0.05343555555224751
0.07245524430379112
-0.18674438966135729
0.1369102039021721
-0.19344777752271897
0.04680120394958388
-0.3737998765154865
-0.14585730110239759
-0.0049983344402252375
-0.26893502783154466
-0.03395624651255459
0.10622498820523561
-0.0018979688806878992
0.2668379629440095
-0.0881049853826587
0.021763874890043076
0.10817592632753507
0.06455700471343044
0.3657193293306405
-0.42573887354952683
-0.22664902513229115
-0.04263721101712184
0.11315119755877485
-0.02519936883263849
0.4547841838660075
-0.13104158810804128
0.03235596957022976
0.15697196868532162
-0.13314546614863823
-0.15713337700048952
0.07501721036728826
0.10119901834277652
-0.04103515912772996
-0.24288434221406166
0.017041776634111674
-0.5367568640055964
-0.05193623889258435
-0.2985314374414082
-0.005185278969742271
-0.14459695222206884
0.2850226934553095
-0.2075720933208483
-0.2569821089924378
-0.04355571266948923
-0.17315403597158716
-0.04080575766178621
0.19984972044104757
-0.2492019022010982
-0.1425672315197807
0.17360871088582028
-0.2269494268490091
0.16369603458524892
-0.03477294253922086
-0.28682629438236723
-0.07732220949442477
-0.4077154938310627
-0.5103243001516463
-0.15562294825230852
0.004658159316363892
-0.24351939140957132
-0.15278567805268325
-0.22308329469759697
-0.10913027905537093
-0.0032533560449569815
0.2878901809915073
-0.01724125732063881
0.04602857518231479
-0.15427303818827534
-0.051748046391865685
-0.2538851852048134
-0.06035932864850119
-0.13192636222539772
-0.2331760973050104
-0.15847461819737857
0.3547325381516718
-0.4385337157768786
0.024277855018590654
0.26738461661102114
-0.09223300513081918
-0.13542131158569487
0.18668527302753532
-0.1979235240132453
-0.14596657287596884
-0.09132858436143933
-0.24779174450954186
-0.4325394068683622
0.06746236669305236
0.00430994851670541
-0.10104491883793217
-0.39311662821722393
-0.3807869431890491
0.2719492107502209
-0.3589857807068449
-0.22344680410937662
-0.06754601596662768
0.26972215706119596
0.0011349498405635323
0.14653558168955455
-0.3110924946042354
0.0833434560436519
-0.1589185314465727
-0.050021925921994545
0.0016222311312663505
0.1255604307104513
-0.06147111156106225
-0.038580342615367656
-0.16928710193704935
0.042397950064062995
0.004285240553163808
-0.10261232888658751
0.03656595000496634
-0.238456260889301
-0.2649984809025716
-0.13785769697045985
-0.09785920865591757
0.18289040772238174
-0.044854220926354375
0.2506927846163566
-0.2099359696090097
-0.0895147105474705
-0.5676758320410599
-0.1323513492960371
-0.0589787563511231
-0.2683019037747966
0.22246355197653206
-0.10353358629868321
-0.11078738264822881
0.12074794936786955
0.1651372601994008
-0.039611410252250914
-0.4699534235511764
-0.035045761884032564
0.11948992330669847
0.3584556392983938
0.040646030753981655
-0.14146802314295
-0.059164266999336204
-0.36773302344327546
-0.32590476092648035
-0.5541278548566416
0.03639682760960208
0.18078664840951444
-0.08443527284515707
-0.18446060366757397
0.23134091650902838
-0.015099339069074163
-0.28290842706651437
0.042377302697246155
-0.10369241561468964
0.11313013651599971
0.221403673627688
-0.14121804016761055
0.02012458921274894
0.144711366200887
-0.032554124515675374
0.10505547346959643
-0.02589630511370241
0.2209438796345928
0.10467955255995695
-0.170955094580002
-0.12652362116746393
-0.14754493312384853
0.30029598224344634
0.16467567027895516
-0.24405317947064797
-0.1449106083193005
-0.3910874123737117
0.05632009799361067
-0.06369604106712785
0.095445116699944
-0.17787925403444782
-0.18412613149751758
0.02268638995960252
-0.10073642186379508
-0.3152327048533825
0.14455880146334477
-0.20225767890820318
-0.027015765210533456
-0.19953596015750805
-0.003491653957503625
-0.10789995147071413
-0.30106677722735425
-0.3259047733507628
-0.16636835590074317
-0.15462302907736142
-0.07186282665051828
0.01413310230829787
-0.11412302437185537
-0.42153886152638614
-0.07004636141240725
0.16973805541193712
0.022973909889527553
-0.08918052922256256
-0.007138281670994691
-0.17225788002521397
0.28990237892182663
-0.06449111622248875
0.06509264549246664
-0.15166939812656682
-0.10886882529200191
-0.0646240803901969
-0.17694616430475296
-0.18155795871164876
0.07220392084108264
-0.10179460301856388
-0.14442652874719672
0.04697062651090146
-0.21060957981293155
0.10944711361621895
0.15004130432433363
-0.06412180094479232
-0.05031527928379442
-0.16303325790861367
0.24791463180476742
0.0016423635779275068
-0.02795153909109962
0.061630760590960676
-0.17542777477585775
-0.08877142970927815
0.06506124500987648
-0.0054567227875933315
-0.09379550711427823
0.06775306294724655
-0.04106871772218267
0.3049078788362975
0.14113279332687584
-0.41635905619474894
0.07251381498584937
-0.16781685856775688
0.02772294402323413
-0.06668008450113866
0.056916358207178816
-0.1998907878037984
-0.02364801533371689
0.017106943828833123
0.043377376187738695
0.026848778786223777
-0.1953385995500871
0.2102111166922494
0.10878670675081815
-0.1858858100582531
0.15312192775564698
-0.029181137749062145
0.1068994205085356
0.19446373883248755
-0.05696580585605999
0.07447701227544608
-0.27624038729224215
0.022468022788680736
0.10593727704750538
0.016118026944535756
0.17525675143790395
-0.18598259638679174
0.053385672095615004
-0.12639320558987802
-0.0792491556454457
-0.12852181773407495
6.90442851325254E-05
-0.14917138669136687
0.1030615521269522
0.019750653300252056
-0.012695832495296565
0.36279050013547887
0.04207808653619089
-0.039572265043394686
-0.24208659344485584
0.07437501702106651
-0.1588956939915119
-0.06858136905095007
-0.07385094386319283
-0.057966876148269036
0.2811677462499164
-0.05548867328291158
-0.28590632989747566
-0.024051194478385596
-0.16211687660537208
-0.009089426565817153
-0.14717096420798356
-0.25179319057253013
-0.06280702087223373
-0.32397962054180357
-0.11752696635858594
-0.12056546264203324
0.17478313273655363
-0.45508328199668885
-0.17619971958490913
0.08997233941438604
0.14434986355574356
0.020461332845818764
-0.4218087000518503
0.26476246379092555
0.16358892590297472
0.060863827335379386
-0.08000273443771834
-0.04191179829927025
0.13934899827466138
0.035898078122079395
0.03190950325029922
0.07690043647480674
-0.013199103104307646
0.15686685882960882
0.11575090390412233
-0.009817335344844372
-0.06371589792702431
0.04801945817796581
-0.24802470306558666
-0.19011095422038216
-0.3284439457655519
-0.11531718190428576
0.31077456703544853
0.32058923189483324
0.18109507156093724
-0.005190835821492308
-0.07738701834410959
-0.20947850638971033
-0.14651947791748762
0.11693445646065198
-0.15593926652383686
-0.2178784560969572
0.5475503641861869
-0.009660069950622019
-0.12807358722145518
0.11638629893196083
-0.1965584288713469
0.057265588613727644
0.18425376185712034
0.1698606488248826
0.09104206790932688
-0.406562479997573
0.1109021708514833
0.009601193662580646
-0.0853477947114016
-0.09425546456416474
-0.008929946167218194
-0.0017658751685018408
0.05107554057187407
-0.05296638723021878
-0.07874094053893094
-0.17166972296426034
-0.05367398170637411
-0.21478732896228958
0.030148218305858416
0.337545799652513
-0.12337069217589519
-0.0008815619136812341
0.06147338505055429
-0.12062798689420536
-0.118186098874571
-0.3344430666880398
-0.01986283028770402
0.2068288423828643
0.2407164050967972
0.19021735080361796
-0.21601295856862054
-0.18052511785004152
-0.050595817115735346
-0.19535329326269713
0.075402656013211
0.36793944485858415
0.13294090793910684
0.010789286383999524
-0.1285695275822748
0.06800436548978807
0.011583363661545018
-0.13948385215692416
-0.17134331328819177
0.10810380112858892
-0.04735778724894
-0.24975215550661964
0.0012998099327597428
0.029630185507972424
0.14330019884207754
-0.17651966940412434
0.08223202470452545
-0.07021204826432559
-0.2211441049979101
0.019195089179922804
-0.02213928838864787
-0.04102333482866732
0.18783339415818345
-0.05320834087072009
-0.07086513002458618
0.15962229175093046
-0.15945833022212766
-0.08114393104315307
-0.27438219129659497
0.25462907183441935
-0.1860254500106411
0.1534775934744755
0.033889572725781365
0.0021013372957111717
-0.010242407632574316
0.02337904289409343
-0.03469748092128239
-0.026207647953569273
0.11178135527049728
-0.023400962607444255
-0.198213802977261
-0.0972119396624764
-0.13994947409450084
-0.1816823317461637
-0.06104637577328845
0.3679355676336772
-0.331687579030216
-0.39120347081635704
0.022026639616844142
0.02864813780122879
0.002398139478155357
0.05671202530787212
-0.029658323280917446
-0.011975422598478214
-0.0026652312550630402
-0.2248187760753393
0.3176805889221782
-0.20264516470907268
-0.06260902037304572
0.017062639264199608
0.10572760820179875
0.045339074853584176
0.05311277976669442
0.22311233284034188
0.012529767441179885
-0.37066832192454413
-0.1988179357674168
0.09178795669553419
-0.14169676592197267
-0.0337118877903187
0.07949570105985035
0.1486197344037016
0.07328085133320983
-0.13635835454622325
0.08548447183883143
0.1252175786299187
-0.10630365618048931
-0.07639160431444386
-0.017203996914344467
-0.11368399191963738
-0.19445262466889376
-0.18619689691319677
0.11939427541410778
0.3526217317346461
0.014507026680638026
-0.025449750047796926
0.30477317579341967
-0.10127395688331911
0.06018804624513529
-0.2348986033894533
-0.2266141754212083
0.12065690123888882
0.10669276151490442
-0.21124710052130352
-0.40210438823761074
0.08605403788008731
-0.012326762082939568
-0.27775852118702965
-0.14881504450668318
0.38375036092963644
0.06350802697454239
0.18495070186094037
0.11159762627760239
-0.049778752037354955
-0.19935056295694736
-0.022631734714038426
0.2791372517764938
-0.07551442373742817
0.11534473463727149
-0.041295362684890854
0.1338915346970298
-0.14405143850453433
-0.023508915392638573
-0.13261173189269657
-0.04978704492919193
0.04077324585198891
-0.03347059033113023
-0.02798588250723254
-0.046407808789103604
0.06720383135012281
-0.021302436234735066
-0.09928379561234767
-0.09153007677351278
0.10785261571201768
0.07578070348654703
-0.01676158933332949
-0.043122178574709305
-0.2687694288293502
-0.14595241635843256
0.031006795589412085
0.00966162094119053
-0.24003934380203748
0.2552193364891953
-0.03259264274611083
-0.17364817896887957
-0.25119516655193525
-0.004164528178384013
-0.02742129429485251
0.0051430640260831635
-0.34667905884807754
-0.1704728341847378
0.024196793603867194
0.10268535724005516
0.18603475488093182
-0.1043240534877048
-0.11617774755023691
0.29345140850773416
-0.09860918505338158
-0.06640688637434694
0.15181645151444972
-0.20196788075711475
0.07586046071779526
-0.2522509797314392
-0.06397283060363819
-0.09515594845546047
-0.02443829820651785
-0.15645178487782785
-0.12967249967584696
-0.09345498074677187
-0.06983687438278857
-0.09089391331904641
0.07370229626838334
0.08800557543880119
-0.013241145495733866
-0.2580409086994832
-0.007058415165953894
-0.26103459912438337
-0.17507404615951622
0.028779073820459786
-0.05074054697091854
-0.17686251439416292
-0.230491956998889
0.06120159491811419
-0.19294423756686024
-0.013220044024794111
-0.1202595796086531
-0.04838490880093387
0.1281053000737579
-0.21177179952815253
0.23637049169117408
-0.0895485608278269
0.05338060156230046
0.10372102728939521
-0.05535908399679571
-0.28310014562844443
0.18437181240461917
0.1446808627029744
0.17454235245302643
-0.01877119854410826
-0.040954673497261694
0.10045114642154798
0.053907498455667696
0.1548791887299216
-0.1487315126915951
-0.1632786279942243
0.25911527475263174
0.23643731892180128
-0.23806952140992776
0.030874238335451287
-0.20621709229880406
-0.1714716332510354
-0.19065291453935526
-0.08423717857749156
-0.022467374718786418
-0.17590753393416061
0.21215216264861264
0.14259846885188115
0.10429505016946451
-0.4661651085695627
0.1208474330106477
-0.3053471997007327
0.26326234859370384
-0.18568409134795696
0.0036355795761451085
-0.23920899132346699
0.05527629430984652
-0.04681090296853256
0.14303444504503285
0.1500185007833232
-0.009303673519789482
-0.226090451815457
0.34277110181534876
0.12284101587930772
-0.2623612047738214
0.08933229245828435
-0.24292796269988398
-0.0011076505828515222
0.06040943560863825
0.09839111489330415
0.009266337853381127
0.023651877873035
-0.11782322770053852
-0.26287075405100585
0.12479326573849508
-0.16181257945381475
0.014734650440350957
0.029422657665033262
-0.007626994194268203
0.0964448624721679
-0.06925071090180251
-0.0644868218134191
0.17901564324005934
-0.24357925278612688
0.22711142158482533
-0.06588131157194739
0.1459519541841421
-0.1547916054404507
0.07969573962026007
-0.00643298443701658
0.021583524332652326
0.08129978081373947
0.012677982685173329
0.05336490453183126
-0.3294722333782187
0.051784482492312184
0.14763731467681726
-0.036851049767592486
0.11014076782203261
0.032233849341215585
0.09777990978938442
-0.30106346272745826
-0.1368921193722231
0.07464671074154049
0.20818358671461612
0.04652471011868652
-0.0910545773323947
-0.1458250137187653
0.06848024516037952
0.07897589679677254
0.059318446628095975
0.28453334605977243
-0.019751093888156473
-0.1953225133378524
0.10117202257710826
0.14472657795109287
0.05498157863783274
-0.003119690312375846
0.0723961777330936
-0.05928685279166617
-0.15902585334458277
-0.12171643036414476
-0.2389407808010528
0.04317488249204405
-0.006728216904736628
-0.32986206259093015
0.1768429060971423
-0.12479818080131942
0.153975958925235
0.19632806921022913
0.10934279221200759
-0.3476049831933301
-0.31605858175838253
-0.2953130965594699
0.4383468909023075
-0.24940707702099696
-0.05935381875360318
-0.05042342977255552
0.22369705226757347
-0.36498762464275286
-0.021844451108165765
-0.17047508529131486
0.23521293017732078
-0.14239270887276648
0.03967400086562087
-0.18181322890059748
-0.06924620185793545
0.10723275576052857
-0.4447670683827995
0.025146942510935046
-0.04650771909015315
-0.05111842632414138
0.11603817997189139
0.0774139388865242
0.01616083058946581
0.07389177807314881
-0.16005118557614192
-0.029575758011552423
0.08932282586770553
0.019750038361811776
0.11166898882481138
0.16594329008122646
-0.03154233650249964
-0.06264154942967338
0.2905650464240076
-0.15200106207481104
0.10919977311134892
-0.28781374429888623
-0.09153977200029942
-0.027028635344824685
-0.018105939568315937
0.051575585566737685
0.05435165584207241
0.06742961059949902
0.0010422400426646806
-0.2683811633946513
-0.002901986224661202
-0.1391045678629826
0.05890108464073095
0.14995611133898504
-0.21133031589131956
-0.084228502582157
0.14819774154369492
0.07679173780901605
0.1917943939129581
0.17637551913790672
0.042133631023018696
-0.03648269738222193
-0.09578928723148421
0.12565402837410505
0.047849723415018426
-0.44211425236133195
-0.13346857882579322
-0.03175853450971237
0.02887827606801539
-0.5010981450999191
0.04880853041602214
-0.2616205730762618
0.15661000076715054
0.002116841720502703
0.2470381401902488
0.01079257980093522
0.04992522020303739
0.21442737427272773
-0.014312941102119543
-0.17603528597615134
-0.10941834336969125
0.19285815086823926
-0.212617786064182
0.06666303117992961
-0.19581145739573796
-0.15499630332134684
0.26251972596367745
-0.17870568495938366
0.11138587642863673
0.03890640414094451
-0.07862514417197632
0.23225746820873933
-0.23515557210369464
-0.16570958011677953
-0.0772349886597813
-0.10755923996416375
0.08611774497646191
-0.16064195587570398
-0.19071306539168478
0.18681633007598455
-0.01352105583452225
0.0368897606749624
0.02306278058170871
0.08721076170717745
0.03212220412589307
0.06107654209941327
-0.06562950983224056
0.0577769993600074
-0.09921906987790914
0.07084919860153642
-0.256903627299199
0.18146161909152575
-0.2866341068993605
0.18131281812441014
0.32920954555436455
0.23334965284311227
-0.03706767575336765
0.071868827640776
0.1591565877067935
0.050514188014754734
-0.17206672928226835
-0.17051346567350154
0.002208875456986253
0.04335907125661951
-0.007529903233366133
0.30431846203486246
-0.25245271971039
-0.02544132128024934
0.015106209706924023
-0.15342059909760117
0.24098454236891886
-0.11570742911278938
0.0856023424213957
-0.18185896617840516
-0.1906611714469886
0.02893200653720303
0.464705707948743
0.0007318270466463462
0.07624224754042942
0.23676270004496336
0.13401393415574075
-0.017412175769521154
-0.11602737143705631
-0.12723570777798907
0.07173677976153933
0.07413296417643998
0.03172740961381316
0.06635615334842182
0.024125135253117616
-0.1859669914920769
0.21275472097811837
0.05946472663178414
-0.16946522052114407
-0.06299482753452838
-0.06696926191610539
-0.0983453870638549
0.21353242729484279
0.08137566148905816
-0.2952857731033329
0.12848329776871056
-0.17536492209246649
0.10018452281328999
-0.28765428609241417
-0.0020804551166821754
-0.38300676823286167
0.048139377932513175
0.17455727531357507
0.12180604794806477
0.004946606673509984
0.038456283771836
-0.02121544560220312
-0.15621070020443806
0.045081982995331275
-0.21167991569104097
-0.12950578635276772
0.10802626021357851
0.17855917054460815
0.13197528237164313
-0.032662220816076386
-0.29804242192503266
0.02124393150530871
0.00343400764361435
-0.06316978366656976
-0.04338137857689814
-0.1564206261784064
-0.08136512996383782
-0.5469268619848568
-0.017551329858357757
-0.25829738787407047
0.2820850099289149
0.06158206274376751
0.31844545089036447
0.17717976217217804
-0.2364863090309872
0.03842493255784087
0.05318823057145444
0.15832278830092095
-0.17446321786031466
-0.027426830494631585
0.25823833913120336
0.08606685824091369
0.03354874220037376
0.07712932199780904
-0.0895874254029985
-0.03507206968369563
-0.02654219692002888
-0.12286967794376184
-0.05591332191406465
-0.12429889236266149
0.1333630355433488
-0.18975101849518614
-0.07674823494181789
-0.2241878061547093
-0.2526373889816226
0.06035854255630016
-0.001901414483973895
-0.028193635015016778
0.059515283323577584
-0.0022236529590129875
0.20820180624442686
0.30113596539911275
0.15697585910769793
0.041283386144817094
0.002691743562061189
-0.1655959375250361
0.003873935791493062
-0.1441003874753361
-0.020612664789160743
-0.11524841149797269
-0.18054156402527421
-0.16373114907060246
0.04213462743340321
0.1193589830976243
0.08466665238777717
-0.07159575066323852
0.1092595809620888
-0.0340858332875971
-0.029136486918225443
-0.22314238120694632
0.06060043909753247
0.03860697236994003
0.09049698160930567
0.05674271583400889
0.024461785195339113
-0.04731830910293501
0.06634719506546645
0.30672445967675405
0.07061000227791053
0.15617714028346907
-0.13771086342533748
-0.07960093163403671
-0.16129152499964924
-0.0531926964548867
0.06285229484264766
0.06884142856993818
-0.18105061674321882
0.043622007438787413
-0.03905168759150417
-0.015545288425477926
0.014975121139028517
-0.15197883795561856
0.011070606491124914
-0.0708152426978135
-0.13737056696429187
-0.013939895083411334
-0.1339611303413095
0.136592267128478
0.1598022921540109
0.05640596006819243
0.029499199505128113
-0.022593972113786366
0.2649371163851846
0.04962724999907963
-0.018460749025961894
0.11273388007559507
-0.4274032973989103
0.11725504136782654
-0.13021462655584354
0.1342911923890168
0.08287386627566092
0.2152213900084198
0.22470223821739785
-0.3262996777543902
-0.06565334442508784
0.01809474883894476
-0.030710556132705475
-0.11580235561768491
-0.06390402624288939
0.06897906821517132
-0.0028955838810326697
-0.33656528628879046
0.12212233744182185
-0.1315061298136772
0.22146739945576074
0.16250385523169586
-0.17885660386993277
-0.1564222445917955
-0.16807621220967092
0.0405522707810024
-0.18614027301902777
0.09488176839762956
0.10883637177820736
0.1306597857212738
0.05049683373393483
-0.004714886364407301
0.00836986977338685
-0.017329006480305387
-0.05754561051403
0.010432790527887478
-0.15278638971713981
-0.06798111102139112
-0.37821419482929763
-0.0215495212650499
-0.2042845167270398
-0.21057355063318114
-0.27064015758820187
-0.15252163574543548
-0.14856961667503404
0.0418181546145478
-0.1309435704586302
-0.05016890193372129
-0.011395508122809681
-0.1810955549778784
0.1906120685299422
-0.2680960829383348
-0.004861041261447184
-0.17587175055141827
-0.43221336519097
0.06478327248762564
-0.0033050668733445813
0.1411070241799993
-0.04742489288313569
-0.13377348460894486
0.10761373376275252
-0.3412631441934133
-0.14306540967886514
-0.11144201989022418
-0.12989565999729336
-0.015370107827082164
0.04388088810544958
0.052080086533427376
0.08350583167572574
-0.15663169141691763
0.320490598703891
-0.22582555751067884
-0.23571512822893387
-0.32612757950364
-0.024689241558673514
-0.1293154711104358
0.11761206866572312
0.049281305825479696
-0.26556580109863076
-0.22765946306080617
-0.020390965476379908
-0.1568683651648157
0.1655953210596038
0.21065271308435657
-0.24076214856483755
-0.025728232009032025
-0.2211100846841145
-0.03749846933214258
0.2605473396632459
-0.08624500331373902
0.03462085087920225
-0.08074138055488543
-0.18504363135503815
-0.18684145397516283
-0.07215179589309821
-0.2751575760179667
0.1162697814014417
0.16330526071045434
0.05436117464444536
-0.11821234556940899
0.04158107806146428
-0.06981960834308394
-0.05797193924316577
-0.24943297860572494
0.17728243315922956
0.019238114192185022
0.060504626159166984
-0.2660908044619302
0.03208318670746397
-0.10773636859298637
-0.18168430942304226
0.012808767497387272
-0.3532378212405199
-0.16808245978350572
-0.13660364414625178
0.14266922263741574
-0.2957474447168566
-0.09899111482770122
-0.21387674678118254
0.045109307097109426
0.1110967369268033
-0.06056702170605517
-0.31811441932605367
-0.1647075940354756
-0.029455604809318327
0.07117679838950457
-0.16027224113430055
-0.020085979058777043
-0.13943396952469764
-0.12261933273660511
-0.10629147450319051
0.12508224418843453
-0.21696599044211762
-0.15704875347100916
-0.01336391535553451
0.21992085649977755
-0.04158995477151092
-0.05622004676382063
-0.19101271478724371
0.29115341023040503
0.2062487560113342
-0.10606565008000349
0.04232700354081804
0.4195874183908792
-0.17714287229871217
-0.07540801583337346
0.1084793418810299
-0.2600460122944915
-0.4256288300643021
-0.12083242035960123
-0.04195462350460182
0.02077482194219185
-0.3274600827987737
-0.13043226807943534
-0.23171477093375498
0.24399610720348705
0.20995707707929867
0.20955925233279124
-0.07659956921639718
0.02200853038433116
-0.0022333762102281635
-0.03775534156547074
-0.2945140359798448
0.10692104836221802
0.03151131561939427
0.12755064961259244
0.24540549996541391
-0.0921335930049295
-0.051874323805894185
-0.22471012153635944
0.07975621090342298
-0.12051457094186695
-0.2340853075840372
0.2815098109714579
0.07355936007963843
0.06505734462348532
0.12748188536364158
0.09409279766520055
0.26468977678419153
-0.050536647603231774
-0.07523782352596163
0.04478745792287487
0.07886624427745619
-0.17903126583945528
-0.19782652124960465
0.22791287696094767
0.04069261202423691
-0.055019676759240056
0.0061800803224867735
0.12316304050973376
-0.07055543474977807
-0.047703175692106616
0.06327186591955201
-0.1579067426928892
-0.08498019901500535
0.10383407203948593
-0.1540570090825707
-0.3249954110814403
0.1791599087541964
0.05176881903586336
-0.020570031975911642
0.13811197462822034
0.003133289751145809
0.29940366472701657
0.05324959950122932
0.07790966692623301
0.27472997966714674
-0.011312228260875445
0.07995974451079947
0.024600020199408698
-0.05149889959701505
0.03144514259370768
0.04604879786784849
0.045238658166809866
0.08788259978865205
-0.2806363726744532
-0.10549317207486353
-0.1623561579511016
-0.588158394978443
0.197167037286041
0.047605318269886426
0.2473694048171546
0.1453125159061511
-0.1133535861145395
0.009229902118287796
-0.22478511064416218
0.24311323006143448
-0.3406236348447138
-0.13835270304621325
0.004678962131962699
0.019144880131099808
0.3105692893348565
0.2035571709385699
0.17125962059124447
-0.016576639946753215
-0.20593588204884153
-0.1008737471864815
0.1907234379945284
0.09178128944350855
-0.03812514005687295
0.03606306853508501
-0.4110773181910066
0.034374601054708534
-0.1308749919925417
0.1426630623524519
0.2654509129439028
-0.06089236038530351
-0.4140850542974672
-0.0381460686350674
0.28465445055266897
0.14098134635371745
0.09456594409282364
0.09651487831339921
-0.025677945612418044
-0.26732696775595927
-0.19606630748981307
-0.027118725722739462
0.029775693709830863
0.11965829567988738
-0.10768065983171057
0.11018851299617874
-0.17897177115703927
-0.15888712415790598
0.2564517287094571
-0.07663539841776759
0.1743861925399036
0.13821581457018695
-0.2716185425431635
-0.12234002411290827
-0.2021127044413918
-0.2163752203271432
0.1457303297035046
-0.01058975663529421
0.021665541032476393
-0.09367644619775363
0.0028218546382961325
0.13137244981170232
-0.19470237237861782
-0.13060114378687762
0.03837791114247395
-0.2049764716455291
0.044035622419371534
0.016150411863012082
-0.015487464903662998
-0.2415097110387101
0.011921483006472337
-0.07301713300538352
0.05341769446250442
-0.10515110403097248
0.015405487420822032
-0.14939112310861832
0.12372877027180232
0.04840802067328559
0.025799121846052753
-0.30154257461200074
0.01645561415013441
-0.10382366098219947
-0.13791665432729908
-0.16566205951518223
-0.08733176187040219
0.18090650048163145
0.08101202645261746
-0.05652096247289579
-0.04515363713927953
-0.15626993355733834
-0.06752755168448442
-0.14780419596058217
-0.1337905432255719
-0.07985530682640318
0.0682436027675719
-0.3837919135157144
-0.2787045278904378
0.13338222702946353
0.008861984594567295
-0.07212877136915588
0.001720999001484807
-0.10432687505598374
-0.05790158035390681
-0.24385850358129285
-0.12499871255166434
-0.11777186857687351
-0.15123095780137188
0.01148042755460916
0.1451842347074162
-0.29977160350463133
0.27534950083389476
0.07036757279411693
0.02420050373555043
-0.02711516715276687
-0.22196762811194298
-0.07844313984624758
0.2005121279881684
-0.0388949250946679
0.09601502033044047
-0.21383234683336488
-0.013311709801734187
0.0794490808930536
-0.015163067044994444
0.0600130676738445
-0.05848700438525414
0.13817470538825738
-0.011229712554430607
-0.1187224658376297
-0.15106010624116017
-0.1798985118867831
-0.1724231707157977
0.1822805427909396
-5.360797252611789E-05
-0.38018525522409985
0.1954221612588103
-0.020073930851518082
0.0766789782873397
-0.11140688546359526
-0.0776321674584159
-0.135610108111862
0.1847829323185944
-0.009357222494866833
0.06210193541486267
0.23808931100868172
-0.16211165196333385
-0.11225767930380012
-0.36186299304287606
-0.030563089464302754
-0.17338038567107072
0.01335946809950548
-0.2757719830007582
-0.1917798285511476
-0.08584037155360418
0.19922743001166598
0.036570977776064446
0.009781694200232137
-0.14114303331398972
-0.024581188848209295
-0.24137622507010426
0.05286153388852025
0.00892095389964113
-0.20874098339574082
-0.1543341449402359
-0.1624310309654964
-0.016190060283140222
0.02131247681707704
-0.04415081779032654
0.16560906828902933
0.15186298213905483
-0.22374159346203715
-0.002351289611824388
-0.16277813995735538
0.09135949404557737
-0.23502603254396537
-0.1938652807279687
0.034520890793615436
-0.13348467055632376
-0.03332822416687721
-0.02523814554395216
-0.18106994603159773
-0.10353756812353523
0.16504573740655298
-0.10754040535669612
0.1398115768777319
0.0508144894214813
-0.28979470800669255
0.2275772536846398
0.0769458776147156
-0.17685192676120146
-0.13718769525441943
-0.054474982213661795
0.23184071689902075
-0.057042319644956596
0.001096261638672463
0.31042512262826216
0.118984060237081
-0.019020348032147586
0.018154428007651262
-0.18062396203887895
-0.14952950426767592
-0.041381051261829956
-0.3173159005487531
0.009564894594540144
-0.15871785448997372
0.06138730217512527
0.05337056695184615
0.1502568779665911
0.07174456911105125
-0.19183016097411823
-0.40746948919196196
-0.13027517980400408
-0.1389456533576956
0.18267238112336118
-0.04952429899700343
0.23411746258752045
-0.2983865932459622
-0.2903957584057023
-0.11168102277802006
0.1322544702505437
-0.6113765253503498
-0.15795602975187434
-0.6590656126205631
-0.14080191973556935
0.057044296994528884
0.5424535136527227
-0.13200124975010255
0.2031034123057674
-0.000656058250956684
0.18892312493399413
0.3761832118097511
-0.13322284614342525
0.10805803244262055
-0.1586300454173928
0.06955095825019429
-0.16364651201007538
0.037559874263560396
0.3985733100866667
-0.3966578118189405
-0.3257533199222765
-0.5837307689564762
-0.024784631457677425
-0.42214090994143016
-0.06500874484299939
-0.4955620593526343
-0.10383357085886022
-0.20705353354127848
0.13554441304096726
0.021756346370399405
0.054730295675225936
-0.07160822942966678
-0.3146652230804303
0.02300480172426906
-0.10889905937757019
-0.16531921132153846
-0.37509018478538203
0.14349638465031878
0.06447062719304816
-0.144530360060834
0.29517668371926503
-0.1433886720877909
0.11042780445237423
0.09515379552129025
-0.06694972721705665
0.2916392758636374
0.17457572744012304
-0.5742187433002016
0.1091206671297063
0.1588112394051714
-0.28485522135731417
0.09098239720112221
0.03205808536136892
0.09720522824051267
-0.07898715198433888
0.13708258126571143
0.5085318889364123
-0.28075607692098065
-0.10907076383587337
-0.37207886869652945
-0.10743043060425356
0.11646751816709015
-0.7226862077767017
0.025266163745470104
-0.2276961173084567
-0.14624022668219827
-0.04424999889331404
0.12276271756742085
-0.25608603691847576
-0.08799527326105323
0.13644303249914094
-0.004809936296327297
0.12998301125102601
-0.07632276519436805
-0.0757345183611605
0.050169737460103996
0.046603907186163064
0.20311916865114527
-0.3586997137388124
-0.04917399130863292
-0.26015741046546
0.10332346532493586
0.42483659907283466
-0.19552887670455915
-0.2889864116269168
0.1498514193867311
-0.17205839094392156
-0.2149396907144827
-0.33924755347659
0.08842134395889942
0.09183511389865884
-0.015767927431485404
0.19151689175782496
0.3497658967355544
0.1569553211599322
-0.11507928296529646
-0.18573211737223305
0.45773932887714647
-0.14494218838350598
-0.05457169811107638
-0.2221815836966067
-0.05632307159107287
0.04234887571874233
0.1616299762792812
-0.34207005600291096
0.15259392824347257
-0.26031974823269993
0.10867881679274072
-0.020593897251780527
-0.0724722094770327
-0.26417258740196575
-0.2694404973622576
-0.048327552668206306
-0.026355579120074146
0.05386609434503644
-0.394666384145245
0.19205617310169112
-0.04344828182930427
-0.13166909896957318
0.08023799100561305
-0.2091118689984409
-0.08342833278355288
0.0685105687908087
-0.030018771334446186
-0.2398384207255535
-0.017558218156178574
-0.04376269056778758
-0.17005498901298255
0.29882810640998814
-0.1104581388658021
-0.2963850111949052
-0.21475996506909098
0.02685515386369965
-0.05251271864352884
0.3752471152818409
-0.04427315390935664
0.24345922928175506
0.027043528734730763
0.08695973158502447
0.12452291075612756
0.0936215284611201
0.06567073514974726
-0.08699943990550774
-0.04014537161842541
0.16474300683923368
0.06410459294430992
-0.028890973197991283
0.06038183873118819
0.0013648540687677911
-0.24632726963683815
0.10159512350518886
0.23040953050724725
0.052332907174698025
-0.3241690944326387
0.23470722287367102
-0.3059238408885352
-0.3146540442571863
-0.367555557817144
0.23015777492490422
-0.020120975435637466
0.2703408250820689
-0.04496723767177525
-0.28555177437698115
-0.18529940835235456
-0.03429632906191859
-0.24609573718236746
-0.27923991574529683
0.007920493723531685
-0.1670770964844113
-0.08521695605242104
0.08780212848749082
-0.011010938394295271
-0.4729446406594555
0.07232971303092743
-0.08883121584953908
-0.07030384005183855
0.06012130765852479
-0.03164877145386197
-0.02163859025080666
-0.14411848842605576
-0.03987978838335461
-0.07632717031187974
-0.06753954797811199
0.28730952272980353
0.30848924694114144
0.041117615460133025
-0.05028437747592588
-0.00280501054253928
-0.035886018395351965
-0.10813206251106917
-0.15052183824422408
0.12648119408199301
0.1958313418384662
0.13194854566050515
-0.10453875901995947
0.29712139649657693
-0.03219513196458353
0.034858951303026374
0.1331276584175751
0.025095739867753073
0.2632789447562056
0.1764168996421589
0.21310558722490527
-0.018148252439752682
0.14451507132028701
-0.02259628310791833
0.295720422299193
0.02238544320582668
0.16567858792126902
-0.01588078101691339
-0.3266563235320404
-0.04673032346234636
0.05853506812960351
-0.06695547007195878
0.0427650128527766
0.0018113620920068578
-0.165533306694575
0.16629946463610348
0.14830440826519742
0.14742504155994512
0.1304108024385042
-0.034704697087469136
-0.03948690590648669
0.18858326336497866
-0.10864206019870254
0.19503017425601035
0.04953057185974836
-0.0278397407925616
0.03196544977668288
-0.04953071200440456
-0.06002498363149653
0.1027563398541665
0.3154692166745029
-0.07976536860636288
0.09893232156086997
0.10639107004008778
-0.31521696249827535
0.14789406193718332
0.008368016701861039
-0.1398908930224256
-0.27718351485259746
-0.12734315085601475
-0.08434014673373628
-0.1876588139554755
-0.04745988558559901
0.1289878035141878
-0.05472901977544212
0.013736421060194381
0.07300763299252912
-0.05257442155333369
0.04994293701580992
0.05591946971091549
-0.2656772992137982
-0.5477385958829425
0.1561917679900574
-0.09429113786585613
-0.17307790751577792
0.30035253385853616
0.1168460933441227
-0.01636917038092322
-0.04699754282765639
0.023941952034369645
-0.1826620242004146
0.1923291784825717
-0.05138333113909922
-0.2121715475315595
0.08812685489616447
-0.1773132430605244
0.06028460020200996
-0.020011043400363124
-0.24797093628803515
-0.0784318282374915
0.12749314641623632
-0.29524179139667567
-0.27794812628583654
-0.06321072739280363
-0.06696973083810245
-0.14104468631841663
-0.2939652706295783
-0.0700951694897867
-0.26997321340675795
0.1265484632629375
-0.10097974857512645
-0.3477940780882996
-0.19034913026989125
0.07763083069735509
-0.2592098235105747
0.10843027591596004
-0.11538636917705453
0.19830588572011637
0.08356014521781534
-0.1486828338126248
0.08473636493787855
-0.019261704863848105
-0.1194771131514175
0.026739254055287535
0.22602257092231215
0.17381401129159202
-0.12868431362442945
0.03357213711874776
-0.023555400782862262
-0.012446889028885874
-0.24952267447927348
-0.17724348303529422
0.06509312461720772
0.08757326635255268
-0.25799442377986775
-0.45087333272019037
-0.21346269174432933
-0.0990072320536688
0.12349973797910309
0.1542106098723616
0.13187720248840382
0.05884890447628732
0.12019795637874656
-0.06867086233215307
0.2955601436337902
-0.47216019019185757
-0.23153742478629383
0.0771929069811278
-0.15531200812425286
-0.21780854594367646
-0.19802048605609718
0.00027748358747681483
0.10204901402515168
-0.0316178996254971
0.1995782536450128
-0.08055820174216483
-0.02308866685318124
0.01673111577700185
-0.24080693176892273
-0.05735767520906605
0.1748045944432303
0.08266661791095946
0.06238640704061041
-0.23469264324202418
-0.1062675850363764
-0.053651743798146516
-0.12553673121201023
-0.14493027866242678
-0.021047004260115423
-0.08334993121319088
-0.031003325464270984
-0.06972916411540606
-0.2641401953263665
-0.20188512372855297
0.15823917567460682
0.11874687382206038
-0.39223594010691254
-0.10149093807049984
-0.003443372067754584
-0.3615316959131252
-0.10651948772212373
0.2273876237612158
-0.16704314462981143
-0.039049105625778874
0.06764787751451672
-0.1594438813083627
-0.3006182189787063
-0.22765119677242807
-0.08518661472528487
-0.06976097411051296
0.11021975539636321
-0.04555496348497519
-0.3722361002408268
-0.1794642203511123
0.14753549724479575
0.07772743495137724
-0.17328935884193797
-0.1475782592695936
-0.2888341920505542
0.020340415153617723
0.1184063652057932
0.16609916781753375
-0.05750924817171157
0.10158015647523488
0.23059229686543425
-0.23164155209721654
0.18730898525289508
-0.041185254291591485
0.04176193457199597
0.12954484762296406
-0.022842544715536952
-0.23856763660554486
-0.13469849702563153
-0.035543717484988836
0.14732949409346663
0.10622657590321405
-0.1689106808499526
-0.18759106868274897
-0.06863157375285378
0.36999239820861946
0.04732741554608588
-0.11885901815077503
-0.14712848777289428
-0.319693230687985
-0.4772582121033243
-0.12437278768722376
-0.040921748003836377
-0.10570919940730816
0.2965289347935347
-0.12400720219272213
0.14535693993751453
-0.04008096949233325
-0.09076226950571617
0.14223898891634765
-0.2339122400328115
-0.29137200308943106
0.06563219250300843
0.018723541409849116
-0.08985824289709672
-0.008479755353604942
-0.026304143589221923
0.102815494490512
-0.00694377117922706
0.17219620893995688
-0.08554020067137229
0.27202146294930113
-0.291318720830504
-0.33796385574580984
-0.2614364460791058
-0.16410622123360144
0.05797617618941037
0.05380433418695857
-0.09842363644580648
-0.08943784772908726
0.09479168177683382
0.16552435245456304
-0.3849310792829793
-0.22009981356498814
-0.07180080410655476
0.044277989336550375
-0.13533680779966767
-0.13900306368045598
-0.013423531875880763
0.37910631585269716
-0.01779379025170466
-0.126327800073478
-0.14951815195542306
-0.3264470653588462
-0.1370112025078112
-0.05071548350727844
-0.35527507057346447
-0.08203102287393849
-0.2251464636805208
-0.06124328532100079
-0.09742919180884299
0.019382722736998974
-0.1591988671458856
-0.2846596687383104
0.0038644157413801374
0.17335299221934586
-0.26058656009237874
0.05005399838215404
0.05786722853274817
-0.19052473056341612
0.09546346120159933
0.06254298102004273
-0.29395048888681
-0.08619335834912445
0.13857503236240346
0.16628126312453964
-0.11517758960075461
-0.06028707011275067
-0.06820836027089805
-0.06312338110375951
-0.47747836097446195
-0.19556886212335411
-0.13890712248265608
0.180509905492913
-0.13069090888895188
-0.1150388832174869
0.13443658047332743
0.06272146380550055
0.03818377354532585
0.16740817323389065
0.3133304224809868
-0.022242605775397523
0.3177440533555993
-0.12490084154397188
0.08866014281206473
0.20078811040066188
0.09498326657438913
-0.13762358970801172
-0.12890592948012833
-0.2923601398993866
0.22036939518014412
0.07518560329200868
-0.15077310739670263
-0.10561435046969485
-0.24618272076648168
-0.26748625886358035
0.10816889975885707
-0.14414350165792217
0.24085264149606853
0.07621002802164378
-0.2254716653059466
0.11040548532227257
-0.06349414222125489
0.20575746391312846
-0.11243566882459273
0.11792085708039679
0.24930579487754168
-0.23267941706608092
-0.23947891729899434
0.10018491522339108
-0.15631371144900583
0.22944919337791156
0.06274907345301262
0.16873568207561052
-0.058758119832414996
0.03264169375430292
-0.2402395413660646
-0.1061740918997021
-0.0997256257768852
0.07289183883573498
-0.013103752224609116
-0.12127282073647913
-0.07269697752095701
-0.10776765436109755
-0.06168211637989655
0.06541106548230353
-0.18696646993075486
-0.09382609663152461
-0.07163912893901657
-0.19985822547730642
0.05824892537809147
-0.11588958286187435
0.14638179423903866
0.0970089643000765
-0.044784871908230266
0.07060190951997991
0.21616606137758132
0.022143739370657407
0.18657426252453016
-0.29848293448939706
-0.11675094171740462
-0.11627407533784814
-0.12011056645986871
0.012616874891364045
0.05571982793253714
0.05962467151370047
-0.05065420881094477
-0.12211817687330112
-0.042724266623847686
-0.09091302810394812
0.006853691241596221
-0.2965119625917554
0.06913123947373086
0.0905671664069183
0.017353241974143122
0.017096886538068002
-0.11147664196073401
0.01699176750961105
-0.06615520168104057
0.04664656148385
-0.11000585476116927
-0.1641629057917882
-0.10171367331763068
-0.01131885177032817
0.030541882903107033
0.26588756821361514
-0.0752842266579419
-0.2067954405665897
0.2919580124554357
-0.15984060972382821
-0.04631061522771752
0.09117311680499207
0.08220158250940145
0.04963165002138739
-0.24451132804207132
-0.08680703166540749
-0.1451886425104314
-0.04180088588851382
-0.16015203646083612
-0.001215927096963059
-0.08969011430444182
0.015553060223582002
-0.0233540917240766
-0.14472857444985002
-0.15987821345647993
0.08472665107592749
-0.0023069129303548755
-0.021668972864390918
-0.05901814454861756
0.07145459408430656
-0.12795428157206384
-0.024103611620965155
0.07723091577222002
0.06948543157865952
0.15632320482191508
0.03363167130473154
-0.029228024412169467
0.052401722463997484
-0.045462348410970514
0.024919047605064023
-0.25048652442277103
-0.0656079678886405
0.11182696026093114
-0.11986723583031846
0.12418802272839394
0.034389374490022676
-0.06752191535825963
-0.10720653538467188
-0.15713822246114095
-0.12046437273018164
-0.09641695628153643
0.013236971764292753
0.19622322226853992
0.007625196822215841
-0.2732559556106325
0.16788771256427365
-0.002561038669939324
-0.16811386404743195
0.12793756205480766
-0.060338960225448955
-0.10046296360870537
0.12199860996034179
0.010170422351644493
0.21626414736287672
-0.11480932892493644
0.07819699600249111
-0.08760852387656912
-0.11512201912027298
0.06564052253064454
-0.1310621553888957
0.09923179643551387
0.06366890895119852
-0.03759914468939124
-0.0923157899694453
0.005753607181751281
-0.19864075201981463
-0.03274019419755653
0.12154591969593849
0.05723884442290528
-0.178073871815728
-0.0050162506366811955
0.043317633934726596
-0.002495644342893743
-0.2561427354647555
-0.2832983545999766
-0.22569815951311778
0.11031029657452025
-0.21337974461151266
0.015412796795631518
-0.23362323101575228
0.2897547348162987
-0.047339378126243586
-0.16716903900954194
-0.0701394771745404
-0.03981617718883453
0.1461589362928928
0.0931503091938702
0.12134124009762395
-0.18002660297737474
-0.10199678989595508
0.04099686859867072
-0.022443070832661668
-0.06112286449762693
-0.3118157283359379
0.011082722109921887
-0.04484798264542453
0.15306466730317442
0.09418125066685556
-0.057043265943964944
0.03471707443462242
-0.1153398264999427
-0.13477335966590506
0.013743930500295225
-0.02646694231751919
0.011988314189135119
0.12877180385450027
-0.2333960065435574
-0.36132871895112895
-0.3718099086210642
0.02243361627639693
-0.017955688518056304
0.2608278729344217
0.14393238601506647
0.007517216229384369
-0.21444681813896319
0.25202270243072095
0.05883630890037119
0.11954303349823885
-0.2664842776913555
-0.015109371306070577
-0.06823639527036221
-0.024072856674442627
0.02546492062110891
0.19833766196308822
0.07887070180931452
0.15564913749541964
-0.1687173162078907
-0.4576532638508821
-0.0808605335673142
0.0167031884876568
0.04477697396414307
-0.09975272405994456
0.25668551555577834
-0.33244785739818583
0.12505847297022077
0.1883040691263396
-0.18373639612545872
-0.1251553617212715
-0.03718201067798144
-0.13674931086424286
0.13209649560358394
0.1828630763901948
0.12290971211900083
-0.03924607930169983
-0.10613376528226921
-0.18338681081812158
-0.0659314398439162
0.0029323697804880715
-0.013875532015505733
-0.3039760597943232
0.10927612756394617
0.009866916362517082
-0.008194609004169809
-0.32434769156359966
0.007193258432008532
0.1849251575072409
0.11960669409500727
0.07498231308691473
-0.05043693412987275
0.010798706366547438
0.1749275663538885
-0.041758135720293375
-0.09436198791816987
-0.3880381304937739
-0.030576017428837976
0.30147691025075574
0.23024900973285514
0.06727022676925061
0.25277904711051
0.03508710222051338
-0.13241789194563786
0.3070560448586846
-0.0957809568996305
0.004768201884927125
0.07288037584238354
-0.14086227478085392
0.0992074639901534
0.14144695869782478
-0.21893248696710932
-0.12011297081027382
-0.3202315502633506
-0.06622235464956772
-0.04644200078180899
-0.08797293648911728
-0.15596216819956324
0.024114605620936484
0.11041764260140909
-0.10962315871345275
-0.24170542383721197
-0.11706432808442613
-0.06512781900397513
-0.5846275935619967
0.11067387830154098
0.2809730507497868
-0.20716699681815823
0.19603822262513473
0.1470376025140228
-0.3498599365350883
0.05780391337805349
0.007992098785000052
0.15997158864759237
0.19587344632692563
-0.09749315733271069
0.07597398510063717
-0.1979579777000989
-0.39489766593297587
0.09977391497608581
0.024963088738548758
0.0402745337684993
-0.12276057333658476
0.15437632343376445
-0.26188748728945965
-0.010739427204355912
0.2716032208521314
-0.013301101109453655
0.03659183711033044
0.1763567062708081
-0.00331570895809035
0.21964191499810182
0.2384921669174154
-0.5448710891044949
0.2133033121173435
-0.26763138432773725
0.2541272090459109
-0.24601169719881388
0.458838636506953
0.05822893533272021
0.05943058319445317
-0.08634909926327992
-0.11822759204399981
0.0115745468714284
0.2185952139392429
0.015354788662383045
-0.011767524674265393
0.02018542233651636
0.062490234733592
-0.14469710497844301
-0.4427256740985543
0.1753416809618954
-0.18162041163344353
0.1335879443562465
-0.32137802497120715
-0.1810423447077929
-0.2826272166234907
-0.12239618309607815
0.02249220304923431
-0.14007266777471267
0.08993431366557667
-0.004213667454762157
0.22327274687357307
-0.27189112878631255
0.3344480184043784
0.11593529120225238
-0.09974627591661989
-0.09071012119969826
-0.10959654311101849
-0.10082682118596667
0.36268981374757486
0.1081167938500942
0.007663525980257143
-0.0014786215343427073
-0.4814849914354967
-0.0027352381441872026
0.0861288557579333
-0.10544668701449693
-0.19333672068158914
0.00658410725865443
-0.15563392182093627
-0.04378448832006707
0.16848263984878492
0.17230320035508775
-0.3731037214702788
0.0511940233950887
-0.21815634401120484
0.14443646469076707
-0.017562127320947325
0.004021442845336663
0.02458216768987611
-0.11542356480970084
-0.2849710601447071
0.06150206362257778
-0.2976591760855611
0.14503393669496764
0.13627057256835823
-0.07254212407437988
0.1504499750063207
-0.16112750029683615
-0.4005134661510075
-0.29130318278971806
-0.3032154763216043
-0.15259491336235942
-0.07126823646739387
-0.146338264551861
-0.1332841847038271
-0.23936171521039404
-0.18001826727344966
-0.1501459311651466
-0.10969679217750099
-0.16931928506212843
0.08679111445038024
0.015204448638524418
0.1582751551498075
-0.09801995006503272
-0.30745606477145043
-0.14101146313801244
-0.28727662434041784
-0.09352905996030489
0.2493729462909516
0.44650076303921776
0.11690082340381319
0.3993656301655815
-0.1487983790154794
-0.02224479161747571
0.01205477745822363
-0.08544492499337492
0.01991825791402107
0.20041641188863116
-0.09930877391123873
-0.10135499275325541
-0.22868045837782514
-0.170785014291988
-0.5110839814406622
-0.11728158034615666
0.003070956891124341
-0.14840921662925144
0.16326012046451724
0.08864591767763721
0.22593639651654784
-0.019754904376525568
-0.20509585472058778
-0.3711210842055199
-0.1636054333673068
0.0037080999830543257
-0.11393251362591572
0.04906871886875525
0.09485870118485953
0.005873788497785776
0.08371206047850643
-0.0717226249571378
-0.28469105087193225
0.0567344269418838
0.030625955809999855
0.07188842244466512
-0.023709110580132572
-0.07558594391909342
0.22717397230289535
0.07667744405199385
-0.06416639551805753
-0.06532865436906855
-0.0517576439742143
0.037486473789656076
-0.34337488704975344
-0.03505983662866279
-0.08520603950494055
0.04920144099306162
0.13023987882874272
-0.0015900786429520967
-0.06606014294522228
0.20680445161338584
-0.032606739063365565
-0.04241595817650165
-0.011745327295005733
-0.15076368728693326
-0.21870355371677672
-0.2202029030762932
-0.07449827099535868
0.06065155325826385
-0.3454058019898527
0.07377356315700359
0.1638677198353233
0.0651196338795292
0.3668921134242535
-0.014899282744854527
0.04146865005634514
-0.2993372607328692
0.20186238363178674
-0.1682704822650104
0.15416207948757743
-0.2028488117266295
-0.061469907852643876
0.07910019477764633
0.151386873081406
-0.020456040741086853
-0.13362575836408747
0.033497475803573026
-0.13690349700688026
0.08646095417172828
-0.2411541354843504
0.002998572281096127
-0.4719599645264314
-0.44624161281560853
-0.357675113156263
0.03221909890711784
0.09333463533807786
0.1606931140628709
0.05120521865649069
0.3039779842094626
0.25839108330562327
-0.0769102365724755
0.21498943473791488
0.0518487824197444
-0.02760120684263164
-0.2288653879518142
0.11896955477401948
-0.15636300985173718
-0.22245596570706677
-0.24670829235972044
0.38785172988134886
0.13096961112938335
-0.01647452414195318
0.07367279189718846
0.09042088435084672
0.11737645247419026
-0.3372786040496142
-0.21713761746698385
-0.09787436461693608
-0.1843251632136404
0.04273831447276265
-0.1640851310595664
-0.13476966173374552
0.04353896365196292
-0.07412642109705694
0.22803125467087426
0.03434615518883382
0.1442882271128786
0.07476477562968611
0.04185281820081226
0.17970955900098137
-0.3422693560959924
-0.30284967725718037
0.14826535296028165
-0.12158429739491841
-0.07356586458154643
-0.05729109986299907
-0.16073849611518107
-0.2581842653259517
-0.167198346722693
0.012519967539248516
0.11571583196404596
-0.018457759766438504
-0.16127140056601538
0.16956094098485597
0.1632432900485996
-0.4365209718310968
0.06132162332109863
-0.010713613750430314
0.020677588226785414
-0.33482615770217644
-0.09903861871512691
-0.11912516605317051
-0.3076066617620732
-0.13718067253980493
-0.07681972189493545
-0.11345384694855401
0.2046068372941492
-0.03849953863973921
-0.1548864232824811
-0.18846661743502668
0.1901055468608382
0.12464032210672034
-0.13334546213803958
0.0831483969575739
0.1576417464064881
-0.2750730087419744
0.1786148760767748
-0.12191038771225822
0.08961063381233342
-0.15950604433817672
-0.41455751124083323
0.19415488949133017
0.09893525701604092
0.08478719954687398
-0.07378686268281333
-0.16639330184876938
-0.11649500037831297
-0.043879523131229115
0.1009784950258746
0.06159165808858795
0.1401510830232467
-0.05630548387965045
0.004763855166512138
0.09342637942931444
-0.27563589741191985
-0.1510620827531123
-0.3392453755787524
0.25631059282677077
0.08748044927183843
-0.11757722708749395
0.060081033814225894
-0.03758303181565323
-0.010523174653531111
0.16694703445478296
0.1338956699869725
0.005711344992605167
0.0034756098562163445
0.1383308537312533
-0.20905034352104485
0.17215945193406074
0.03527050265383918
-0.1450828577829036
-0.030594240467257585
0.07738829763585185
-0.009979888275647846
-0.1853848082380835
-0.16562567937955705
0.11885956050512632
0.07455214686567019
0.10295547528687833
0.003846414949891853
-0.24102660342887827
0.1130608972500373
-0.027245845036572205
0.11104253137978508
0.021193364713721158
0.09018651518986225
-0.06432794072993614
-0.15055266615957902
0.06637327491479905
0.05928130648111088
-0.2354199460584966
0.15604328924307279
-0.03325034292248827
-0.10513143445211301
-0.17338775805224402
0.06209522252233888
-0.17495190137491098
0.04728882180311781
-0.013908433683210908
0.13392656194477084
-0.2651597554911788
-0.17770064101797098
0.05670006529644475
-0.08252386736823215
-0.018745381797248616
0.3441073026480137
0.08346863523989925
0.1201211261883803
0.048123441547665534
-0.1971726647949505
0.23923032023851487
-0.07957420386357053
0.06521552856740565
0.06774311363315273
0.12353359344444442
0.16438026216248244
-0.07821171569523971
0.08408441995394239
0.2329130327498138
-0.09309858138932302
0.010167691683790909
-0.1627245525998301
-0.1516931146080182
0.03059006912873805
-0.034252961316411645
-0.11218764192342007
-0.18799246105617085
-0.10715821897078187
0.058890264819489765
0.2451706076068376
-0.22326730938989933
-0.13663370477175202
-0.2995957045992868
0.04864006098604438
-0.0325498759839347
0.008258743044884609
-0.004016606910178359
-0.13256024910059178
-0.21761206106472866
0.16065681457759518
0.007758127085715897
-0.20448452558885274
-0.034543165786943296
-0.15048271486279122
-0.2589101276092048
0.15327493481213356
-0.13075697285813215
0.07604568064418578
0.13022678503198615
-0.3439775790808493
0.15342000711959314
0.157245715241954
-0.03350904232106536
0.009052636786559286
0.10739742927436235
-0.04009307717044894
-0.06739947033052321
0.11325144186203512
-0.12221188386642018
-0.055630549189658644
0.12051660156956517
-0.343264273184332
-0.06117581998135462
0.026131449978357636
-0.010250324111733947
0.29976079305142267
-0.18199312234436135
0.11594357140155104
0.16258967342646616
0.23923003406332888
-0.10538573525722238
-0.310074521878665
0.14623268945482196
0.06975224070335533
0.07059096226744137
-0.19088739469492874
-0.08500595516506038
-0.06301991166962659
0.013135624196629942
0.23087929234749854
0.03000653498049826
-0.2566784874309447
-0.18775178824983557
0.05095678766312729
0.005927803903775702
0.1237703726170454
0.1753638772950793
-0.017969626514661243
0.04200168888444846
0.020016144850660434
0.06797025769550841
-0.14974517607497137
0.3080488621878491
0.09703411839482391
-0.17533411469942162
-0.04278431316281857
-0.10414487505060713
0.14341384303572854
0.18071634158873015
0.07266203163985249
-0.03599006882084311
-0.09966964987124813
-0.1852950556511003
0.15059982427820992
0.11740150182225881
0.04319739484219298
-0.1327051542353188
0.09250597933481856
0.174928216918705
0.20521789893308626
-0.21203408652018524
0.1980213136448125
0.31486408078504763
0.13895663291320767
0.17417983270167808
-0.08660837827664712
0.019221434396645073
0.1466970352389296
-0.12267254824092044
-0.02069832109796975
0.1754136483839039
0.17788656095229444
0.02480575619467319
-0.024093287495456202
-0.04615308232644659
-0.10928405202765186
-0.0639777436812493
0.02082697979410074
-0.12812162037300245
-0.05298529531136647
-0.39040167005006293
0.046131775908584687
-0.07930448997998232
-0.06994620588348999
0.02430516742521534
0.16202315689299376
0.011922479455978473
-0.3449980850080038
-0.09892882847725608
-0.028052494728441933
0.13044355042772995
-0.1614201308050815
0.32252447955324776
-0.0384045517576413
0.10801962562741972
-0.20471758813332314
0.08489184434210147
-0.0011444677455615248
-0.018633124717646693
0.011390156134071936
-0.3253114866789916
0.1265385062378929
-0.07021676895872293
0.05156429308768258
0.04463838430584533
0.0009724612198043733
-0.23089456240714304
-0.09821255624237349
0.21512516111481864
-0.02930408363760148
0.028234325022023003
0.18207453307280888
0.12396838931641718
-0.020592353797455734
-0.08236569169574397
-0.11949386366872397
-0.20980554553845038
-0.016484829073533318
-0.38412012957975167
-0.021954464589140237
0.14686978006299659
0.365463974350505
-0.19415797274935492
0.0741987928678168
-0.006731483114117805
0.04393849159099917
0.12051989260250884
0.08683620155185459
0.20429951911794075
0.14166523741126005
0.2497091877933435
0.09733726823047059
0.036962824079247114
-0.059763329236275614
-0.200725669666073
0.2549820278551527
0.180228813958396
-0.08620401041970083
-0.06971251811461557
-0.1926186307433792
-0.027297440900804913
-0.008599142485250148
0.071811463329304
0.15056373480394308
0.17843247756010142
-0.1543506162200978
-0.02141705882485841
0.012960609448956354
-0.0550819626688078
-0.025745588525445756
-0.020822064942731828
-0.07051326708759556
0.3114159239682321
-0.008304977567914804
0.07629272534979477
0.19547921938121768
-0.35665695978310613
0.07301304417230836
-0.059924598558038986
-0.05765477376759595
-0.06362095044038484
-0.17739083432876201
0.013672769437110396
0.08196238525422252
0.021967821867395907
-0.042513540552953664
-0.16610246408640295
-0.05575315330053869
0.03269661408172543
-0.1295709153361247
0.06609930791939685
-0.16432581366528357
-0.07589768065468186
0.30156645005408966
0.10837022887997591
0.009128177938327329
0.025698007806468585
0.11560070427322737
-0.23462822685046433
-0.09167605402214522
0.015339994277526357
0.051949857660780197
0.13643391441942812
0.03547723232279258
0.022469934411842717
-0.12159070624061856
0.0589677815840858
0.03510453750730375
0.12341951105701937
-0.14235775948252333
-0.04089893348728108
-0.13698780737115604
0.07012647950212067
0.05729589353560086
0.1523051853040949
-0.12903020086348205
0.14652882315555335
-0.22717620557360016
0.20841881614947882
0.046106321881112654
-0.10306307133033679
-0.12727142032975938
0.23540039073988192
-0.10312980026356887
0.04912249344222307
-0.0674660429807584
-0.06512439748674606
0.11121301936861791
-0.023141743526698427
0.13070990992237114
0.19874298741808838
-0.139767254601134
-0.1822919260101751
-0.02895653014307367
0.19531604620219353
0.1277858154074682
0.27363728276300503
0.2818810720064094
0.0894171623550497
-0.16769267842065105
-0.16242518719987614
0.14946390045510968
-0.012374208129929763
0.06973984543006367
-0.17979326023923506
-0.14521141145972183
-0.25475894856611825
-0.002655193319041012
0.12541826002125794
0.1182518049548012
-0.22524515031970338
0.0625347270060009
-0.24413350457315935
0.14649711517193742
0.1862942349745915
0.0876578322974793
0.18158977670668794
0.17417880508658526
0.22856179026580778
0.2427369652858726
-0.16441066542927169
-0.0166799844039024
-0.07627121254885728
0.06408965922351345
0.006864209218477752
-0.2344667296532449
-0.0715520006835139
0.09960481701859379
0.011364934905752544
-0.12807069288758693
-0.2898720242244341
-0.11663111681808126
-0.11463867998953087
0.004992371929389567
-0.06250732522913018
-0.07190186970735746
0.24877132989644984
-0.1748069650785522
-0.012458924581617918
-0.21320350331633153
0.04178867061117423
0.02170266995855984
-0.13977576211143422
-0.18399648849759326
0.09051980440524626
0.3239990342593198
-0.03616585800781894
-0.22083636964061257
0.11133526690989869
0.38136908804407277
-0.06854987435506317
-0.1027391085823026
-0.12263880184303334
0.20263773323284603
0.15756066678240252
-0.06698655586636937
-0.07144367728505938
-0.16913127056755572
-0.34611686588114093
0.0969506311463815
0.04469986316721268
0.19109843525555625
0.16915211768383898
0.20412975680650486
-0.18688235236530332
-0.36225517296132304
-0.06741951818549646
-0.19726599381901727
-0.4330255273450274
0.23104749771100272
0.023917958170710126
0.07592797498292254
-0.011763344931652599
0.035208863422202974
-0.06310640399724064
0.2382719956319582
0.3685237514631986
0.26136529944092357
0.07708678200681687
-0.01495076613451712
0.1850625043367681
0.14574680274420862
-0.09971557624638999
0.2498279992837782
-0.4700583501002335
0.028738948202606765
-0.14631382095741502
0.08292381974015088
-0.16175947907020738
-0.16332417948656425
-0.21259468798126333
-0.011594069228087865
-0.19771147855790236
-0.09024906303821897
-0.29189499446866346
0.021211092172964414
0.2635298985443191
-0.35167887792783964
-0.10469504253254339
-0.2964829772498853
0.05387975715352069
-0.12836492120721768
-0.023223470327494916
0.01720827837268802
0.270520837260514
-0.20981924154301848
0.031788315292306
-0.03211159700690451
0.04559603350264388
-0.04772651778478904
-0.14706395990689314
0.03998707157211485
0.20226374753629295
0.047820656593526134
0.11729089607126056
-0.24589720805296886
-0.18795159159867544
0.16266290772031555
-0.005509415979589276
-0.022856912843547735
0.0121159614445497
-0.15364835007585279
0.11658771139167765
-0.27222471580672736
-0.2440673162341036
0.10843221351503977
-0.13145476500738715
0.39205491640704226
-0.12479388594669492
-0.07119055570765047
0.1558105049546211
0.10780151927188962
-0.022559369803406965
-0.14606475474772643
0.09470181746281926
-0.22763173330291037
-0.26470824775803514
0.13187029235831288
-0.14163234552072598
0.027682397297553858
-0.1716746606102245
0.1518269616171808
-7.522299198616726E-05
-0.20841378952172573
-0.15914447896016043
-0.31599220449521165
0.10330604435834306
0.05034566081588472
0.04960859014273277
0.016132941456963475
-0.14822807711171754
-0.012253519200462777
0.1807103659489963
-0.023277283409578915
0.1539354273155217
0.20735887321779786
0.07292061277689431
-0.26980801359726314
0.32084413791099714
0.0552028739979513
0.16583444731155514
0.10961725570685174
0.18353179755008833
0.012875505036818825
0.1561925210876864
0.12037702893494494
-0.14884606870382588
0.11253493420261089
-0.12487633226905193
0.13480529540917494
-0.11439576522683823
-0.09413362568771073
0.08405224468988645
-0.041199468855085006
0.0038498285044482176
-0.1593127379217018
0.07199890788731068
-0.030121659662677436
-0.21313477586328133
0.198376356532169
-0.0353556896125673
0.09132533393645342
-0.29485711048422214
0.17791429481750864
-0.18888888526702383
-0.012862677693509527
0.11043147488166538
-0.1249784608099629
-0.11195978719807433
-0.14989792423249299
-0.03396546562850812
0.08057811068618434
-0.16791540693833296
-0.3574909343188088
-0.016122203277866686
0.25621449357096515
-0.19316046421285615
-0.07066896560453485
0.18483766474173016
0.10804866458869301
0.002845494929157563
0.08828650749911264
-0.017200813207847217
0.11200521412413685
0.30795115533760115
-0.06139538488786309
-0.16944962728224847
-0.22534875444629127
0.024225023362131132
0.1321882051203517
-0.11222789409611977
-0.24939939253617924
-0.1148691252794764
0.20243130921747254
0.03829295509062874
0.18975795918982852
-0.12363280840400931
0.00981482865438032
-0.04343084400504893
0.2529899211353991
-0.3747817713838162
-0.1483754975081319
-0.02687738105408982
0.06703711417855066
0.08699495354371772
0.18290136179008276
-0.18986535710606442
0.030335960071625936
-0.07750133162468612
0.05456279122337812
0.06025355494474677
0.14117824134225201
0.09287362839069399
0.22462658056338958
0.07361936102631168
-0.10490595549295915
-0.1444357076336727
-0.15183415429219055
-0.04657470828020311
-0.15816137916414208
0.05241736515861219
-0.07662889931065663
-0.14803532163594624
-0.12396520172656875
0.10391126742624221
0.1149553114583365
-0.08612890577238501
-0.0469295326014943
0.07637569847291503
-0.09211885877117493
0.16923962394026246
-0.11740087674943742
-0.022023582204026313
-0.06745104742011218
0.16074950744588604
0.014573823348578114
-0.10667829720364401
0.19255725976403484
0.01652695592463958
-0.11826566076750565
0.07396521572042729
-0.18960325567575856
-0.04073277268113595
-0.2284423831012173
0.1872894264272501
0.11650660649678207
-0.1302743696594122
-0.07513412749477426
-0.1585230061058229
-0.0875606588784085
0.1397934602554902
-0.10698700262976557
-0.22310891629819973
-0.20602076532954505
-0.11100222357297118
0.07956666437841806
-0.03725543723460009
-0.0010271919371483153
-0.02867803009983657
0.24270210694754754
0.26394062569978877
0.12701092308982756
0.0864775653961222
-0.11225590852736526
0.04711596536951005
-0.22837036394647964
-0.025419517285661053
0.025812198299074874
-0.13085617535037547
0.10346498582677918
-0.2608307218378835
-0.15422649628756208
-0.13814499357090188
0.020034213879823827
-0.48327997212335827
-0.02523300052460274
-0.19993920218349012
-0.04517249094896617
-0.05890897914133453
-0.063483474577731
0.16818187645137533
-0.08014111859385749
-0.13706273979075043
0.06624622974379439
-0.006460488161494959
-0.07899753134837376
-0.2969205144409795
0.20803720253689667
0.06575370809803036
0.023110392233438647
-0.2193833334064161
0.004175664282383326
0.06427008337813322
-0.005535722451673608
0.28160390446105577
0.06342454460740542
0.10115844810223948
0.2685788372927135
0.15802585341565623
0.2489229340525182
0.13887507286186213
0.0016307464196863451
0.31223978311744405
-0.07315777420210066
0.34667465608732206
-0.19775277740132421
0.15941355853356365
-0.23634045622904767
-0.1605671721819858
0.0734645060827098
-0.2515335562802195
0.011798686109503366
-0.17130536261172233
-0.3992897115648635
-0.1566605371592076
0.042907861440488484
0.002078867856163532
-0.366531671593537
-0.28248535530268853
0.014635607014369884
0.08742135233200551
0.2724566142557582
-0.2542675459758831
0.3052382159570501
-0.09064730830327586
-0.04180545171710929
0.2456589102738572
-0.22315717252076336
-0.3716442015004342
-0.08823274900000194
-0.1625986142455971
0.37103957501395646
0.09264138650683477
-0.1891020201874158
0.1100346913630504
-0.3595264206781005
0.007491232933442063
-0.09559946296409838
0.053524833207284336
0.2120394950775563
-0.056151889664678455
0.051159285319761286
-0.24116403900187075
-0.2775997075718914
-0.07373319268024763
-0.04942960763795798
-0.03962443335805082
-0.2885465542465005
0.11798149838822042
0.2221559386925078
-0.1933262157610965
-0.0880576409202632
0.45829972947803155
0.030835587124585628
-0.07113288932186468
-0.1397111542649834
-0.2648009474686328
-0.2597740111835454
-0.25018107106732945
0.18289078050317575
0.1267352716716257
-0.208906374906409
-0.05346916039880961
0.3044608411907626
-0.364693129798134
-0.2249160263889541
-0.2577160776617764
0.013175212655104422
0.11281800304376599
-0.2547824766396451
0.06256508225298875
0.08675766082966178
-0.0699690261649458
-0.2232649303501608
-0.16300449968249967
-0.2253063861996302
-0.09867118178980085
-0.10667498595013263
0.2669363030288943
0.0002019802177273071
-0.010590498060117361
-0.05460975399415372
0.066103590115811
-0.19428267452420964
0.019017840059507834
0.02152142733661738
-0.0320078030484897
0.11585374581095453
-0.13936077858751686
0.11268573852357797
0.017842833991199944
0.26723338493372023
-0.17693725896487536
0.11663098565724596
0.019530499856331682
0.17278725940626607
-0.037173023732403526
-0.2095108027508121
-0.02705517011815075
0.24254731631663026
-0.3084358978395331
0.07541703026431235
-0.0739691892277909
-0.20308606812509894
-0.0515689160395118
-0.14317430822962215
0.2393440115018164
-0.2694030034844484
0.2196152804460681
0.3165609535340289
-0.05288597601401666
-0.19985645719658768
0.014039146554370885
-0.22195081654656632
0.2052569479698423
-0.030518691530831216
-0.09245592567594668
0.14966279968880275
-0.41855493722723464
0.1945015161654148
-0.10541833094760117
-0.04243299842576273
-0.17060208540331676
0.0069923401364721674
-0.13309537671233754
0.09592009748391199
-0.059387923744340904
-0.28307591306906
-0.30963285664831236
0.1383857962904837
0.18317249643668346
0.05872076908284653
0.16820718457758657
-0.18615301665955578
-0.383357933236128
-0.18450762892920283
-0.05059173025069524
-0.015144910808895537
0.06452791336677552
-0.44782807669165314
0.032518028202132114
-0.2560195627074756
-0.026595763214399274
-0.061002652777964544
-0.22074572124872344
0.22005362124782687
0.11876668942748363
-0.18105116552843992
-0.21920117425283459
0.35406279384414213
-0.22852006136378228
-0.4044812671802326
0.2402613464263458
0.12267690430730283
-0.12127873192497819
-0.030012126094935858
0.3290445822172945
-0.3165426956122651
-0.2861306679353781
0.004808528835923117
-0.2199472651923874
0.05081449489216292
-0.3703240604390651
0.1713316274909566
0.4082735273755962
-0.3534364823174239
-0.08210237843542763
0.0362638891212558
-0.13139166383659992
0.0023692031972612887
0.08925668529321824
-0.14520636881783855
-0.015948174135285608
-0.052889150107432475
-0.0612846912388789
-0.052845699158545596
-0.04810115557493818
0.0892007573925178
0.031103273357289303
-0.26307971752946757
0.01441937075847541
-0.13843988094410484
-0.15602240042162263
0.15061419971096704
-0.05518267177894771
-0.013928719153149695
-0.050960048449380735
0.20342418087895503
-0.210673672177092
0.25877614405801264
0.054296268948830786
-0.08732801028009118
0.11719575582636577
-0.1002002822761981
-0.10981215908349368
0.03670619909638199
-0.013581608476797503
0.018729909540018498
0.12407541514560602
-0.1644241121575075
0.2294729010443189
-0.12670666922952148
0.19193964733462973
-0.23673424411226207
0.22006585762292086
0.013278173607600797
0.0076340954747538435
-0.017075169716647954
-0.06988843527588808
-0.09782720733867503
0.005510262497250385
-0.17477066530783272
-0.1436157244537044
0.13553691884173208
0.17894637355549073
-0.24402961654814118
-0.06604551597345681
0.05031283913099611
-0.17887825825908657
0.09172909208994602
-0.18038801884378364
0.22270088133361685
0.29237458602059013
-0.03216753844504706
-0.3575045067529721
-0.07360855202725577
0.08384679557030694
0.01112345471596485
-0.44047518230350735
-0.3266543429672695
-0.30988336218243406
-0.05509234424183313
0.028043974830633492
0.05586923772514867
-0.267029627918039
-0.22051342335080232
-0.3578923667076963
-0.35766326317807334
-0.016938627300692337
-0.16976686457657406
-0.01333896860163335
-0.06494446259109038
-0.22374999076130847
-0.05912872922759652
-0.0009209500362469193
0.11912337394965841
-0.20827356905429653
0.031064638093649375
0.24520611743547568
0.19331376013209342
-0.2140813026857466
-0.17336166385660431
-0.24609003203824883
-0.004887201606877665
0.06955005230148444
-0.3478434815793057
-0.40638018837545387
-0.20506299534378444
0.4285119259201078
-0.12636433553879597
0.0025888314475688515
-0.1452075456863555
0.005383210065587941
-0.20603394277321024
0.0030259128335056477
-0.16710025480964769
-0.022655802219437526
-0.13206527393429604
-0.022820225953496285
0.09402410181537642
0.20409237627543414
-0.037015201777421264
-0.1784430805247715
0.06919573697598934
-0.19342376301156453
-0.13358384236094428
0.25358822627527083
0.35098599607492637
-0.005031012408039897
-0.22221179069532598
-0.022672550695565
-0.3866105309922886
0.11943234577105247
-0.20764415685918075
0.15876067682193987
-0.193595983353754
-0.19697831845198605
-0.14993993632533437
-0.11305773649252453
-0.1446894275628636
-0.19836706731139903
0.13239872513678538
0.22549981228346982
0.04777082906533018
-0.35891271837776034
0.026893983846755728
-0.005769727829696634
-0.32292378180302567
-0.07066094381181222
0.11509913477789724
-0.06071504211702377
0.23767396344997974
-0.2717444607189867
-0.12350410648635507
-0.12107183695116815
-0.24772438592932355
0.0016635394977307578
-0.021550736770312592
0.26926087446610114
0.009059649279326489
-0.24879881290543837
0.06707096581864685
-0.18146035665875448
-0.4009308392560523
-0.4859906117956263
-0.11305535185488272
0.01157458851470024
0.039010897973728656
-0.07604353853853396
-0.1340969660512744
0.1094606410689593
-0.01913949702927246
-0.18256101910926276
0.015057696188613757
-0.050954284872677634
0.1371412074792054
0.06623092034252276
0.21909663750731329
0.05225416848832265
-0.036186573961762586
0.2888722394721425
-0.05440605697377168
0.1799398592514474
-0.14675444506091836
-0.054745019296156876
-0.10658462751565076
0.04541431463262448
-0.1921741007503871
-0.2992649447160979
-0.25598123069562917
0.18419788454120212
0.13741645002902794
-0.12267714662087295
-0.10054545280761777
-0.3182982956796347
-0.32636060905564573
0.0638785439829557
-0.1821318876109396
-0.3216486203875109
-0.3698606046309997
-0.21660400152302162
-0.09962577260865581
-0.012688032655225103
0.14467556835792472
0.1335487965735929
-0.31716588711990035
0.08826089070428579
0.10454457309337328
-0.4956120775088422
-0.03965704098112926
-0.000757862363197135
0.08393700773609479
-0.07474219818210642
-0.3013930955543258
-0.1444039360260024
-0.10684957429060542
-0.41268700629102295
-0.18811216533248565
-0.31877437713183354
0.12500764363581676
-0.022916055493119505
-0.045254312607007144
-0.09006059292836897
0.09986679832153929
0.021480200693897656
-0.13585573601482048
0.025743418908318636
-0.08593559338512372
0.12142044116895685
-0.09640222850464594
-0.014461226746030896
-0.3113459533818789
0.00948840860755862
0.14992062478988977
-0.10185806961921814
0.09739966804150807
0.19940352888702778
-0.09371816142403928
0.07452580073227201
0.16457106286346526
0.20325241561924107
-0.045099430122547336
0.017192105023405405
-0.05650505122421637
0.1175057806835968
0.02973174643540474
-0.09100909558902393
0.03263886045370531
-0.23924201270861953
0.10240623577287981
0.03904857506428699
-0.06659804232338702
-0.06647982759104239
-0.19824528050021542
-0.10664271429841239
0.003534554095366225
0.13582206404274755
0.2433015311035964
0.04212537392302132
0.008906369642283744
-0.07244539149226133
-0.37215367831823054
0.20927223241482684
0.19044798637114496
-0.0952672860710941
-0.14172636569671032
-0.037016340358093876
0.11095303316506122
-0.09781173520118476
-0.023994745254189192
-0.2574890767387285
0.1523855835528441
-0.11689348842370358
0.15880910534689316
0.11557481965317039
-0.35981210395406815
0.02433820408363837
-0.056969237499523366
-0.285963173408112
0.11818182740507831
-0.08077570297333819
0.0374016422512119
0.19044120661760125
0.02585301712208289
-0.26585024329647705
0.02343608874556909
0.21206038279427916
-0.029940570645647268
-0.07502313343257315
-0.054014603420330355
0.055415102169492705
-0.30627791863323467
-0.14290808670766117
-0.05162228378834065
0.14445430473682622
0.17717007900005644
-0.016425273953643352
-0.24334746966977913
0.05237229548231822
0.018876436584932085
0.026324765457401318
0.006758622252366367
-0.3823864838121025
-0.044101978124451637
-0.09389293672445599
-0.006994430998334296
-0.15853811668253373
0.05988342386480854
-0.08923573851657207
-0.364240584073789
0.23574429920287907
-0.32342306805584314
0.18372157427713248
0.027701550638051645
-0.2420419092833619
-0.11274806644927564
-0.03745795046637234
-0.0621670787581112
0.13291680149271778
-0.07004008868400925
-0.05374019822793577
-0.37834674813610564
0.18151612349200033
0.0911598085311189
-0.17531209286846944
-0.06359871142484419
0.0703796769440075
-0.274403541134243
0.01710628250023296
-0.20277828625795974
-0.41409909940312384
0.19746312799681293
0.06907286627168686
-0.24066852142449927
-0.010017378282101691
0.10612226793565091
-0.21012386593425025
-0.07494901373308614
0.10178874451317343
-0.22977050505754784
-0.20026575699814023
-0.023256446539179073
-0.11775451912351946
0.09565385720252674
0.018695343648254103
0.2574411051912132
-0.1184502068824605
-0.19805754202209355
-0.0026856992695671426
-0.16240617628655682
0.12053971719739144
-0.346599445437977
0.21913791653937265
0.06009002262445299
0.16657812034828295
-0.0817901392916989
0.20201938119237822
0.04000154949615437
0.0020204785159707844
0.019271497179573573
-0.17161638577265376
0.09674280508439732
-0.19000091275443945
-0.50729772991728
0.25392354910778486
-0.0014938606425697301
0.23077900527333026
0.0194514459657052
-0.2626470779796719
0.16149527083613324
-0.0827166601877806
-0.11621463978809808
-0.08836108076162924
-0.13909826649898996
0.007889757738429874
0.07101138095095198
-0.13076505808481767
-0.145181070589084
-0.29968699490292494
-0.21647386876309954
-0.4691794576008117
-0.011083505825331135
-0.05501626742099705
0.0034762900737834498
0.18398693267589206
0.13301788488655888
0.20544631866175583
-0.1962716882848418
0.23903184086073195
-0.0034118650097987244
-0.024823051342823487
0.046788493476334195
0.03853658938196158
0.09736173533382077
0.040155980838273125
0.21278193717476615
-0.07389855816868585
0.39519355537043943
-0.026006640165451747
0.018435756359260872
0.17209951977057666
0.055906967915278584
-0.14181874015989682
0.07495328933521764
-0.2862981107276596
-0.35912497751648936
-0.234259618940354
0.21116216816953928
0.16184630039686176
0.0794976043919963
0.09120276510293016
-0.0648688993864295
-0.08317378269005009
0.030546500109509767
0.03950602925613391
-0.2375351742254438
-0.06534061949950282
-0.18464853130646183
0.18450564857896007
0.1224510226746411
0.1819843677540222
-0.08446195103003233
-0.1710105161464376
0.06323050513628524
0.1912214306664212
0.39909336567566533
0.11958859305841567
-0.12233992713442338
-0.025790687906864194
-0.11714256274079159
0.05173159075518109
0.0011782971588014859
-0.05337004161531647
-0.008385141408467923
-0.26673358822986315
0.33233499799947347
-0.029531458643132568
-0.016282564288835046
-0.07051378411726056
0.1190786825912658
-0.0522092583977691
-0.05357970515388846
0.23656111199605184
0.2316971706330317
-0.01334273454023965
0.07441449203408992
0.06243437881162201
-0.49775557981793317
-0.11374209001231873
0.20275755117323335
-0.06515962118896299
-0.3249298886562398
-0.26909918363461316
0.20598980024007776
-0.058328637484857136
-0.10085221068849833
0.40923870670283524
-0.0003200895881559707
-0.29368815146158556
-0.09486591710000479
0.17634185655489115
0.12495738198602842
-0.18543314139257858
0.022013668323915055
0.5913949442225488
0.08641326803252544
-0.0018005106107382251
-0.17245855847526828
-0.1165848754858004
-0.01610224547145847
0.1339787423915922
0.006522131142487349
0.11024480111371499
-0.22638341573847146
0.03181565552637447
-0.1655912559694418
0.0809982353552521
-0.2527227577708329
-0.208675640418228
0.21850802075223055
-0.3496838785970368
0.05353015873405284
0.06019523452814459
-0.19001533789993713
0.08936356006454943
-0.4459270232954148
-0.051741435944665036
0.13058106118381693
0.11614419336574022
-0.17414657154977817
0.10081213398594532
0.10441211104645011
-0.09103965203307195
-0.10909776752679068
-0.2033136831088498
-0.0335335819500816
-0.1112760985642112
-0.4051474236067575
-0.14563635906116537
-0.0461450619681106
0.00664705151431252
0.07203358704793486
0.06490591917185119
0.11073728902450476
0.1338553972455414
-0.053783695193382865
-0.17582608867829957
-0.04392123558561717
0.1384819988768362
-0.19139844057878627
-0.21628703581534847
0.1663494493996123
-0.04805187138490329
-0.5334771382300154
-0.009604543219388497
-0.04137376533115614
0.08623780818917756
-0.1950494157521923
-0.14986026709111003
-0.2215541303259218
-0.23345679017657633
0.032393235898483703
-0.10061469181800871
0.029570307003437546
0.07461222530601755
-0.23061291974677942
-0.17107229816856165
-0.05307476102553148
0.08450940817368895
-0.24502130516243706
-0.03250430725143476
0.10434377115214967
0.09214556706509433
0.280562454673738
0.2888054443102602
-0.049084606084861204
-0.03091061932923363
-0.21798617986295893
0.1725731871720773
0.07005695646745991
0.1576666558635994
0.05365374092040662
-0.19414764822903136
0.13657264024360166
-0.21822213313312114
-0.11400388769401766
0.16726612750930903
0.12455700341949338
-0.22807768670381798
-0.08963650162753997
-0.10538427618371952
-0.033952845720799034
0.05113033876166573
-0.03331295473687082
-0.22131978722244744
-0.15895303343191175
-0.047560592309097746
0.048377512821276385
-0.027493189886156982
-0.05234816745030792
-0.0755781208089521
0.015419591122774126
-0.21967345406794658
0.02217248319508823
-0.052636787850646516
-0.07928160254346452
-0.02399488304882951
-0.1590681659241413
0.03136983935663257
-0.08798903510607332
-0.009623866284058218
-0.06810236434795465
-0.15672885805234477
0.23604744665057842
0.04378749529772773
-0.09222484452660397
-0.10129954661352883
0.1599775599225555
-0.11542141288350372
0.0010267208516943028
0.10540134371669962
-0.2671712373785305
0.01657915753064024
0.12172327665267636
-0.09847969570258812
0.33989805203552953
-0.22243731389018018
-0.20557279430123498
-0.06987021491146951
-0.021190245066407307
0.1548941053972137
-0.13015516135933017
-0.10528978402246757
0.05853103296125359
-0.1658659731367675
-0.03180521512752722
-0.07635805619647612
0.10799580476119064
0.02596963545270669
-0.18653771595841012
0.2630290919696314
0.017784426548359045
-0.20533633207417698
0.20380032592331382
0.2799252535844264
-0.19287137608849653
0.21727778943974987
-0.11458018629879961
-0.1820807235219219
0.14871685906067272
-0.0956159572820894
-0.06735707523037351
0.08526927236765401
-0.05128975105258718
0.15996685766761762
0.08644101193977038
0.025849189949456546
0.036363726907307256
0.009809767493959301
-0.21609788370663777
0.04252521703235831
0.07530225273139556
-0.02172692722947956
-0.25373091610236576
-0.15356685383982932
-0.14348251283567762
0.060306090276452604
0.05651265435573328
-0.044366360407691346
0.03148219769619417
-0.13054830867720899
-0.01262030882780169
0.037320925472454275
0.1424759746113726
0.12890495134992672
0.11848251645574469
-0.05636985275157281
0.041775379773587716
0.02314974087565337
-0.003576704909879554
0.09572322464340993
0.1459936800341797
0.1025140167116795
-0.0779294319017642
-0.2287787338017863
-0.11553171420635015
0.09109920229289013
-0.021586786395449982
-0.26686649333562257
-0.0478194588190703
0.06440744585958284
0.04538377517755775
0.06190194814700905
-0.08370041746879901
-0.0917325055086922
0.057979920190476195
0.1153245943548971
0.10214612857567783
0.0384438967027819
0.011662367315179339
-0.2999714264689249
0.17622216674269747
-0.03913618121590183
-0.15096887916334237
0.03397611680969596
-0.20234154965421067
0.162085890238933
-0.20070257002607103
-0.18101703513707873
0.061167842468770765
0.01736140577294523
0.08383201499567687
0.11867280246845267
0.07574160715234521
-0.17973922270241446
-0.21636599850018798
-0.084189427520377
0.05722770324307834
0.08105456219644451
0.22629394736067857
-0.04859144138002837
-0.008906811165612667
-0.04666772798253809
-0.08155080036278704
-0.11447070156096131
-0.07750364336620341
-0.057325566000444604
-0.12997991904485956
-0.0646781828885071
0.04848846272288865
-0.08144402017913731
-0.18127326885382564
0.12318081686415432
0.25852001399590285
-0.11581576890953223
0.3559082495351969
0.08588393507128801
-0.11785032714949807
-0.006424621315375393
0.08627703576850912
0.05801858780032646
-0.05309095370396742
-0.04579583281866108
-0.14697641591953955
-0.04325882361212327
0.19650117993043312
-0.042858434659869105
0.15189353022840396
-0.20114417691252728
-0.23424300337656245
-0.11268823666791791
-0.09986228246315772
0.22693398676899199
-0.08531517367494322
0.02969630221465146
0.10676196091191484
-0.14777674542862396
0.04006578215637801
-0.14519482269466233
-0.2876887852891302
-0.13433497086493662
-0.11806306886803554
-0.22120491239696763
0.06379965672942467
0.06856804104797513
0.12267025698431981
0.00859237813502308
0.3656360873584767
-0.17195838154035128
0.23902620551913284
-0.09844051539069602
0.04356315004312104
-0.2636276777604753
-0.015113087750793083
0.13852771801141323
0.054371750936155754
-0.16579592842629662
-0.026087629517048697
-0.1557861650649073
-0.44276308463587205
-0.11010252481053348
-0.02681051723685397
-0.024754911805088924
0.11773321578041016
-0.023580463417814057
0.29918642462034895
-0.40201835339456343
0.018988195629719463
0.12994301656834356
-0.15258890830633132
0.0972542711089671
0.05244613078498792
-0.22497680830906044
0.24021407854259202
-0.34500348562733635
-0.12758930422084422
-0.1643387337421618
-0.09466140870465042
0.2758123743980135
0.3421568307248705
-0.04371003333832248
0.06721081089411014
0.23830835191604852
-0.2779682910549646
-0.2285576043394998
-0.3651412864458111
0.32952159381975143
-0.17707986080890467
0.06454695904520397
-0.32832276877100874
0.09005031033588337
0.20987577449823402
0.0610909309649439
0.26426884442399917
-0.24316462192242774
0.059926211351598736
-0.1678611828859379
0.15093782327391617
0.04719988995622145
-0.031280870583036975
-0.053895178452541284
0.07000776827256136
-0.042637994641853534
0.09861839398467948
-0.07619742962483286
0.04855973267072166
-0.1978871121408005
0.26208099302392235
-0.15024645180575646
0.16557639024380283
-0.1972468149986139
0.17130157051551284
-0.03284140063334
-0.2225141724404368
0.16473484880555836
0.1718335167275694
0.0580503804917933
-0.3709842947686137
-0.00028234759170578253
0.12896182659424632
0.04776805191310726
-0.019524658949282996
-0.2967744892199524
-0.02833857510152681
0.22227101242570962
0.18499605220719265
-0.29056989877171074
0.37984569417994124
-0.2610797927794275
-0.06763098257579318
0.019195107266330422
-0.19747056295733487
-0.2790184341285969
-0.10063522975460235
0.09412724482732916
-0.3704282242629445
0.014958216183467774
-0.2591442388050099
0.2020332825663786
-0.15576710752674047
-0.09654438999517435
-0.007286851969662163
0.008799443282043221
-0.12467470285929758
0.16419999865619675
-0.14435905296352186
0.11685988763794967
-0.057419143802008465
0.16860277096969098
0.1703692732869944
-0.02452856229357365
-0.11031657940521766
-0.06085739795936734
0.001080635884637759
-0.05691081640800328
0.03152105833823575
0.05508286700608166
-0.18243122517812246
-0.17042726811362818
0.12042846382117098
-0.13732738314040271
0.10078277785923923
0.31672269617792587
-0.022790670720786565
-0.22987813172285798
-0.15238953552633872
0.011242201631078587
-0.3833569730773744
0.274121602822365
0.08252582966756959
-0.0002581990654714967
0.06990540159080083
-0.5437240897168834
0.15307173933172097
-0.08959613129202798
-0.003669515689482361
-0.09704437607220845
0.3617955345772617
-0.2982579371998221
0.13146448287639817
-0.18497845050783002
-0.03278764359929809
-0.13838228728207544
0.0005339958191362505
0.01244324338523452
-0.01063212677233568
-0.05395411778291002
-0.1598052680847043
-0.19642258576050098
0.10731023345557558
-0.3398249872733478
-0.32435508268720936
0.04152768471226505
-0.11216742108942875
-0.31073784011761935
-0.028639055307884027
0.12295995479252947
-0.12821002095361317
-0.03817812720893821
0.15233803604521298
-0.02054291511059449
0.3554659582180947
0.3575985940254815
0.11614379282641103
0.12834899221148877
-0.18629841127375493
-0.0642193399502021
0.223236376069379
0.013904195729610023
-0.08781860404032608
0.2674153719812782
0.013584115614720595
-0.17310380783637683
-0.23936620895356825
-0.10379035943270691
0.016644436696252582
0.08430550900755804
-0.4287079214680405
-0.08299608606703647
-0.006491667520709523
0.18089022804651314
0.014723501762309082
0.24983367163014722
-0.0663643241891436
0.1822731394412083
0.08346139031784602
-0.004613201544341959
-0.25448465927907304
-0.14663728635297713
0.26903231362652535
-0.11232846016557739
-0.26695449042302516
-0.22358689592749129
-0.033232163033278604
-0.0219350174512225
-0.09238043604776029
0.06801453468634938
0.11956351862743793
0.07639714890485218
0.19215446681822582
-0.17683892653284872
0.08747553819708992
0.07651295071639622
0.11603790172765652
-0.3545774056009969
0.2155848835586587
0.033684428041340045
0.0933293861667351
-0.08211659858131322
-0.16655924118388785
-0.08623643075495162
-0.05270474606660442
0.09552751944966063
0.10772418558851257
0.02616759067335459
-0.07776996593772273
0.04157301364951921
-0.386950225785082
-0.06792431818368957
0.18902078667036826
-0.007017530956383635
-0.01727443699286061
0.15447281419734493
-0.13261473605333093
0.03041525648800753
0.013654379627624669
0.18137368071547127
-0.07080953715358049
0.2208088320297112
-0.19003861967400515
0.11898372209653821
-0.1401911256194197
0.17591434237267375
-0.29011628981006427
0.1662298373341451
0.19093554393654794
-0.11007799312913712
-0.07104113402883219
-0.10631660433079736
-0.247026476120178
-0.1650348882887436
-0.08515738331555325
0.07062852167669317
0.14676802570560335
-0.23091973634906343
-0.14602157350068898
-0.19710899622933625
-0.2115892642992975
-0.051707760107233804
0.02171463557733755
0.012605993308165885
-0.025646199926271315
-0.10419211772965097
-0.457846570705389
0.08130444689881987
-0.15236542877736656
-0.06519047553812382
0.053824781144142325
-0.03297823587645171
0.2761450904654093
-0.3650355451402882
-0.2996738250481822
-0.195724241946327
-0.06343485257510245
-0.48114195881795835
0.05449698751779712
-0.17952384907741206
0.17840933229885633
-0.033247948523488155
-0.10744347018579847
-0.22920860206242463
0.020372252136649296
0.1596024937476135
0.03385797877820645
0.06129499434889283
0.1024907126588209
-0.09564498243748816
0.16917895177625783
-0.10384170831396487
-0.054000192073949266
-0.13189451411179734
-0.02214553815256274
-0.44267428826200084
-0.06704661376323558
0.09980094692932942
-0.17779016676940224
-0.03316611420548242
-0.10584790852027531
0.28971217257908244
-0.11877626918405679
-0.1761032527848595
-0.10451520995640678
0.014064434362171727
-0.15856335989325007
-0.2113380402941174
-0.08652830755783793
-0.11794193231075527
0.1726779504213725
0.4498999294445906
-0.07878052103404325
0.08753852404576205
-0.3312158428665535
0.32868535466745424
0.14318140553701986
0.26641245286747084
0.16954208942667698
-0.22829403579486654
0.16758272590122641
-0.055300219722422855
-0.0912122593980352
0.0038104919040208417
0.02330163342365629
-0.07157396822591039
0.09609259285006919
-0.1482937310078112
-0.07682851273614223
-0.045633897086709584
0.3054558329839043
-0.11940913813789242
0.0946116955420277
-0.4129374750414718
-0.2845720671215142
0.06299539781892367
0.1581385989784583
-0.1694444523470082
0.1420887968998432
0.1431051477531154
0.11271555103700831
-0.07539375910273727
-0.1092475956777194
0.21022912289747564
-0.19300367670423135
-0.20805659452001832
0.1823352515882099
-0.2822432260911521
0.061730150611638925
-0.4580284612747708
-0.2416470035997939
-0.004471652433780624
-0.16506921273607872
-0.4484691115637986
-0.051488932297979254
0.17824207719205643
0.08622203739254539
0.08224990463852319
0.2553500542648667
0.018646067813131856
0.22242131824232605
0.2678100614812169
0.0013050166606423932
-0.602888444920873
0.16620055665744532
0.13703688030350947
0.10680885842034106
0.09867817201738621
0.133765746955773
0.1770760987669319
-0.36724853086942694
0.18468823232286016
-0.26381082158732216
0.14051308880943336
0.15413703567284118
-0.04252100836590036
-0.36616493083568535
-0.1587932469185241
-0.2453630080082342
0.10597080328628317
-0.15418126119976963
-0.14257057668271486
-0.02228305896008592
-0.3164488677078296
0.09145521952485808
0.17447540363008646
0.14909154322219886
0.012669733269652511
-0.07337536944076432
-0.19920022421978006
0.11439942171163965
-0.39249182317135123
0.0472211557377505
-0.06460829347757542
-0.19239696546355584
0.1336884318173666
0.1958947880442998
0.060499589669436776
0.08593000531526959
-0.04938176239276721
0.08838832530227927
-0.12412929207113278
0.14661075849753802
-0.4350742082587087
0.0686429795961706
0.004785787118287313
0.13113394966628134
0.027746069541119286
-0.18842308999115348
0.11512117445418568
-0.1971766878629194
-0.2553404199955382
-0.10615474465482193
-0.030807403599941708
-0.012317278764317395
0.003770948852222622
-0.11699707739091346
-0.06239137300799122
-0.029486830950411897
-0.21520319363088683
-0.1402196796715439
-0.14654404944573718
-0.022655967471471302
-0.28462811001477967
-0.2106757744509125
-0.16613861160413393
-0.13922761939088796
-0.13614404182064427
0.034074439152842056
0.0717218561364245
0.060860997650298225
0.1887774556338574
0.34419984747550014
-0.04983665726120989
-0.3104723328501613
0.04502960017638808
-0.10617693140703707
0.23496547997645045
-0.0301149847964753
-0.031133751024862596
0.3088827346418127
0.04332758439966644
0.2054500404536577
-0.002644442813546387
-0.047563197017446414
-0.12224748979248329
-0.07657243672377179
0.13722035559498214
-0.1994807657710898
-0.20541721091244788
-0.056487598659278875
0.042795807199255256
-0.12763445189482867
-0.07406486158576339
0.21717783948470396
0.11317666508345672
-0.08145350295601111
-0.10087504546287654
0.032105166116344175
-0.2582429584729776
-0.052934983318057995
0.0831877172064368
0.009644618144082994
-0.10992595966005242
-0.17068203215703862
0.26117077145890355
0.02797715905620508
-0.22537496821451442
0.15335547196677288
0.10491330534952231
0.209713206013398
0.0588103291715329
0.22621801305561184
-0.047751696672824376
-0.14399910373162722
-0.017789695633369434
0.08664706512761762
0.08320836128882994
-0.00958588738458079
0.2375810500410191
-0.28694514391976916
0.004318920588657562
0.20859934031406285
0.08036392448824048
0.17657599991175227
-0.10155098612817517
-0.35563436333862986
-0.06153906635370584
0.09182514051692502
0.05876513947169392
0.12600611132160144
0.14253603343590798
-0.1564532849544169
-0.08318902364412191
0.06051490123328713
-0.08493353253434412
0.0705804945288177
0.19665545584308344
0.26225059024621494
-0.10370465805523035
-0.07334660857693873
0.05027120933644502
0.1321677608601246
-0.16956273980336448
0.021960481504673977
-0.17528726893365773
-0.11966535451474729
-0.10138976464042189
0.07759771780840785
-0.21055539668067347
0.13669381268682393
-0.0809823946041057
0.1344672777363298
-0.0837561760868083
-0.10763161936035742
0.022959427464837277
-0.21409364692307872
-0.01907818675712578
-0.0068701468098744875
0.12637916375931885
0.2514631674967737
-0.02587906751813482
-0.09558716617586942
-0.33707307032775524
-0.09604317711334819
-0.11788190256753177
0.08141857317725058
0.07265201656334767
-0.005302809047286286
-0.04152034233051627
0.2813514000817426
0.011323599949313585
-0.11026982624197691
0.05757409097764769
0.28423589581098874
-0.01123966658747727
-0.24449281056015854
0.5141424141636948
-0.026572575641760146
-0.05761828905103504
-0.07004244620129715
0.03532526034071189
0.12506358996622227
0.056007636068130105
0.03579280563242845
-0.03783200967171085
-0.24017053387550766
-0.0954254672016563
-0.058912252732816466
-0.25852926225229683
-0.3899372977623092
0.2868112340478101
-0.03817758433293898
-0.06557012618107735
-0.19507423144568253
0.07139324175415858
-0.18289372068237345
0.12700523872050595
-0.020503900592705255
0.08363347411839415
-0.1067385608954028
0.051991914151531475
-0.03471884896391649
0.2756304720369137
0.1994757206309521
-0.037722156895234546
-0.07609956424110496
0.04086902924720119
-0.01669887239180119
0.12913704261654138
-0.226116988204695
-0.2763275227181467
0.019871657985444963
-0.08375362788362427
-0.036008791228993635
0.10132356518210416
0.004623677161221755
-0.05163695227377614
-0.13782318492577897
0.08483459891585668
0.03186538808503497
0.18377963015682933
0.002913002489515257
0.13940881593375218
0.014740024762741732
0.3366264559760319
0.05105220368494135
-0.33769945572368626
0.006964504336230395
0.066276985972005
-0.010712022488794458
0.2451935255922384
0.15906437213761204
-0.13218164608411268
-0.15254607460117087
-0.011174432966124356
-0.2312666085788197
0.03319105663838753
0.010508607179281067
-0.16840640196604206
-0.09735872252682139
-0.18288517804010476
-0.06581975996714347
0.18452135850794554
-0.17329400448761068
-0.18467254729279217
-0.24927868239737677
0.17494748840161517
0.08090578918774119
-0.2060895992661505
-0.015206990299402128
-0.052613402936721114
-0.23306967565439865
-0.1367865770429447
0.055049983296433375
0.05864757146909187
-0.0564829538750225
-0.18569991427711438
-0.09589443715453608
-0.03866184798079204
0.03130066819008507
-0.09443720747881389
-0.24284764367537978
0.0560686161397708
-0.19705632916007343
-0.22058074760437324
-0.006903383330297721
0.1357416124355819
-0.055497142593660724
0.043694838805462724
-0.3517930842428288
0.022098707540966076
0.13300157506713334
-0.02470451150673556
-0.06307882375591352
0.11539124608500098
0.07045182496873918
-0.10405240321778815
-0.0722733317841252
-0.12966178831788994
0.03995909781310578
0.07317962963341204
-0.15729151527555163
0.10769859793387992
-0.2191776941901921
0.12350024078746615
-0.24910679895508658
-0.19350064242974677
0.10641841947916832
-0.02376912087654182
0.17831773308948343
-0.04387700774551492
-0.0517929852516161
-0.17071552994863948
0.007015039548858765
-0.17477530849296136
0.19205703091674325
-0.05732544281592717
-0.03446750001781443
-0.12725044342005487
0.09146126862019528
-0.05278090649981741
-0.06263198291310211
0.16803672718826962
-0.005312381700568387
-0.020945678145910807
-0.0784510138850881
-0.07267475322157928
0.017716786064017487
0.08198663293349893
0.13413184679840498
-0.22693627870892935
0.29569268200194737
-0.20644624999571182
0.13188271023937198
-0.2306399188533387
-0.17360509013744807
-0.36148991842914646
0.20375173975135366
-0.11558369594323809
0.0987356384299386
0.19823725719844582
-0.0688753628930576
0.1027806717389289
0.043777445746692525
0.1806546684655627
-0.15572107099166121
-0.0930554807315708
0.03449230982819082
-0.1616839137564332
-0.15260913652447386
0.038985984096416786
-0.01744168826244668
0.279270980359793
0.12237169298286757
0.12302360058065787
0.01236774716367035
0.07633892216957358
-0.20748347474456416
-0.1666215834709026
0.059933137812067785
0.16903379123987236
0.17969761601676365
-0.28686900955791217
0.17481736364662817
0.15400350742715588
-0.3453529378967599
-0.11359993281223522
-0.16618050375222912
-0.2278466018207488
0.07540426103859697
-0.19813851662734927
-0.1453412150643467
0.11429117567138464
0.14406686006611935
0.06429588931248853
0.03350856579812858
0.022786069912052336
0.17001496376265002
-0.0973361101395057
0.11270224285532167
0.2155890344387644
-0.06326238247236399
-0.11424588865128985
-0.04053333909882034
-0.017017931180374236
-0.15538477851680876
0.19369844549912973
-0.20442611761719326
0.06986082874973686
0.03415192533807135
0.06515581429568361
0.07289538886626379
-0.14040062899745448
0.058156208265436216
-0.05063561481195223
-0.012502314756004197
0.007675181812442376
0.0060093674889415225
-0.09661016942623163
-0.13649609038226898
-0.09110218470417401
0.22927233020209592
0.02834576791422062
0.140967648070395
0.021890893854149746
-0.24149530342034486
-0.027992087787218393
0.03745489837892397
0.09577464059594293
0.012461926557891585
0.1439489759757421
-0.08343619173642527
-0.10590138591755993
-0.00025312247113420505
-0.3096547435778253
-0.12155105194212279
-0.15766221435434094
-0.03224250409083548
-0.11008192632434127
0.011245062802526427
-0.24762940162279157
0.22923222229946572
0.00036452958057140117
-0.17189729085333175
0.14020257147562687
-0.09807334473895277
0.07705855299485558
0.0751461692435282
0.13974643667859182
0.21340584595074932
-0.062313637458448895
0.3254748008060577
-0.07098596614105034
-0.0033122591500443087
-0.008294938638267902
-0.043911891571196134
-0.236604947942406
-0.04094751354334967
-0.07065396284376606
-0.061835267991358224
0.2607728487531473
-0.10900316378542917
-0.09874230307170992
-0.06885081202140607
0.0936012540252271
-0.035834981607737265
-0.05164718122870255
0.17269768371507047
-0.23449565387871646
0.06433746051070331
-0.00906119917105916
-0.1114296313431325
-0.14735585739979823
0.006902565507214663
-0.17534335536570908
0.08841368733831168
-0.13690468566407277
0.0015731472567673814
0.16840998086697956
0.24008509155637117
-0.15869898595809045
-0.18888293535520984
0.03996917568763725
0.08467282959701453
0.11262548663026785
-0.11490125008432242
0.05736654005658884
0.09786207400848333
0.08175740208888045
-0.19499144831788653
-0.3340493053597295
0.11738692561426613
-0.12512726509324246
-0.08106659150580872
0.08152130705123863
-0.047320021785903554
-0.1734417375396357
-0.20029428307246547
-0.18464693543471322
0.21808370854318826
-0.04853251883637863
0.06050667604166199
0.3072737825194971
0.050976702559551945
-0.0905010529394023
0.0810099637930194
0.019686176959721188
-0.008398423731527436
-0.3252201546274713
-0.28757290979391104
-0.23024334536410943
0.13534285277010907
0.15667933002015325
-0.208369388068937
-0.009068953422391501
0.03814387872313682
-0.15283934898405535
0.13802067375172059
0.052784898570346475
0.1284586752475944
-0.01027885601971216
-0.2386040321692129
-0.036539017792843305
-0.036185271345698454
0.07141083967607086
-0.03834417673977312
-0.06168537139773985
-0.11719012794193434
-0.17487964601909295
-0.037354808896689996
-0.20512207447222405
0.07633462633840633
0.07186915424837824
-0.23573828572485664
-0.08093753570042496
0.05001877839770343
0.11345225827436728
0.13326536709219144
-0.0985519370326715
-0.08175427257605312
-0.09893988124106037
-0.14737571665477694
-0.02247416290727342
-0.08136930839501492
0.04097112186006104
-0.20225999763944089
-0.10556763785859247
-0.07819608274797119
0.028467745691317832
0.08766376742174974
-0.11596998692561966
-0.24895299238571206
-0.25361337825988595
-0.1380114048969505
0.07554605512231316
-0.14077125702539323
-0.18487413263351965
-0.04307722677020375
0.025408819141519882
-0.3855591312818059
0.09683560011563264
-0.1342937565156575
-0.07720963053895369
0.22630056808504603
0.13670531709581982
0.16464581253842206
-0.30225648298467594
0.20120274790664955
-0.23532711421430377
0.012685807342442557
-0.10991522520563021
0.02377007801310572
-0.03589180584872199
-0.10941631829853139
-0.05957156048447431
0.4128685512676807
-0.09530288359096589
-0.48384342711668876
0.0775976032166495
0.006969549558326196
-0.0727717747661251
0.1211197257907428
0.1871982735030426
-0.0487030254041418
-0.005925072370224082
-0.1798452958758112
0.03644852404179235
-0.03776622345750653
-0.5265585410550989
-0.05528439541238649
0.15422808037516667
-0.23215349454249196
-0.019315232381516414
0.009495776699339447
0.2700741315238102
0.034905179211349384
0.18717326247904525
0.05013761080041333
0.1561276225875357
-0.3278333240241687
0.07340993511024582
-0.41679210314331094
0.09548446665022663
-0.05759451880038911
0.1593524048256667
0.17303951009626567
0.14394586291935488
-0.004316712965244973
0.14176175794964693
-0.32482207711280076
-0.09854818397225348
-0.07948668022578585
0.30316247884360575
-0.24186263595817223
0.10364136879622514
-0.2963283326962836
0.3787420222127779
0.023297261060553513
-0.21534868575814028
-0.01281484979970763
0.16000952337119403
0.15044568208385956
-0.06523946105091542
0.13122230415565944
0.2855447541262314
0.03145700913212082
0.05506055622475714
0.1556159193579652
-0.06855496164948155
0.3617410272212445
-0.1764006492791309
-0.12499357776051355
-0.17989306048643022
0.0347594611079304
-0.36068534415221737
-0.1521772073279552
0.0711643911558909
-0.1375202445250337
-0.024424952325477346
0.06012086703100833
-0.08356643090092013
-0.01791199592381707
-0.054927371755464895
-0.04025568953551183
0.12080528462955088
-0.17194568204707808
-0.024586317079270666
-0.04340541426677209
-0.051937056993175884
0.13217981662200964
0.04266916849967151
0.16253135538234015
-0.040720829158323486
-0.15179942267917448
-0.012920520302174759
-0.04784143004247432
-0.25693322814430647
-0.5595648303439467
0.10226045524169097
0.14265592657432877
-0.07745629868666914
0.2041454579792924
-0.06774402212562718
-0.19722459106894857
-0.033877790141674455
-0.0907184302468295
-0.07599880651177433
-0.10004203788916555
-0.1631265894961333
0.21777179297014077
-0.2601735164676054
0.029752485557783998
-0.02640730311463847
0.3299227997393296
-0.44795054156567465
-0.26077180850641074
0.14774102745590068
-0.0039637721080158315
0.03302131571749521
-0.036215909460588974
0.006690589303863225
-0.1606453409250851
-0.22164329296813645
0.09752724378604267
0.06594594509006727
-0.07838008252737305
-0.08584189680047759
0.20185520002793655
-0.03922077920136124
-0.07179414675658301
0.19509857741142297
-0.3466673752495701
-0.0021666067287831243
0.12453581025159657
-0.06787631492580729
0.17162049344705613
-0.02405309982588827
-0.07359894763593151
-0.37155171579110596
-0.2092213617701214
-0.2935841846555559
-0.08371003178985648
0.12106969564208653
-0.18355182490679123
0.06001121981854682
0.12661408123618784
0.0728342375105171
-0.0681709810965717
0.13050354479817017
-0.05711923710094805
0.0360760367052227
-0.0451600512479314
-0.17047542145222386
-0.04487075121460697
0.03715233399463934
-0.1467827246689022
-0.45142590855412734
0.1106580008560664
0.1263097427341393
0.02643135190789055
0.055040880211048006
0.005513854916824263
0.2605507748571746
-0.011365014590238625
0.18225717281332426
-0.14086818746805305
-0.21674714916717036
0.11603727921187958
0.15764914429334984
-0.006238917651587033
-0.3910226729979164
0.0649306011762833
-0.30078595840672245
0.1558790772957735
-0.24670315264429069
-0.03593521219436395
-0.24962655991313992
-0.04257648078671686
-0.07007291726919058
0.04015623412277067
0.05146023489965833
-0.009987134255402895
-0.21085510129309173
0.3114484594446686
0.009013434059310129
0.23380124259679752
-0.06228988554608182
-0.1440926513111873
0.07682727057632815
-0.24927666987218117
0.26555494918418043
0.2644866238316791
0.18136148275101702
0.028248419252614336
0.1082460861227523
-0.13275235105711064
-0.022248239824647638
-0.3205444717287258
-0.18431892470532366
-0.19209322665373776
-0.028255848894951904
0.2500345208774625
0.27737382128127486
0.273845844948264
-0.12494984950241513
-0.17554573309155388
0.06066620094267276
0.2633261177411949
0.10109864942572831
-0.019435953599793877
-0.2718976359598167
0.3815274760621961
0.046052731458831056
0.024714956141678332
0.10919713777450879
-0.11621807161526301
0.11805082764833016
-0.1360848896785183
0.10376641913639119
-0.16512616217004458
0.04382446642930235
0.018770452532973846
0.048565325065387355
-0.29482664944056863
0.298467310242443
0.00386632481767943
0.23208003134067334
0.05979361214039418
0.017336486124162557
-0.14842906360435607
0.00976170899616842
-0.2943131358350348
0.10960979176630067
-0.026315079268704744
-0.2887367142063162
0.02329272385709411
-0.059507077389262655
0.08097806001020959
-0.30564563825920293
0.2358912028469474
-0.1765881791664646
-0.009420599321663507
0.046094270047486896
-0.014167036235578459
-0.054062372971530596
0.2538471264932005
-0.1783202877154901
0.047387162150356904
-0.02799397888726609
0.18462809763371374
0.041762005680548345
0.10101070806208699
0.22590167999245836
-0.23373560019941123
-0.3058479231271602
0.14015563221429075
0.023492805189782917
-0.020879023217073227
-0.13042408349890303
0.08930673172093745
-0.276038830053454
0.05660445444547951
-0.09041115010964705
0.039458783136999125
-0.07679588935501759
0.19865164122505152
-0.28581076055833604
0.15768904926883903
0.07470314453339469
-0.13519366506543262
0.15816486436337357
0.2809855690330714
-0.1744514136037756
0.19235172277890408
-0.1357967982412074
0.31513397442140684
0.019294522113545154
-0.06596105350911567
0.05360839474657693
0.13334348823698697
0.27630886158525675
-0.38325207637328323
0.06325658782647618
0.0011408911082907607
-0.25289159718807386
-0.135162941093598
0.11768469727234676
-0.19924433063554503
0.2613952749616176
0.1336734019449445
0.13425545707686173
0.09642238477295628
-0.2038472654682645
0.07525115428385194
-0.10596202880399384
-0.022108638552042873
-0.008001671943775053
0.10397683033051527
0.03395821718252344
0.054038938965039154
0.027048950566162147
0.07414296950305928
0.1482014789482803
0.0759842100788478
-0.20490634401559757
-0.010133194118846015
0.29408813328991656
0.03842804741812191
-0.1497097249874899
-0.16851448506366784
0.11598143831948987
-0.24326013836911958
0.10612518194298802
0.18179179539328064
0.10005755228590983
-0.025616134129636356
0.04031826034963126
0.22181294465537288
-0.005220999521959605
-0.07326369750610055
0.15726192406234116
-0.07805314169010762
-0.20893012810547132
-0.22945820257064672
0.11765232607224599
-0.1170169189932791
0.16080458307298442
-0.18364379274294915
-0.07158552711899892
-0.041044038336321344
-0.10497469729997563
-0.024496891613056293
-0.1324461396393402
-0.01985671490339465
0.04492703574743707
0.2745214531079143
0.1830873249673013
0.10192852593958553
-0.18123031752083432
0.051531948073173975
-0.0830618751818558
0.03984728881081682
-0.13524341930776906
0.010983158933899992
0.05504275637687243
-0.2394129853346007
-0.1572098611015407
0.07675414995839366
-0.08758597987162371
-0.21445693301580743
0.1225621272924171
0.0516815271566117
0.008502225366290896
-0.2460072523983853
0.136645551093776
-0.014943453237550579
0.04630651416397592
0.13159542977045421
0.046635445859093155
-0.2954414875764061
-0.18824120908790204
0.21707722060295395
0.18517602687537738
0.042917678847726064
-0.152945005927121
-0.04826334038347518
-0.1295092884461024
0.1832165551671432
0.06366716247929219
0.021891490299972293
0.2021298441939681
0.22990644560744355
-0.0366819832431027
-0.022866188814709955
0.11456151340215719
0.015051856782904235
-0.2644871591877318
-0.14233704268300904
0.1110687722753731
-0.06759927480770553
-0.15072826705023218
-0.21522547553175217
-0.11754095739275008
0.04640387030896483
0.10891676428542879
-0.0410769041385022
-0.02213962528901262
0.22194436547736415
-0.2518520795302708
-0.12886064373881254
-0.032296103439193306
-0.06646760717134086
0.10887842606853755
0.1510027809251644
-0.11524437151672208
-0.009865222071133448
-0.03683861694686769
-0.025814426757836614
-0.012358441366884442
-0.13929043378768236
0.10072245593254316
0.13170590706552063
0.010045655481839647
-0.01240035996311601
-0.19788663370453907
-0.23353447375826572
0.0012244261967642338
-0.3704028895445936
0.13701561357937433
-0.03674874504046298
-0.3166138466165114
-0.1799163448457775
-0.2711302522636793
-0.19389672763118243
0.010421005127187147
-0.053088002803453466
0.14985300256178166
-0.03962564524527469
0.06989470601002953
-0.31256652271236374
0.022662652485270853
-0.08160996259048026
-0.09296615401869557
0.310517782504126
0.10114612999404232
0.294643637041719
-0.09214068973309272
0.030678403588224726
0.15087901967242465
0.03451271999804053
0.00489998486798044
0.23983332079088177
0.10339224174037102
-0.13546868454445735
-0.07662575240090787
-0.22588971053463408
-0.027897644741001034
-0.29313077766231843
-0.2876488546699714
-0.2548495671724913
0.30014861568520673
-0.18029431032579665
-0.019947956782951987
0.1105828490729257
-0.14686223232004586
-0.07718781081566906
-0.1838514641052378
0.0026102209261275873
0.037960966670864876
-0.06553437418255446
-0.049292620048724645
0.34291935757711234
-0.10360475332549707
-0.10228614296577666
0.10027712908715421
0.050071999100401936
-0.18102726726917362
0.07100624324825533
-0.13900780443176677
0.010091818613007888
0.05811615093419491
-0.27354340990319326
-0.24661773784419644
0.08485828360535158
-0.15226205349251307
-0.41552017129020835
0.1290112136771923
-0.16887195507380043
0.08715813897709371
0.13860834870473332
-0.1253524776073593
0.06999836077901606
-0.3511163533720121
0.13512529983485552
-0.10987404198874286
-0.07192047324026779
0.22416861994864778
0.29473041477602524
0.37177838918214595
0.05493882728305605
-0.13964974688215642
0.20634411318757184
0.026638596656124294
0.2666136705499819
-0.0428788535176339
0.03929991440371244
-0.06620829088635496
0.1496520612183751
0.03659301075515029
0.1345162999169425
-0.01234111840547818
0.15334669462574352
-0.29374032259009203
0.12558989111743438
0.019822582066440362
-0.050743075635358
-0.090348363041484
-0.08702090767078235
-0.0353278057972599
0.12579458009280034
-0.05708584819055613
0.11720636285935707
-0.013327115058614548
-0.13320413771071984
-0.20661596639606006
-0.06398167022223673
0.021794417104708523
0.11552272560310332
-0.12421701925104107
-0.18098691633332076
0.06733057370386702
-0.06385777508906677
0.0075220543209741616
-0.1342246098137764
0.030898972988024315
-0.03061016539960801
0.12418846608325328
-0.06770002167545558
0.10613288427978562
-0.00833482838949948
-0.194072522485707
-0.09630161628415672
-0.12331852628840693
0.034617605088838405
-0.08591054708972139
-0.4259276927397471
-0.05850065115200181
0.044294532382313304
-0.18503793729741455
0.08295832552949695
-0.23477651227957716
-0.21897167425015754
-0.09997195612120834
-0.14663654747004673
-0.04845385239241661
-0.06914306120628794
-0.19873826457999266
-0.14284231312186396
0.04714837555020954
0.11103759912391767
-0.07519227811032529
-0.16344556525302728
0.01955764594479644
0.0310962740453737
0.030194852688931212
-0.10447120705663977
0.08866772293951139
0.017133962541308074
0.13210101902450566
0.11874871292062827
0.07726031764160374
-0.0014024956565024292
0.08493636444496153
0.08954414449189055
-0.04770008297082289
0.20410104652084254
0.08884507495700107
0.16176603231953451
-0.09779202264707679
-0.13576217794631432
0.15514267109940472
-0.21157821898456997
-0.2873994278705273
-0.2600945840798578
0.10028093598114671
0.20961708213327312
-0.09094118940414536
-0.257082924876039
0.26298205142437486
-0.14411098025076613
0.1655181745623474
-0.31578878222487405
0.14257010137584192
-0.08386248730252886
-0.008726626260188752
0.16481151800149474
-0.06952429595299665
-0.06517842249337837
-0.000406668780924724
0.08062853679551063
-0.20166768244925673
0.01640371165549313
0.15569084151542842
0.01772334351621123
-0.03784761325318006
-0.11602539179716727
0.0009889069640702834
0.2114571604907529
-0.15092682892360976
-0.3289690303310936
-0.13923418229392537
0.12355784961894933
0.07575426555023024
0.03358074016730514
-0.10227938852359332
0.037121124236083415
0.17845090256516438
0.033593088692922095
-0.14060809713863598
0.04461811804724848
-0.09537399575485193
-0.13157563081022075
-0.09362682644420904
0.36612950050055976
0.2330744423238168
-0.10096163567279841
0.011250604911310236
0.015803223780432283
-0.0025548020615491127
0.06291499599753828
-0.0394557459504356
0.05351848768328952
0.03674091150383395
-0.038058896278646906
-0.14310846474630354
-0.1075863915587053
-0.09198977867228436
-0.2040797249979659
0.17943022202967085
0.02626149873149557
-0.046908839405347943
-0.03741001442212384
0.06472922149876421
-0.015564983948133822
-0.04745733848108539
0.026282800121023797
-0.18116129755136384
0.17121908562221536
0.00994438033893171
0.0980724737107793
0.0086649038274262
0.1414321709368319
-0.028224303222363373
-0.08509230528323232
0.13033928457910843
0.23988762024070664
-0.08880264858742011
0.2548148934094595
0.015535843392221074
-0.08060960123452891
-0.013810804805054824
-0.23271247808410003
-0.17804107229692093
-0.04091552011692324
0.13751628935062377
0.07960236062417342
0.06915708790738816
-0.045790713099951766
0.18576439152862417
-0.11349016979408869
0.3789773681719122
0.0018036309293209204
0.06791072908622871
0.07691644857747684
-0.08176213579505519
-0.016358996928059515
0.027256222955800227
-0.27693013059527866
-0.004979248739360795
-0.17226683560740635
0.010257997722176582
-0.010617744455971087
0.06799940795473457
-0.14011207834054112
-0.022024576453576514
-0.06820621806345407
-0.08947396903627482
0.17414142551569015
-0.10274817295011164
0.04189154518687781
-0.1959377097735177
0.07436331985997074
0.07655496463479286
-0.22488450009746075
0.1332706993945125
0.17592199234089922
-0.21546433098517245
-0.14939103580902
-0.03310432093346948
0.08555746825487269
0.02177654346585496
0.023681893651225954
-0.38706531038504416
0.24121014286831052
0.1472838439637659
-0.28980801659026906
0.22143406239953173
0.03777142300562731
-0.1209717779384066
-0.05027409608921265
-0.1306224773396098
0.1692534202363347
-0.1334367910223444
0.14046106581681697
0.11683193403753166
-0.13448340622967542
-0.2844579632910764
-0.09965417861460761
0.12923163820527073
-0.004164555286336029
-0.07498698330660851
-0.38826895404237083
0.148145991012494
0.03302429973936563
0.06023354102447741
-0.07135925075691715
-0.13254206832828153
-0.061192374166953216
-0.04457996041975959
-0.27636546554321273
0.16742232971084148
0.1551779483616699
-0.02593023825752612
0.21436233812243738
0.20257713940988215
0.04499992509282492
0.13197775948356327
-0.011099430991769837
-0.024971707992831084
-0.03162544441691034
-0.17748646938536855
-0.07823081349762007
-0.13869362278611772
-0.23219030254975684
-0.20381653377460388
-0.08582115633147734
0.13607882725682996
0.3085855955138794
0.13553957578309825
0.005858091214436286
0.06520404327786011
-0.049106409500850705
-0.003312020396128411
0.25157238568322077
-0.4352259649601879
-0.1108132350635828
-0.1125798461324767
-0.11959610034414647
0.20849272765929572
-0.08840890073244555
-0.18804682612292484
-0.1348877728181583
-0.10803946763709427
0.23518672457478804
-0.031116261500609352
-0.015074606074496849
-0.21672525431272333
-0.10184371094967681
0.19552991080840204
0.019890985983813027
0.0051844018755088945
-0.14103931064830116
-0.06591796498058843
-0.0163391174543147
-0.016265723990266164
-0.3797316275524206
-0.17887248560486327
-0.2092632362833111
-0.07438305293320269
0.020730152642151337
-0.14344871062033457
-0.44255860478915676
-0.0984327458959154
0.09681666908185534
-0.07505814207714648
-0.00879959433286541
-0.29044725569330493
-0.21306185125208893
0.05267188026408789
-0.25143330790797547
-0.16389659283594982
-0.5227216538071184
-0.39564355997178885
0.04682474366845159
-0.3533514772700736
0.17706648632068828
-0.13980925697532895
0.12762917399024767
0.05792010090588761
0.1124879917216726
-0.012112945127760585
-0.21030613108530297
-0.08014675362717014
0.21006159215761308
0.10547124827885136
-0.021025568106522265
-0.16862777151048622
-0.09176463686194476
-0.0639020177445983
-0.10509481047391049
-0.2410825719617732
0.05390496589288955
-0.18224588704000344
-0.18111972676125493
-0.10266859901678572
0.14866417292720802
-0.1381769571205499
0.026624937509492633
-0.25535913505523417
-0.1796353622900034
-0.14012633396347585
-0.21804982134269743
0.05383516683588851
-0.10631709174188415
0.013246639904933228
-0.04032006611008781
0.14804269771048825
-0.09674131884353954
0.15507939762533068
-0.03028957953312362
-0.10443134722049101
0.1025874884198791
0.26662057940281975
0.061222021429004736
-0.13864019367716607
0.1048542231365124
-0.09586467797907319
-0.23468961575703332
-0.05675417579007286
0.053373709012614574
-0.3228645486195647
0.023267302420994704
0.09453146043172016
-0.12210909039059914
-0.1927653038204814
0.07209158538356877
0.22138340376367216
-0.10678929437264856
-0.0053279832244629895
0.10603958277762872
-0.12367369040079697
-0.12444438336623875
-0.0929072568038023
-0.03618407981033114
0.03855643085854496
-0.053689754227738216
-0.03492729438654329
0.11925498105739872
-0.1186699501394719
0.05221275767297979
0.22756149699066822
-0.10534041763528176
-0.13564806697333442
-0.1113651158532295
-0.07495164755974433
0.05589950284221351
-0.02837172105662937
-0.10148613516437663
0.02942233233247936
-0.08349741218436127
-0.06508146711465777
-0.2596081046503805
0.0973409749792162
0.15306016123696595
0.22216230932583533
0.1106515910087882
-0.21225030601620715
-0.09635852515623529
-0.13236179615729413
0.18270226787736887
-0.17393183815304025
-0.12247258582312497
0.0697407720984553
0.28252936462504014
0.1645755280774905
-0.07357104770708892
-0.1604229654554999
0.13363844231311298
-0.16117262808437444
0.06327136118327722
-0.06828436037062087
-0.05363385729409711
0.0947698420493802
-0.00924754273142358
-0.013374515185973861
0.014294712813225084
-0.04267218043030548
0.11513227055853714
0.0382936211749454
-0.06937315525275697
0.0325364685171726
0.1911899516438479
-0.15879607730150044
0.03038782732570725
0.02571967727212491
-0.14212065481246686
0.10669344907994631
0.20131156911648893
0.11301057071339611
-0.15466896420240095
-0.10649640477812077
0.13235644490328033
0.08343031660982995
-0.24704915870746746
-0.09137990649795216
0.15006563184900648
-0.11653854444017675
0.059417558830603984
-0.31980324878101335
-0.11259490974658103
0.12363565589385137
-0.2567665580305019
0.022838095105426302
-0.03222719504090189
0.04015200541508663
-0.02513082270182456
-0.19845749080596956
0.12919602436021854
-0.2684829701662402
0.39223002293036113
-0.054435205329465795
-0.08956226467210841
-0.16184096355106123
0.11684014164830007
-0.3470466411765937
-0.10380324539103544
-0.09903978871456241
-0.01996761519051075
-0.05984325223143031
-0.05445060319634006
0.037824187748696544
-0.2872411552678988
-0.14325150090333466
-0.09128888568636126
0.08405056703290013
0.0033907281357160404
-0.006641972804216254
-0.16797097422056095
-0.20000027340668802
-0.08291245063420301
-0.07865803011456568
0.010038309476994826
-0.41763576078641873
0.07769096339796554
-0.07912378755859105
0.05720096503602877
0.07306675293004107
-0.1144175275880283
0.05489540131231429
-0.23566903165449635
0.1290677548405662
-0.0970718551100635
0.10367156992324685
-0.015110475467644631
-0.13237549396321738
0.16007512013858127
-0.31723775918069663
-0.2870264658627884
0.10890210786833812
-0.12964174944808216
-0.018583007675154358
-0.15812900663730442
0.09049765328533226
-0.19940981172716443
-0.42474354299681566
-0.0462932868726043
0.014125096906709815
-0.21564942977373014
-0.13330404584857883
0.13001819830975453
0.06994817746702854
-0.16159886208208865
0.12583169764480578
-0.04226416828638688
-0.12475103388058202
-0.03212889856887357
-0.11399868606852713
-0.059020722127000054
-0.2075504216821544
0.3445586641009292
-0.22315944771265048
0.11244337453026934
0.10555469446063893
-0.018677930119177222
0.13591805576463747
0.06151904521642818
-0.3451149510775494
0.3022995390958407
-0.0522288988753913
-0.19791325683162614
0.22172718502038394
0.05101996539036903
0.036058355932635275
-0.09086570991460789
-0.050880156341125034
0.10808787154595216
-0.09264006739432522
0.0893986683814757
-0.1822664262910861
0.05645933912137216
0.04107619872356399
0.11521565029623079
-0.2865199015957147
0.03213575345487525
0.07570213142552668
0.22174456483945348
0.04829703758352828
-0.0844623720294128
0.04555260621317287
0.22591474401998501
0.08719635556369675
0.07351365228968784
0.115065416202032
-0.0728549578968448
-0.15791412268734648
0.2857306982896555
0.16806481133549955
-0.04588626666110042
0.08196543539305427
0.020578740553831996
0.06544518708978231
0.10763779709949085
-0.04920003168113599
-0.26061706071443774
-0.11128736700182189
0.10200069171487731
-0.06262718714528798
-0.2996738464333059
-0.02589406603256001
-0.011708074633206023
0.3941456989363632
0.12720683499743143
-0.13913286259919494
-0.1654412634983992
-0.23495680729456556
0.17220449161687298
-0.33352872630709546
0.16592680830197468
-0.3285288057563381
0.01593927712678324
-0.1603933812935368
-0.40164990919358
-0.1801349388476093
-0.0884878300618178
-0.09798547414072578
-0.11717691377395081
-0.1777701326959894
-0.047934106806011796
0.10485142298461204
-0.08781827870204915
-0.07645720453493561
-0.21985671620493435
-0.10189836123340834
-0.07979252620503745
0.1028663181299634
0.1484245617730412
0.016882628097162993
0.05009915755976216
-0.28530705724244515
0.21060838063332696
-0.17103999810856463
0.003984993921352254
-0.10365765765687186
-0.08650966883431675
-0.17567895807373685
-0.02785464922596595
-0.047020371352237036
0.1501206776567335
-0.07894046199777267
-0.07785508019595806
-0.09181550882522774
0.011098683843043992
-0.020683705649969197
0.13767497744088936
-0.09330816283877162
0.115746907184848
-0.1425348351112908
-0.05021604422605434
-0.25874685899948624
-0.10945146152300828
-0.0183478291287124
-0.03412606308721757
-0.2739414353848843
-0.09284419394831414
-0.04323983672850517
-0.019310550941208007
-0.05823593327225393
-0.11843903975529667
0.09454206233939638
0.0034477462111097744
-0.12551400380074612
-0.2064852237101225
0.15928969602819115
-0.17140021304162828
0.08689840591524421
-0.12610591322018042
-0.2690252650253217
0.036836702893902125
-0.09733616263037422
-0.05036531061233863
0.0713433713188992
-0.05587784697071448
-0.06717701603017236
0.10736186759830775
0.01706817346081543
-0.12617635288247242
-0.09992618523592703
-0.09215634904421102
-0.008203065689112419
-0.09325080351450821
-0.03524821125152548
-0.0008297194572474057
-0.12835995134045103
-0.02274715863763751
-0.03505896016622033
-0.06771198847291748
-0.05839312742698802
-0.057363756428273294
-0.01653164115246754
-0.12146456533499123
-0.020836474327109878
-0.18145065653835427
-0.13496226455820784
-0.10966631051664932
-0.14293991084983
0.1691220125978293
-0.0762034577664942
-0.057046168753406325
-0.39001511832821184
-0.06907375432549077
0.08301676610810071
-0.07804981911305645
-0.2799934818151194
-0.0046375483913999975
-0.2035461198406395
0.03316817611270542
0.010312692404489787
0.058704023996081836
-0.12544749925696028
-0.02911610119912894
-0.05919798692466595
0.08839584936963152
-0.18776428316675778
-0.27579368805747
-0.2894830643716781
0.052989016423741306
0.1946156276941214
0.10993459434106745
-0.04518939210629865
-0.1120126442557528
-0.21874939060787194
-0.014406082780667778
-0.1007547353802242
0.007011030240799279
-0.050516476579728825
-0.04685788185657062
-0.23915799480256977
-0.05910955648340666
-0.19593889673110346
0.09767973672883447
-0.20978971601044924
-0.19389477480178896
0.0943138229255429
0.038347179931420006
0.12484734483009582
0.0916497896972336
-0.0317841169623046
-0.07918829017684652
-0.21351586955049173
-0.21731047696815473
0.033453273001804944
-0.14000417840453974
0.04522313170622077
-0.005936577448977341
-0.060695882351191645
-0.049824564084713814
-0.10875655414074523
-0.16584417466881962
0.0489486651390167
-0.09000008873824392
-0.19539255673510014
0.13442826953923148
0.03828352694128726
0.031976316956344085
-0.2129503717611344
-0.13402009849429586
-0.21663039070601398
-0.15475623488377094
-0.04047123037347409
0.03670294593069872
0.07080644597353529
-0.04502350974021959
0.0917307265015485
-0.12790972532706008
0.21930232758809004
0.0046276790621752155
0.029958413264883292
-0.19846850361503116
-0.04485158571930767
-0.22888350743730612
-0.1402163768942333
-0.2659699824915307
-0.1666084906094521
0.12437545508783511
-0.18326523156627378
-0.04251171510659365
0.4420671395037851
-0.07567216783700535
-0.057751543524039405
-0.08295931470638093
-0.02652006236216349
0.14564625072743773
-0.11752408106528543
-0.04877700706442485
-0.06336384469943453
-0.07363761382512256
-0.25732321277305986
0.12288740824950939
0.11612897496770326
-0.10200879845488861
0.11422265647981052
-0.09888693035797926
-0.13566997555341886
-0.11849044091094069
0.06346028847167755
0.04360101280995786
0.09693144934743886
-0.00439573854253463
-0.20230914034938768
-0.09924033462762057
-0.31392931907754357
0.010759606207369222
-0.016884311679840554
0.2752804239662754
-0.009950444341477165
-0.06147874765482453
0.014813068922449242
-0.10220504696204664
0.09095038695483287
-0.07810734372183958
-0.11324917616448217
-0.2379161508130994
0.061392726890705206
-0.07460402559053035
0.13659393353552307
0.08171429180941876
0.006332290806124234
0.10465385910180051
-0.19825807898593886
-0.2032888714203946
-0.0059908981663614825
0.17375665015221048
-0.27125925422423575
0.03630637873773935
-0.2634491604363019
0.10691137175440511
0.06375251684417262
-0.3020422750681822
-0.2704286592106584
0.16338199233888695
0.10042749029738937
0.1047364028100577
-0.03249510201065371
0.04868131965596139
0.03525438834572581
0.08497569796128024
-0.21069287342703882
0.07632987522456072
0.12559925101627845
-0.1950801167675819
-0.15948278179183534
0.10566478972883998
-0.18387493804773933
0.024850722186375292
-0.2634193088892751
0.19368977937556892
0.09682750598303405
0.08082772258446926
-0.2689448302201646
0.038610900174100224
-0.05064802184931451
0.0766246969617395
0.06351028510463143
0.11891509336567092
0.008554872836517376
0.14242824207833232
0.05038096103702219
-0.066961682853129
-0.1347244978752267
-0.0864556555732275
0.20357349604841984
0.23775427486662662
0.3132141922057393
-0.1803832231308088
0.07512155099660378
0.09907952346817919
0.15135123160829886
-0.11713575916384508
0.042162739041615986
-0.1153515684284511
-0.17474262462307205
0.2441469134896613
-0.3014501850507429
-0.0919170669495399
-0.1316576608316918
0.23863503844527653
-0.055865255103018166
0.15288920411623566
0.09906091122789927
-0.2695813656162152
0.06797392852289835
-0.10866459154574702
-0.349456221840532
-0.048466154706720437
-0.1416306472352894
-0.18498114817732958
-0.1665636566656348
-0.20165973232589618
-0.2177499582741897
0.14246767196825547
0.11791934880409219
-0.18629752165221555
-0.09743922832456955
-0.12860105644074404
-0.09992316725766194
0.3176412071519019
-0.09425739707624627
0.3401065997109476
-0.017095530653044016
0.007920217338927638
0.06651287662557503
0.09291035557955664
0.15557488191071805
-0.4779045395724244
0.01997987747148387
-0.11520034351306595
-0.24681962656408218
0.07066526282965539
-0.3305705393519586
-0.20345739392148263
0.03383292019965196
-0.13602159635429323
-0.453206248492212
0.21171263268903764
-0.31128860471712855
0.11833925801515796
-0.040751940830304034
0.11203557053873961
0.3445624013195873
0.2501435986308223
-0.01746009349989652
-0.20901975018604213
0.11030523093132469
0.108744682358461
-0.40041402391364267
-0.1342149979223003
-0.15395818359922217
0.006531040797886399
-0.010385669980522757
-0.0760901914288515
-0.2358681306440752
0.1025621942234526
-0.16237261605912123
-0.227197331877737
0.05937687532372202
-0.056080786057813824
-0.0018047727363016519
-0.07843185468765139
0.1655409643705058
-0.3033758528460124
-0.13202931755954353
-0.06067310835925978
0.13302264228489852
-0.07996114212741633
0.19105992244090883
0.016552157328832355
0.02246207608783871
-0.16950746603528924
0.10240966341798091
-0.4414838373829003
0.06570418460515054
0.06382388377867379
-0.10728020970044551
-0.14760460378223497
-0.021251604238354108
0.07978352455629492
0.3586688161731057
-0.05975955621539044
-0.3647704912583902
-0.012522846113784306
0.08286209173368443
-0.2698955949217089
0.048087400928750926
0.03438082726839928
-0.2804068659760587
-0.030247144232912044
0.23119911237601107
-0.08239524210888492
0.23060739681747955
-0.013152546231651779
0.2184377312864874
-0.22162810864221857
-0.07581742426325612
-0.12714022652051896
-0.08687489085215168
-0.010732764765018284
0.06712935140658893
0.16017866542398612
0.035316964033266576
0.15965234686188293
-0.42783301238589877
0.011076263543222479
0.12403863628290325
0.15986755868484465
-0.30994863846349113
0.07885379127859464
-0.21115041988922942
-0.11647321031904237
-0.18474718115564984
-0.033660107160785914
-0.0964499035707215
-0.03224921653487255
0.119922399014332
0.06644356373229342
0.19374770647299877
0.005518259099935438
-0.14950808553999845
0.2939478518225533
0.15845482558016394
-0.08521259695518665
-0.08784232693656953
0.20502465565079295
-0.4231895816215854
-0.04096349058671905
-0.04690856425616498
0.019571410667476568
0.07108168195408368
-0.004816962391551865
-0.2192897653936688
0.09146549974657284
-0.010357538604126588
-0.3857445057872708
0.12984696785928854
0.060398190380485925
-0.28800693834018665
0.2859167384057525
-0.501361830595213
0.057392744532384916
0.1816404239166449
0.12698653503906945
-0.06662068936566473
-0.003755559050015542
-0.11159144789451693
0.06776738201110565
0.06566051530973255
-0.01938799629475181
-0.023079606015196246
0.35404932282327517
-0.10681963713717747
0.1246556731195691
-0.20012453779636757
0.04555888400822433
-0.08578109452679686
0.2690250621145264
0.4633377292702489
-0.11870061080377217
0.17493657059369266
-0.10745385485432207
-0.15969672410788768
-0.010986964415831569
0.07289561374145548
0.0866957928430239
-0.07179089346293469
-0.035354292720392914
-0.04382252333127652
0.22772046501300802
-0.26330877980530426
-0.28589921973287846
-0.22191934596470228
0.1841343952961934
-0.12506249880562156
-0.1393918003909591
-0.026954334149784584
0.07082542858536323
0.04884888863944123
-0.014517397691911942
0.09901282663794009
0.22917433525808786
-0.2457635097057002
-0.16219229503963273
-0.3229654394900048
0.12820855756544433
-0.34568101587561073
0.02480717731527556
-0.1254468344228985
0.2279148944053847
-0.22787975275268754
-0.0015696692141755541
-0.24039334016748903
0.24904689354487183
-0.2586978619684307
0.13616327989792645
0.20198202475097823
0.19195002081827897
-0.18778945728177807
-0.10943993585517783
-0.09340183791130012
-0.0034795295329834923
0.2049025471786043
0.011546427820991405
-0.13167511594150325
0.04714931035836168
-0.03845084532747706
0.15047300020753934
0.17165232396264407
-0.13266531565743497
-0.003732654965785571
0.30524266806132816
0.1147896003000589
0.17024327664533476
-0.30645585460749336
8.520943819536082E-05
-0.03411092107129471
0.03134055309591748
0.015026842665000192
-0.05439172507578686
0.1510723334936648
0.07889311603476817
-0.6103911878476749
0.0020655511568199885
0.0881287005598293
0.2903671979921183
-0.20092987299802054
-0.21637707113327861
-0.07045182506701801
-0.0906655753762381
0.021267911770775156
0.2054896722224022
0.01826525069474078
-0.3787139751317954
-0.04650667795039033
0.15053886036738706
-0.20458931662435964
0.1859529261405515
0.033763113430525744
-0.06056215737069602
-0.09275173627788529
0.08769339642817346
-0.14134496886416917
-0.27993698682682905
0.053591767543300806
0.026896772673952355
-0.16191515998893535
0.17192667827840213
0.34841103395290285
0.19799988030270965
-0.2385092205089366
0.2515955603716012
-0.036596048453545964
0.11514335656342962
0.03156629927581292
-0.06347955417464571
-0.18090133818254014
0.1878220287212061
-0.0012775228659944737
0.050573198932367995
0.37548097228549193
0.05069511508274913
-0.36061669976731503
0.026113533775000995
-0.07322789821121987
0.05976786849970608
-0.06460467554268437
-0.028779670123280466
-0.2454264252303471
-0.16178152929599623
-0.2602224230777585
0.031446819198142364
-0.08575670484551598
-0.05830963187929793
0.05137596193235657
0.09880771605710056
0.08929213185052498
0.26221837825776717
-0.061250584409602134
0.08080420169909597
0.06511788455533746
-0.23002468322105812
-0.02052486224354192
0.047507706112490604
-0.04110305420170629
0.17438913775133266
-0.08500159529036437
-0.1297482383180342
0.05506579244716262
0.17125762745566936
0.0800067340457613
-0.3623045359866798
-0.03827529455738029
0.12729841191066574
-0.2297438357776253
-0.015875330360601327
0.014334665743507762
0.008433340781891153
0.27335645251453805
-0.22324952785038105
0.025505124903967478
-0.515263173530084
0.0818844175732494
0.2928232449777979
-0.16302448084739493
0.23300275442202334
-0.14590077717724362
-0.129296453163769
-0.23063127815628168
0.046038445116727576
0.11488857384878959
0.05596078160259903
0.006939844099176261
-0.14706969505159279
0.27661073362858535
-0.07610640848468384
-0.07711358989691997
-0.010880833379116502
-0.2712675176279122
-0.31047461187908604
-0.1402543460052008
-0.1438326940888914
-0.11422202230124684
0.19308485236243833
0.07758432726093227
-0.06007864123948817
-0.20519429750685583
-0.18166177708530162
0.22485104799929784
0.027816034273720078
-0.411296789444609
0.4030901146951854
-0.34317145368779434
0.14599832830301535
-0.21885039095632342
-0.22240278085414386
-0.03748404617577031
0.08591900018948359
0.05024182223917382
-0.0034784634818637167
0.18431581819193432
-0.040322847132980476
0.17070242009271586
0.33194359684759567
-0.039164415909708386
-0.1416209986370974
-0.0761986828969258
-0.1786433148510664
-0.04981302888223778
0.09383416431232355
-0.02776384096225434
0.16567836847799935
-0.32002854476169024
0.10279213233288723
0.17721952957804382
0.14435326199930298
-0.29844230272681327
0.09156983485201561
-0.02078992068730993
0.0006302516172224894
0.2314141139152515
-0.368155514332014
-0.3033987004109799
0.17661975811165603
0.1657163847858104
-0.07007657393673017
-0.09200737050929317
-0.17871757302192134
-0.14171214794029677
0.028706209751634782
0.10716146011378087
-0.200949315960234
0.1301466592181767
0.18579552085874385
-0.046025172968031984
-0.18046724256494612
0.23493933848522439
-0.22869890306651386
0.0352839379483351
-0.3365067121686996
-0.09456614059351125
-0.19776101469457677
-0.006689665746625671
-0.014003722229258418
-0.07081903038881017
0.19214025352200464
-0.09295568007102825
0.003342354354748799
-0.4182968089552509
0.06228910482830713
0.1623462900595381
-0.06341301169990922
0.20764209460483204
0.2731176676094333
-0.0004194500960835783
0.2161460976929552
-0.026016027191253007
-0.10713956303358883
-0.04450347763939098
0.36372495560575185
0.019844572184994174
-0.020451548708866365
0.17674152654467912
0.0153610081853499
0.009973113422375631
0.1710038118962837
-0.11712554230418516
0.11495835671081994
0.09061946747239731
-0.2312236475945907
-0.06824357586866282
0.256766527873415
-0.0535747956195972
0.20131416409118905
0.21956835554848556
-0.01030339983712291
-0.22408266189727089
-0.357237241805352
-0.16857913190089557
-0.10793472118431152
-0.10063096835697725
-0.11548760250889589
-0.05657332613809186
0.04404134564507971
-0.2173646167157934
-0.15256802239504785
0.1273796604355422
0.2131204623460287
0.05950488366835812
-0.011860822346218427
-0.1645521882875104
-0.060658699016019224
0.015867086861118252
-0.06814901976625616
0.04028132983489161
-0.21929142408231242
0.050245943795171256
0.003753376810365826
-0.2882295714696499
0.009171375982224901
0.13612410617252518
-0.048052941181650356
-0.14074793303820074
-0.02295967827791269
-0.20818066811032332
-0.07481369518191468
-0.08131233928461509
-0.12848204751452708
0.01878889873890883
-0.3353973116170384
0.35936516663954887
0.11864563775839068
-0.11864489937970994
0.18316870203497201
0.08937560368236944
-0.10787073846178676
0.20659166059917117
-0.22003166797496082
-0.0885189219053691
-0.2119671950254814
-0.10400946917974446
-0.17926038890211024
0.2561392586816329
-0.00044025829439973166
0.34963629504204935
0.26202046814028845
-0.2336373380450585
0.014929061042828236
-0.2604159906934357
-0.005865055254061441
-0.17263970234976606
-0.1571823581411024
-0.20377848952884595
-0.09136702980419388
0.061438634626658786
0.031065059230145894
0.1721959629216143
-0.03126595895918049
-0.17225234676750745
0.2552332629935684
-0.11100180900299762
-0.15697229662593087
0.0480687441257818
0.02081821302298973
0.17623687768282506
-0.03550227936658912
0.15268401785333124
-0.22513501922232448
0.22605419516588096
0.06073468642880826
-0.1009857764580665
0.06118305532743408
0.0906210625253471
-0.1434113326613744
-0.18278513165227198
0.1508549170302138
0.18831055187103635
0.042532032897262234
0.004283928445362256
0.13088013801511925
-0.1553655447473278
0.05668253833645447
-0.17503703800502873
0.01505449994525417
-5.217667587840429E-05
0.3073005662261392
-0.029810090706456217
-0.1173960542800763
-0.17287464847507766
-0.0005038429647936809
0.018898843103407916
0.07971388125575807
-0.21061492569756074
-0.07666303578056169
0.11122103310773725
0.12872787688285028
0.1344404290711565
-0.0981892157537771
0.01203189947844404
-0.03893447512717449
-0.09119735101821119
-0.049155596967472424
-0.11329953452706308
0.12169930777856851
0.023156129113032383
0.18661871628454385
0.02442858143137987
-0.06891950945171127
-0.06001011773988359
-0.020070829424921843
-0.011737096268557417
-0.032220048348649846
0.12418407476824118
0.04333600767113242
0.23455238913298604
0.0715718249647015
0.1318621211709222
-0.038317172502113396
-0.056590170683941475
-0.00924211423203383
-0.07200771147053592
0.16958527820043767
0.06888518456383486
0.07184607671480717
0.05942841974488474
-0.1494919725772734
0.06428733959207751
0.08474565252254344
-0.16959116455671075
-0.10750747028958775
-0.1030016739619297
0.03254824219200708
-0.2036540134603516
-0.20047033357851654
-0.14579208034967914
0.08199299028912962
0.015720386550337563
-0.23098896835730914
-0.2842185609727054
-0.03878103582397437
0.013181533752027328
-0.12980572048496442
0.035405925342903356
-0.06282504523406035
-0.19016812649762777
0.02604685016516309
-0.030122313183312342
-0.19759845735060266
0.07254226518953677
-0.08316677808561698
0.010930756421091864
0.15546155528246822
0.07469441831726847
-0.0436763792336159
-0.10413833484173171
-0.10622141885105195
0.17183069531995676
0.023482544294893833
0.010079116907769097
0.0034606088849399473
-0.009263198361132586
-0.14679483158388393
0.06775928355763611
-0.06906336477955625
-0.11004516711595867
0.020639990835082687
0.027454475887788963
-0.14522999604715572
0.07540625865997538
0.0647680383708469
-0.052957679681965165
-0.05229327142561934
0.028758484325839297
-0.20366661504599146
5.658619054481437E-05
0.2197363404223795
0.02169056838550265
-0.11984418699025458
0.011509111059651269
0.12193331506537765
-0.09648223961475809
-0.22203114027355
0.1245206453018628
0.1553286921392884
-0.061470452846817236
-0.06785346429932895
0.008090161018618675
0.15402194448135703
-0.03410359394117207
0.12721271557100727
0.06837717629393575
-0.07169427031401694
-0.13296711843606748
0.12331741091548588
-0.015808297848047555
-0.10554470585691854
-0.0755847980119732
-0.02833255118853807
-0.025240438281268082
-0.0888683411136518
0.1330426941662367
-0.030466871295191864
-0.1913746225762956
-0.04108299735433713
-0.10619315405844741
-0.054578433825043
0.13963841972070545
-0.15933946154660744
0.045511749179817824
0.0200189655178614
0.10310922316411189
-0.03653344921628641
0.12404853513510149
0.10496801226871989
-0.1023465570233811
-0.09271286547304915
-0.1373773372902525
0.1978300386278709
-0.017273529189454243
-0.2969420928884862
-0.1101790806419847
0.19343641910391332
0.1467742239011881
0.03035556861634745
0.12499367351879201
-0.3663119778940419
-0.07528911613570789
-0.01582903433238291
-0.031157639075727193
0.08123586317326513
0.02752424051026035
-0.10786139690599629
-0.06705041566482622
0.20602083532878893
0.140207123578662
0.05167484485235252
-0.18636791372394568
-0.020968092072004986
-0.24274045968467087
0.11101674486788894
-0.015731751116773614
-0.16395658690743722
-0.2011197836748866
0.0022033861547624896
-0.09443841999187391
-0.5302059152851367
0.03670775025570304
-0.09500777813955387
-0.4352486248794067
-0.1020463087967076
0.04429057294216105
-0.14909570669073044
-0.05938818179176233
-0.10803600275460115
-0.06809322169973621
-0.037450951871617705
-0.0072863753250652
-0.10902595116373376
0.049374872491610655
-0.0032228487736888347
0.12155539662289994
0.03644104587191875
0.0002708228070517327
0.013235325280926639
0.015379266796191794
-0.012329538173970476
0.03309377274315332
0.05729679504337854
-0.3066778214358512
0.16983592386985935
-0.006356543588900534
0.1273684674633636
0.09002333125326994
0.02551549803429498
0.0745713557702876
-0.022761218538656015
-0.20090091542591718
0.07431420641250391
-0.08195284452349716
-0.09378842606815836
0.12821097224182676
0.15898045764320515
0.10847699233677112
0.11161230847344089
-0.033071508861725274
0.06287555278919015
-0.10239682159926629
-0.1809681477714822
-0.17805194870192162
-0.041881829121807324
0.3135684038245056
-0.08775727557986651
0.16668640905854418
-0.01768965795186732
-0.04831261982911274
0.008919567315535571
-0.11801984726007086
0.13022802826916527
0.06736907907376959
0.32500240139476066
0.059028384949829184
0.1057418888403476
-0.008310517399462196
-0.19533615571960666
0.09781325554349161
-0.06834262428809203
-0.039967878411255764
-0.08103428722620303
0.02053527604991887
0.16585762032084694
-0.026209229839909427
0.2148879817999185
0.06754259103649614
-0.030004262177019552
0.11568997654283728
0.06200450644973758
-0.060813688928726885
-0.03622960774728818
0.12059143125321922
-0.21021832720966815
0.32532141144850246
-0.2977767687982307
-0.015059455258998839
-0.038895001517806935
-0.09434451146377835
0.042477870527509703
0.02261831022279269
0.002313643578638157
-0.3623539434510996
-0.14289473312385176
0.3353243796033779
0.06980501446920943
-0.19141121734238628
0.10790133184685806
-0.084530365658153
-0.061962216856089006
-0.10190567121211802
-0.282388017272508
0.06350482565632969
0.005470366376428062
-0.005912977981426055
-0.20089353374169505
0.15121709535670372
-0.0003949770503871813
-0.20411750440122567
0.29818069328883634
-0.06274047352559964
-0.10431127767647207
-0.14858032979142136
-0.10807388740559894
0.38051203785062204
0.1755820670349425
0.14236552175956843
-0.014736336597884264
-0.04486936658999104
0.11318253461030936
0.155334520231187
0.03416325668968657
0.0039007527507719697
-0.024540648622938265
-0.04839299064074384
0.15464072457339537
0.23949377538480748
-0.06651223455992519
-0.025997758180531728
-0.02463090048957675
0.07527602222811577
0.08624289646333926
0.18995945628332683
0.029296642212119518
-0.10903532058169998
0.3112754847126122
0.27159898202645516
0.11721107043341401
-0.13936308259525237
0.01831602752620259
-0.02436651169964214
0.036078341626878375
-0.1209488573240918
-0.1627276297903054
0.14806594864275113
0.10793415896634981
-0.21153971356542448
-0.2305777759314273
-0.12094713293908474
0.04870949043553093
-0.006808696429494036
-0.21829938432771692
0.04864542142425111
-0.042239992273491005
0.26919228840724746
0.0554922096645007
-0.2303569613867979
0.15284057549210625
0.1397208509742639
0.06782289015045646
0.1188431718954588
0.17775441431569278
0.012834278582503434
0.020288890474729163
-0.18150600387226712
0.08659144009507937
-0.15616678163094236
0.0020710194050145197
-0.11275064621115372
-0.4504626830139106
-0.013651563640575348
-0.28616194008911494
-0.07274770137049562
-0.31005391448652037
0.029648094531737192
0.18719134408313806
0.03826680696730925
0.08209416056139685
0.13258329651992345
-0.05816296881867573
0.06966312525515425
0.05641071575449981
-0.2603281601233503
-0.10857522926085235
-0.19037552618381368
0.18751763710038244
-0.33473799335193855
-0.1191851474029537
-0.0928340720443305
0.022391792371987587
0.17932869842217447
-0.42549706650137625
-0.040615504821663276
-0.012280936966909442
-0.4223233935502171
0.3054336044659112
-0.008575611189143044
-0.09998007160809039
-0.22620825771366396
-0.06811658784744813
-0.19150222201886904
0.1090182526378758
0.23204651267594625
-0.39141401316722085
-0.20389544203142532
-0.003295150086688559
-0.041840267456262625
-0.17589357512748366
-0.01679840387090597
-0.019646458528496984
-0.06978450503905193
0.18450776520720363
-0.1743365398278532
-0.3264755026570507
-0.21858079142945092
0.13545931141805695
-0.08497583123275174
0.006037978362977319
-0.13367489037327868
-0.4028252864237095
-0.1720386032625804
-0.07179142980471158
0.09976338360651116
0.1061943817298672
0.12714168199861187
-0.15398314984914993
0.10634998913814803
-0.20528237219277234
0.18468984752078277
0.07448500869715739
0.1266647705113406
-0.15629674852363648
0.3379507292584758
-0.35718012765681306
-0.0883211195239707
-0.44235590442308664
-0.08087305431460769
0.14388011405200546
-0.11270307462303518
-0.004600979239736416
0.32877490060249925
-0.4105464135095003
0.15255579207203723
-0.11272025125256735
-0.3452204416405259
-0.23135922485762828
-0.3154510173977407
0.11721357330268163
0.07069821553398957
-0.01769165552670988
-0.2878599175815836
-0.35892928072532276
-0.29307547127622396
-0.05869835422514135
0.09111670693655034
-0.11221550444658059
-0.05024536943633157
0.03195278290523504
0.14367047361844207
-0.0903921649155613
0.14047616371504515
-0.16402453126800898
0.2126797899262678
-0.03957337613869267
-0.3427396907892658
0.2124488744311898
0.06612120273409126
0.25724413392084566
0.012436855486604578
0.13240208637212533
-0.18925948662807868
0.054006668028925835
-0.34190777928054167
0.09175357031381073
0.2541907043447666
0.10780642372430456
0.28006149649800977
-0.39066916455834055
-0.13039309463622364
-0.2984879746237454
-0.10403390741139386
-0.024962749605066184
-0.39397947432057534
-0.04777330519825693
-0.2658536076632224
0.025967971867258677
-0.015751621929009713
-0.18822875767333713
-0.3884915219334761
-0.027270311751673215
0.2466067323026142
-0.23632090858028548
0.012122573746386995
0.00596434791249002
-0.19285483772752773
0.029893565824000216
-0.33212189043753515
0.04575027520492133
0.050663127376134015
-0.28134133465759664
-0.17351472546650354
-0.00016634351974061123
0.02440242794557717
0.12832814155318142
-0.082857723134994
0.0603254063849059
-0.21246537641601446
-0.34551713735768874
0.11428497543433375
-0.042328590679156904
-0.0071708076016277445
-0.008471257044800394
-0.10082872791406489
0.05616832638953062
0.12379114656643189
-0.34287425613921585
0.1327496367089834
-0.4252003279236913
0.00013453383793529393
-0.35335303973514465
0.3692935244637457
0.10550327345807219
-0.1200317657257001
-0.024430037530003338
-0.2160308499182126
-0.10400648838063771
0.09521888033015247
0.15800014541713953
-0.1560169907744287
0.08170140488916944
-0.06752191435012486
0.21581763348779445
-0.21921701251170136
-0.05045838070226965
0.014652059229264065
0.0004735310998428387
0.054657536601655725
0.10402409347419354
-0.37031031109262924
-0.2660312418571026
0.0022258861327689758
-0.4048945801653356
0.05809562498304303
-0.14109371220042471
-0.03260770210919281
-0.06228111654169392
0.12806942457006348
-0.3100811735560304
-0.183428251052613
-0.31646708127468237
-0.22872395506288465
-0.38143195635091165
-0.5076288693282306
0.06015733777804736
0.14097506130321907
0.021271640163162044
-0.17865885364249137
-0.2654175968709972
-0.14167819381570484
-0.05624418425871155
-0.19400879815211847
-0.4480371336797233
-0.17058271922275692
0.3267674511559128
0.05121033430592568
-0.2942054420628097
-0.13320729395667727
-0.15092956024240683
-0.35442653713942546
-0.16907008610002516
0.05313123389997637
-0.006060762536593882
-0.07152558895511377
0.13257911381436838
0.02858182258975537
0.017180320645101735
0.1921629656233064
-0.05984871391057872
-0.09868736254038249
-0.054904122087105
-0.09019998201361276
0.23874604843550917
-0.1251206184157429
0.0009881883898553766
-0.058056793841323506
-0.0920184218515498
-0.08872262992200507
0.19349891747300296
0.0765045760518955
0.11413196757345555
-0.22300899757731232
0.5206689069937057
-0.2896798658992616
0.2166685136180371
-0.17816840489220823
-0.028909595249218174
0.23214061648064874
0.10421075918482503
-0.011410985002664213
-0.14865625722307785
-0.0032587113817876172
0.11813800131876036
0.08141456087974795
-0.03868857532834863
-0.26786552961924753
-0.05030785720968192
-0.10119177354044005
-0.05935570325638286
0.16137082954482823
-0.14677729442405246
-0.04490793836206614
-0.15014444971361915
0.1272149026791105
0.04073328211745659
0.08491803823669984
0.1083562617798673
-0.09875496638617416
0.051591387041633345
-0.15680532561558608
-0.003801051075370785
-0.028256678184153835
0.19073343049931865
0.1423196238174069
0.34023231441840174
-0.2617910931082643
0.25562154654046415
-0.029747329768801022
-0.002672479865557946
-0.030208141746948938
0.04077304458999512
-0.14441532187225742
0.004509268675479109
-0.0398383509763907
-0.1596000087758594
-0.006938006127155382
-0.09372485740054635
-0.17133676191769673
-0.21876658146826936
-0.23696986866339403
0.3989965372794887
-0.21679598477282422
-0.14882018268782837
-0.03734620378520862
-0.1092292414271648
-0.00906338290292306
0.06866782630682164
0.10746044387990679
0.09378723890474776
0.14885430983764164
-0.0784993078746461
-0.2146695724673616
0.19853837057550536
0.08437933495855682
0.09693476722277987
-0.18383641860067973
-0.0010123709845577787
0.04141548143334531
-0.19298178694191587
0.0929792950598701
-0.09021463115348984
-0.08610718350323053
0.25427305856097315
0.007219766318786247
-0.09790532150642488
0.007216451163533958
0.085213303381137
0.19773411129336022
-0.059741351988500516
-0.06397187663476862
-0.12534977414866505
0.07928304140567073
0.4673548088123704
-0.1652687729129388
0.1750691639356323
-0.08622915293593356
0.07235052870078322
0.1286336398876503
-0.22830007901380708
-0.2856868775651822
0.2459751359366083
-0.11392235779910595
-0.03453325467992053
0.11369179908390359
-0.10174751391818838
0.37780550841789523
-0.13763600305548446
-0.09787496760786142
-0.24801071282251871
-0.18282003098018745
-0.18450840679695432
0.09489657096503466
-0.1896678993798131
0.05991347251635805
0.18140118011718834
0.14123906941619033
0.2488994848230082
0.29320834961716874
-0.03201501275058816
0.08923854128332426
0.2164742879015264
0.0553586875359087
-0.1205017875901856
-0.341806389520197
0.17635659549666152
-0.33766333556768324
-0.01579673687312555
-0.1086478217981376
-0.02836730369012542
-0.1042780042014623
0.14277167098369964
0.2362928753371695
-0.06543043023234683
-0.1997016155238742
0.12350800392114016
-0.07794421922119416
0.08532751236000503
0.14865095246441148
0.17331197589181582
-0.2194385990868622
-0.03303774973927332
0.11350764721146729
-0.05239271822546413
-0.03476198549012205
0.19009494796523294
-0.032449221926200936
-0.06094282423456096
0.019688552109004265
-0.18203322938317115
-0.10626164462262136
0.09213488219630162
0.1463390484262349
-0.2122802857933559
-0.10263129968126623
0.1273670388703867
-0.014279362733160782
-0.1801095821034739
-0.12114753910847104
-0.1670151454832103
0.14075892696788672
0.0013493547279794735
0.11817181244289719
-0.2093784208862243
0.26303092411671225
-0.02906979483959838
-0.16062742496042273
0.11470209200715695
-0.10788725743088005
0.12293916258494389
0.013651195345330274
0.18975682597452165
0.006801788190462441
0.0002935741800541351
0.44898071963213865
-0.003979102986968881
-0.23709683850209098
-0.0606425228209432
0.11981131008127933
0.04152563990766112
0.054505631935281504
0.140334202194253
-0.14121159981314477
0.1371705165483112
0.007984122575968712
-0.09950548718252726
0.05921923055228618
-0.11215943578751608
-0.07973981996090099
0.13575709478335088
-0.0021905713082601185
-0.09820161782440352
-0.09111581100927857
0.01544847156362389
-0.1352220348376526
0.15627348371092714
0.11732899761735202
0.20564007070558987
-0.26496663161387213
0.039057055945829235
-0.03459564415208434
0.05530567523966549
0.18847028418774509
-0.2759025938190822
-0.07185895267203937
-0.08649110957750482
0.024596710262864543
-0.05017584502799608
0.032640234425098946
-0.057337561482618246
-0.03413485695281993
0.22525815408731475
0.14092733528492388
-0.10740800089578048
0.03156870876920264
0.020192808862342104
0.037099030625490546
0.36959279927343347
0.02760273899675278
-0.2897260981419867
-0.08884211843955454
-0.014500994938404104
0.119405051535959
0.24379294236572857
-0.21583425700052306
-0.22075924928208726
-0.07763580585817527
-0.08187743826125693
0.08316848577497211
-0.14834709376051433
0.007403014817170658
-0.07111825811389591
0.005025156960495724
-0.12253441330891236
0.035726302380976314
0.22465232495545365
0.0311398449015663
-0.034105733823518024
0.14299802864319847
-0.3877805428667859
0.04587877332530004
-0.0370251610086926
0.09857171299845006
-0.040723711431102656
0.07926747098477112
0.0033376578947532753
0.06697460083513244
0.23932210876223925
-0.17040904820915814
-0.014433723669949076
-0.013676641093737108
-0.0537048127579166
-0.10046522389645582
0.12330171502046652
-0.20501465703390628
-0.46757869107015543
-0.17496357436780274
-0.09017359627033848
0.049380929623150015
0.23671722670431947
0.2694978250748109
-0.1206144092609265
-0.017791011023153763
0.13457822327046953
-0.06827026018392113
-0.07472918186518333
-0.11003718867208787
0.04996165663044643
-0.06704639210242654
-0.11294820385892618
-0.06502981307916092
-0.18364342028912067
0.09844109361034356
0.07273939629895639
-0.0668453182213236
-0.17222288246400513
0.07391475958496978
-0.13814415413962897
-0.46136387784073585
-0.5089809456773171
0.18159623914769024
0.07087375023117044
-0.1628503960582016
-0.20389566222833141
0.09098760302491007
-0.0567545611195535
-0.024738379161158428
0.09351187616326047
-0.6166168958921447
-0.21000890668641065
-0.16266329626463932
-0.050375209175529324
0.2341259851465763
-0.10456983407375053
-0.31684754876536686
-0.14309710880629278
0.19657736520132546
-0.11571095832386642
0.3342798176786154
0.17744875904411522
-0.16013251765259187
-0.18915949562519724
-0.042221255122595905
0.07653110430496479
-0.047044017799201976
-0.19974732208143048
-0.15288929246583755
-0.2277278923075498
0.049225877766705166
0.058847613886218016
0.11292286393152103
0.183919481062459
0.32162142140338534
-0.127367639498139
0.09411039077871103
-0.1106150393060412
0.19800424371380287
-0.14215287625236772
0.052444217708818124
-0.2848828047059742
0.25172670590359647
0.016770377987823427
0.02348714676308702
0.08676298778844714
-0.23223595583751208
-0.15291760215268035
-0.11200365530313165
0.05497485817852988
0.027062718178795193
-0.07202256731055756
0.318631488369043
-0.3677101136565111
0.10865870300261231
-0.21917629238785474
0.12534519901234822
-0.35351845462044856
-0.21212830613728065
0.21158081505934886
0.04923136408597158
-0.25615546587766846
-0.0978546985162267
-0.09339662161052883
-0.014971253976967887
0.2888622961740038
-0.1354689278814132
-0.14862761128233087
0.08560311701752328
-0.16017714598391394
0.05564408634255139
-0.14153112198121642
0.08041895290835407
-0.004043518646345403
-0.3674590065639023
0.24624946731341207
-0.20849795798646864
-0.2925683123266701
-0.2182989872533736
0.09637129879318876
0.05968402448758578
-0.08320269194697134
-0.4378584044322804
-0.008568848437031663
0.04895747501755558
-0.11797207989951926
-0.06412870548568775
-0.0416462620892585
-0.33413831352195655
0.33853392219013795
0.043958120860738505
-0.2263786732004413
-0.25966260745690206
-0.0076996833578510246
-0.2092815466829316
-0.2063471189589965
-0.06183420241672433
-0.16264006478466758
-0.18649857056823602
-0.03953496739464124
-0.006462460506211718
0.07565182441822216
-0.3843772922315886
0.17043776437249947
0.014932739200173446
0.1157689260094119
-0.15832608250776448
0.037359602582386076
0.19054419278166945
-0.1152824554969405
-0.08982282200334987
-0.1748215611174536
-0.08400726548151674
-0.008686724235097537
0.011313512170212448
-0.19875222296151251
-0.3020810215038143
0.04573873927360956
-0.14664574423309995
-0.005088846818040533
0.07062572297186756
0.11189578501475754
0.004734257731725002
0.14823467184565683
0.09547632909643963
0.025022206325976733
0.10814527102147213
-0.07823018265946836
0.0185367330543505
-0.0508552636464914
0.020286623730929182
0.06448152802163101
-0.05075245931440405
0.0641995777377688
-0.12390724065310713
0.310572127707609
-0.014528754382512634
-0.1568322311356605
0.24870091939409444
0.039837044976720845
-0.0010163203306365956
-0.05378282084468247
-0.202381114080071
0.08749924485568256
-0.03266408127191305
0.23690052793989652
-0.01258973239637943
-0.2746401524402886
0.21165433343483184
0.11855300493934003
0.06901210159104887
0.15217184618585347
0.09662789320775782
-0.09890229675881206
-0.0437600469330771
-0.0387127437048861
0.16356146676372504
-0.13999974836037773
0.15816371800626908
0.20862504027180717
0.19745145552990281
-0.002802694758787604
-0.08661631409728535
-0.163233206800985
-0.24919486070896954
-0.04406809374397333
-0.003089067538965735
0.11393005676636754
0.10997492481116802
0.22098876628241904
0.15684572178982542
-0.06526396614632005
0.19971287898410983
0.07394991203573
-0.015831289298967995
-0.2449833286637051
-0.09537514138305717
0.004689373966287421
0.22931739111608074
-0.03942233151554588
-0.076039780210746
-0.3030599366186727
-0.20594126460015866
0.14034895334601036
-0.22613599875237056
0.04353985564062149
-0.037589085215837946
-0.07723301386883712
0.05264731788177886
0.08704228539809002
-0.21696524993285932
0.16980722512960736
0.1499014027096962
0.008509447243994375
-0.11046705646887989
0.061156294639412315
0.08485103346066554
-0.3159342782115942
-0.16186918921936938
0.018615282420005628
-0.04541606994388421
-0.029076694299072982
0.195116577311455
0.09416125860918136
-0.11042161017445988
0.021965607751160098
0.01896568131972031
0.07574330594544354
-0.15145642310705482
-0.08595338342726665
-0.06453627115176974
-0.036174351408648255
0.009267238869987076
0.023976865082239462
0.07146356226684
-0.03958178483339813
0.02294928154444183
0.11884941611155851
-0.2455843866521565
0.12245343445172836
-0.008927204755211537
-0.09573555413019741
-0.1983293382287872
0.03220381003933216
0.07228743783862028
-0.23391949110469235
-0.07367924135003985
-0.06806182104057701
0.14298940327918172
-0.05377576938904047
0.28436113490176945
0.12278020350280984
0.156043505181474
0.22989126092224896
-0.11757964064510705
-0.045825702843996195
0.4489956916568574
-0.02559617742761483
-0.16642031977899535
-0.19419226982471832
0.04016064861049813
0.2077660076236444
0.16462864910762617
-0.2365367392246989
0.1725117706728477
-0.09148358709633982
-0.00032380629101703355
0.04196756703879987
-0.23120383772557188
0.01657025486367319
-0.07291752343424068
0.17698318430594626
-0.05705851547787407
-0.22121054327529363
0.014501094152511836
-0.03262901448597722
-0.27753231688096974
-0.25509737872163296
0.16145758253189652
0.3257136198373331
-0.044479775074016445
-0.22197482666396903
-0.008888074006931973
0.1698250710811613
-0.1430149394727409
-0.25505126412191165
-0.08481921397060647
0.10958322803240704
-0.22650394893305476
-0.171054309214594
0.1935150096831469
-0.04605953083325695
-0.0822892437211651
0.1203664797249639
0.02631611881553998
-0.22793699171094856
-0.02899263791117281
-0.47331361823187396
-0.08085322744783226
0.07341503793155163
0.08241973632644348
-0.0727026436925513
-0.08782558942140632
0.15401177853104242
-0.09207657858383221
-0.23566351597154578
-0.06003332135364001
0.07705533333108877
-0.0063580413967068055
0.05287318457808532
0.20952415904883498
-0.11141014145396579
-0.32062096567970766
0.035608494898122726
-0.15471073907292804
-0.1152896095110318
0.10264345063321471
-0.20495074351314732
-0.23579712004201922
-0.12326391196504387
-0.030305776420181896
-0.19845333837829413
0.15248390619712146
-0.020442839100697
0.123880322403806
0.24856842339810906
0.1454051888504177
0.055453176073592805
-0.18635083064857966
-0.33093179745386103
-0.06182940551266709
-0.46248402842646674
0.3414460051074499
0.18664208563698398
-0.19244630350058695
-0.06869180548326131
-0.2380316046376559
-0.07016345207660651
0.025926016744779793
0.10185006565467215
-0.057775499183472946
0.034300606137370675
0.2110183234017
-0.21892171772442437
0.07883600854839971
-0.10870347755412547
-0.4433132902164148
-0.24723968069738178
-0.10557681370444566
0.12876890144476202
-0.1889516406088086
0.06088128264977094
-0.04443979293670616
0.05385928221298759
-0.30009266524298034
0.18443698317534513
0.15275082116667027
-0.09301164279621249
-0.1586400418355152
-0.0378550444568354
-0.03480971608572977
-0.13888653548169702
-0.14528322500376903
-0.1673238461527786
-0.11414811982365826
0.4644768676823586
0.07226249792759998
-0.1192568476017058
-0.20625843742535718
-0.09255233139791497
-0.5303617639824322
-0.06405917244399933
-0.01425718445644522
0.046036929577686486
0.03246272810711782
0.09531418073588309
-0.5217348193211612
0.19577244295669222
0.021344335394437152
-0.14141511396706133
0.03737297291177734
-0.8506874545238048
-0.07089073039558907
0.07025325844176228
-0.05449254241551565
0.03759370694107067
0.12777610323020666
0.07043565759605779
-0.1678573316473162
-0.006981463050510665
-0.003210197448256918
0.012782466816891777
-0.09513467829543044
0.13578815954754528
-0.06353586914755939
-0.16388453972433337
-0.0495393268247258
0.15729469379654834
-0.028686513418786943
-0.0975609945560723
0.1163662441310633
-0.1555738149079453
-0.06746958772765752
-0.02585403321308936
0.12373058915636062
-0.2050937069074598
-0.24285496079069968
0.08504218574755737
-0.38284986285585004
0.006538310761505316
-0.08259108739169548
-0.07605953915072022
0.017682319309102325
-0.037180601021084766
-0.03263268120894619
0.011299173830297988
-0.009405011493906318
-0.29537602887194425
-0.08516331882346666
-0.08577296322470712
0.03560621988144228
-0.23790860562095018
-0.09212765984649549
0.07807581895894446
-0.04238400398943715
-0.07165455804396224
0.047368046410804276
0.013406875044943901
-0.27132328487851787
-0.12426954827300958
0.052689834097536845
0.015826612317198008
-0.06362441143357131
-0.12396679982671624
0.1299720542438221
-0.0009698212450774187
0.14118152926874347
0.04085986293208527
0.15573491526650143
-0.09562987898618716
-0.006553198805627355
-0.09067307345579827
-0.16967433916104577
-0.15234925290134504
-0.040745953643810534
0.16269464996456623
-0.10245390189428431
0.1185173144329729
-0.23828533304168556
-0.19337269112402122
-0.15130309857867774
-0.1351706900974864
0.07173510584759807
0.06986647072425485
0.0533401019771043
0.009708642461894377
-0.06936164717940746
0.13835524399848326
-0.01460361098197758
-0.00677181201360018
-0.09684931780999725
0.011944830197372821
-0.03832842604395951
0.048029596314853394
-0.01756435885965058
0.019439689857339876
-0.1530871065677377
0.10543010284731279
0.13547156179441414
0.0006177287824305035
-0.09025239571807506
0.21552359590227926
0.05391721664056732
-0.041053868256224875
-0.13326807464054935
0.06318246053049269
0.11235616063042898
-0.2815758207288254
-0.06691456042576367
-0.06322575406553793
-0.04936855116885747
0.18907980354040657
-0.15537332537547938
-0.2523714820140495
-0.07061303129778802
-0.1289425309292091
0.05049082679368989
-0.14974073176280994
0.11700932252513381
0.042049200206290355
-0.2011008348356209
-0.1091698096623035
-0.27295557156647576
-0.2764581264221433
-0.35917707779338004
-0.2631503101497103
0.07034997020219749
-0.33281383628602895
0.1220296476996518
-0.2683778085923236
0.15164309262982337
0.1732550787779643
0.03861671785999036
0.2404825609623921
-0.16445385474048343
0.12493699466776527
-0.029678121556923034
0.044028251921070655
-0.01380070169895059
-0.26866312686591753
0.06682811072283076
-0.25777457353821004
-0.05030101976579777
-0.06041133187103868
-0.05283080228223788
-0.07568658872656006
0.030109425619444602
0.05327404409605814
-0.09574659967845704
-0.10215951206655996
-0.19688587139561517
-0.09456619137155968
0.2572257566730023
-0.03179892359529862
-0.05592955953048203
-0.03084596929011386
-0.03151242603209653
-0.2891905041082328
0.03198949502535387
-0.10429793686508572
0.12337509677538061
-0.07069004014634
0.02133986689547922
-0.022139255072106477
0.027438933495137863
-0.08877617587355102
-0.02773878607615659
0.01981694163926402
0.09131204009097102
-0.09127690741043466
-0.23697935738925546
-0.02956505109283678
-0.05098627953408332
0.10384820738219969
-0.06114333043145801
0.1636328864386197
-0.04788580760882977
-0.16166328024168067
0.02055845489219592
-0.23161994580133777
-0.06683253836137147
-0.04462402773545689
0.07295540968916947
-0.195040210560111
0.05812537865017458
0.06261712672545983
-0.11144108371424569
0.19845430142468135
0.04436166640596222
0.06043055051148502
-0.03472362177446112
0.1522284845112349
-0.10280602312600509
-0.07656768083285012
0.008771285015505574
-0.007936055078189362
-0.031308182041056586
0.05868428583313036
-0.08199328540819961
-0.11831245525942814
-0.17590960659499455
0.03381659678394743
-0.16353242672891743
0.08206539143524438
-0.09912330315960331
0.09129525219979907
0.07955698258721286
0.05197559143501964
0.14019297033287506
-0.12224187900044994
-0.06122662014342585
-0.06961580130949208
-0.20168703745972744
0.0940325829377752
-0.08216031122118875
0.24130426632070628
0.21271598513100107
-0.14590641625039513
-0.15006619018980402
-0.11940787469732583
-0.03953956301554255
-0.1375005420687405
-0.005217254404704712
0.026896326086258603
0.02142879242632025
-0.2354278697553863
-0.10136577450776989
0.2266404748641851
-0.14734674743874576
-0.023584873682054742
0.1370771333982599
-0.001133313865219037
-0.0768910457246182
-0.16682917812110049
0.22995290493355555
0.07592759477410264
0.10577433504476817
0.10422272962687223
0.24313310745181171
-0.025271270569202503
-0.037944289054391615
-0.14277561214951484
0.17699774905519602
-0.10354551564008177
0.0773798832668714
0.2374525935028846
-0.12308534454713843
-0.2366547838431877
-0.03365465402192732
0.004892659041092452
-0.09730688482522203
-0.1965254392983872
-0.004508293485448728
-0.05690274061185422
-0.04748194065749682
0.007504947393720911
0.09104969398285627
0.09756910585282191
0.20667610604131123
-0.0941018227156586
-0.23883932350821055
-0.1545792298255664
0.0931649941650943
0.07541082195990598
-0.0685738408912845
-0.007857993795345549
-0.008350410370444872
-0.04616646688639603
0.16473055051926191
-0.10711001364606815
0.40433817312359055
0.015150180735256811
-0.06429930206940858
-0.006534656417164725
-0.2157888008333286
-0.09770994201973475
0.009610089480356042
0.016572856492669708
-0.002874261243410316
0.09305993181472483
-0.0460790237402666
0.06735222600429333
0.18416774652623324
-0.11565119148832993
-0.07027521250584123
-0.12643425130018182
-0.12805489115555024
0.09182415761086513
-0.13747005605700818
-0.29451459665371715
-0.031141858353447564
-0.03432874729095717
-0.11008730984510742
-0.07029273107517021
-0.149082988181618
0.19653613731077613
-0.28109266368323277
0.050344808047268715
-0.06273719317557053
0.0602832839610873
0.1772577916168519
0.13502738640734924
0.10534112402668239
-0.0002476542558016517
0.048165032442612214
-0.12458839053756732
0.18208795992887927
0.03799557886365315
-0.03198699344665342
-0.010287363063852221
0.07223705620918722
-0.19739933049571673
0.32806134667566705
-0.14233063933014456
-0.02786057788669221
-0.034503777770316116
0.11315344949689385
-0.028576129930715587
0.10688393774862251
-0.12357681302693317
-0.06765240511089625
-0.2562742863731987
0.18636994586032854
-0.18193623643501497
0.0008626225082523362
-0.1348822710088755
0.3506317804178512
-0.14079409402375162
-0.10931417521857952
0.07376103537259256
-0.1541726688869567
0.3006446436218418
-0.2023666229818295
0.16081065092756425
0.1545163558824895
0.043978817057906905
0.2772510560617873
-0.1880769858134777
0.006859447057923623
-0.1901807004056684
-0.035658261104617804
0.024830939865831715
0.04458672775357021
-0.020237467721412133
-0.16116430138125593
-0.06444488179914036
0.05446731440971454
-0.008621339137213286
-0.07608908846488088
0.20987009088612996
0.19196839643289257
0.2662075683536202
-0.009908079747855686
-0.22355200514530627
-0.1447714676824021
0.09068231389866123
-0.007115162272443185
-0.07036214606641351
0.14249014408633143
0.18332503895178243
-0.02894468030225324
-0.11125233672047778
0.00469300320666796
-0.03604890558945382
0.02270171988137816
-0.26925645616576965
0.019146262087823673
0.042946426405176256
-0.04870378282654836
0.25998472843636256
0.16912029875888274
0.057016023569349567
-0.07748072715690586
0.02766778566767559
0.1697203031524893
-0.1593690875030078
0.0665976451457778
0.115271026634808
0.17572709314618712
0.23893048513108445
-0.10995559376640028
0.11051126608394383
-0.01645039217572627
-0.1753650906339011
0.09911151970085243
0.0055222894637315225
0.15989556542408412
0.26134661674557447
0.08190660804419073
-0.10466631275426325
-0.022345410919998792
-0.10404150076429626
0.19684109829764357
0.14282087248063882
-0.23412099190941388
-0.007202824341358818
0.10452634976204184
-0.016815166883056544
0.1548071018841028
-0.060676395119016784
0.09417899716992266
0.017253849980696182
-0.16200776337750414
0.07878167779005843
0.16300135764052592
-0.2580442463399668
0.16430318546648096
0.00416981346241484
-0.19730663620568753
-0.08867087334906608
0.11678629754967894
-0.06366378160283032
-0.06485068584161585
0.17121889625753134
-0.167540486356106
-0.0635509040119487
0.1917838717566753
0.12078414826394564
-0.2836806682120679
0.1459066920409484
0.08705963068918156
0.22739136065737525
-0.2522014648005188
-0.028029531846308367
-0.10590578306013988
0.09033012844094666
-0.18359998112009854
-0.03410694830088638
-0.5002395543376339
0.06288793444023875
-0.26161302823146154
-0.04691721605350211
-0.2542240470316903
0.3563689627202948
-0.16276269504497773
-0.1711580940186688
-0.10647592357755194
-0.4212852917752007
0.14891982399243336
-0.37450241498994097
-0.11949825030407256
-0.003543395810755253
0.04718811105264258
-0.1884932371699347
0.027250421767797354
-0.024046015403404102
-0.2664534461354601
0.12636599487012085
-0.12246091216843025
-0.08318126883663396
-0.10269036510269494
0.12260908344630088
-0.04216072244431728
0.09847461761555155
0.07660439791091896
-0.03183471243631022
0.2066146633248436
0.059469021084658055
0.18751451978283654
0.22507851529102602
0.22691313027658572
0.03939640477860999
-0.3049691116289804
-0.04658053283529737
0.09219802464618396
-0.3304780371643022
-0.00031221376313415644
0.28500866391073665
0.21687135128216295
-0.13036113068352653
-0.02517120412541957
0.0824478408229525
-0.2946380718278224
0.18807251516228976
-0.12717706570388165
0.011881956792277087
0.19248964242858177
-0.03719172841896763
-0.2291438507055002
-0.033423772880894397
0.050893707929330644
0.28508062958460795
0.12396208783881348
-0.08802753080878253
-0.10008055232507725
-0.303663857078983
0.11578340213672378
-0.0436671745609477
0.22987977576649382
-0.013152647732849368
-0.08007105606685616
-0.08403539396451076
-0.055000295088186844
0.06895141351673582
0.1490667699102018
-0.12446356880818031
-0.22561911010502234
-0.06324446316680546
0.0667131099910299
-0.01563556180107103
-0.2507520925669274
-0.11987979693574607
0.0033102581499134696
-0.06184010222082957
0.05035756789353706
-0.27436782930292
0.029546551038157624
0.24762379175877
-0.07127714795309237
0.12942191312818313
-0.11312372552857054
-0.24442525308438237
-0.08622929157906767
-0.1718211198749926
0.18838888709450755
-0.3495733176861814
-0.19353447329402587
0.15311366024937342
0.11280867888728437
0.20186818581490729
0.34632554937364407
0.028534443956658887
-0.007389402976765625
-0.09022819775735684
0.057960481830550234
0.03876439433217475
0.03718259152174992
-0.21079141678926325
-0.02668660161330957
0.12941453803062708
-0.19256792069754805
-0.02760154899861181
0.0799732132559724
-0.37986560266434494
-0.06384752686353772
-0.16438013268994303
-0.17583479173972527
-0.10359520393469852
-0.2449987071658315
0.003206331004925332
-0.10354426528733295
-0.10247752575137065
-0.04857555995182937
-0.1289573094349055
-0.18531536162173945
0.07317746073205492
-0.24226489739969265
0.1376779612423647
-0.11325200193817718
-0.07217012908338506
-0.006529479469933213
-0.08933050704752686
0.08992953563570777
-0.07128231353171637
0.01391613537470212
-0.10808330354114899
-0.0923968413809568
0.10911959361303628
-0.06437047281239228
-0.22132039435926387
0.07479262427679542
-0.24961716390520983
0.21213616839712615
-0.09184226095694938
-0.05088575306556506
0.03355007561322217
0.1766984503341105
-0.1422860339626308
0.07881544938985545
0.12378480902554058
0.028993857849252104
-0.0009063155670465315
-0.2619224366599253
-0.07611636648471208
-0.13195926698187233
-0.19290656501695833
0.05782397280504298
-0.11712418131637795
0.09546484013663857
-0.3266452112549314
0.09065134569559706
-0.08261130749463706
-0.15032553657183292
0.10344654706785313
-0.014942653018602096
-0.1271716302948539
0.009175040496354871
-0.022302357702250242
0.030864380793161887
-0.009032469939973463
0.013672880279680355
-0.06100523784870891
0.04243532686466056
-0.4211681554360911
-0.011040316429332122
0.04076836490339682
-0.07654825231510254
-0.05739285861850837
0.07743081875090044
-0.11252524297792563
-0.07811001687924976
-0.06016004006344833
-0.0034574819563440787
0.02612641545108795
-0.0773563968335414
-0.019138503098419225
-0.09847066973196757
0.0021975292328120983
0.05185259304484449
0.07923519892731382
0.0686814738836554
-0.07918677612309813
-0.08862422162884144
-0.010742323968922364
-0.14700886018150924
0.0006681752949871961
0.10958154587916011
-0.10032428468598913
-0.13338220425639222
-0.18881579993687458
-0.1104506912195066
-0.2790670340244751
-0.41558549838200237
-0.030199424657397635
-0.13235961351994763
-0.1902047265413318
-0.08691173665333822
-0.09303724161191469
-0.1252114138000342
-0.1890015143846314
-0.10233852321870593
-0.028645970805343493
-0.02971746922274076
-0.1508381029415668
-0.12381714238410035
-0.05961479584578782
0.10171155261329987
-0.20420864468488872
-0.04827937277171441
0.2258572633744624
-0.05987910591648222
0.10402782201292292
0.019523372513067287
-0.13028908450432658
0.0006585706350839832
-0.15893565044631563
-0.08129503438035483
-0.14405679835741328
-0.09275219316292323
-0.19834441828722252
-0.02328498376376509
-0.0886164973759171
0.09086710049436755
-0.04782585742836707
0.025905864445368732
-0.03342574990435329
-0.019737055530677117
-0.08136143475606458
-0.03573603712720238
-0.19973277599746717
-0.23742004716352827
0.024162815992819678
-0.11621885700826792
-0.24672360844042074
-0.0333879365432341
0.24792060560114998
0.1415111282575895
-0.005075379509997239
-0.05436910926322697
0.33308760029194623
0.06206461498356538
-0.0946893075351106
0.07186593705031073
-0.05949692392850733
0.004035260955728426
-0.016615740664305788
-0.06973538388326733
0.04835737127808236
0.03591768008822367
0.13453414111667225
0.18697816209597065
0.03806525465787227
0.10831202521884033
0.07608098194268179
0.11687250799160878
-0.11175832811866462
-0.06457750542059948
-0.19169018626733617
0.12181055683426426
0.029670671425911302
0.1430397817674173
-0.05943649034692438
0.18020254102231814
-0.1581385465418651
-0.025139026797290517
0.24050461855434066
-0.0989518463606203
-0.10175494910870028
0.09541756387022345
0.019932786455630777
0.00681817884734829
0.01909080987429333
-0.07716950360762359
-0.1350757149199194
-0.03385902367444645
0.27697178258494265
0.01952636083353244
0.17508682143624305
0.11336652745340042
0.20682512176237056
0.0022964202861148544
-0.07343267027213396
-0.005054562431720842
-0.0051729535828770115
-0.0671265864007806
0.3308865380600773
-0.17555906694138357
-0.178903463060674
-0.0008038412182637182
-0.007027206250972412
-0.08511956170769155
-0.05097486569867189
-0.2189380749528138
-0.06453365172413585
0.10320992557525153
-0.13245986439832866
-0.0056989060765073665
-0.021507970494128892
-0.10764102652651245
0.1350004476004813
-0.14801334579643974
0.10906899877340225
-0.17190999144431215
0.0990052327117221
0.030835677416949616
-0.03527192597105413
-0.15794672150237868
-0.19561423177544576
-0.22497719691097218
-0.15194777044502705
0.058300698852326305
0.04967716848582256
0.018762759439273295
-0.14774995176783184
0.18926730655726914
0.0066972104163367345
0.03125103537255247
0.10032737015512237
-0.18099802476915325
0.29456290037902066
-0.08929090563665802
0.0027693331344071444
0.002979609072878543
0.015215359841556994
-0.1963900844565416
-0.17744744338382476
-0.09199955742950974
0.05192447853884953
-0.07062330726458142
0.10411929635739946
0.2257724655673485
-0.028577571061881
-0.02498595940054135
-0.23156328392629538
-0.18845594532877286
-0.03894042343132955
0.23224704558798234
0.016060165259732626
-0.24297072401485934
0.12042461278120416
0.06759335835825021
0.35787471722274516
0.1158876099679717
-0.042947424541226485
-0.011259224356865261
-0.23793042370155243
-0.3058930543585935
0.09343363618845504
0.021156363731007634
-0.2463055359655031
0.1547549995088266
0.22371473096450858
-0.17140140729891593
0.06653128792733115
0.026938233201863372
-0.09913866739226855
-0.016315137054258706
-0.021946141081590844
0.03318731108130529
-0.1230098132396986
0.1878027908115007
-0.38764495237119034
0.28540354052110456
0.14784664050844148
0.18939662870004043
-0.09746930042191387
0.033251668970095544
-0.06831536670419505
-0.1481546733267182
-0.06707861180846321
-0.010701351904695034
-0.14020003740522327
-0.26860842470274726
-0.2529753118447034
0.019771712113344202
0.18322811052926052
-0.2745140283316736
0.16135468202362774
0.07950155685610155
0.04655837212189225
-0.2308095654022157
-0.054459536043828874
-0.20100268066908059
0.08057674525810025
-0.25236491679203554
-0.1857617654790599
-0.25884953783355036
0.08283392965621854
0.08478174009041878
-0.029995721943125685
-0.07054879542288994
-0.0033057018066206373
-0.09523045408427544
-0.18701814215142612
0.06909454769102913
0.1002661896067712
-0.0769228233238337
-0.04145073171462035
0.00726729642655905
-0.01793101265105216
-0.06741518102793109
0.06129580602181692
-0.09700720420012084
-0.07209644376623273
0.10858890813783807
0.10533220653151276
0.17792786614715456
0.048605056659166965
-0.0641435826283029
-0.19217183348726857
-0.582844524077941
0.021180191293989535
0.16839227465765386
0.2045483082800543
-0.09203296465292762
0.412315962999424
-0.09785867451151897
0.06538896393254513
-0.0929855951255915
0.04197913192033939
-0.2562800091066616
0.08024775048843337
0.02351965586883529
0.08499136281031847
-0.14685905620081588
-0.0029686809382035873
-0.1874038112225513
-0.061826760972521856
-0.1345779088963665
-0.22303568565271314
0.29712409633665776
0.13294800577586577
-0.035648246548462915
0.04155671163538282
-0.049600892920269556
0.24577929274756108
-0.4217705615876027
-0.09201666501859669
-0.1832965601429374
-0.22561866351645574
0.007175352419995805
0.08276053533658963
0.06773296927711607
0.25174285092120513
-0.6207563801326923
-0.09256324980178697
-0.21661917461551358
-0.07237912058219477
-0.2729390691643316
-0.3706698634948858
-0.16190109559189994
-0.15501918186298816
-0.05044623032321361
-0.039778185260905666
-0.18284884024200018
-0.18603690067777046
0.16619674186672478
-0.004746175762606181
-0.23147753800305937
-0.2821166080055183
0.20055120271945742
-0.13279142351365292
-0.18398157940120968
0.12513667178341972
-0.07920424723149622
-0.46520570023933205
0.028707359738434243
0.3099331569764369
-0.2882299467359912
0.024805792552456272
-0.012437290509049275
0.18895413719188384
-0.04994258364074801
-0.2561102537980105
-0.3117532202580865
0.25033676905920393
0.29538674977772356
-0.12210423794513696
-0.006434325962677444
0.25330778367373236
0.19938306834608002
-0.07801337357888788
0.024428759461600415
0.04114656511085657
-0.16527333342824665
-0.0014550733825210358
0.16157058851711426
0.136930823313463
0.08822281049281187
0.14136633448281832
0.10093580482210682
-0.337614935628221
-0.04044836305263078
0.011574575165892168
0.012422455393254029
0.05109349127527847
0.2905256774078057
-0.045084128616397226
-0.046451108844738784
0.1732782876663615
-0.10251357589914901
-0.09031413277180078
-0.07393895391368506
-0.2733548190760295
-0.036045855119927805
-0.3377167847387527
0.3337507431370275
-0.005998612291378178
-0.11020675435165794
0.03575175936908678
-0.09137154977684214
-0.13186820159115872
0.0980448875370881
0.07786610901778263
-0.15873157462854634
-0.36414573991820653
0.10945653300016271
-0.031284271928584094
0.06989410582392898
0.06610454750488429
0.02200877716126861
-0.112668754946093
0.032653673689810446
-0.036731261460981254
-0.08188144895134636
-0.26215553370659267
-0.04338173862016776
-0.1256302733200993
0.025182088014122
0.14040976985415246
0.14158812520219646
0.2351313798293235
-0.20852985097381793
-0.14499463429458762
-0.08771524459268104
0.08230031339303118
0.01621512369522909
0.1761208344147346
0.4030084934556904
0.10112385084829977
0.3153623388560432
-0.08507103352502203
0.16975154333208883
-0.203466140340595
0.25107673728351365
0.21996121365520385
-0.06977898223218255
0.09323731211857414
0.06601612326971137
0.08725688652317112
-0.04860602775785142
-0.2143577698826265
0.03344894005772811
-0.12176186074875639
-0.05806317947374693
0.11452485443102407
0.031048996270500697
0.014707302452782052
0.04786508569569947
-0.02382258479304278
-0.034923417087718844
-0.10871836857742755
0.16451388404386683
-0.13676698760880576
-0.0037893575288027114
0.006940271794622547
-0.35222693026408397
-0.07189798467370487
-0.10743144251080666
-0.11856963707756857
-0.293741317549064
-0.10053230385712762
-0.0010044714871017039
0.15056791639210973
-0.08728436838769593
-0.11370297161029103
-0.3214979475443868
0.0956935312806373
-0.033175041103465294
-0.07955975695809567
-0.19780836399137502
-0.21627536062073618
0.013760119225625143
-0.15686804983811123
-0.022134684257196776
-0.14849904093157754
-0.15281656605954813
0.19861706360083906
-0.09582632137904568
-0.38617523616790483
0.04403381293142786
0.0778418621704416
-0.14867719183024822
0.11332213387454057
0.1103539693430102
-0.2001326401824809
0.07861680102826626
-0.0410049377715077
0.06124770714276668
-0.0775607588032492
0.32117982180921384
0.0167208103415803
-0.19478569730240392
0.04428073410455639
0.08305519008311746
-0.10610676620255262
0.18484415401635215
0.21818009992694218
-0.15802241766699648
0.07080893717319547
0.08893300890615004
0.16193097223869896
0.07314815507092201
0.05799746551426016
0.09217337543406848
0.2114809817051851
-0.2030285334360786
0.0042983805578661076
0.354217119488814
0.06677224025075594
0.011984780830428195
-0.09522285324309483
-0.18201303912198086
0.31180391755987624
0.039171797070516746
-0.036943145129752754
-0.1531960292010398
-0.13074701685756274
-0.16918182591611955
-0.030273685221076006
-0.2174090069404952
0.13328016483167507
-0.06727077074978796
-0.01729323855652416
-0.08808889425720659
-0.014215804899057783
-0.07462839789534113
0.07290556292926464
-0.11736017596584923
0.10624201324874494
-0.08209130819160068
-0.07088127809331442
0.15962071929842855
0.06302020932480829
-0.05917393085315139
0.18159658180987248
0.04223265878916256
0.1250735457509386
0.09795417686227537
0.03602267018012734
-0.18908232016222873
0.20824233883543575
-0.03996890382727125
0.1422004986541695
-0.037333187137380305
0.03448344549536267
-0.1357919492463275
0.1426526980975492
-0.3353787435083407
0.20285375810960854
-0.03242689761989043
0.058199558246839284
-0.08139408903535202
-0.009193908718240554
0.08231404834827305
0.3013082359705301
0.2665389756285979
0.1566858184490151
-0.1625629972130358
0.13671669120693228
0.23081257742566666
-0.06618267611951244
0.087896242981412
-0.03201028805997519
0.17174030061811146
-0.08198336911202692
0.05133515325785568
0.28681210003295987
0.12432478163542292
0.2644284302297503
0.02086183268563758
0.21815185431079076
0.11162419173051452
-0.00759409990404129
0.05659233920263391
0.10458149766570164
-0.006974536018966822
0.09517450364778027
0.12887534207465837
0.2949629898549443
0.26857994338991376
0.1419496355961025
0.27854617205533266
-0.12742683161286694
0.13193422243104277
-0.04026627743325946
0.06582031392286936
-0.032043123469583566
-0.04984660244155061
-0.0019270088705086172
-0.07740929265782226
0.0457591000349576
-0.1216753303998335
0.11921932285836191
-0.19326608554639066
-0.02487719099792591
-0.14573282140054497
-0.01679693776065806
-0.04853004973400637
0.08962438322674665
-0.12464187606261203
-0.10916410935715536
-0.07510679745199308
0.021921730599609727
-0.10798202416416404
-0.24115745515155534
-0.0520865509102275
0.30346074690801694
-0.1248260351816748
0.07530385735778494
-0.10520895103562673
-0.10692940972503484
-0.02509699717624494
-0.031573870371056266
-0.038010251692081706
0.06413548897751416
-0.18140069994022098
-0.015726200058531228
-0.1377187918307956
-0.017115003996565067
0.15252989933223765
-0.17990898696328153
-0.0016363740298169275
-0.14419948496783408
0.14055819396782518
0.04253491102396871
-0.04596955313105942
-0.008530651232708662
-0.09232627206617082
-0.06865388178308184
0.16077115214013063
0.1402994825053098
0.0013461662827966136
-0.036561478071017194
0.11934129776214017
-0.03123434358525687
0.19537683403777922
-0.016901119173168302
0.18044818699864767
-0.20452533326077682
0.15061005804122088
-0.11637967706332415
0.33978390058214947
0.10427095937399196
0.02023295694932693
0.10394019892455415
0.012494766541813451
0.07592510327954999
0.2738926222909573
0.2606364895266379
0.21979536723791496
0.06698333566511269
0.08806868908608885
0.05405084862731704
-0.00135004735556472
0.054457846382988194
-0.09078732008805855
-0.12246714700301206
0.03381931284917804
-0.08854311274187308
-0.15971294867446686
-0.16538686947570772
0.06728772052502678
-0.11476281778099111
-0.06695959226055066
0.015692708918310396
-0.1591002266471246
-0.11367205611153564
-0.08991438566557905
-0.18289313784607966
0.1490712399913016
0.02214925747451476
-0.4834808262028517
0.2517047559687241
0.0006418331087455968
0.248561416308937
-0.03281831652906485
0.1442200628894142
0.11719990245884163
0.22964758491715528
-0.054812142997986556
0.08692008890375863
-0.033891858268922374
0.0812869991875218
0.15495456795515605
-0.10184218608778417
0.06615077721218784
0.15125643807604588
0.03092319244110368
-0.3207698008444456
0.2524969722869106
-0.24819166396939316
0.01647706106988971
0.0552828090567785
0.10973473798342931
-0.048304992829929755
-0.05580299214831001
0.11128074572666348
-0.007344752128190647
0.2512118857953495
0.0410028897577071
-0.18117961226426635
0.12042397995910525
-0.04420026401589959
0.07693940790036648
0.0853646856634984
0.04669614096139954
0.0005496281621021436
0.18335990921517278
0.03606529776186368
0.04296173051929155
0.12738569783771247
0.0592612724776709
-0.07577201932671819
0.13270102601621994
0.03932334292211136
-0.04587479611429342
-0.15312486496985148
-0.11547305563890332
-0.21844795801125932
0.07009949199350904
-0.008815921552951909
-0.07907413608196748
0.09214792868105623
-0.23349304765668683
0.04516536543876535
0.207957798407706
0.1953226800419748
0.24260243186467997
-0.11915387453423686
0.18409829574896883
0.055106166253841876
-0.0026132816589500988
-0.1781112701470123
0.11747962373109383
0.19815874213623688
0.14054576930254586
0.037174179391774066
-0.009322692855153258
-0.3353774615694831
0.09290978204668758
-0.20468521553930705
-0.08543968164059501
0.06853061306655527
0.13178444912525206
0.044789698072418456
-0.029771491157062874
-0.07354440556506334
-0.07360452561898671
-0.12999191562000825
-0.13279321933521585
0.02866907474172179
0.016490673551486233
-0.08048030341903165
0.0019470620263933027
0.07607416897429917
0.09434584046928017
-0.23213197910717273
-0.06275888345209388
-0.20848846715593017
-0.28705853038161977
0.2353066747524519
-0.15191799842992162
0.11198205685587884
-0.24286314433961947
-0.14896155085380938
-0.09049468471160668
0.06199270903193134
0.08941765052143645
-0.20324198766450255
0.17632665013393103
0.3211410097009206
-0.046063447506489115
0.2733216524816351
0.3357256868153072
-0.0010808008014293279
0.023868136886098915
0.10160145341621817
0.023664842546373344
0.010850409887213365
0.10715102261675692
-0.23464654798699336
0.12616699441694426
0.035830458205533655
0.010769426146575906
-0.2755407302402276
0.15265914362820782
-0.03776802090364035
0.07208832479659752
-0.30920870507121867
0.0791819140429536
-0.06461483137959284
-0.2541120986197805
0.13682648162523717
-0.07237742120447486
0.10919983626564689
-0.21902523703096521
-0.16497962655561194
-0.31902383243285176
-0.19440462508921666
-0.2250415458125726
-0.06438838770839414
0.07028971887956892
0.00027763342102551654
0.0455227686493055
-5.3324195494509896E-05
-0.03732146943569373
0.08405387152748878
-0.19086403048285216
-0.07213961321669564
0.0974825171853216
0.18895954552566865
-0.03219386165931564
0.04223021603682132
-0.08584220010312643
0.17464970515032346
-0.20668449915217335
0.1512409475688684
-0.13338083617588525
-0.09071346918958119
-0.021367977246016134
0.33162902123573385
-0.014874426808109003
-0.6465542869764712
-0.09012928010357266
0.2569139926485186
-0.0432325596826834
0.07540150406822181
0.07246980673967279
0.1093062982203707
0.17252310161774997
-0.05552383358700012
0.020975186035851474
-0.304873766973626
-0.09031297273032693
-0.09993580582762
0.007480389146039349
-0.16185083566610398
0.1074079436609273
0.01750146995716413
0.035974981270629654
-0.007034048468968404
-0.24854067692679543
-0.21404979192151272
0.06708073790580651
-0.1140798359749334
-0.16972926272893682
-0.02633907803991313
-0.25928340727506066
-0.15136679353065682
0.1475658082239735
-0.06516263372483856
-0.14244211330819187
0.22833017610128375
0.1751078079541994
-0.04411489256215984
-0.07987145841761391
-0.07955312740150208
-0.06335777475300079
-0.16479907377235886
0.13531491029480527
0.04610034595234346
0.0032842107819492593
0.03729182102571158
-0.6267963084475768
-0.09990059078344311
-0.16658884244308828
0.1521506431403039
-0.343716066323836
-0.38796159449833695
0.07428480302415978
0.17181081246162727
0.05467616139238316
-0.46561476131500673
0.21887095918762978
-0.22513058498358351
-0.2872699487299625
-0.29638858352530606
-0.140619660197345
-0.0640987263783453
b2
0.031678098214795225
-0.042313917401954816
-0.052260216429902695
0.017492325579967948
-0.08904950543236907
0.005449237975454777
0.01748323555834248
0.016953349723049887
-0.05142819908420296
-0.007726045084834091
-0.060871829915982785
-0.053530080762876735
-0.04596643220011164
-0.05749086375414297
-0.03704605851937423
-0.1285300891828847
0.008878963554489597
-0.06379535657569173
-0.015015614321898825
-0.07131156814279994
-0.01921657065029142
-0.04104387372554262
-0.008081503817201756
-0.0475209963658425
-0.09128318432526307
0.0006634801745660402
-0.020864164058775867
-0.004599606498074787
-0.046813348503560226
-0.03767558670460885
-0.05604892879520841
-0.09225934420880041
-0.03433992225689818
-0.009139758929150126
0.03385514518279109
-0.0019833065665975113
-0.09392314772485176
0.021261466062457587
-0.006941368899503775
-0.0017859815648665332
-0.007156595083859479
-0.03330945860964007
0.013396942943541941
0.007742479409347042
-0.07542560102689701
-0.04479826170148343
-0.03034329995028963
-0.02251841753576313
0.020266586768566623
-0.020914357274429207
-0.04913368370582181
-0.07090885040741167
-0.028871936706319334
-0.0715701552741666
-0.021212207261531245
-0.029325784450668278
-0.02968112723019091
-0.022077006549148723
0.022358730067865623
-0.04388873813108568
-0.033001463076012934
-0.005131814085769885
-0.029351110394711562
-0.04299572149499824
-0.08448330333028858
-0.004043161601681718
-0.10966911783999128
-0.09992367598370075
0.0026650731283521262
-0.07797245750508178
-0.038457317967326
-0.06860258091178972
-0.00311248918766345
-0.06870319446958202
-0.04192057110132847
-0.08822740697912751
-0.016567706494940576
0.014288378563761788
-0.0097446807010539
0.010987254364551386
-0.01281989976972283
-0.04242793638870821
-0.05402201352678097
-0.019458419870253554
-0.037236060823187006
-0.044014458511665355
-0.02797868269864939
-0.08032764036762981
0.009659420896677526
-0.02175750347156096
-0.026686688886600023
-0.05152760303573656
-0.022996488610263252
-0.026289632089802326
-0.00940658362033247
0.012806902898045706
-0.03962035831131793
-0.044755380140801666
-0.0026752449126564793
-0.11690259866739432
-0.020085800360887984
-0.08383775516952024
-0.10249730594072777
-0.038582162042787055
-0.020154121011609488
-0.024785535410130077
-0.024828504114517893
-0.0009686156428588145
-0.05936518015783953
-0.023910797371351846
-0.00964202611839838
-0.07830159844042053
-0.003652607212937809
-0.04484574125401691
-0.019719571641879687
-0.02576443125966883
-0.004098520896147756
-0.08172717902716423
-0.05054825745791045
0.00982034852194342
-0.0001787035839924053
-0.10255503583418214
-0.0024514551166514376
-0.04752511919677839
-0.04223558345750745
-0.00034006342534745023
0.009117111751614
-0.06205434952822434
w3
0.08801929756778444
-0.12828133402520678
0.37730253441742806
-0.06632687966434517
-0.12937734492219943
-0.23185258903029232
-0.2627138662556225
-0.05209921186248424
-0.2790202534410442
-0.1480751566658348
0.11726307399815321
0.10645152784133528
-0.008719043209378542
-0.21313609521308752
0.42240622064706107
0.08668180601328629
-0.20741113218022997
0.020457304239992265
0.11755402156679524
0.004318047498260451
-0.10452988366077845
-0.1311487895750527
-0.06262061048999008
-0.2553039603284505
0.010617699718279522
-0.13485427982069642
0.045770219223809624
0.05765003034704221
0.07114411189690428
-0.2975033954928433
0.19821447228103262
-0.01747767516615051
-0.17625501491059375
0.26520282765271785
-0.0390577784582461
-0.1556165758971265
-0.07659644179697302
0.10359702370125132
0.0979865002967659
0.07880885425016039
-0.12086107971450241
0.06689484233021238
0.07254473636236845
-0.11000526357304648
-0.10400090770694537
0.016419695896444517
0.05308211745739445
-0.06773521358964812
0.13211165901606337
0.31219006552128914
0.01170110860346673
0.06155387107368166
-0.23275980875277555
0.22377386674932773
-0.013535813585289767
-0.008303659348542264
0.10799549346903786
0.1302354418297635
-0.20254977378938704
-0.22116487361518392
0.04783470061814655
-0.08417263136007365
0.1278677447457822
0.031653610509337675
-0.040853280570293186
0.1259503758313831
0.022430759633310718
-0.20861701843651115
-0.08764245880662046
-0.11248556633552872
0.28281870308165874
0.004981225599238661
0.10741120393961057
0.12430882073581352
0.18563578243473153
0.03224089311777197
-0.024622113773342464
-0.10588596302824778
0.06281295490965236
0.044034991649240324
0.2842183490785691
0.22397864656459168
0.22435914551721978
0.04411794066310593
-0.17164698190479194
-0.05586786386940459
0.09864920871780179
0.08709942742610619
0.27766026213938605
0.20712128217359113
0.024410952870621106
0.20410492082591733
0.059680990590724375
0.003423181457409664
-0.10135792650096487
-0.08769648411396945
-0.016387946996554763
0.2092761092986526
0.014453427626839665
-0.06204309354619108
-0.03758690216273581
-0.07412062939983256
0.14811037605022367
0.05824859753436778
-0.25542454005602977
-0.07148793464368677
0.1805175322096019
-0.10595867438889123
0.0022107850343776325
0.11335905179166164
0.07762883031996641
0.20213033373580971
0.12155269373143135
-0.0005943026507140969
-0.19505602435124955
-0.06595330391434161
-0.13100545353904222
-0.001032374197421721
0.0026136506622687606
0.04578187063237544
-0.08781433448202239
0.01455304233809074
0.07741044972086264
-0.16760200351949492
0.023494729783224092
-0.11561587536716084
-0.05523818893372965
-0.15888461855846422
b3
0.00039018386161281755
