# croquet value net
inputs 99
hidden 128

w1
0.0376317778906306
-0.12917753084455408
0.06099972373345002
-0.054381508867981036
0.025111113083786454
-0.02441164724765071
-0.054729217091033774
-0.177894175805963
-0.076816575048346
-0.11680520918069237
0.04586265322164936
0.22322310311238838
0.3236890012745238
0.19307859562038523
-0.17309010590955848
-0.17725454638921959
0.0130040624744836
-0.4598262040874338
0.172176416228382
-0.059885705693762586
0.04151089447152573
0.09683753415364282
-0.05014595844561768
-0.057943002867434396
0.06611960126800243
0.30008110200037513
-0.2655723144251211
0.3045433757000664
0.14629168144880034
-0.07509364604602779
0.02992442729078471
0.017194265456311957
0.04942031029646261
0.11005918870408063
-0.32831074188093123
0.3222262470257307
0.10952191723135614
-0.07357474910248858
-0.2221132525293581
0.19023666581385373
0.109932589947152
0.1444149307725884
-0.0007359978602913541
0.18202722302830213
0.07570891555883977
-0.2873810708562975
0.019365712367631828
0.2631854724415818
0.01690336479662763
0.07036573349214087
-0.06621986017389664
0.16593375669292745
0.22978150897299177
-0.05536639979879632
0.03486778052864982
0.21907179724471082
-0.08003340196511569
0.4022262433337048
-0.3370232078931275
-0.30675505022955957
-0.02218815049329575
0.18300778643313345
-0.034893345885523695
-0.011692690804020198
0.10141189297001695
-0.07823554602529423
-0.06085968312106387
0.25880843891178107
-0.2592426260892853
0.13517551437859923
0.15137555863318156
0.15533922296494304
-0.0814792917507593
0.12753716994672454
-0.030358448518787017
-0.017185689901222514
-0.1483705297995981
-0.07481161147793151
0.18403344977812203
-0.052371194448086536
0.009745536398704095
-0.0228030457344858
0.05924496055137418
0.17513473523840026
-0.14587333521768772
0.04440954568136839
-0.19012326576811378
-0.08538863407546972
-0.0839561292969493
0.017556891149541523
-0.07029160731038037
-0.0837626115104396
-0.24956009718421596
-0.12307357549451108
0.10068764634783955
-0.051177104076802905
0.0755277554441657
0.22971113860634096
-0.17656720825818545
0.2514165498513827
0.35520014328892313
-0.07255717380696891
0.06246569460093767
-0.074688771774142
0.04178628565858105
0.27042714134153656
0.007139063484068356
0.07914389043994728
0.43583396777940525
-0.35671316954431237
-0.027110807099210682
0.151263161342191
-0.126381176676939
0.2616913757841403
0.11097315872449838
0.04402392569131785
-0.09294867726758409
0.06765539969197161
-0.020247823983826106
-0.03316677309331975
0.04221208830996662
0.3281790856497875
0.031395862542337664
0.0635332208318722
-0.02122266840433514
0.010577268686307288
0.21664066493195833
0.16532491316871342
-0.09031204319494947
0.08752198506779478
-0.04328459121638297
0.22604957261128772
0.0031426417270202377
0.0230988115489391
0.11555890512774057
0.042977150991993285
0.1572196578765341
0.06875098835715147
-0.17321161822711303
0.19852234807831304
-0.1443644293475481
-0.07140386787885779
0.1452628977117704
0.05901455765256873
0.053968919831687195
-0.12842369506023718
-0.014347608351319718
0.05507238207210025
-0.13888246352782208
0.029817302013790545
-0.22193704340911918
0.28375074996326527
0.2003940526121261
-0.0031696028601368074
-0.01590795476477699
0.2451989824945978
-0.1996961384370481
0.2644264094191229
-0.3549303436464886
-0.3389261937280696
0.20303875154561976
0.09680223502758117
0.22100063608479087
0.06513519248989065
-0.02781247279563072
-0.022297121564767545
-0.07842065487193099
-0.21488496549541214
0.11877575337851973
0.10479329757381318
0.06131106619501146
0.04344554899510045
-0.07900665406103795
-0.06692409507884546
-0.4917640440664666
-0.013770764543770846
-0.08968670419874628
-0.2343299105832137
0.11173037489035931
-0.14316250774175576
-0.08704034962278576
0.13675845113146975
0.08318181898204648
0.28743466193215284
-0.14125804739450604
0.04779982800552816
0.09129452474948013
0.1043630718422562
-0.19057736234756792
0.0029523737781327803
0.28106232509470547
-0.024397102095592645
0.10286428898445471
-0.11604109035063102
-0.07085912667077623
-0.06105966667476568
-0.13066660223008403
-0.003973057052712753
-0.11744519893220909
0.03423380334722934
0.16938010715080762
0.028942193415700007
0.08405455746232729
-0.17752312817895763
0.03934362034905497
-0.1420337626919541
-0.0015399516828270613
0.372346284471922
-0.16019518601580227
-0.0828685184771412
0.05800367370885284
0.08360801887900365
-0.1753498104631924
0.1568558620291906
0.15668558215639064
0.2025508867117423
0.171278953631398
0.029229313408819346
0.0173794482196835
0.09364536089041726
-0.05684480625468648
0.0487112967057613
-0.1070965672901508
0.23173507663022883
-0.4514458268396193
0.19769391045178683
0.2593592444392
0.015293803648713291
0.11451596503968883
0.18066849092811485
-0.1677805098407341
-0.06841993614562691
0.06009401912120318
-0.1756078244146567
0.17035388319008934
-0.17151080641079144
-0.00226905134196513
-0.05548917557375061
-0.17156933303881025
0.1811594248771541
-0.08611139900899706
0.23950022848041935
-0.120727893948609
-0.025836586574554916
-0.09390209430408802
-0.06742424727378622
-0.1099969037235378
0.13788824742125116
-0.04701650756152811
-0.19210695334033753
-0.2654428960991657
0.22027354914413835
0.14076124880210622
0.045510755161059305
-0.0335742910245491
0.021433553501866005
-0.3007642000902318
-0.23494438333780962
-0.24652362882296291
-0.02980062971118627
0.019801939611935878
-0.02654727113167284
-0.28041753463327235
0.0047901340372068415
0.3298593274422072
0.10342476563282925
-0.26168278527381117
-0.01818267996528766
0.018299696535996873
0.047410261421807744
-0.008064102368936427
0.21477938577506936
0.14029466616075306
-0.0524164216045721
-0.034931814893282384
0.09610870751635564
-0.18139223992976475
0.1183856874077106
-0.07385690120253059
0.06830125601544917
0.5196158110688258
-0.251155903350998
-0.3390918325000698
0.811931190588948
0.22567034561900326
-0.1806954622690596
0.04250524706242216
-0.38619798946564016
0.18618833417123765
-0.3156912880366522
-0.24398160323870338
0.26153631401187727
-0.1239305630426577
-0.06262414594812898
-0.23055562982876526
0.054876623253953774
0.056634341303440354
0.1358266271526793
-0.08951089466230644
0.031148484635147158
0.09283330328785885
-0.44210380277101
-0.10627144034692007
0.008268035761134657
-0.11730734051244603
-0.007742951141194784
-0.002243598525680726
-0.24629420028001028
0.35578621681531514
-0.3211681110597834
-0.10705160141296184
-0.16000881794075386
0.15596651089308866
0.24042098580691468
0.1783776184663574
-0.06765596720709977
0.3386191485024374
-0.28171699903349817
0.39809133451780326
0.23921630622332213
0.11110488392192103
0.02227326797552875
-0.04378139850783504
-0.12589137807911358
0.22031460650037615
-0.10836128924540293
-0.4487889513512624
0.02443774111600789
0.027212936565081197
-0.24607402548597396
0.17252427692224329
0.45323919340000757
-0.05047318200089511
0.3328508207411615
0.10510688671491959
0.12663357865002986
0.3461627153490373
0.08874393229289117
0.019140836817854792
-0.12954348293284026
0.42756404769862727
0.2563637123372462
0.039572977884438996
0.07384834603242209
0.020704776765261775
-0.19866385700421801
0.09843282681795777
-0.22957317761537088
-0.023080824392500334
0.3582057952652977
-0.2973654200595888
-0.5793982966474026
-0.1085909979177228
-0.0819881065255531
-0.016065157124606353
0.21527093132705002
-0.4802719158025632
-0.15190467948156036
-0.028565694238074837
-0.19956433429842033
0.02291197478590767
-0.3369834085384605
-0.023625117381122235
-0.1542656362256639
0.08386965120086852
0.26171637479418736
-0.24148409333605045
-0.26485185062922184
0.0354158545753383
-0.004050781424916881
-0.019366355083930403
0.300281675842314
-0.5880924846710424
0.09090224140234159
-0.12491616499124286
-0.011112772592574146
-0.05356888409428109
-0.18163724946893922
0.05149551460674096
-0.2640664260788651
0.16395928153333408
0.32970519480002863
-0.29194581972285694
-0.4144835999666207
-0.2498348483725362
0.2217420672582863
-0.6699140341495898
0.03874665345412342
-0.36929508104060427
-0.2849233686124495
0.12044185559953341
0.10724061084862048
0.17474123329734143
-0.07004941697157706
0.07349238565179499
0.019942925015729876
0.053642868743927985
0.03821754943701445
0.20175570426822434
0.14784767959869646
0.13058686175262782
-0.20975816925290103
-0.013909040252669086
-0.1166007580138923
-0.08251953993712006
0.17579230751797834
-0.035540971839905344
0.18342777904245816
-0.019755226912135868
-0.060494064788866375
0.0186456224335777
-0.05311691154265072
-0.056873351781140176
-0.06277578211367589
-0.013224048122904414
-0.033234911496378666
-0.06546127259936861
-0.2806930699006947
0.21869574659213636
0.016803711385146414
-0.055814426194776424
-0.0835629053329303
-0.0735291910400644
-0.010862176984349997
0.10581529979337995
-0.09150685403385331
-0.1380993141522674
0.07697270267888802
0.06624672008588577
0.24432460072608508
0.14478757203864662
-0.05164194422965375
-0.03576060980832549
0.1365612273749022
0.30492673334299647
-0.04754175890607341
0.02487858315934339
0.2340757394845144
-0.03258751683370903
0.1165772933418433
0.05952668259397887
-0.22865396827852813
0.1834272824287345
-0.0511086735938492
0.06821653144114898
-0.3020967824749626
-0.08063547414441473
-0.008505324677891748
-0.18356427667958336
0.06948777684227209
-0.047516455050279086
0.1443078606234825
-0.06440809810584092
-0.14785801263337225
0.20922481033395215
-0.4374086028969934
-0.04329753211338134
0.04189344474367387
0.07729271231839327
0.06277013605835588
-0.1296865039389586
-0.09106804276954038
-0.022942054419277196
-0.04216672448530883
0.11256741894355078
-0.3414528021119959
0.060876330552960364
-0.1961252599971166
0.19043980440763575
-0.09363424392706743
-0.11110814423349327
-0.4385379058991835
-0.07528207748152296
0.07846167609368053
-0.1296960238246285
-0.10212782776915456
-0.037888900938711056
0.11082615311497733
0.5683035656058131
-0.13088249334428367
-0.3145496807709157
0.343350664381127
-0.2995020456447993
0.07992628997764373
0.03582345113095421
-0.572002282473162
0.35849072230462575
-0.1795673444215823
0.15687305907749807
0.14773766545064693
0.015214987511925095
-0.1891972417656564
-0.14399907236033443
0.008788904800666462
0.07776480151648202
0.0444694390640206
-0.025783003683289247
-0.2546804154835671
-0.09247686994544167
0.06807291814468089
-0.18310447861574128
-0.20142757303514694
-0.387602552030102
0.02973404716277368
-0.6452125307585301
0.13120615125454102
-0.3647104083373433
-0.27589928072453623
0.05069146509948442
-0.04652664148565479
0.03579137905077057
-0.0033689655443174447
0.13576523943071112
-0.26279910817267255
0.010506518409329759
0.16614207718694635
-0.7046023303371034
-0.11267679967947346
-0.002279109962755435
0.2157766802481908
-0.5027071375314875
0.3064119726500092
-0.32408442392652337
-0.03283639176723367
-0.04202881299674371
0.08579286064784075
-0.08880762568374222
-0.04150770382661783
-0.09303911953116262
-0.027243336829319526
-0.020862463894040197
-0.09501522442658213
0.04675837631089402
-0.00878602581688685
0.05672688260403277
-0.12480357312070617
-0.6183638113997997
0.39134288710670884
-0.4530770348874397
0.06363070650676834
0.18277092780805948
-0.23718874813478696
0.184606147377814
0.15943254219945513
0.0728776684880109
0.3630479331055466
0.14550088160135818
0.32407928887529147
0.04248714953737348
0.2856704077260498
-0.07708665607953376
-0.11182703012704903
0.07948969533140884
-0.36608331286165235
0.11191048375771077
-0.08145238608436597
-0.2712476378786374
-0.014165884061342653
-0.025522896515476064
0.13798903240635738
0.06956525411644773
-0.05196504752338434
0.0629227928263837
0.001564068131906815
-0.08894597278018808
-0.1736707221817342
0.04929569705139554
-0.13390086727373068
-0.07786172601613708
-0.22197314905554127
0.18510932076204528
0.18238810610795345
0.203988588900603
-0.023303704402486775
0.01165948418403278
0.02475651197461721
-0.022188173068841827
-0.18264416070686573
-0.030984012986102465
-0.18112473841201532
-0.18918449597943152
0.11495369456354024
0.01232182272157975
-0.27763610380893106
0.021988729823728313
-0.04430673547662479
0.17179276210663136
-0.06378866053758975
-0.009317601664119981
-0.020620288410647447
-0.18693561757262062
0.06868515113093054
0.09337103824059542
0.15279619366081282
-0.061018787022336415
0.10075300759377105
-0.09224426484075639
0.2303269215874179
-0.04969832165693485
0.2421178703492977
-0.12959070717105736
-0.16697135430671914
-0.0592130743425489
-0.17292759826725854
0.034302681922997694
0.13572346852676284
-0.06346963511299489
-0.1552659119765996
0.176373858648571
-0.12027219983620574
-0.030260626489422536
0.10155783038414291
-0.1051824638677655
0.10486321180756314
-0.27361360732204865
0.022858142508144462
0.34411965343115924
-0.0681360460241211
-0.13539264150866026
0.2073082082075557
-0.35537837028132213
0.4736137322701913
0.05864190057134826
-0.43228371803775517
-0.12098969880277853
0.09403644304530619
0.013266881621607444
0.0277427749881417
0.1341600382636389
-0.04918863786886655
-0.06617255944085883
0.0702032442417027
0.3460193655200234
0.08847330872297765
-0.25187588448500753
0.20823939171747086
-0.15714549306256914
0.24480752054365718
-0.018642768885126223
0.23857853824675468
-0.08883918781220933
5.046702056401561E-05
0.4538500332212804
0.1603644765417899
0.11024822041777019
0.02052491134682638
-0.09351448116500152
0.20369733627753553
-0.17200984573554584
0.10259526361568776
0.0001927451920846486
0.445299477559487
-0.20920173523794353
0.1734234057928103
-0.08247950931374319
0.019364471029428475
-0.002994898636316275
0.09504773098229803
0.13690123703355125
-0.3341584897265238
0.25122177772625126
-0.16982379285972138
-0.2532251709682625
0.3778609933989948
0.3402291809222424
0.054724941514216176
-0.05525951273874623
0.20563830317443488
-0.48681960716103856
0.4767957808494416
-0.033421711230250985
-0.09071587775596451
-0.17650664509777556
0.12422326208513793
-0.07074891069392202
0.014014605746125949
-0.23684741250997374
0.27520437299735934
0.2596456799493433
0.4850617056199798
0.09689056232442345
0.1171550310626232
-0.03497543108571629
0.05770435296892416
-0.37086560716281536
0.2329912562647651
0.2604570912691681
-0.18736832162025838
-0.27186690757319987
-0.2696248863147083
-0.14344562503047212
0.0739241388685317
-0.29729091120312456
0.17791455231291653
0.20639791731814758
0.41397514585984235
0.04397434965582818
0.07253270274403978
-0.038745528259286545
-0.12938072039792128
-0.28366207860777426
-0.28793294362358024
-0.11093710351036852
0.028138668512357478
-0.1462561780204508
0.10289903242646392
0.018976065664832314
0.04878246824723492
0.1326770608949257
0.07081481009833618
-0.05636227193800667
4.6115516021061115E-05
-0.004135260175822034
0.177251840991723
0.03007316928333406
0.056307219186685666
0.06495548488507653
-0.19312484766542995
-0.131096608013569
-0.02169112460464891
-0.08976921549178445
0.08967813366479413
-0.06478355896459799
-0.2168205010396719
-0.09593714283245688
-0.08215180998522778
0.03382273919727483
0.19630280985814272
-0.2428619222322163
-0.10683678467249368
0.010948916358926591
0.041827040818927894
0.1513572523919051
0.12291840433607047
-0.03289638861014523
-0.1087489765116843
-0.29012010959850715
0.09234405809481909
-0.15400998970848984
-0.2379609816359187
0.0407202381153724
-0.28428648759920744
0.19885113601129276
-0.16227187959036057
-0.15000255116472336
0.2182910118139185
-0.16034764117409683
-0.3389755543472383
0.039554917152742834
0.07397981034497542
-0.12123873766232701
0.06101997355990161
-0.30508210948397874
0.3267620355590018
-0.12224420289386165
0.05262129556386038
0.008377337917707017
-0.009820100004046931
0.30275446089666463
-0.06760717798538085
-0.2807973611069105
0.012442718841688695
-0.19236277757912293
-0.1572131501925957
0.006178698009222806
-0.03769308583595933
-0.2564643472009266
0.3970406925364971
-0.4984990113403918
0.006541001427320829
0.006049299161035402
-0.04243188303099036
0.044697816026388046
-0.29663276323874604
0.33050862137256626
-0.3358797005752642
-0.2149022503771135
-0.059056022768131676
-0.1872913576797759
-0.45796573050964334
0.19902819676800873
0.07070852503307473
-0.3669040182602992
0.0419664366662233
-0.3763837906923457
0.2220712904725025
-0.06180899710866442
0.1655214581171849
-0.013780093685063947
-0.3797786949342008
0.07088159753924272
-0.07124236035817626
0.055310627066477894
0.1825250333140374
-0.025524517749017765
0.10167554864064214
-0.30485326472311336
0.25905609990439976
0.10791928089787896
0.2004906873619786
0.044468154000303864
0.05187811337606512
-0.09573184321914335
-0.1263940093195171
-0.1753072916302561
0.18420020642861745
0.031304627435980344
-0.061995719724176175
0.028596705432148137
0.2189404985049852
0.18739195305915612
-0.24217053438443337
-0.1654012827874754
0.025376967123556485
0.0023744843817424944
-0.2292681548549619
-0.020713299086290618
0.42378512699290155
-0.03650241751548613
0.05907091407466698
-0.15981832461229115
-0.062577114718453
-0.06586517395881956
-0.17500041548486878
-0.04215923204597595
0.2132471390279112
0.09029520301684167
0.10969271942961827
-0.06483960269928649
-0.050929760556766464
0.17523291577832145
0.206439389599286
-0.028675441443526038
0.26670856651720254
-0.15664858126313627
0.23774612578621465
-0.41006436570635046
-0.3208969104167258
-0.10529039887178825
0.08317987274872467
-0.3500568991954644
0.10682301382369255
-0.19239605614926503
0.03012264851807094
-0.09309334193199656
0.18003816355707294
-0.2852162920952381
0.10984111959554838
0.22526285400106602
-0.09504534166922385
0.2747460643033688
0.06798329697829156
-0.013746576263511744
0.29876290980276665
-0.15337000896292416
-0.19837444216677252
-0.027571890692836994
-0.12792877389155347
0.11178606570751157
0.17860900996915366
0.020308809522589552
0.05048111808052693
-0.3446670448662144
-0.008746398548494135
0.2016566196139362
-0.26310743609977333
0.1866267936813877
-0.32451108070154416
0.31893688473578374
0.17464541542326495
-0.06300231594841171
-0.1071043016621163
-0.012666971978687418
0.06060978576182285
-0.08573559174120435
0.31917126195723594
0.101639450108295
0.4118432342844399
0.17544163448303973
0.0034025200571060287
-0.19889847009254635
-0.4535084466423904
-0.16855135492335646
-0.3387385376137256
0.03600581824712619
-0.04773911582200712
-0.37114530520963285
-0.0031451256936547924
-0.09683980403251138
-0.010748709440146314
-0.15068100770528578
0.101474670249084
-0.17913289146440295
-0.006871095065019098
0.10114715193185783
-0.014874401870957892
0.03670921157944608
0.06282606838855373
0.047532932493187595
-0.11408968617078766
0.1775366786412743
-0.0048397480363122835
0.32531594030747724
-0.20799191532603287
-0.033451219867807344
-0.10998843894548073
0.021803129516759542
0.047229102066369134
-0.046116553540949866
-0.020214953402681667
0.036650778503170015
0.07012772157078075
-0.11876665800573015
-0.05401773800946013
-0.07766930277479268
-0.11544381845546849
0.06464882724139796
0.048848175008449284
-0.006208722307418457
-0.29221952150577646
-0.04226706788354363
-0.026623216383828422
0.2364710827773171
-0.008313885311550093
0.20374980891562103
0.1487165303743197
-0.21052047673296218
-0.2381827434292243
0.1483284991779831
0.04931137308378792
-0.20860260952906887
-0.0832891802698018
0.11240737003717409
-0.20707505801800838
-0.02967287563997896
-0.25449091488827424
-0.36394991325766657
-0.09968315722184923
-0.18389980791759106
-0.17208132828302053
-0.08033865510350324
-0.195864466826962
0.21031394931305275
-0.1168782667615807
0.19434357937988594
-0.05463568007603771
-0.1511937730793441
0.05954341542504206
0.1302037660017501
0.02557517920683961
0.15312328539783304
-0.2642437076747717
0.1970811529761751
-0.17915534467015096
0.05171065183360347
-0.014212796858086242
0.013336944669790941
-0.2205308308246036
0.18474081276479365
0.10510796949842327
-0.402291925880774
-0.11298446429760911
0.023109979190483323
0.08535445413131196
-0.19822657012238984
0.27457459469593587
-0.2412555947562658
-0.33930788064967105
0.19554325058522137
0.024654752943484574
-0.18659477500698954
-0.35296952254690533
-0.06991414223740332
-0.010281661744839075
0.17518718016991702
-0.4834158582073031
-0.039032344166013117
0.03673706928196397
-0.04588473142677628
0.045737711319275204
-0.07713805459197119
0.025219634822811032
0.2672180380161517
-0.10555056520745477
-0.1876595697754798
0.04143350148648688
-0.057126703744002326
-0.041606868416841324
-0.26553890547417935
-0.08397170327201196
0.10433547255569245
0.1375883939783372
-0.10625178781718383
-0.1073425587102747
0.14425594125635027
-0.12547990044515275
-0.1813513486121375
0.1698712233101271
-0.13905946575295006
-0.4261488362795142
0.003049729625684844
-0.15584226764790543
-0.04304426547595663
-0.3144514931014904
-0.00030755390247355044
-0.02389476795715528
-0.07168941288769909
-0.1515897247583478
0.041344792190318495
0.02761319123902975
0.17072720665628527
0.08559973424434303
-0.07502524726076792
-0.009487835972054397
-0.014314393646862664
-0.034357781111232735
-0.008422506241124514
0.1572338502608079
-0.06537798863313092
0.14009291325732875
-0.012165949252853775
-0.07016525271553808
0.09533810505851269
-0.10668648541506444
0.03249818310191549
0.024896893947194916
0.05499115678952394
-0.016592645848999138
-0.27850641544719135
-0.09675264119482999
-0.24915363997336182
-0.16939474389958964
-0.4304750044395705
-0.07551923381956228
0.02189534292348121
-0.2175318919575895
-0.4246535429398439
-0.25515500093776783
-0.09309920549222168
-0.2138756525211444
0.1046063356628715
-0.040990979217158115
-0.3844842391062173
-0.37793707078642547
0.2715939092582213
0.028826554959065432
-0.006608682913385645
-0.07948840978736062
0.05070349285379737
-0.5374712413972005
-0.08784405815194002
-0.14670946987192762
-0.14787847243553784
0.06432994674593936
-0.015061738549016629
0.2371053569953079
-0.4295740110596425
-0.23811795676171726
-0.2481561438827122
0.11088967463324852
0.10911779153787964
0.1368342838982817
-0.17738501450758173
-0.39625005654973305
-0.4524954840173389
-0.34769993165267915
-0.201000149926448
-0.15278748056010402
0.057272186217661246
0.014780882763097017
-0.07071409591743531
-0.254951244765276
-0.21457443836799808
-0.13806372997255403
-0.018799638644020737
-0.06804019377293888
0.3390985879016493
0.06545361847499093
0.12200564643439078
-0.02217132031733808
-0.5608680409798704
-0.11253587799284914
-0.3050529775960768
-0.2058122603470859
-0.10713867847940264
-0.02677882514396701
-0.1279367766005497
0.4370306534845867
-0.005390127056140597
0.03373938220332685
-0.23337628736076732
-0.06138233762110801
-0.0396895829450675
-0.14348603571605964
0.04860292885035513
-0.0033927052589808153
0.0005470460592654302
0.0381006669593971
0.06562258140161412
-0.01783103441809807
0.1881054726591827
0.05076247640655885
-0.23864526354954746
-0.03614810380894704
-0.1143459832347996
0.0596632242336832
-0.12638556825132485
-0.021394009463192806
-0.18136887605954066
-0.0092856486904604
0.05881903686458584
0.024141335183112275
0.12742744549976306
0.10319208435409621
-0.017556096614566155
-0.13983104484995287
0.2543438672091861
0.05592188902788132
-0.15220527365388672
-0.17989167571310696
-0.09126120821676739
0.013660806354968788
0.29665726981544266
0.08260677841130862
0.16371473318224006
0.19120252600885698
0.07640028043361029
-0.055070783846944554
0.009919403736751453
0.1488082215781163
0.08793427479049117
-0.058324456907912256
0.22331285452834088
0.14737533341869113
-0.17730549768154555
0.17426148697337832
-0.07393020031819189
-0.22185544681561895
0.08569903307162442
-0.25913246639135207
-0.1491296457023994
0.2579195043975436
-0.07384659873424286
-0.3740662657837291
0.02516667450958457
-0.03005429194944386
-0.5908181325210345
0.3841300954941389
-0.7926621051836048
0.2020575939733823
-0.12368385665595072
-0.061942246649104776
0.06573149362255581
-0.2576411582975531
-0.07874675810910785
-0.29585958940421714
-0.05951782147956756
0.21292985216531515
-0.4075262185069498
-0.05820275567708675
-0.18262530851383035
-0.018002980719982256
-0.45456685090039034
0.48495609581172217
-0.518460547966572
0.2812168421336935
0.04515728715670312
0.05335553511780506
-0.29930907039515814
-0.4038077606804516
0.3483608101619228
0.06667783942848236
-0.05188999757995521
-0.010304936920593595
-0.09374051800554946
-0.17480088750098682
0.1159851323031649
-0.17336444632768894
-0.07990834076907022
-0.04970891179453245
-0.1857579821257422
0.10903984723950469
0.09512620188194185
-0.2530408898630317
-0.17849830496080588
-0.1222771805742452
0.05498719863440968
0.06727509466423015
0.19092003017517514
0.19336551743798894
-0.05716980061698858
0.10228128095993153
0.173500436420176
-0.24049780537433546
-0.009801027915370918
-0.11903198741020218
-0.23416227261357217
-0.10156873305425244
-0.19533514438034721
-0.06623746061454933
0.005301973022530838
-0.11655528591854901
-0.05739429921327825
-0.1322664283792768
0.24811603828620482
-0.23416936113856662
-0.11060285964018554
0.1650986829207963
0.0012964352661567033
0.012682784030936806
0.10917137493591818
0.125151440244002
-0.14862908587292925
-0.0171162008305467
-0.06532807703770387
0.0772361432732878
0.14312967563342174
-0.003627739420877611
-0.1704194556272445
-0.24041636393220267
0.22981105164268162
-0.29734113896030323
-0.1301095175178822
-0.01685272266028014
0.048909684324468856
-0.3026410890846743
-0.16219182207611463
0.03064653043319284
-0.10119169144376597
-0.03234183341917866
0.00044663098861410193
-0.037783047066030785
0.03804325212591977
0.011468969808537392
0.1531797564481477
-0.11632928109571918
0.059945913408964144
-0.10150707775922127
0.07682864073202982
-0.043874397120374234
-0.2297511244623822
-0.052927940158399085
-0.14742086552279
-0.08531894319542026
-0.22006962067926453
-0.19739239166659767
-0.02736281528738936
-0.3002001696908872
0.14994741563012318
0.22731368446095243
0.2738096862483361
0.11193199429000722
0.09107767135159375
-0.11217294945539294
-0.0302372639339662
-0.012532494069035055
0.1203777104919029
-0.09488951791606919
-0.24097218836347953
-0.26497147192818504
0.06636679885497013
-0.2986961849641249
0.031842874213953654
-0.09989730761552079
-0.17057842702613943
-0.13350472327727347
-0.030340397517467657
0.15576443838157486
-0.03869027904838566
0.14500191247045094
-0.16122994038389685
-0.08620113035408074
-0.08003193978770506
-0.03452284591788142
0.1385662422786069
-0.06852186063224232
-0.08701023372720863
-0.03833051164489826
-0.07679290543414126
-0.05079084855192555
-0.13601074022429524
-0.14357720822106043
-0.01960355972384305
-0.07377852551058281
-0.22685970549230414
-0.27101141779742705
-0.034172397648486744
0.19251823078374272
-0.1448370749916419
-0.010503460653883447
-0.16955957499695662
0.0716653862654892
-0.007007071413354212
-0.005400091168406668
-0.0988647400686779
-0.12623585227692002
-0.31214980132692677
0.10211643972315086
-0.2909501538168293
0.25563769068020475
-0.10468918940638001
-0.15998993221386
0.1569678657183644
0.08599304952388842
-0.09416495105005254
0.013309718737563285
0.005435636769359208
0.16640919669223597
-0.14047238103681436
-0.05297423661329753
-0.06667278736145366
-0.12116307771928808
-0.1469249027648242
0.11168288880030995
0.05226328626545218
-0.1618187648560288
-0.15208215503182196
0.12575936693405818
-0.14322885301837637
0.1005046266584192
-0.2534211717524985
0.16409121203303245
-0.037928049513256214
-0.05815854147510548
-0.028907450074598343
-0.06940015983330824
0.17393807666360295
-0.028748198576783835
-0.1582963309583829
-0.16406055605102463
-0.2906336444854527
-0.31926041728788485
-0.2651139751632184
-0.1383688765530287
0.13509944142000838
-0.3861716743781066
-0.1748198450742371
-0.03559989594534655
0.07951989876832746
-0.1977106311985388
0.20465942030052975
0.09386610351685763
-0.14569850238021176
-0.22917804514054635
-0.05503099346890617
-0.1723755934449023
-0.07027663611768953
-0.18123990405307128
0.3469564011205353
-0.2733019174541181
-0.3339418199567076
-0.08347457810636746
-0.06349165836130499
0.027519618848523896
0.020029894226364052
0.2027883622596315
-0.011305738570934039
0.02134778256915663
0.021427127577479322
-0.0920619452140601
-0.4563661084895694
-0.009440182987059871
-0.37950490244203866
0.08440128864941457
-0.04017367064173034
0.08901699680610008
0.1441782770653057
-0.4684219763343398
-0.15032327010417407
0.13269990004046256
0.03825193159824361
0.038758408332761916
-0.24448483607980773
-0.02553501529357723
0.10217047008491097
-0.054307405745837554
-0.2945097525193534
0.08651364623091744
0.022320742446205338
-0.08331428335909885
-0.31768501281939515
-0.18108654672582505
0.04688590730496736
-0.09332308778319054
-0.027510351008553605
-0.020578729906517677
-0.02151962539393713
-0.034376900209624785
0.319917242222339
-0.009738398749133126
-0.1822067692813684
0.586949404555189
-0.056849166334989085
-0.1675515042693843
-0.13538304468115647
-0.23603772666348072
0.30558091764563444
-0.5177538492431405
-0.2864769207213393
0.08182774959483677
0.26862703624320594
-0.14426667039828622
0.016496866229291498
0.1189226979764573
0.15346337413613909
0.04818093715109535
0.006100003862890537
0.34689014889710496
0.0805806437722865
-0.020758243649111306
0.12565407906529974
-0.08765408868840287
0.16902926658455847
-0.13413515763689865
-0.05720206396513504
-0.07661802821257373
-0.11826809870154291
0.10906074368127612
0.006387281893138505
0.20088766071450448
0.0783917354283061
0.027955259561329816
0.08106154021677044
0.39585544503480863
0.3200607741447343
0.23241935007129266
-0.06418191573339176
-0.22862895408026684
-0.06992692249573476
0.30329396759890054
0.04941788898444807
0.05683386828514631
0.05510954899943835
-0.01413794733370366
-0.028788286154492613
-0.24055733198858276
-0.07331332446293329
-0.07614621189491133
-0.13549235455704117
0.058645500055185075
-0.15086088443627338
-0.1366447949842299
0.039828309901657054
-0.047383987417370294
-0.30492824445086186
0.13295838699008852
-0.0926422031636292
-0.09168237728518037
-0.004420469377632382
0.06417009342820632
-0.10729013249385778
0.008294134418973574
0.05881286188330881
0.19449547469866335
-0.09963060150562
-0.0042016249816711
0.12991347136421558
-0.0346895957152431
-0.0017795495554980363
0.011257389680178578
0.053108898222388574
-0.24177419410100368
0.06443216294480832
-0.15235954099560614
-0.06246259398440928
0.016262236564852383
0.06089635325405714
0.09441832406803609
-0.20951158694937788
0.12462167824495712
0.0775855156989723
-0.07218765744001658
-0.17207395758711358
0.018690893277608006
-0.042903242277666065
0.07683116459450112
0.290784736021772
-0.18252633394085474
-0.1114882004500464
0.07502561721257665
-0.0679209178734565
0.22249384075210474
-0.050014048659567344
-0.013274512410890102
0.1346767625390003
0.1484349600907916
0.08465650984943894
-0.031531563848614205
0.12014935942162544
-0.0858533261370659
-0.04618211247925596
0.3131698250526865
0.0017888488121500787
-0.13126221922331968
0.04202434413843534
-0.010703593154092538
-0.043946499272883854
0.21348718994096155
-0.007283307284823948
-0.23902862472205627
-0.0828067832427784
0.0407419504599979
-0.1287198773423789
0.38240999059094205
0.06928506696814193
-0.2518094460136383
0.231931873476485
-0.1842649696993506
-0.19644356448646003
-0.025513918519322575
-0.2644413445128526
0.07582529995564123
-0.3446802127934353
0.39696700280530073
0.07121445088428777
-0.12892420976777805
-0.12877854836088928
-0.05725714516630221
-0.17707849194848552
0.3425295867360874
0.054752808524490965
-0.19127999287116595
0.536686129111346
0.25941442437747997
-0.0003373811792788979
0.04479602213211039
-0.1732418493351638
-0.24650228945292296
-0.2661285046292381
0.11597826537293295
-0.10753200141249289
-0.14336115974889488
0.17954570555577115
-0.0072721802993040725
0.19081210634418744
-0.13983023641852926
-0.2575328090815098
-0.09896445216539372
-0.039593711775048446
-0.43981646064630936
-0.21055122292621234
0.04492429651243693
0.3938751647159081
-0.1755126456339481
0.2350676313577794
0.1675156811511704
0.07963693962091109
0.09974326826678648
-0.18317533226490537
-0.2210244744514927
0.0673795005055051
-0.14160708347863998
0.14938127468552945
0.11690901235009066
0.3118277333497703
0.10685253915259013
-0.023851046964912637
-0.055171400754006596
0.10273921157370125
-0.12434641563427037
0.44744433815551626
0.08362771285037486
-0.08837531084139116
-0.09865906442828937
0.05966267659279572
0.29283538719607366
0.2514023719461451
0.006643773178781266
-0.15650476468251096
-0.00930017355537623
0.3161942141458245
0.018552083865921144
0.024236456389577377
0.0048190614076146585
-0.04709632491676099
-0.0017368689091239093
0.2206713159560149
-0.24340445931121418
-0.016386846545223006
-0.24299879433197347
-0.04257969317017916
-0.07079058053546444
-0.10219646292531759
0.1983986848395626
0.18264546759528796
-0.3103825232139968
-0.011602308778706424
-0.06110803014395065
0.01105206401388311
-0.007367656034363608
-0.016537489251602085
-0.06575746813614759
-0.09822854355990766
0.13790806078979703
-0.16659231355889081
0.0858574635347999
0.09252294864165878
0.029531888448935145
0.05796182490423732
-0.09724366507723742
-0.062278969174169044
-0.0440916180083477
-0.2477948402158831
-0.005258025640467474
0.21182784958596376
-0.11584472561087147
-0.19065037279304126
-0.021548774221483723
0.15675789848672758
0.0990753413695337
0.05627310399562895
0.11589955937279842
-0.02743877043299009
0.06677930379007513
0.18519839911079308
-0.13646484613638063
-0.07381498871791142
-0.25044933923466384
-0.05006442584976557
0.06479185572329405
0.07970927245659247
-0.26700658027088514
-0.07806680592788702
-0.03267623529638699
-0.02811700225794396
0.07053563636994935
-0.0007572588269019741
0.025548881263006876
0.11558891339241542
-0.1692635111747633
0.08139443464270264
-0.024479399520549845
-0.3696815901877957
0.014540369295387112
-0.20862419943502483
-0.13119258739164733
0.2510887585740063
-0.40803076748994316
-0.017177839472847272
-0.17326735621177372
0.10909625289620878
-0.8310838925132775
0.26201129476145335
-0.8059863918846254
-0.022375406751726327
-0.07647050678190727
-0.11445385631421265
-0.10212315562997097
-0.09320817691297212
0.3669720264579264
-0.41346579658963156
0.0021498786947792186
0.25719944586163523
-0.7261597097523934
-0.1838157177760094
-0.0473488145983087
0.10037285118721448
-0.6714624572577733
0.40192690901705524
-0.6774305312576668
-0.021551338371411613
0.09945199986208264
-0.22262731363716368
0.07321757775544399
0.043054916111753425
0.27046956041767983
-0.1675233528668986
-0.05326103232326626
0.08302868640862933
-0.3691093215136676
-0.3813729174010219
-0.1424496543893001
-0.1267313515616121
-1.0004513968348066
0.3228063872092521
-0.8871319728298453
0.05078605185130438
0.0632962050473293
-0.31819225215046476
-0.17601031876620069
-0.17514044035197404
-0.07700663748236417
0.02225120117815671
-0.04020016003636638
-0.003086588204603861
-0.20036297720808538
-0.1315810586043801
0.34276064722819133
-0.24182519359426582
-0.19478251030596305
-0.083600022513692
-0.19943307437127933
0.17662639508512762
0.14755811496542792
-0.5102525743310999
-0.07181009137632033
-0.01454645274862957
-0.051526011711333856
-0.35232486865891566
0.004958795479321791
0.09817177644109915
-0.13662796082420578
0.04550873250759645
0.14694674903684696
-0.2739760578009034
-0.09324175080698793
0.08142832243847217
0.005676387739900627
-0.17422217956955197
-0.14542685379109554
-0.18926387134789835
0.015153175020640121
0.2348355982832098
-0.14338150949886497
0.019178173822842596
-0.10972986506996593
-0.03226369525959561
-0.07245729148600502
0.0016667847368974792
0.23551735388526387
0.19007850662481734
0.0730911191278443
-0.012141381377466638
-0.008542374193014153
-0.42565833588910057
0.2205409447609657
-0.3137264711825256
-0.27364101872790525
0.14647697448396602
0.21735775872505492
-0.1023085874419054
0.10092340511859234
-0.09522490517693047
0.12269672459486083
0.06091038896801756
-0.04568202643666501
-0.14713328664987482
0.23287075525422013
-0.07098674458606742
-0.0600895345078208
0.04448602498867014
-0.320462214840882
0.06350166583371912
-0.14013658569577328
0.2504730258241394
-0.06742118712353674
-0.000956461335428471
0.19753633350363506
0.015739767558234107
-0.006629875117831843
-0.17643098517008712
-0.23937689041776974
0.08854691829205903
0.04956762226108651
-0.22744044363040555
0.03287925547583584
0.01897735829341011
-0.10338992548851525
0.09078381297249008
-0.13872805339565336
-0.07384412248987608
-0.1761282817296053
0.18829703355279354
-0.16181027660204295
-0.1375513331265691
-0.11090022999026877
0.18723145720488996
0.11234287666234508
0.23738572918970516
-0.18263258039015975
-0.033675730011773854
0.006786615982174265
0.13754394306165993
-0.008205844266775834
-0.17110692048771453
-0.01984823162921175
0.09370319174346484
-0.23851601066597353
0.2199573097282665
0.004808772927888188
-0.09449307089206767
0.024359811774269106
0.08998757869422505
-0.14931340456516395
-0.004023280214523856
-0.006289708534046045
-0.049676004058898694
-0.24206341202070386
-0.320003943541727
0.193926663934484
0.4358614570795081
0.18644680130009156
-0.17425589963207766
0.07999342237408373
-0.1677053404119914
0.12760531790033144
0.0311917784995944
-0.1169411045928614
-0.25856918088085534
-0.05556135325132546
-0.07068697972821734
0.20316499840980293
0.11511683107758777
0.26773371564545073
0.23166872229010574
0.2085390930247632
-0.353428005347174
0.2587457893711823
-0.07564494767125828
-0.11401644276917049
0.09500163314097673
-0.38586824327007224
-0.05554458597658543
-0.09045760886030835
-0.18314230526015976
0.12995127135754497
-0.44467192366875274
0.07649570423527423
-0.11795952774480321
-0.07690287646089027
-0.2092336959900326
0.07805905389742072
0.031123622077659174
0.10946912883749138
0.15345973749302885
-0.19684748749371245
0.09923963334432644
-0.41719604090005424
0.003672769357272044
0.06415846413674137
0.050567611009290164
0.2509601373194259
-0.24723264027486183
-0.05718371054253089
0.2359429553290519
-0.3352817299144316
-0.190886888970903
0.09534866933913423
-0.13811286001530904
-0.43534439759423893
0.11855940463006648
-0.2635191265295459
-0.06344757622359527
0.1697277576168593
-0.16822086095420197
0.16076201521279757
-0.17517533269874744
0.033713172680288214
0.111559031847355
-0.2275960001387524
0.10487164457749729
-0.1295485599483126
0.03930732477812931
-0.11925864123929301
-0.0007169554660563235
-0.16576002523341601
0.08728372185569964
-0.039116386330056936
-0.15266570558861933
0.3580507890624461
0.12035606369080996
-0.06570783190919798
-0.21541514007847834
-0.1997411334094414
-0.13590442055879493
0.16303232107922438
0.26169494437665264
-0.27003590656356075
-0.43737782805521097
-0.012287961115687251
-0.1394820986208008
-0.5048893832772702
0.3101912628724456
-0.34728286250780543
-0.00467933527648941
0.20096581052183096
-0.24671480873607377
0.016194010662829432
0.10674889494341658
-0.1506052425703817
-0.34219513904897186
-0.21357561810773054
0.045847341159785546
-0.18748340037733957
-0.21801515344523978
-0.00904117360283437
-0.07105008815049801
-0.29414151093769536
0.180944494334891
-0.0876535120714538
-0.4115906146085916
0.07538602207100756
-0.24417022197204694
0.10770114089457342
-0.10115241474247688
0.03716603048152831
0.15492109468032184
-0.16696881332356564
0.07605947479123304
0.25218086041560644
-0.05912623255449019
-0.24564363738383502
-0.09465156072095243
-0.019418633534909246
-0.06012392847434966
-0.21121340592251464
0.035255215334904
0.15094311105383254
-0.14068148087022825
-0.039574793101240076
-0.0034789566159565202
-0.2030299933722779
-0.179076370847249
-0.05896781461161066
0.020942906608408803
-0.28406644094824046
0.03185640284839926
0.13956560508468863
-0.18395216946160836
-0.0160103536097545
0.05046707365366016
-0.13903397073159393
-0.2337815775444276
0.3616619301844991
-0.2612729526335229
0.16291049498734556
0.013469896088048916
-0.1503832948886271
-0.14349065480163228
-0.10123319431748902
0.26230012407803377
0.14142572360063715
0.35580003091372664
-0.026258430596146548
0.2348378935773097
0.15256299180538777
-0.1453832619461759
-0.1212097815058247
0.09059329862737524
-0.16080475739941896
-0.3084391905124883
-0.11075950643758171
0.20456367475911844
-0.47714805212026223
-0.09248282848243165
-0.3553038491148885
0.08838997409133602
0.1792425597234174
-0.17571122661360453
0.04075344267365028
-0.1733643801524143
0.18969655721304704
0.05879792040902043
-0.1646849677025971
-0.2849353878240016
-0.038807111783635204
0.04099487990609461
0.006953216438530218
-0.10759503522538023
-0.3930625953951377
-0.022941398944853583
-0.0608022038508807
-0.19301185923018127
0.22726672029383624
-0.010914526369811224
-0.02514706349094636
0.07435617679316714
0.24613403114456528
0.12373451736420091
-0.13653069947703209
0.12345592751423454
-0.06366791629833857
0.3498641064881722
-0.332123586950594
0.2312518509323411
0.0013826364973444577
0.02776883704347889
0.10690069355574151
-0.11752677530324729
0.17903722189879057
0.13222957361175755
0.32959689156796085
-0.05557762947004376
-0.18820825113097464
0.09040215151868386
-0.21142070484646716
-0.28218988521333416
-0.08356649815033625
-0.1690404906760697
-0.1963885837807757
-0.0418409913415563
-0.2452052228977637
0.006709928902209629
0.14387714154357187
-0.09746613138047593
0.1774938801341686
-0.03674696360288541
0.14263574603893703
-0.21579614860468027
-0.134298710294834
-0.10665927477325608
-0.19070839913527848
0.041763252625196694
-0.3389738448623359
-0.26577019190438633
-0.40448771113906196
-0.23691884695153595
-0.2749019426097249
0.3248991559991963
-0.16408222098333922
-0.11234936621541122
-0.13730207032414035
-0.33155212784865906
0.23144946772868172
-0.15989079126730146
0.09213715914667044
0.035038484264984744
0.05665679846620148
0.12728045291376752
-0.0818733214798564
-0.2735186041146785
-0.34885901449215756
-0.018753910042682908
-0.269940251646514
0.06141063223751599
0.14750281144421554
-0.0689993429191385
0.001456842492134727
0.11710756554082387
0.127052780735221
0.06049356898041047
-0.04619722643448601
-0.017899166406306625
0.33150731490970253
-0.21777617732095045
0.06673625585321323
0.024076805252416605
-0.14150621404074218
-0.29472784444238465
0.11304409151270753
-0.004686079487889196
0.061656960674369085
0.10684152674964978
-0.02996679573404059
-0.1841961927743497
-0.09776208271011459
-0.1694202177246449
0.14196402474018582
-0.09623830571574855
0.06117758574548871
0.11930453861582092
0.053483017155789465
-0.14973903666950467
0.1654506173913012
-0.11666036455171996
-0.08803357774246902
0.2145673713813828
-0.5322648129831632
0.10519360515459575
-0.03475653423883694
-0.04545071955080098
-0.09752113317965319
-0.14883121088862097
0.14899026765237097
-0.45542238135527896
-0.012185570454316542
-0.12812972031075834
-0.020945552269344473
-0.07656033037572821
0.183118332399427
-0.07202039791068961
0.1692727725215841
0.02478100483117868
0.19144767450941721
-0.3193591838833366
0.18016959001677274
-0.05794093426579543
0.12717527825217884
-0.3526536512234349
-0.028142983372792602
-0.12970588338525843
0.08211630732008246
-0.05934599351561126
0.025853590161578805
0.037898738721282195
0.20884496077738657
0.02199335156608855
-0.06734356704287375
-0.36394918830805434
0.2850549205022572
-0.5257559580990294
0.02302753300181574
-0.2648642567072545
-0.016562730649847278
-0.24682043491824673
-0.11508695191283272
-0.4479410508685376
0.25074956222996037
-0.09214356289788686
-0.14126125809026377
0.34044400066428243
0.10426663970317519
-0.07116735877332664
0.08158639053041285
-0.26249039080708597
-0.108958104021114
-0.36544040938579814
-0.1894455391911851
-0.05193332214077817
-0.1179175161503982
0.15843273563079005
-0.03782295625558456
-0.047308252418560605
-0.20919643458751905
0.0831366473770711
-0.0006739970083729331
-0.06951589781539658
0.3808661409681386
0.1943616230119995
0.2041428045944403
-0.07890223708755059
-0.020287442802109402
-0.2254833666301315
-0.04955080511153843
-0.09325271935420698
-0.16253969057851658
-0.13327649058196067
0.2280645225541259
0.07233095731223878
-0.0727788907144926
-0.2185098329580187
0.045999884177442815
-0.07546745855108918
0.16361459041846807
-0.10185454559554942
0.21285515094087645
-0.03756956749433561
0.12510674505775338
-0.122294252784468
0.16758612684953686
0.08338242876203433
-0.05474604843530998
0.11983173643436061
0.0974524611140576
-0.09958037264320778
0.15390696892091274
0.17637433566588637
0.11335706234155483
-0.06843079372529591
0.08927950643871058
0.05194072558520103
-0.2697446245496523
0.09059596385803441
0.16580765273352144
0.04631855685776695
0.14013140060454285
-0.08074040565653637
0.07643544443535695
0.0902442751051228
-0.11593703003533792
-0.04631494318782031
-0.038938233198356174
-0.017419842776105116
0.00883567688344963
0.19950079988748162
-0.4174644610561
0.06381802519526861
0.02693431336482865
-0.051972562665701647
0.00782110370733884
-0.06718242770617168
0.1155888505196931
0.02594021410652623
0.06963380720721978
0.11671299828715301
0.06975581869450212
-0.004340343980604468
-0.03328675124059801
0.06806056330742918
0.16747512027299116
0.20775040895966254
0.002487692475068146
-0.18266951350562347
-0.00784611254577656
0.06567954030042912
-0.15336198116984734
-0.13204383434803726
0.5092851607144513
-0.43312161546244693
0.7091805141197378
-0.13612197785774185
0.10851555376345204
-0.07329961723460164
-0.007186496610088447
-0.06457471670894566
0.0551128562315342
0.21879750419610952
0.09357922305807082
0.06686956203718637
0.25488494411443813
0.13843121583746523
-0.023431759376000283
0.0077028688100239506
0.28970492313211793
-0.31326452727254883
0.7087839524129252
-0.10508693658741888
0.005732238001941753
0.0107850371846905
-0.11763599329315379
-0.023678107503289022
0.1286423624075938
0.17538483638946986
0.24593669075175162
-0.03366004007492128
0.2556376988611886
0.25931780972950175
0.1460238986680586
-0.03982399702831122
0.7840870480297555
-0.14888889338202566
0.671304906982414
0.030945107593770473
-0.09737277420593786
0.20476988131330576
0.14618883375215888
0.00985257316252074
0.022429490357726706
0.06948405006521485
0.4045538173164902
0.039068159045302066
0.12904498611620313
0.05801228988896591
-0.236707292002996
0.07713761549029954
-0.2772254139897342
0.027156583573058498
0.12454348006128116
0.29211307302122896
-0.23217376624273794
0.14408819566253891
0.03656189526648511
0.2350285398319209
-0.07164918254355646
0.10220628184630959
-0.07946549791889569
-0.058202906352881945
0.11705086134180845
-0.0384777226252477
-0.01457019313748193
0.043693336660997055
0.1553035584870436
-0.061105028139287434
0.06493872014257934
0.0026136146245887668
0.2447210432727974
0.22014958411104393
-0.008615490680856737
-0.05239012303302466
-0.08524790323289028
0.046885617380882254
-0.03580816168392253
0.15730852739304327
0.03631070343185356
0.027634886650435918
0.18423415608433058
0.01848117780824013
0.28144838724101867
-0.2893670267662393
0.1946446433345261
-0.10378402238706144
0.01682919798602446
0.12294045409802193
0.009566644933076752
0.13786301094646192
-0.0098611461672075
0.029878357489503894
0.0015251269567892395
0.052881098179428605
-0.23392561157005567
0.26964144319434163
0.05438507444734249
-0.1721191805584458
-0.007391905630914654
-0.19095090917435334
0.012538120331677047
0.06994396482797735
0.130501904866963
0.04634158279109848
0.02508073888990119
-0.367748601436804
-0.3986733757027069
-0.1356991222050154
0.022753886994872425
0.046413194874906416
-0.2336819745193646
0.08303802718562474
0.030624549716102307
-0.08962030265353171
-0.06767842036201849
-0.12890528423299727
-0.11597457926488189
-0.1323823699731769
-0.07126154615036857
0.05911486127688279
-0.1809650283214041
-0.050856497199816254
0.25121438414522057
0.0668685976148572
0.024700889362668156
-0.09156412314222084
-0.3210441631781211
0.0612150699147302
-0.12783764132844747
-0.10417649851823652
-0.29265109212879087
-0.011651857559118075
0.29414517678801844
-0.22035907969096638
-0.1555911771033095
-0.25309385807469864
0.06185501958987695
0.26969156162428937
-0.2367070806930267
0.10663298946244781
0.05171711547353488
-0.045557387844453345
0.05265971019933887
-0.00463035000801856
-0.04659013345063464
-0.32163202938059865
-0.2098940504064187
0.03241376822063517
0.17911297629974268
-0.30034717581829695
0.23479259170683123
0.1201825726467679
-0.058182387184479226
0.153271153779011
0.11660283608184001
-0.21373380912549617
-0.18342160927607326
0.25975303470442274
-0.09217992367946454
-0.329219279837171
0.1729837516451396
-0.4267028422579475
-0.3314156310868595
0.09859773287565018
-0.2526193491879003
-0.29274467494432793
0.23083733405212797
-0.0771421763926824
0.11582615051173552
0.03818687679902854
-0.11143887888194509
-0.016080727299120863
0.2221573380625303
0.15426364469742934
0.15425825980072283
-0.2783229275035602
-0.054176061872426996
0.20564020721876075
-0.19650390415388955
-0.026520682477953136
0.07794697110096091
-0.38449546992563605
0.46286389510466525
-0.38227554298062916
0.17884343976253503
-0.02925937742368685
-0.009965571612136691
-0.03519983979158137
-0.03848749831611254
-0.1776679202269202
0.034210215685894114
-0.23433500206771898
-0.11707290982000595
-0.030210793569480383
-0.13562849442657152
0.1826614542992204
-0.017979781686032394
0.11954397950016686
0.19028846790610274
-0.09359102698106267
0.08165935431343832
0.0872889994719741
0.04789068925693867
0.2293450093565265
-0.07095543596650947
0.1386691348868769
0.05422331577874657
0.012212447298297676
0.06401770249499766
0.07496550363934293
0.21524890729781615
0.06590205732747273
0.09426221898982601
0.41222041330407416
0.03348026793510535
0.231614994357212
0.13544138137080988
-0.07102320314521486
0.16285937344588167
-0.10888415550651782
0.2478219382799512
-0.17537607107664718
-0.011988194842382054
-0.07402943504705393
-0.09681852516254652
-0.051019228193241846
-0.16019922027395225
-0.1539841566750992
0.07123308350720947
0.25686808508922293
0.1308540587370827
-0.027170288893426507
0.10082859375642501
-0.14093670296421348
0.2138865834889479
0.0031064210488571816
-0.26004119479509297
-0.17561409943816048
-0.16568323796669251
0.007887988990743177
-0.2856447032244546
-0.2112890569950203
0.0730842625530294
0.09008254679481065
-0.15601058503196863
-0.11100272405805604
-0.08380598059327649
0.19993198738333445
-0.456565147337715
0.2944507604573539
-0.3404202553411166
0.02890788523226373
-0.10675322382273575
0.016903647180528097
0.028417994885753434
0.19032306445960384
-0.06696678794372674
-0.20560082113094458
0.18289378806419762
0.1903238982789847
-0.2213028829031455
-0.10958585889299784
-0.013619337297547636
0.012744684568066477
-0.13301918747560504
0.40401671348549345
-0.28915049331330755
0.10972674001569738
0.2695461688745538
0.23003507439461496
0.1269036026782182
0.07891650268810876
0.06415257672654331
-0.13716229971914654
-0.0861021193715062
-0.017243246572098643
0.3216603428347038
-0.15798769844471305
0.046861526714296636
0.23372315644828634
-0.19681228235243622
0.07502844371821825
-0.2980343168469905
-0.2296045420076535
0.17790304338520993
-0.17876043935118563
-0.10577359727762556
-0.24482323113015883
0.03415438940738411
0.09271548377803489
0.07510628269882502
-0.1090835758699616
0.07871843091478894
-0.06986088615788147
-0.029840362236181243
-0.12713685469110422
-0.1325969411799692
0.16213658301517392
0.02550489709954322
0.12839588841405383
0.0738432645841166
0.1503986588544772
-0.2698043261875631
-0.07251253982170643
-0.1636191180499018
0.19448731956401527
-0.278590545298556
0.10472281898238821
0.0033977250497309874
0.1576162304920982
0.11485811568999069
0.0002580804641200988
-0.067888578117723
-0.1630934360082845
-0.04868711898501898
-0.030923504581024025
0.09495583392889208
0.3063090813475271
0.015267047157022482
0.15799026315334916
-0.024698923337181496
-0.004239249089893524
-0.051416291795444574
0.017009335701246835
0.08295870206253846
0.17627824517807086
-0.03188404807294181
-0.14176550572766378
-0.1330785336867813
0.1139530089764342
0.11156851094699646
0.09494416810328071
-0.038258546366200664
0.06710121643872688
-0.04351340863990592
-0.0006450473384315062
0.1889926809985313
0.016819610976170712
0.04094495813059651
-0.2378248399029292
0.04123791196966816
0.07161598017465563
0.19617202782635404
0.4022131008737925
0.05075209324572117
0.3023546630262678
-0.007608579456585875
-0.17076672971161116
0.28316906645218903
-0.25331543436216064
-0.17130291426053804
-0.05061485177689478
0.004971410901209572
-0.14844879297442728
0.23094078552560687
-0.2620096875191874
0.1667897152530025
0.13793643737829173
-0.25582011200212257
0.1754350170495506
0.3155151112170337
-0.09964746164112497
-0.040521118530933084
-0.5426223045001158
0.2926065806120773
-0.7330799456983303
-0.017251165622487432
-0.11072628454519305
0.051106729011501234
-0.1606678282987559
0.016349466903554828
-0.1745135292427992
0.014701750363071007
0.12912698932412262
0.056076198662491535
0.10187327237377662
-0.21337697856128604
-0.01106181855667547
0.0856095162150223
0.13436548315447813
0.1469363774385375
-0.32128918718151006
-0.11103509247403244
0.08377138959217888
-0.03523239278349954
0.08560879042921953
-0.4202726637131865
-0.02520001866087724
0.3152992828855339
0.054404731098859495
0.09290546799615511
-0.13561082706850713
-0.10789553499264791
0.28679968985585375
-0.4194809571071703
-0.4060411050909851
-0.24125405472108769
0.15366670996246576
-0.44908843279152044
0.3180880513964498
-0.6517671127929952
0.15779823342509333
0.01845868022909333
0.125394572789514
-0.10843234544259718
-0.03300382565464171
0.11076087981478869
0.09313907620086934
0.006987337860076836
0.07317506289093145
-0.1986156380258319
-0.28702195303896383
0.010111575542986737
0.049068431593974005
-0.19575868160865065
0.11654856396401839
-0.5885363723648993
0.14434347203333456
-0.053681450135376424
-0.28891365957405335
0.10722742400895974
-0.10349848676913058
0.11500153832060338
-0.0693196340653279
-0.17077896676044857
0.14670630600723697
-0.1568384346369969
-0.15559151945494187
0.048283485583185605
0.08956011674987431
-0.38106561351591267
0.2931065895391474
-0.7158524384338869
0.18633655422571568
0.09453289689586807
0.08564555293599102
-0.3599687637421325
0.11223206094910139
-0.07614007514108337
-0.1885284025249163
-0.10179352260747343
-0.2632435533539166
0.4190374223788491
0.08379539935193839
0.15832645987718652
-0.040986189903738014
0.35972239973514014
0.07203428991726338
0.087353344480704
-0.18843510083949241
-0.15333097660094958
-0.03505352961328178
0.058383560752655356
-0.004967914510114832
-0.09962247548915626
-0.05491988717609479
0.08125813935685537
-0.027295964967066596
0.16952290031323072
0.06342502798708939
0.2056588351878235
-0.11305572566554979
0.2130333217978129
-0.13844336572521612
-0.012468108795006896
-0.030688013996693388
-0.30002866907410014
-0.10636920284046589
-0.18650407878282985
-0.21625171911770089
-0.08191435966001431
-0.09668042203983375
0.11726768001832229
0.028990508957089427
0.04635163422037113
0.02106274882610785
-0.024523986140310403
0.3637918316541534
0.15455443822704162
-0.01724740927612571
-0.03207630076996362
0.20243290285799484
0.17465672044538375
-0.022613110979362753
0.01909914478927019
0.006802230838887484
-0.01003440378048632
-0.16839905488012366
0.2971416923350009
0.006281856474865995
-0.1382452964737351
0.1555274977936644
-0.19666859073460288
0.17444835954006738
0.04680813035510586
0.233816677794743
-0.052972542504135106
-0.6107403202802679
0.28114960506569825
-0.6624867685460443
-0.365055491470697
0.06962886584570357
0.08693658716427621
-0.1658372530478931
0.13510782084772008
-0.09694447475530803
-0.05198219658215953
0.12544899958790046
-0.06871842097409891
0.027691965235613323
0.05519756094208515
0.17373318720851177
0.042441904681634945
-0.26641966249407795
0.2295588844257811
-0.3559809295348362
-0.18963255094080345
-0.025568700682447203
0.1443803807721318
0.009443338294921529
-0.034477329116244466
-0.21072580767852186
0.014261770389114718
0.03704678642825989
-0.0480733127188733
0.01653975778777447
0.10060546653220442
-0.14114228686081023
-0.20614502084940683
-0.45017200667871454
-0.19871328212106898
-0.704755507651493
-0.3595436653588665
-0.1100233751860646
0.061417325987809336
-0.1314719658613991
-0.1638995998930851
0.005640555225713672
0.022977373092271908
0.12324693358069043
0.088029247930412
0.3329284977673682
0.10047256025419615
-0.023800837280664018
-0.15002780926647688
0.1320924576380154
0.14229592354225498
0.3135073507399227
0.010345579297300192
0.055444658897579
0.09175608309791018
-0.026358101140737254
-0.10901184062922796
0.11964627882332328
0.05330662595021221
-0.17578281491747938
-0.06067725698463394
-0.01719903522068769
-0.12952825397900578
-0.025374638832822354
-0.011158287891662923
0.23539847409224213
0.06038498364443341
0.4256110472166755
-0.06550703234343865
0.1306618057767278
-0.02270551235055932
-0.06805523372424076
0.09266993354173815
0.17083387193083577
0.10521157037227771
-0.20892336353219013
0.013723344652938183
0.13641210263797135
-0.10607540769208736
-0.09481911395630023
-0.2025315505036836
0.3673942803402162
0.018060844782879264
0.2858788568797125
0.02928666135974807
0.03583364765401513
0.1764680064346623
0.15654976920719946
0.2470990945476741
0.06744264877284915
0.136895185006623
-0.11474925654547431
-0.02497722252460237
-0.0746428803079687
0.04069441543846374
-0.0727597587573032
0.004994467482386146
0.047000191134899956
-0.013624114760838255
0.20344978946722586
0.04574856064827415
-0.01025588671862478
-0.19266682523172357
0.3482476156286946
0.03442272021348129
-0.3881382735491821
0.01911710442955116
-0.2388039007098892
-0.14582480375232462
-0.02695282745775619
0.2668296801531337
-0.02953346909543467
0.20038054530056876
0.14293115681179858
0.11969263311599806
0.1414130618335978
0.07319687041829359
-0.0937350921688978
-0.1802015213696635
0.017305245888473833
0.09741629545643922
-0.037376868971845646
0.16488321551706261
-0.18751885842283972
-0.021564941564954556
0.0660627229368106
0.007430216732547775
-0.05875269740969764
0.16262366836294806
-0.055867549950594654
0.0630172966462988
-0.027150262292333627
-0.03031916471986504
-0.02953940191406578
-0.027444903250413197
-0.2940045914516093
-0.11203977252799899
-0.08288598443277598
0.10225177578814938
0.008140881592583952
0.07408509645704729
-0.3135361329025689
0.03662726701269362
0.20329559551831977
-0.13402769521052493
-0.45198364726846324
-0.437506896432905
-0.062323967804426096
-0.5083737963254542
0.2028345556472166
-0.5883468645404717
0.2073985268478078
0.15787782586041554
-0.4009728827626981
0.028474057920043372
-0.47659991884663183
0.12012141087792129
0.1516925316479924
0.131919628584201
-0.25750876450619387
0.04695371901411255
-0.11530476621027033
0.2603517746571718
-0.15882670107484964
-0.3988254732020607
-0.1498912061528914
-0.3433736263742033
0.2508698448099888
-0.542082763814869
-0.2957427669821408
0.037763941861952754
0.04287312152932104
0.2485901937807028
-0.1769779763273539
-0.22668228380228836
0.4621029261717897
-0.6305918527359229
-0.013534054843635866
-0.060840693930459724
0.13248213621609775
-0.33552847001421393
0.4516505439409621
-0.5843300260347096
0.217007014616552
0.14722914142609392
-0.095555518498438
0.06097126804797381
-0.23759052610986275
-0.005159879714786135
0.10350070695126436
0.2563987642433196
-0.031037253060598173
0.35322533817458235
0.1269182063518917
-0.14155229623328897
0.21425457716963767
0.023724523392692497
-0.04316106313439293
0.23652598177618717
-0.35269767358359044
0.07933158460932185
-0.6626132063651062
-0.002245809179650351
-0.04744087765510306
-0.2280065609280682
-0.12521124710761142
0.1096464639586618
-0.007982553742615658
0.024997904362783423
-0.0420835906963813
0.058849751508730314
0.16772423527837715
0.22111279667623537
-0.041500351784278244
0.20202338064310962
-0.4225357911086702
0.032209027729298186
-0.40969715660939465
-0.1493891556951861
0.017221530423223205
-0.07062287504484537
2.2042880331799486E-05
0.04370150865533602
-0.14600297162505904
0.04096120919067621
0.03502912894563705
-0.13482086262117532
0.27732931675525546
-0.045314834236034246
0.02888719103550694
0.07105129276582185
-0.24925906691982017
0.06949329381909379
-0.4709066763754201
-0.11639516593549647
-0.10862535335756612
-0.1987914318658781
0.04062270892547254
0.18117265107330854
0.27364712258920343
0.01227911895227807
0.15854087627779842
0.14982007153346405
0.007023728532505348
-0.04899179347277568
0.04416043248941088
0.09062058666435903
0.04015444563794428
0.08464436552842268
0.20350021872087826
-0.01210638415881729
-0.13989568513322914
-0.06598764182482324
-0.17234151510081736
-0.004755680168824992
0.10875787863041989
0.01930252400532779
-0.04045829244168375
-0.110254240234289
-0.06674218401016455
0.17487292425756815
0.02617369546533746
0.04953717182530756
0.0045968060830918036
-0.23775009607964612
0.16215504623495702
0.13668802066758737
0.19319249178221792
0.2300978695403246
-0.03346179643487691
-0.16368519889498248
0.040071757090546764
0.04745609481472933
-0.01779774436627721
-0.12694540773420768
-0.011902596420477637
0.21246580964347936
0.031901519574022215
0.14630252318497333
0.3178354264241275
-0.1324094345185596
0.3102710603859371
-0.2013435557444018
-0.05378518396507988
0.11111762189546956
0.16087399366712044
-0.15491295376891273
-0.021919162049890244
0.288149110608152
-0.008816952721488061
-0.01952816083714665
-0.021791749829557464
-0.18151662468150764
0.2140991297554456
-0.38203848524059036
-0.33029247441563697
-0.08071816676757726
-0.056625078696153436
-0.24747684972366793
0.2405043841334567
-0.3261615515255831
0.0777907353255571
0.019550694534492135
0.11302201096884669
-0.15297703163568102
-0.1467930031557671
0.09443882428794026
0.0032571460502604757
0.025466442722831807
-0.2062433548973203
-0.14352063286205666
-0.47896458545392373
0.10632723730343877
-0.1245738693204716
-0.3093172363268803
-0.13178256072526898
-0.4279850956909587
0.06506427346554422
-0.2456932385176944
-0.1487924432979981
-0.04070290963628113
-0.1199638132099627
0.005795804615267321
-0.15351811625850428
0.03726318180687255
0.25086423640158495
-0.4079653921752945
-0.05775501859186898
-0.0070542772717916025
0.07059248400154373
-0.4727890465849375
0.4812865481992158
-0.2655111824496075
-0.1088518333262717
-0.0970403923288862
-0.5659571075195999
-0.038934322469122394
-0.039187893250430796
0.12565082981121636
-0.32274363110269233
-0.00585579503791907
0.13590798432026477
-0.01100008572904785
0.21517735737631993
0.3204763103897373
0.21453417820974144
-0.16305014405128998
-0.03703217997228167
-0.21052804558376453
-0.1661590668556558
0.17301642668543993
-0.20295615615686266
-0.052417560625300993
0.16623461547734555
0.017887924667704634
-0.03571951193234227
-0.14750215091767407
-0.07467268183877668
0.12773803272760798
-0.10088128482499191
-0.031039202175959405
0.07907463212959823
-0.19697044726733104
0.06384569412206692
-0.0031177787718522365
-0.34946612448536224
0.03513304256546361
-0.2623381800729016
-0.2603559840639665
-0.13593910951144603
-0.3109136606930578
-0.12467088638440336
-0.006383886307018609
0.1603905417209247
-0.1250014690614436
-0.010528129462935685
-0.2543109566136382
0.22649763336334516
-0.07917965401109246
-0.2416019849958428
-0.297466600617988
0.029838908997192763
0.020443678155702045
-0.05512586167194505
-0.17641640842361295
0.3164314485115838
0.04037501909872484
0.2583952716435793
0.1490934517206347
0.0705512260528532
0.05225901954320813
0.010590026330028984
-0.05067799392228312
0.13006746365637423
0.23748189930146252
-0.1624926995395997
0.23096918949324016
0.06217100794646862
-0.11094910392367886
0.08889522129607093
0.10897591903698409
0.10204633588721532
-0.1054125273741467
-0.12963744866592128
-0.09128191060161658
0.15361986820590026
0.17585503620765183
0.11386353534230693
-0.1156038164188855
0.12263516353662454
-0.18464713553090226
0.07033085636584269
-0.03368581851377889
-0.019166737262112588
-0.10326709754131393
0.4005626391158948
0.19921846188476908
0.10429028570344798
-0.007980368868308971
0.1100165732614299
0.07542793913282955
0.1133132120480293
0.1437122553255211
-0.04423198732400323
-0.033468384110652206
-0.19816083650212546
0.04601710179919217
-0.18103487535149368
0.17686454749146213
0.10238997529585071
-0.11961548336552301
0.1297068304770735
0.25398309634700716
-0.13638627064100994
-0.11290754149205448
-0.1596858286909561
-0.007044566262891248
-0.21725557146919589
-0.12396946254549587
-0.2330830665912166
-0.2021485335214231
0.24101354600546382
0.07832123081779191
-0.07411109433550064
0.1951861696946065
-0.5506602912763384
-0.2093563696594422
-0.44830482949251516
0.04820013138609556
0.10781525572308942
-0.036799794793440824
0.07054467611590838
-0.1791596318043816
-0.007830498013003395
-0.27546573505549565
-0.08342634057333151
0.21199306948112076
-0.22486982447279152
0.3290251393190936
-0.0541542265033866
-0.14026575670404043
-0.1523373993683919
0.10518101491344911
-0.08608658965114582
-0.07170556920001954
0.019966199703232216
0.06312156675959735
0.18457685142663025
-0.12420311725940038
0.2313124930525237
-0.22664717694959763
-0.2820838555803045
0.2390529949359193
-0.2686505925055472
0.03133924521761137
0.12326407884364159
0.17625586234136448
-0.08495601806163211
0.2535143298330048
-0.6274244555436045
0.004020416994852589
0.273472132762517
0.18591924319827233
0.06339963129921239
-0.16782011333543936
-0.017272924500221207
-0.02532406376367323
0.1310474292424467
-0.031083512003162655
0.021687359321500226
0.03147238505164554
-0.05932669016075347
0.07549056688387033
0.14238630017056816
0.10178173483575431
-0.23805161572424502
-0.03466318613625957
-0.23967606581017706
0.312285324823059
0.16354323352972036
0.2912150003385126
-0.1491605569264498
0.21665452781593794
-0.2105381087938781
-0.08436846609090529
0.12129986476876427
-0.0683400067732193
0.1359636629793657
0.18137675516759438
0.07300255235340097
-0.025059775618840784
0.008938079806578476
0.13486739588587407
-0.12259619966290936
0.14606490921414306
0.05853571891089089
0.021276542583453423
0.07319779245384962
-0.084680963996297
-0.13050455086817125
-0.16738236594545491
0.10588410633676137
-0.03424242446037734
-0.02044951958150618
0.1797096696138469
-0.2306932476184293
0.08707454333257018
-0.0476888699007847
-0.2128799345065322
-0.17890545551179243
-0.04935117059074207
-0.010738048927852009
0.18762641808504005
0.03658776671992469
0.0015989752266174528
-0.6079551979918242
0.19038982127060808
-0.07373127417954256
0.05981322472692218
0.09672295274229488
0.16678112684197963
0.14327903508267836
0.06572146029229917
0.01838207876773993
0.26199187391421086
0.10324055252440992
0.028983527243179028
-0.1927920990248739
-0.033086673599044596
-0.2466057401849238
-0.20538255602477318
-0.06451515966709596
0.21830188440903162
0.28285252587976284
0.40717333020129304
-0.06452748464411606
-0.23197418695232577
0.08929141431843206
0.03836679147389158
0.030943130298725398
0.2859620171907385
0.02612044634955774
0.40446219696291913
-0.15677101746519245
-0.13701006023761117
-0.06272891745732222
0.09828716206937628
-0.09160200350372905
0.17535675477147775
0.4261529413781373
0.16552203702110832
0.02995742208839641
0.38745885458819035
0.5707054548124812
-0.0780997905124146
-0.07712402274515166
0.1708407179961366
-0.27566751800634587
0.17949862180292342
-0.10408106486918714
0.09536218818357615
0.07398733411073488
-0.07373855145292829
-0.13357282768254877
-0.17125967507037876
-0.2245778011184129
-0.017725671913299233
-0.2700074080269564
-0.12888920920338415
0.13698020288429785
0.15968360283311844
-0.1561143448105074
-0.4159916111496073
-0.09143853215268645
-0.027093096659062947
0.19353360424785934
-0.11586794406157284
0.059169364043567006
-0.05508076196104325
-0.03237827090475798
0.13320195420810885
-0.07712105689176135
-0.0361889333755209
0.004919511651916578
-0.14451467607703447
0.0791797587027351
0.13941095916692745
-0.07841777201294971
-0.1095967033379737
-0.022492233459772314
-0.04425912016930224
-0.11695282555015886
0.048700294000834025
0.21433465726233286
0.31514125174013374
0.4689899422825387
0.031904097160706996
-0.10551874055602334
0.21965135740260647
-0.1461875248362422
-0.03360277337337855
0.09335943041176954
-0.12689571092981727
-0.07485950857699056
0.17041355586319298
-0.11915892583957984
-0.028158900591018683
-0.012985232289106922
-0.11711697896597306
-0.1533961755472563
0.03852368088389713
-0.12638704303687587
0.18101398546039818
-0.08749967458473638
-0.011988609670384105
-0.13251023632791867
0.3296978640212471
0.2202639552610084
0.007635353553301192
0.11284152031099191
-0.02921545801738308
-0.0031020099252178895
0.12653276971504376
0.2119635197920244
0.1330654994585844
-0.3103611094213624
-0.026883988298891996
-0.16150889897972096
0.17827704216699067
-0.1673705660696502
0.13205169095843924
-0.09339331633848029
0.1683563165465031
0.47396941761297195
-0.21466989408088336
0.2088113828377728
-0.3840766847232672
0.16298213060426497
0.1067393800327525
0.08935392934833265
-0.07825357192037195
-0.19486934771499242
0.03468309716621551
0.17235710122517192
0.13435828919473541
-0.12113926345639711
0.06967503979823593
-0.21886616986804652
0.18048849036905773
0.29894221707851887
-0.04705877591980421
0.37129863798327495
0.17658955017009098
-0.22706046106969113
0.10194944407504045
0.24941043553253564
-0.07625774248616306
-0.04189599995188223
-0.175318207772448
-0.37885496842530036
-0.016679047730019065
0.07238081426533378
-0.23047981813559293
-0.10301090150869291
0.18146591671016207
-0.19180833024344066
0.16793102244645058
-0.26517683721129975
0.10212781533022708
-0.3458601532817151
0.08748950641849071
0.14755723825502243
-0.09750982614673866
0.15501092286156123
0.19756958694201146
-0.23006703302070633
0.35646611139924833
-0.20710291309949155
-0.02799817973212706
-0.06486788027367849
0.2726176156528972
-0.01607817824523785
0.07927105153286097
-0.19711212391554622
-0.07433884522929513
0.13404987936230117
0.08930774157861454
0.05869578241253066
0.331532662360709
0.29621360060476465
0.19274524236488239
0.1990314034820913
0.291319476300509
0.21190645400303593
0.05396458960197808
0.0927770267384707
0.04545674811698836
-0.44007885613909675
0.24470321488860677
0.13638449606641362
0.11539518578533413
0.09963213607507375
0.1540582503543468
0.17224457071460772
-0.0595582446372793
-0.22083839443654818
-0.09730586596185507
-0.10336221240091165
-0.052108560538776286
-0.11334377179457014
-0.052505670052306316
0.18358902219913548
-0.07294195398686873
0.025723824027349924
-0.008200494943691978
-0.25744166169483174
-0.10517316621575777
-0.01426834097696254
0.20517716068229222
0.24945612050334182
0.0714780778150324
0.34006069360980096
0.12059605149924192
-0.34215160026525826
0.25686462113639075
-0.026587080721643837
-0.1917475349600711
0.09983686661978629
-0.14890281903420283
0.007798881514647092
-0.17014618132628503
0.3898481051855193
-0.00873604824683472
-0.11807902834416201
0.26507224392523626
0.1934720092107425
0.04684600113380655
0.17195630598939418
-0.09578005188906598
0.017867334880119917
-0.011482142501339688
-0.296883163404841
0.06360387125005898
0.08799198111913295
-0.14984542376304644
-0.025883032262889197
-0.0385572341883823
-0.2951652263780928
0.13122303032749943
-0.0168781828826584
-0.24277767778006504
-0.010909329205584833
-0.011261391808150412
-0.10497119149389966
0.10916125352390126
0.08059163177929969
-0.09911412432735257
0.18720919872226868
0.08686706972215824
0.005162488961887197
0.14505458482243358
0.14895153449951531
-0.1315178587512708
-0.009379495112977101
-0.15577201929733422
-0.24462501911402332
0.013931298108118353
0.09142829632122768
0.05357387778497305
0.17378055492013067
0.14226801490376317
0.056068177218868184
0.18238773524104068
0.4299815491262934
-0.40792366251373874
0.3058607185173983
0.21812923114026864
-0.21297419812279092
-0.1277678505432869
0.2941030497678384
0.0940036590748569
0.15746285193392412
-0.17334112001583038
0.1416683139000211
-0.07947579361412949
0.049019863398295865
0.12367444206875475
-0.2285924165881804
0.03128129606884215
-0.11897773105598465
-0.0824146490593609
-0.06475706962293595
0.15251108642945915
-0.10204652185688624
0.16201266512142162
0.15640307827059485
0.16400706174773266
0.13658198222818346
-0.14562388442523966
0.008892229391637854
-0.10525606265835462
0.08717027843730156
0.1312063473715514
-0.0344100144955738
0.12145287939318727
0.3678019842970909
-0.023796092757293393
0.246005066395525
-0.14291886166602966
-0.032811463579801636
-0.23106279304555372
0.1701022719351979
-0.23373351285823846
0.23922612193943904
-0.041505110247408654
-0.008653385195101719
0.08132897243207834
-0.13368244770451998
-0.13172476505806519
-0.005184888045836182
-0.0012999579676018635
0.021918965819211135
-0.012108759070620229
-0.22582300324481333
0.09957499680739132
-0.06355947711114064
-0.02133827555195485
-0.15988658391810773
-0.023264179144513012
0.13445557439455894
-0.03436579804946176
0.05210083000810048
0.0479075623334295
-0.10620517911215581
-0.35789561748240134
-0.04218947051893615
-0.054585431118911475
-0.10356252856891854
0.15376398547251635
-0.11703017670724716
0.28034825480104997
0.03652690676989424
-0.10352582528175636
-0.10659691559407215
-0.4837777413574467
-0.0821879438760485
-0.0036820407469903256
0.21542739740253233
0.13325101263330164
-0.13132016798811288
-0.06731904916182213
0.19851144686206793
0.06127496755560665
-0.001407611186532968
0.19856564297533966
-0.3867308324454449
-0.07401563209030777
0.144361360747553
0.018667994593182892
0.10932253844381436
-0.16619454781554174
-0.009782883546044629
0.21261821722765706
-0.24717294991097602
0.02000789199867712
-0.15596985664190963
-0.20746438030045908
-0.09453844643498599
0.15411854916245224
-0.07189111557873383
-0.2931525482572475
-0.08814571299167975
0.03616314291589292
0.058458846341764396
0.17129511790110147
0.06524816077471178
-0.2570336174654748
-0.002733334209265868
-0.07360289317879735
0.0650080156849286
-0.3588990705663337
-0.15453643375228757
-0.08903816542820185
0.0006724796078127072
-0.37742344599519484
-0.24338905984794057
0.18958057781793014
-0.16230210805256662
0.08272786611118056
0.28966488597218176
-0.02305109653618173
0.05420182689915191
-0.009042648140792189
-0.07764427884078058
0.1084409020361414
-0.23685611316258542
0.2539449076490208
0.02175518459508104
-0.18697111894284973
-0.2513124865030444
0.1398979392032717
-0.32084499996494953
-0.007203314856612066
0.09841774849219409
-0.0011739552385970147
-0.039108855598275025
-0.04229429726222872
0.07313524115753524
-0.32734407610352745
0.05141660492938585
-0.14148171535034335
0.21859570268614387
0.12021099498743161
0.15660409040330567
0.1045110526822394
-0.23936957332055891
0.04231203465634172
0.1306635421515915
-0.06560262712932965
0.25755541835909895
0.2437150031658045
-0.3212101236038021
-0.13968066350479555
0.016745781090546318
-0.4190768583396823
0.05260876342099884
-0.16997686118344613
-0.060353310404692245
-0.1812239655718835
0.21026990310949398
0.14427400787536188
-0.01841900284118533
-0.017085767009165233
0.29585701281338234
0.03646884790205402
0.11509167905406636
-0.18976926552919596
0.05986249640360851
-0.035536812745107164
-0.08954232616169173
-0.19519511637121018
-0.009513328516325645
-0.07791067855943766
-0.17410873068950944
-0.11534626117813224
-0.1626356990446669
0.070158399974914
-0.11320058270351292
-0.28915883152097976
-0.3052251375739306
0.05934000419199944
-0.24683808427555382
0.14010864205681103
0.018752576017908917
-0.023055932107043556
0.18516905375773166
-0.30173937312390164
0.13404150793866812
-0.06275857148790583
0.23945717956865983
-0.2010717895934649
0.18522406044397227
0.07928439632661095
-0.03420417077393589
0.01108012773700275
0.09079415720338435
-0.16163575289100568
0.4277825513849519
0.31173519090104823
-0.009078013251254312
-0.07496555680212992
-0.1115576789722605
-0.45668590416906824
0.022900507471188138
0.0725796879434004
0.08333748853263068
0.0034127299142536686
-0.014181983570249933
0.10312113624760932
-0.1307308987286454
0.27127090737287396
0.08780825863633121
-0.002885820540634259
0.23833632457564508
0.14202757420255016
-0.05444059486899425
0.12284534242257297
0.12723448389268804
0.020601587539276163
-0.18097333410588698
0.2051062101189523
0.24107500284723352
-0.10558926981994843
-0.13536273565249723
0.03581145740314352
-0.005327731696489053
0.4271285066641764
0.011012301508536358
0.023721100953314346
0.14516042026689868
0.10692908229471938
0.025442957487001084
-0.06875560633278568
0.2838336067764843
0.08482845635246519
0.04996114973323453
0.32801810252430774
-0.01672922266416216
-0.07259015426747116
0.07764040272206935
0.10654675826755715
0.1622128055920307
-0.12079085681123729
0.11817790695369006
0.01734784782708506
0.24212974386836708
0.02894576412783412
0.029634019727037494
-0.0141555613551303
0.20261515411568387
-0.47317597905028935
0.45450319149721485
-0.5372728362492764
-0.30479287939538774
0.029122639626345915
0.06252141105613505
0.07071174835631855
0.2711894686968153
-0.1373729552930168
0.09179806565412665
-0.04732733428289281
0.016356842384355384
-0.20890486493383967
0.0690731140306461
-0.15687622086865596
0.1983318155990573
-0.278952040068052
0.12126427392041242
0.04122038808748759
-0.09419474033573057
-0.19644916168025106
0.014138839488261033
-0.1485064253168833
0.02986272409934451
0.04694276865924649
-0.012076795726584162
-0.09361212066567842
0.29128591917117225
-0.09455184307959928
-0.050323018931178055
-0.0020272152972037015
-0.09776786797330474
0.016236918593761366
0.06912624445643341
-0.03902884721764165
-0.09497369124492795
-0.08106591744012959
-0.0001183536427498252
0.10549832936856644
-0.059924878917480454
0.016428285857105616
0.366793100964082
-0.0028740869086802314
-0.04075498868020306
-0.05172798508476835
0.0023896314034657622
0.028697588192923174
0.16147105140847978
0.06939877138819309
0.2488038714947974
-0.3392548813520044
0.12997535928979942
-0.07187760199680365
-0.06645683555168536
-0.4357402859949209
-0.19614509947996947
0.0064898645654281086
-0.010583129591743522
0.01093569700885827
0.02799478684800765
-0.005866336663721909
-0.022550568813565736
0.1651961073254205
0.4227209094569081
0.040538719152098626
-0.023915303874725926
-0.09165641537672616
0.10071357579502022
-0.23915052215628088
0.16481689483543052
-0.1550340182434364
-0.07316921270666979
0.009081370480375085
0.2443840262165767
0.13689351756683935
-0.10153921121423384
-0.04466775413812365
0.02842676412620697
0.00470515549319987
0.11045450040123668
-0.06439494416823628
0.13423573837083821
-0.29352173969020817
-0.07237120025381925
-0.3338467662944776
-0.06713246485370968
-0.26902282952998396
0.12862003014378923
-0.1677971329192467
-0.012886811609266993
-0.09644614346967507
-0.09915724514553588
0.06267225297490579
-0.3057276540423201
-0.19933091349811008
-0.26856106538158003
-0.07912414306186494
-0.07044479957881533
0.22147981898791314
-0.014791138178414544
0.5382253982896544
-0.38837878218413685
-0.14439164308795052
0.07416417864084798
0.0028609797765180114
-0.013788309440070427
0.03253668988115315
-0.11155743172481788
-0.07013147706216095
-0.00203072445630718
-0.29779435842186813
-0.08580736310921477
-0.006647271179060787
-0.028274988274091795
-0.0427547900934169
-0.16705517635446263
0.08304560666046694
0.14640481437409728
0.10480768530984441
0.1970822681206333
-0.1085705188109269
0.041135574713189196
0.03322399783780133
-0.02160088304587106
0.12732551471045672
-0.025020502599941735
-0.1681552798400208
0.2025073285032767
0.2750178412239742
0.06718670576329835
0.09106347585335663
0.1465532763129556
0.17632536982058777
0.1869787202293271
0.16802934741694303
0.029241628447160453
-0.05981440580933989
0.23607517319775856
-0.05703001099357674
0.03494119517492093
0.24865418283006027
0.05008876491742014
-0.015760903126520887
-0.16309858678507286
-0.04213471809717014
0.14353709212201143
0.015180810242273617
0.04125393785589593
0.010144350934808009
-0.037480985045287254
0.07761191140554924
-0.17001429279846955
0.10459684196544937
-0.009820164825441315
-0.24491500713431139
-0.04711456091775991
-0.059167821198549894
-0.06000610727837201
0.09805485766032236
0.20347730946211867
-0.032439119278131825
0.08320727085799164
-0.03407833160034589
0.15379423404532166
-0.1411055185653918
-0.09783510523458534
0.1509821470785217
-0.14267536826793992
-0.1290831991282141
0.08786156146679137
-0.003217088377520313
0.19377649471648492
0.11772944354224486
-0.03534173241992354
0.3250670058080644
-0.20930194360776258
-0.2929713790015125
0.1677063795515264
0.12533382412841954
0.03402199044327652
0.044325177403090193
0.03159514264744237
0.26724149097241523
-0.12812285189907124
0.15884779168153837
-0.1287877460340917
0.03582075457241784
0.1711522563760312
-0.007352897918694862
-0.022112850850020738
-0.2825287642119997
-0.3323584170453746
-0.013402348015499173
-0.41741095582123117
-0.11618441844726626
-0.02582287228910948
0.012483805206034568
0.343485503222036
-0.23212166226705624
0.5935945150269363
-0.007701118065766031
0.051208104398823166
-0.06525893179422404
0.036334977095543564
-0.11160767373320388
-0.004049745817936446
-0.05932698736249066
0.24460556346213572
0.15824232013859701
-0.09508561127332595
-0.016636579231785912
-0.20546446239480307
0.14012554679800343
-0.03462999342109698
-0.21331214487158817
0.48920214505712917
0.02275784376583193
-0.19329518618354502
-0.3831872286442165
0.030853980015196403
0.0715978509090448
-0.05613554244035965
0.13410177216008895
0.19509254152390362
0.012395254299959661
-0.04190426311639335
-0.13313241937709774
0.16275126196877546
0.0896531197133971
0.44765680439614824
-0.2996671906413392
0.22598530169257006
-0.10047526946211117
0.09667795986979677
-0.11946000159226967
0.02735442414595426
-0.09928539960059685
-0.2541539359785627
0.13257448029468727
0.005299530856745882
0.30484120096524653
0.1059507910034277
-0.04227394290501779
0.20376327650296644
-0.37005173756702747
0.08181963222699831
-0.02072170115155018
0.1537110254218456
0.14689006914773534
0.19054563049579074
0.14959661587790693
-0.15487650325203198
-0.17938092304946235
-0.23314581490256092
-0.017589315772019772
-0.0406659586526621
-0.1585349331814844
0.284946198829058
0.2192584714852158
-0.11719887040887206
0.35517412860519576
0.11508811201619083
-0.2808517308123255
0.24792246374567556
-0.2219763109833063
0.03376897975156599
-0.18412470036822912
-0.11061014076918571
0.12092456358115991
-0.10854291986907556
-0.3415573735333482
-0.005509761263008601
-0.25189292204733316
0.3285499468399427
-0.10298841138109703
-0.15724178519910847
0.5205846802162319
0.663806825626813
-0.022343301485839635
-0.18263146069745426
0.07661025005920574
-0.23013996732384778
0.6512249103195751
-0.03964895890687613
-0.4710445631607943
-0.26399676123148486
-0.2532719058920627
-0.028528618104091224
0.020759631107470745
0.24493079510142293
-0.23235175782471426
0.0494556160867501
0.21516601377384367
-0.11476223985467593
0.07602801165313643
0.24698663946089564
-0.12073718498985513
0.18990874660569182
0.0915573197035764
0.07306735678043332
0.029183381685806108
-0.2031079845820582
-0.07870701089551005
-0.11452464139485297
-0.05396037121292508
-0.017731096298149212
0.01219232751164021
-0.14835807020313083
-0.3544424326418601
-0.16534586374065258
0.030493282801073256
0.1562527088360512
0.1432837972336832
0.16435872033836388
-0.026509720292811158
-0.26710747393765766
0.07110376400260698
0.1351628575516434
-0.03681016481341026
0.21213388505941666
0.2388155911585751
-0.0714917725329692
0.0722666635619239
-0.03373819952379298
-0.0712375499054072
0.03790542120554352
0.1367729228482238
-0.17561121828641904
-0.16057478559660282
-0.08760581092047982
-0.7966287902485292
-0.12109633325292611
0.384285109399175
0.0516522097618462
0.010377932813604034
-0.040002803321625306
0.15395072071366578
-0.14367206330890253
-0.07971844022335224
-0.2955387468500165
-0.06573275346605405
0.2551146925024287
-0.24849842879790904
-0.2615031019090889
0.16423589872827912
0.14281628828908388
0.002060928578406688
-0.14576791133469966
-0.024256857878412204
0.09348514759417106
-0.07843426549304446
0.1463985464591701
0.117556538760548
-0.2730244803373132
-0.14168647245762872
-0.18853253172643686
0.014033155276826767
0.3937844739613689
-0.3566023366956383
-0.3976638492716287
-0.10390874906503147
0.0015927712124435677
-0.09284849694124976
0.08856977030487984
-0.45193815664060283
0.060772132967492835
-0.150370185996682
0.10182839636953435
-0.46114856744457267
0.13542484946305866
-0.1177796668271708
-0.03815695832607103
-0.10147205161041901
0.1083439013573913
-0.05018790964635479
-0.3261863760730969
-0.28403841882707964
-0.009354147077883769
0.07221787835228723
-0.10802929270466921
-0.12087399767923415
-0.07759237998084635
0.12338883180819167
0.12700986400333944
-0.11562818085478625
-0.05175750250738568
-0.08818516547207071
-0.04976883435919481
0.06558045559010559
-0.21187487665120042
-0.04199089292483593
-0.10001152490179474
-0.2304455337185577
-0.22916513943073322
0.12289611763673279
0.0029686321623897277
0.06368564630762005
-0.23551224329483877
-0.35813695294490866
0.17433903703224016
0.029959392348705677
-0.06864854130878452
0.10464261488319812
0.10317866610543094
0.0919034732677799
0.13703885486264508
0.03599675244996787
-0.14448120115971733
0.01623523392014026
0.07401112604185209
-0.092871264616645
0.10317434957470965
0.21028210317276586
0.2900882417205722
-0.05253419598001215
-0.007654252555762807
-0.19046368855398077
-0.15110309819061452
-0.01770229480246964
-0.09337553882893963
-0.04579620429581906
-0.14827381457337008
-0.11470065659372856
0.0967338373497048
-0.11530105205649517
-0.06287586825541419
-0.22913126087504815
0.16236501093420042
0.02200454346728808
0.04209113900217682
-0.024363187445164265
-0.06251660887094608
-0.23878369120000148
0.10286821850348761
0.03597224277098709
0.04866125878518698
-0.051254063417765165
0.10329697950544085
0.0035756050020642606
-0.04702098056875369
0.07077188556406981
0.05383813130858724
-0.004468321224271099
0.06081655552885676
0.1282389398812043
0.030069611282338628
0.15772979607011425
-0.14496154014308782
0.09217187846281355
-0.12866535806139498
-0.08511217639773319
0.055090835954522965
0.21398343614318313
0.1534024396716013
0.035000177780152124
-0.2526198840236457
0.08392750775749722
-0.1788337715908386
-0.08989054208340588
-0.13096995967989283
-0.07689417154437019
-0.31015073929988946
-0.17690558329115919
-0.2812727415329184
0.1533546223827659
0.19789192766688912
-0.08294349075621184
-0.3753236471866548
-0.094685015229127
-0.059115704097260184
0.0854281888896526
-0.09675487739444176
-0.1566624819862412
-0.05712000314502828
0.10121228608263272
-0.08595306073870022
0.05283010777142013
-0.21988502645915065
0.12716299495367958
-0.1126492508433593
-0.09192050819673545
-0.23247650295583583
0.19610749935877697
-0.19902856948664102
-0.005729798754591025
0.06279500897541908
-0.2954601240614713
0.13870678032042447
-0.08917620273911171
0.11830129610147536
0.15098751663360105
0.21490440871917108
0.12061446044470778
-0.06785300892004797
0.47404844402994817
-0.3741817126776892
0.34632840210655597
-0.17133638748990165
0.12705888163789392
0.026462063611986057
0.24640334524052943
0.11020484542398362
0.1561767311040011
-0.20762917604863565
0.18555339384371075
0.12822095770441963
0.45744423362660047
-0.07765595080660385
-0.08929094884717982
-0.0606332116818809
0.16989538382883207
0.16286227622686475
-0.23759548203527942
0.3296877957524027
-0.294710097140823
-0.13064585484281432
-0.20001927445192383
0.0027647838891736855
-0.2477397369241955
-0.044358528015002736
0.06850966353172591
0.06355265020167024
-0.06489291630279108
0.24783583392700337
0.04917126461804827
-0.08354856395646397
0.6740045313964835
-0.34256211834852496
0.3211444372485306
0.08685152234807203
-0.11466004960748655
0.051892908333800454
0.2768614309259033
-0.15378658320625602
-0.10330775631319451
-0.12439896395600226
-0.01606692752501069
0.19304961737509121
0.38311620474570707
-0.0919248627470004
-0.2613803606165251
0.6513443316299082
-0.04505171191804759
0.13585745304954047
0.10611197688526852
-0.6631838342854619
0.16385722240986655
-0.6202758975736795
-0.2469322671200465
0.07446359615924837
-0.02926813800212203
0.02263403656454312
-0.08407647993886493
0.06763406193332397
0.056435441795415875
-0.061758742997454284
-0.055615789452364194
0.10621921723887065
-0.07779297942975134
0.1561681692387267
0.009046594355869603
-0.545912798240988
0.3865874260519159
-0.7349725163738029
0.23964334084534017
-0.024423303061648118
-0.12021914474970365
0.027745058004505562
-0.1857052239407664
-0.12199105720631868
0.08282453401239533
-0.2365668388964538
0.20598155298660928
-0.09143355869783037
-0.1240077921991698
0.10639767782005141
0.018929879836236247
-0.5861923828163562
0.5045247092839963
-0.5931824986975579
0.04202738802198052
0.026552235972237454
-0.028295810272806633
0.1525987770913088
0.18043997516090454
0.1288673716709302
-0.016005291028592484
-0.026736359272372712
0.04438300224142334
-0.07138723006751806
-0.11801396854708021
-0.05900574291354233
0.0045288828137439565
0.06640603597555053
0.11418762114661321
0.2849457038444224
0.1807158987390755
-0.20614443773320576
-0.015177575792389708
-0.054532884128733
0.12178708624991702
-0.07347472820967241
-0.0641204814497912
0.025883962100559658
-0.03677304942251122
0.02905974528093786
0.05038874515080836
-0.14594336287187487
0.10233399216959306
0.15198735212115877
-0.19179659794122975
-0.06800692277550949
-0.022087602175801316
-0.07474379945940782
-0.03346050777851135
-0.004611424077002765
0.019471656386530495
0.06295696541510462
0.09902847678435468
0.15010534557778565
0.17553102922919625
0.021958682983534955
0.1100307468495971
-0.045541046121886676
-0.0805868377014038
0.17054758836335743
-0.11828815861350415
0.08892502587149027
-0.062315414919247455
-0.1301357699620626
-0.003578776944903666
0.0010441776397596045
0.03224790431170171
0.0007756654637329427
-0.00855395553198501
-0.0612979447016872
-0.05536928261473014
0.03625453548859595
0.06837151739034443
-0.07270647523801516
-0.037014092019170435
0.1281449330378004
0.010718971647019373
0.10880725443144539
0.023607795822039788
0.0894004783779213
0.23265383234340556
0.05657761130597909
-0.049980664621975535
0.012394891193490722
-0.1504986418789549
0.13798932664059077
0.16566463270248408
0.0016913402991672601
-0.04740032708269223
-0.01405670365329598
0.007555654258861182
-0.10017646418068225
0.04748677055153484
-0.06685647913708216
-0.06234698817680307
-0.04557344118135542
-0.16382579423139826
0.25532652514254645
0.04782524385006525
0.04646606447614868
-0.023573247553410313
-0.3024062306664006
-0.15937721104100322
-0.02633827556837496
-0.11409272901822903
-0.12583680218096327
-0.0598762074058155
-0.07480173300939025
0.018111870300973904
0.0706623881219236
0.10226389894954412
0.21359728501124312
-0.07296995588926496
-0.24596262272154576
0.05219001799390585
0.13929440603268636
0.014776234170358648
-0.015485306802380382
0.17206707130530607
0.26502793363445665
0.0877680918079479
-0.22815871243597813
0.24337876767531597
-0.13674067786257377
-0.09490873127669344
-0.12967460894722266
-0.40947335892769915
0.2181256931783391
-0.6287187763329235
-0.05820764345928964
-0.18189823982761913
-0.07394677471348937
0.021987075085977813
0.012430308070175452
-0.07833874207171762
0.2743946300614799
0.07166668435260182
-0.1253029688890486
0.4902166700546861
-0.11976284579632185
-0.013312355669660747
-0.14899362344418052
-0.9099868539271672
0.34965083631917476
-0.9391458452248413
0.07120049478184638
0.11273452608387322
0.08408528755106684
-0.11004139335564053
-0.11781234537534988
0.14645856142608757
0.006711212818704218
-0.008945220285087164
0.0027689288292157607
0.060760241565607255
0.19974913764819538
0.08954717379369505
-0.03634865615908385
-0.08915983841503619
-0.32399423011147527
-0.3239272197417006
-0.07055381416509778
-0.29759275229700866
0.09833846151994025
-0.06213865183534951
-0.31630682426074264
0.322535928907516
0.09354901698553003
0.02018846568861457
-0.08420445906448355
-0.1518428539394686
0.07784028218163412
0.13014898595625915
-0.11549534422435202
0.062218805495776595
-0.0007197818194680341
-0.02018968202092947
-0.2933770662830387
0.11612927542229272
-0.26092776087545716
-0.0766971495064889
0.03125913908417387
-0.11309179308702924
-0.021843265552642547
-0.008971944926367959
-0.1699366653508375
0.06695931632974488
-0.14659165484815687
-0.06367996338147525
0.1510321421202184
0.10845782848566149
-0.18879409244022993
0.013948885331671365
-0.10398462681194677
0.049661348383237006
-0.24340695305644763
0.2550265245022202
-0.14400515612352188
-0.31791733252322474
0.0053937354203857256
0.021007830140313235
-0.014834178719439848
-0.02096140379930858
0.06617616843480277
-0.109201567817933
0.09885446859824279
0.022078587950903252
-0.07303687407697282
-0.13851840108463634
-0.14790040057989967
-0.14353624438389082
-0.05065367778919224
-0.05477046236385006
-0.28680950233748975
-0.11877567324272936
-0.050797589662833945
0.18576395454976183
0.13385371375304544
0.11822301668172616
-0.020604671751974418
0.051475634940732935
0.28160552125816074
-0.08617196488252071
-0.15398628525983407
0.011787938143747864
-0.20526870840779646
0.4608893027586318
-0.2510160241171905
-0.1275320447153534
0.22489934181540408
0.0770827190056027
0.09822953651834729
0.08567974108691127
-0.03241269598124341
0.38574492156209655
0.05808014567379361
-0.2632036414456412
0.4515313216663965
-0.07440400847941575
-0.0003761986339829744
0.04531562190791713
-0.11315188417477283
-0.1704807879972063
-0.4107873199722368
0.09295340132091742
0.10688389913752389
-0.17339355316506008
0.11403823667528747
0.0848671190644609
-0.026321957845422624
-0.08678588769299585
0.15141015230344543
0.04070724698611228
0.2847433763958177
-0.2518666240359289
0.04391039305267079
0.09929670689031982
0.30598446523848283
0.35441548674203627
0.17243576397676205
-0.2872087674808262
-0.13630544498247146
-0.08408805151593746
-0.10122230893139686
-0.09931172047659301
0.0883885202513816
0.28675613322583565
-0.16872098430134488
-0.20412809437022725
0.17243260386131942
0.11150757158547367
-0.313202163863955
-0.09840790517045389
0.023514616876460673
0.015488737512156481
0.14450372954552634
0.14007073171327883
-0.49288320088007215
-0.060115487853785156
-0.19484040225430832
-0.09370971338532899
0.09210596767525929
-0.06786361265351776
-0.0005395008560563153
0.31281026095542486
0.09788237389335756
0.2395503441798778
-0.1850407476742579
-0.25112487192316096
-0.0016679776439240653
-0.09445146362755218
0.1403569527497062
0.036731644271122056
-0.16482908190036455
-0.0019812526769245973
-0.05934362582435593
-0.22663219647579158
-0.002973262917467807
0.10558563707735613
-0.16394944651885965
0.11062189498813768
0.1311058311729617
0.16739655273869355
-0.39170539255878584
0.019622134891667514
0.2172571871343404
0.05795345140615543
-0.02732248822445795
-0.507350117770952
0.11329311630220558
-0.2998546701160883
-0.0353683568990416
0.08172269166587061
-0.3587093610339918
0.1404134975055973
-0.06442660204690644
0.1929997627721533
0.07804409722569956
0.15959069195517944
-0.13799426389547473
-0.09455524408935938
-0.1884476458679646
-0.04283515940451184
0.0671459580228988
-0.09846383606651155
0.2749646973870848
0.1971864038888209
-0.19490169108212269
0.37410572173370066
0.031962014303413104
-0.04076950585346943
0.09824528870689764
0.06041136152657815
0.05644064846833417
-0.14900145237295076
-0.15975247153779382
0.03688912622464983
-0.07462050574248646
0.08469545687659785
-0.315895842713584
-0.29576747239937246
-0.2381347006064491
-0.12015220622868962
-0.2147166480631863
-0.403727711903364
-0.1161642662904712
0.049244456680591124
0.1009418951949804
0.02002895159888161
0.13037391796331896
0.036988552623435644
0.2637835667795021
0.08943656459777799
0.3060332650357715
-0.2686942307688021
0.03924698594603853
0.16006615309381306
-0.31113717779953637
-0.043689362309578324
0.12057326909062882
0.13058955621139315
-0.07817761640956294
-0.3085528013094771
-0.0368900160353658
0.008761418246419623
0.07574544980923655
-0.2371328709547735
-0.024365119863030124
-0.08280685915459339
-0.12617029260026258
0.17613588712026257
0.011195632359279575
0.1674347623575132
0.041372810191105
-0.1553156747995178
-0.16916641539371552
0.15811752930021764
0.2482149872725866
0.019604263369748905
-0.20667665791995948
0.1622267602755341
-0.04542481020486072
0.21960310001810918
-0.023516660704985
-0.035450131465205106
-0.3144559850455758
-0.17706424893863695
0.14241067413695357
0.2213644524940231
-0.08404364390968616
0.09878701084894413
0.09318215721990332
0.12730931732565084
0.004840931124643621
-0.364704146934823
-0.1143032789821511
-0.007699219365317028
0.0953631131815303
-0.09930887156795683
0.11358622577945426
0.31666046689445687
-0.00012452990883546382
0.21133064439767638
-0.18690650328772157
-0.00038116065194555127
0.04791001064457866
-0.10270938329465491
0.1305242394185462
0.11635934943662042
-0.2202732491401135
-0.02845136250817252
0.11181135009288064
-0.07829250995346268
-0.0003001780634586727
-0.10130672484404023
-0.6731497232024811
0.05644031168525933
0.03210530325773887
-0.16988159366957223
-0.10220522506931197
0.40414464983612025
0.20019442310029356
0.12181778599094258
-0.09558652437134946
-0.0061556270682854635
-0.41763989522811207
-0.5006961166788578
0.17978940866560986
0.09367499405768105
-0.029416640028484542
0.329599512882048
0.016144181980484545
0.11792153297829011
-0.02819148835924336
-0.0013666838257182393
0.03335322787836162
0.14498669751637347
0.024972676310553537
-0.14222439794713534
-0.1603935401070455
0.10657098133257101
-0.3835703202886964
0.30228521626962795
-0.0028371591354701127
-0.08186770981105247
-0.11780423136610865
-0.022418364086104866
0.207359740972569
-0.14981393881862123
-0.1807603071593854
0.16812766258472922
-0.08950611055371448
0.1881110436494873
-0.02762862290063789
0.08095070208331794
0.3150716739352827
0.07805747898586937
0.07380797834627022
-0.34160694876520825
-0.1968742712671687
0.007307290885688666
-0.00496228431887503
-0.22514809716835046
0.09267584139931763
-0.16877883697813012
-0.08474492998087828
0.07308894581876074
-0.2602376660345936
0.031488850830572915
0.09738650045960061
-0.07885048142599198
0.048254913707499514
-0.21803939614926146
0.12956304803660085
-0.5002941498931781
0.37063743403035726
-0.6700923455007067
-0.19098586400953324
-0.2594124236266738
-0.061135953268193044
0.1607535772711462
0.137109920272904
0.03606702866681391
0.015690535294672674
-0.09750442266453853
0.15190325939799437
-0.07485729036150132
-0.19263692894926776
-0.23068025869063927
-0.10188706815414315
-0.3874408837204906
0.1503374601629488
-0.45328254344524066
-0.36506868283511745
0.13318155431982007
-0.20680433052972208
-0.11639117431226717
0.12287410728918699
0.15814719231483437
-0.14802134638467954
0.2788999343507502
-0.10902485405123995
-0.1943792993425955
-0.021728004004145124
0.04544245869534441
0.1433385286413325
0.44176607045077293
-0.04034579424151325
-0.2387744309249197
-0.014817139983863917
0.07747051353271521
0.2229081752114601
0.005684907782482939
-0.2799118673219806
-0.18068252666220008
-0.04502301431610129
0.16179566568222292
0.08471073889133526
-0.07791733120989806
0.25009285659831676
0.14457982490408533
0.07576884152158173
-0.166189788886662
0.031006068937862816
-0.25993257732128766
0.018911223596743732
0.1581610140970863
-0.17282896491950092
-0.07327790168771528
-0.1185628083277439
0.06657814033124056
0.1347598514865113
0.08250425117288854
-0.015906044116270408
-0.100027650397514
0.03760695653748401
-0.04910474290300388
0.09622573300913173
0.23653655021186099
0.0526608242778498
-0.07447421670766786
-0.07629841269897755
-0.03605505574965704
0.04208968930770945
0.29830509819373374
-0.16466973773406923
-0.19724752133718004
0.03039716105609898
-0.10556715861377974
-0.0036039817092953143
0.06802568650410713
-0.18334467632633933
-0.07070307412949395
0.015419988970350186
0.106322006367905
0.15620803612490536
0.12576901096795096
0.030715097813109084
-0.29551648703508854
-0.4090663366835182
0.18111192119133523
0.21252752480978934
-0.152149694626009
0.17373096413226788
0.028945290860442178
-0.05696373073700036
-0.1530779813962834
-0.01915430388153485
0.15140862743600178
-0.30640427666367875
-0.1339338108593683
-0.11921617585008241
0.03244015433466983
-0.4152720919227237
0.18877333624535927
-0.2222985801687854
0.3427620589027823
0.037183570329107775
0.10586206813287477
-0.0752985838757154
-0.16239329383018108
0.19834332637644028
0.14727315809015104
0.018301187481211456
-0.021132224002168375
-0.3947585948602055
0.12391937462678897
0.21680063091220061
-0.2735496176896362
-0.059505878443992584
-0.051955482986501544
-0.06985954580165026
0.2679238919303294
-0.04338730137332358
-0.07480591428966823
-0.2989372152824638
-0.259716596871014
-0.05266971403240395
-0.11117116018072681
-0.0973259114585949
0.36154964877842943
-0.4134830475082406
-0.2851217521168784
-0.05185326875152981
0.025414575815551475
-0.40421734379801044
0.23585102659545037
-0.7860242295158583
0.15601269501771828
0.1543590523755358
-0.3351258568024398
-0.3259284712691231
0.13971041393182485
-0.17512191494103835
0.054358437604096685
0.12997471377664532
-0.0885518636897639
0.14225999600238234
0.026896876000785774
-0.1473956103209424
-0.1456629074804769
0.14808277709827103
0.07798320506152343
0.14840113172156247
-0.18190200583499366
-0.03488971163127277
-0.34413676924668096
-0.07394879387836997
-0.02738914233837642
0.0681420326138406
-0.022424028492922507
0.18283032452562872
-0.06711051370331939
-0.09092194734536883
0.1251372692692663
0.1375280070884061
-0.20576513179766479
-0.016631763313268415
-0.187620615655955
0.2141894756238318
-0.04696165935532499
0.03716726953883761
-0.05773251270548324
-0.0918373111997509
0.0699663088994287
0.07226671162007789
0.15978694511967825
0.2346039238050957
0.10013079840960054
-0.24851469347884944
0.00845913530980917
0.10590494563713122
-0.15487594517266237
0.05812243144052845
-0.2965905649991841
0.15184547460991757
0.04341301541649031
0.28497530794858467
-0.09642991899566278
-0.2562138532266245
0.008509860213707796
-0.030568478609523567
-0.17134650962812525
-0.1637108692348644
-0.1938539143606759
0.22513964318226473
0.0720217054390168
-0.24489997139676067
0.18506730597656684
0.06277553440814385
0.10647685707998054
0.054577431234878106
-0.2728726593499694
0.027622501613672
0.1233088864746971
-0.2584171144686495
-0.3436270330600999
0.012014402469553664
-0.1510785357183158
0.08781439481829992
-0.3737990210044465
-0.0014207607523364356
0.16710580038520575
-0.02408151393051917
0.07930286769060646
-0.3426701890463825
-0.3500504543296657
0.14082877601362778
0.3215795068623262
-0.014628266392794574
0.5368896236483847
-0.0064516227664588675
0.2543094632419429
0.2181285899251492
0.07944600732951836
-0.058689102548441396
0.09259835911577013
-0.03872081278136053
0.036497940420748394
0.23795884066959946
-0.21564604424148004
-0.13294155784456804
0.04497908699076019
0.054300611353596435
0.17334476890183942
0.17073994250445182
-0.1729336951302137
0.024056333985124596
-0.2774348712865466
0.05728275834935059
-0.12346532405665855
-0.06974420273697318
-0.028092771693907292
0.04507175229141251
-0.10971295795472082
-0.17622483603767494
-0.35011047562917363
0.436317111529501
0.1231935822284704
-0.04636980520577466
0.3995970282387238
-0.1099423705130169
0.1476304299675148
-0.21046620507534555
0.056237714959054934
0.04213597767618623
0.1472747479400694
-0.07425020893643514
0.01788459562232348
0.22711747663559054
0.08842950096632425
-0.1998885136540862
-0.3708513289782646
0.10637876979857026
-0.05487158663372084
-0.11735344821781031
0.2648403377459501
-0.3349141948717403
0.013670766753118858
-0.27578997387531073
0.030180318707778445
-0.14302759260395115
-0.03237321821990828
-0.34579147170408314
0.2117377860893437
-0.13159343085261258
0.1270606143619114
-0.03403097891880497
0.030693559909337084
-0.11674484225207003
0.0821147078382319
0.10380571540441455
-0.2000815790875681
-0.2656126175875168
0.08216668307551928
-0.02136204221153252
0.16786173245421476
-0.029486289107617573
0.037256630746955496
-0.01025799847990462
0.024842395933511348
0.027723811563624013
-0.10048797578627533
0.09978039142978543
0.00198776275929147
0.06804243949778639
-0.11600895408600845
-0.15470923326072994
0.033809621542043235
0.05307481963993261
0.26109502006784036
0.17593503944070152
-0.22813959323167404
0.32572556007247133
-0.16629832327853267
0.22814604982856035
-0.2628981823679584
0.04898183096746108
0.2745553520891087
-0.07345500727251358
0.08055963844277528
-0.09974760532387789
-0.08117597845440312
-0.012557954959706836
-0.06770946059336004
0.12198344495129171
-0.0919383349197073
-0.14051478298559697
0.07687966980521667
0.22470804906438913
0.067053871159968
-0.47131911733837767
0.21106583355237316
0.05400672930643225
-0.22658675948920096
-0.016809656842981774
0.14127971057185548
0.1701184882066745
0.047080707645449506
-0.1402774596196209
-0.10262858897852863
0.07072659144281308
0.15951637870195456
0.00299555550184976
-0.03982446831076727
0.1099479805944871
0.02682238138014451
0.10761673554833097
0.10622242144031734
-0.08689914348062065
-0.10483314519261704
0.19192229104075054
0.29255798205193206
-0.18157267394106932
-0.09282993584973602
-0.08708026776852663
-0.1794745288358539
0.1700890621130904
-0.1480964280215882
-0.5431543769104592
0.2668630794380111
-0.46031925754169617
0.16176367051546678
0.15104286558086844
-0.02661181075013381
-0.18742510619672012
-0.18468991668269885
0.04217230258802227
-0.2832906965595284
0.0954095166520176
0.39764930358769457
-0.3793835221785501
-0.33056682997864034
-0.04900058074695428
0.06157657554668908
-0.4320503820472122
0.1328351365107607
-0.34676519381481974
0.12588156128519043
0.25409342487518616
-0.19599269072364617
-0.10576778856019933
-0.22382416164945163
0.1148991421222207
-0.33154965551158533
-0.09262790402449983
0.26750428154770445
-0.2527128290525307
-0.13526589537493305
0.10234289298889572
-0.012444039710272978
-0.4198296922697383
0.09136775168149226
-0.4231162519809208
0.020995583883572082
0.11030254177132928
0.08382724922773248
0.1516271825473182
-0.057001004513815276
-0.026623633313455245
-0.08705803688798477
0.1386220730738037
0.1568966426818123
0.2592471442259757
0.3068114951040519
0.06704450611850493
0.4652799546444218
0.21720374471707254
0.19395133960421743
-0.2238730280824585
-0.23050718842803306
-0.05284038149865018
-0.2133879939920918
0.2658730632793918
-0.17714392590312947
-0.07800493424388219
-0.02406217102269251
-0.08882251446411099
-0.043110138012990046
-0.0774305041250245
0.1617516742649681
-0.08628303259605603
0.26001956352454425
0.3539009500199026
0.07941227854378381
-0.0017096780972390663
0.036980334192108305
-0.08957981300600301
0.25821520723540303
-0.019872144654997936
0.11611550583667664
0.053365290177926315
0.04800777709792163
-0.08782894023941384
-0.016601949647332782
-0.06168316302798117
0.1505375064583225
0.3207981506088225
0.0603061140233155
-0.16157744103978322
-0.32660600815788626
-0.020408255098027836
0.07660825978785754
-0.13199572115764327
-0.022642280643029457
-0.1536974484108327
-0.14406106134254035
-0.014754537274228239
0.05482947392477173
-0.15431140351843375
0.00015877188865886133
-0.36127698254156626
-0.00792215621581456
0.10680056843708312
0.06492909898425693
0.14603697783718497
0.314928472951216
0.08035972244346282
0.25671141865950886
-0.12974097830090608
0.338676993503187
-0.24402860802747964
0.1190702432918805
-0.12066754072903615
0.1056768912105694
0.16848613263068385
-0.22134303022035973
-0.0819557242814172
-0.14928514941764584
-0.1892320579179425
0.09258283345341965
0.12159451793703324
-0.005594684870031444
-0.00038577254505834356
0.07722864451086627
0.003938052694565909
0.3878346422250805
-0.24312640839607608
0.05995671162262362
0.11774324364943067
0.01823356308475441
0.148009827481998
0.02248725297091427
0.13646846652637304
0.02860898072671719
-0.23944529543430354
0.5862814313976129
-0.15973574728746154
0.004103324574171997
-0.12050969571709608
0.11958008715995708
-0.3040157915737162
-0.03426347245558549
0.23269492101747605
0.18019354502584098
0.07518630656428711
-0.035898483076368205
-0.16665017498430063
0.03907446059910742
-0.0038066656696434413
-0.08752436486765279
0.22449466211736666
-0.020458661105347505
-0.04380370374760766
0.14299426284028433
0.06719683297670676
-0.143668715980578
-0.1137765855241276
-0.00944772264552905
-0.11989257274580457
-0.050491278495137015
0.0967390271331118
-0.010413219487176799
0.20571158321165395
0.11199387236825878
0.08036908992633805
-0.21901364895851683
0.11052960450130972
0.05411741867918814
-0.009596768324850498
-0.06644262051737901
0.016730286651747455
0.0005764476804471503
-0.007183517909818734
0.03844881747601211
-8.845060437968754E-05
0.18064123256491532
0.1679766558286889
-0.027333397163610034
-0.09265632120956867
0.10909407952014218
0.08213793257315355
0.005381079629992369
0.013433389471659526
-0.008824163882818998
0.015535825960837262
0.10317257375625713
0.02871572419918228
-0.2054268023311922
-0.034290671498946435
0.11531423606538979
0.047517900391116745
0.06935396149533499
0.3238601539655456
0.07886849410105849
-0.08302898278845446
0.07267153801239648
0.1439943746063559
0.025658291978100576
-0.020910753061709978
-0.14890367818137487
-0.009825147241756059
-0.18927892499595136
-0.04332306029876903
0.07059213937712656
-0.11700006820493494
-0.16582254811207536
-0.321388556890321
-0.04187222284150471
-0.36105081124435584
0.1909043018967603
0.048255978255289475
0.08913466084366388
0.04410185540619236
0.2984044889086689
0.07545638619611356
-0.006375630880932069
-0.07330729825925487
0.12759049072735207
-0.05735150077567057
-0.046663071334225495
0.11083703653245551
-0.11450705721380935
-0.2932483550623186
0.43977122167513083
-0.6983306203201325
0.20177322318766228
0.19507649006538297
-0.2801606464194565
0.020999176389893383
0.10401804582271933
-0.06355463885908483
-0.030780294805939273
0.10955179853712486
-0.08322766002930898
-0.31946092586727487
-0.040495627750958045
-0.03690733272161671
-0.12230250619428586
-0.3881590296777507
0.07085068215267615
-0.4613301609314387
0.14972280027940504
-0.12404308416029253
0.081532466946335
-0.1328986697187968
-0.30376574147539065
0.053950667461713245
0.10045543670774786
0.1374500828071089
0.012970651988839916
0.10988091027367264
-0.14345530661273448
0.20358093259962484
0.01743156599877661
0.09146049246389738
0.010054530554617839
-0.054773980924538127
-0.027958025000275846
0.1551118038348601
-0.14299807277721183
-0.23097325683015263
-0.15457144086837943
0.12845246196585033
-0.12010057945017003
-0.07738200769441256
0.18091208539923243
-0.11423254517834593
-0.20879423125466778
0.06528448988894665
0.18938825883564708
0.30532941856086654
-0.1809803682049482
0.06555855985786258
0.08483010708544884
0.09339242345653646
0.07042206832048806
0.16381944516710042
-0.08758512675410747
-0.2024563515008915
0.000539131054482093
-0.18378341768549786
-0.02519630323451832
0.1606839588622181
0.1439712240942437
0.16480342401484172
0.0025891548591580418
0.23535614243694697
0.09043129390160128
0.13706312880596433
0.26539654802396223
-0.36891286557625513
0.2861527038735331
-0.03223723523852848
-0.29830613666831934
-0.08435427476237983
-0.1376379119483312
-0.23352376412504933
-0.024763798609446244
-0.007106146279869739
0.05893776777117196
0.12856221583232805
0.010898602794786626
-0.013680548517596085
0.01773753954471798
0.03101489610822914
-0.07037556128883056
0.1622422160995767
-0.28145308080403264
0.20742822366638405
-0.133082569565016
-0.047982739327289116
0.012022577661371726
-0.3116718823156723
0.04116690288548742
0.17586701993912707
0.1203408075818216
0.08953602122137495
-0.18515428581875853
-0.01634947110895836
-0.28829443922736525
-0.14377285945089915
0.06361281946229486
0.04448952858535414
-0.08686886030660822
0.06698558944345823
-0.298903723828803
-0.006919337595303774
-0.13634584427129326
-0.16805919820831955
0.061963138041467324
-0.1074596428881863
-0.009411688435650163
0.1482159246737778
-0.3875772944277668
-0.1382023151964011
0.14785921245213068
-0.07091904378166758
0.3201615830588984
0.339514167135395
-0.30816473685653517
-0.125632464563304
0.031713654209104804
-0.10029097993960841
-0.019362562203562035
-0.03755835705091632
-0.15516078768206862
0.1410421411917825
-0.172467173314771
0.008192691283059767
0.10354633134913097
-0.20259118028836162
0.24077550646906198
0.1891383124063334
-0.15604946536770564
0.0592226365208587
0.04067271866237449
-0.20246335636789528
-0.17823126065364087
-0.025534777119136588
0.20850340034571266
-0.15661720398248022
0.25146150497547826
0.3076839658829795
-0.14666041516503223
0.01637979471629357
0.18790865118963274
-0.038550017514310905
0.04864797884901421
0.1018515049934914
0.13212619185750843
0.16534767012567217
-0.26229369591716545
0.3195009070646127
-0.35247988503262584
0.11413088075149518
0.07242999400058404
-0.42723477784010294
-0.13725285254743833
-0.3218121620372623
0.06547998350959637
-0.4093320742173633
0.10229900957981763
0.10439403506430968
-0.15652691959442241
-0.02843913063757726
-0.19878116225274556
-0.20324645582265063
0.08125002572436929
0.3414366288352112
-0.08444834694962951
0.2486615778926739
-0.07630255328430773
0.08027834358042643
0.11035525013522694
-0.021941162251234114
-0.12448170651003466
0.01725451504626733
0.08638447748289901
0.15805065485832517
-0.02153309790951739
0.05776034961412829
0.10418273974971404
-0.23441073344163071
-0.052204157754642114
-0.47071103680756127
-0.025844270809733894
-0.3357565487013817
0.10117443296392298
0.008552865186342566
0.09676576772442273
-0.20744648781401576
-0.10872445688776473
0.018806495830663357
0.05638451868467844
-0.06361705517389472
-0.08787497695713224
-0.003681172110018951
0.20415917379821485
0.08608974522026587
0.055278064570580966
-0.12841681318603043
-0.24488156615099424
0.22216134694021603
-0.05875477804802632
0.09973692614579366
0.17231922474651276
-0.2335398974111135
0.07300728009301442
-0.22630348817902965
-0.1891224970673152
0.012481119985945565
-0.037928039838760794
-0.25171541505654915
-0.1505231177877381
-0.020784888733790283
-0.10418256354140966
-0.04437036328471806
-0.013048633926507857
-0.5902524555466081
0.18633974836998923
0.2574828405358609
0.06516510679847333
-0.20703952726556235
0.22649652451953722
-0.007446217680833719
-0.23001309733148842
-0.04896164646712873
-0.04396299547264201
-0.061189072620182625
-0.12664523106040762
0.13503848073936586
0.17942542813282883
-0.1770163909753572
0.08155316856256135
0.06461563670974035
-0.19524100445380504
0.28242611251709365
-0.13537069897924042
-0.29706617576450833
0.1425561509819833
0.07885265888234458
0.11914779995222312
0.12024747393520567
-0.025064525511068376
-0.14337194888515561
-0.146236830501768
0.08554761953951326
-0.04836346728374602
-0.16398882427067427
0.2918158706612508
0.09711503941421984
-0.26661031997721346
0.10345167553945103
-0.4336246722902695
-0.0644616485960813
0.033238770859812555
-0.04126560002360455
-0.20295043155529155
-0.2377073089751388
-0.10913722409223507
0.044387630676525264
0.16802262361289
0.09986315598374929
-0.07036115284450763
-0.29075897079441015
-0.08275949718111679
-0.3581516116624531
-0.0724677074551234
0.17316205598726048
-0.13390440337486922
0.24256988707109586
-0.10879409601862229
-0.031992451366507406
0.11015444610157468
0.02316473919857345
-0.5438489511389276
-0.008781233307952835
-0.1747024793922335
0.2843575744077429
0.2042500399158399
-0.003760943423163833
-0.018368093826084647
-0.00038254759354528314
0.0861488142065116
-0.33984227738229056
-0.24054247756489563
0.14120460649200556
0.13178894220965595
0.15719151156736896
-0.014531390527676581
0.03442028364201607
-0.5293429010747771
-0.1734789816969777
0.13959460309301056
0.09741891796916693
-0.08289247412096068
-0.3543899990853308
0.05146780956826721
0.1433267746085602
-0.22616109042433302
0.01949856275316784
-0.05820384611491473
0.4000155197530462
0.06203218112403267
0.3534261422741109
0.06970070045001045
-0.26696926806246246
0.2998717516038944
-0.13624611766279202
0.0015401794935081467
-0.2691684971852148
0.1712173402699321
-0.06319591405645447
-0.05299150703754663
-0.026263431416311184
0.10760241569079183
0.07387214730831596
-0.3851448590342533
-0.2360913911965207
-0.05098362731902513
-0.028746738491413532
-0.2068441534010795
-0.10013308592562675
-0.22102181311500732
0.058390345139184105
0.27397099940491193
-0.20432629795345109
0.10923479577787411
0.027057438938716174
0.0921816410022793
0.18825579101080453
-0.18712322922799787
-0.24798665282818758
-0.2402099749676026
-0.043171882441959485
-0.008336551252915986
0.10591510303437854
0.07222994073073659
0.26271467968683426
-0.0021888673521474147
0.01788631631445757
0.2071793554683072
-0.049911638431545044
0.055355018216012505
-0.05299516230261114
-0.09422451752279293
0.09990808825585235
-0.06640784523971638
-0.2951197490500266
-0.028313666335439813
0.2426725852309596
-0.18945387029609978
-0.09378113927521554
-0.20725381181771857
-0.023183451132785242
-0.020089368444438545
-0.15256339556727552
-0.07434233734887981
0.04392232289048075
-0.2289953027727724
0.0941427546343844
0.22111935704385108
-0.19089810085996337
-0.27796058036138943
-0.035798735478020274
0.11127825698581965
0.04783664463925104
-0.05765635793135104
0.23356812121193263
-0.08516221225637022
-0.2395703210163279
0.07471875717578878
0.03915613380380116
-0.09731541568741874
-0.27860209034363714
0.38209547201465527
0.17662546783137978
-0.34903818773601375
0.13417554749518124
0.4260932471290132
-0.2087693285964698
-0.17272765172397675
-0.22699817113376802
-0.18801720570130923
-0.24220282298176415
-0.15227329395878453
0.11308383351545427
-0.1545011641043811
0.21419067622937854
-0.22012624379345155
0.009501391015854824
-0.29426610431021216
0.30813888159162783
0.04762010894340677
0.09892951532298319
-0.030653291663424134
0.2143560292660598
-0.21363543253427572
-0.13230369900767705
0.0682360803118735
0.04171884443768881
-0.1350862249225045
-0.11240439338783231
0.023216864122930905
0.06207226223121052
0.21899551566596445
-0.25052367310985074
-0.03937436072987549
0.053372159443359504
0.052132622203087085
0.19207925743171078
0.3043436152781176
-0.20390038369844332
0.008214903872139046
-0.14542771975216573
-0.01264479459886817
-0.370892911858471
-0.07365100721691063
0.26577972415674744
-0.0048736867359371
-0.30704587779814585
-0.01739567319182928
0.0494331471225815
-0.05223313001348583
0.12700180264021954
-0.015846826279132805
0.26280681140502216
0.13016633843075243
0.14118304710960183
0.17231728626464035
-0.26320852775686976
-0.20092582589990154
-0.02874923478243971
0.08821589790558652
-0.17141489376028082
0.11896381582191264
-0.056193275951250524
-0.03931807626040623
-0.13635898048840533
-0.042557999016267986
-0.19061807001712505
-0.02187451231178262
-0.1314894056578941
-0.22185858667183425
-0.29883549167450707
0.05788571587756684
0.1901091853081779
0.18969980174024795
0.09974597870867347
-0.12550328598307572
0.13213923194896737
-0.10336781375400049
-0.13664053943836074
-0.001344496926849923
-0.39303816613303344
-0.04434917406154183
-0.027870545953039203
-0.3042272752095388
0.1674777822908908
-0.025678100991089095
0.004591940735071481
0.2174544162080916
-0.08318215001995055
-0.10371748899642184
0.1407569382260647
0.04017971378353612
0.10022809259417043
-0.15961752695749726
0.2858529515969434
-0.13036871201895006
0.04153253839548422
0.19173766042782256
0.08428390323655982
0.07372326948230623
-0.09701399379616406
-0.2178426432105233
0.20549881186990074
-0.060001804737304126
0.27189049051751
-0.023355032706761848
-0.08686322597362212
-0.08580368424014195
-0.15068985593938833
-0.15170213628736104
-0.03356483563577387
-0.034406712715267886
0.06409317008771599
-0.07735159487283348
-0.045821597429973736
0.055422778079525954
-0.01744966806089713
0.08342214101828198
0.1009040092031118
0.4647085213488952
0.106453688564238
-0.07389877428946837
0.20885173569762566
-0.024094251392268125
-0.1697497466628761
-0.04146047917780666
-0.24284526527762182
-0.04280984002410305
0.11829054977973695
-0.10333879909193626
-0.12498829773549601
-0.2855031002055088
-0.000128163544670157
0.04906440318711224
-0.06855572795790073
0.14966547603613045
0.005990885445888466
-0.28505981043543527
-0.18488348640003846
0.05538683021509106
-0.1879783494010188
-0.13284872669864287
-0.2546596198155916
-0.0629183823103435
0.10214529799892018
-0.011336315985255054
0.18482996537871998
0.11408127783868506
-0.04625943692478778
0.20840312511084433
0.18243966373967135
0.07926264966679349
0.11032976846769835
-0.06363030916212375
0.2166371068503511
0.15178388150772704
-0.18296963142454517
0.13735002974273047
0.2521913784263722
-0.24685677359981734
0.11689500975695265
-0.08012500526569415
0.03939552744970891
-0.062256386073331345
-0.14374171963751983
-0.1115578132349436
-0.011624047174737839
0.13315717187938422
0.052930341057029276
0.030323404076874363
0.01732863718529189
0.051465990748203155
-0.15168808013465798
-0.02388264669615548
0.34595284042508934
0.06189406018682634
0.2028381078128112
-0.0520988042551544
-0.12309887160003326
0.06465987660797887
0.010849266833970797
0.0701240335285494
0.07241605098781664
0.23164850945262475
-0.05436346295544749
-0.08848901601476823
0.14165034295279916
0.1820569608564098
0.03630599730875771
0.1560200028208375
0.11585495786142853
-0.07166388765721711
-0.04240323729826466
-0.04453178118111313
0.04440876038524596
0.2025340887539555
-0.24251143692712682
0.09346063371019485
-0.13282433276826264
-0.185715692238996
-0.023886957414093937
0.021323610024577454
0.1926991356217662
-0.10604475439378841
-0.054836127739275584
0.04715966141136564
-0.027558981135089766
0.08213487796983959
0.030895909304167177
0.1323269698672472
0.051061625312748334
-0.03124194881864632
-0.28063546293898073
0.22051864407623328
-0.02767108215337981
0.14778577868380283
0.1089311459854046
-0.03886998342161196
0.1089912532150705
0.2002456112845286
0.021526904870394124
0.11543738487079376
-0.06563394700980645
-0.18627428258545844
-0.35401392795982767
-0.041140256294238016
0.07535191024680538
-0.15293820511887515
-0.020650753809436276
0.07232930184767623
0.06268519156551618
0.15311695239597725
-0.0004341896658160034
-0.05820250751066268
0.3497183006178793
0.0303708424876741
0.27716657307232384
0.00780665730827514
-0.490541223121631
-0.10251876293180848
-0.28777201637301725
-0.09874280198874802
-0.1047744873384052
-0.08100207740827568
0.1565499702441663
-0.17022841323649776
-0.07304404681580144
-0.01411739521781263
0.023811946179140547
-0.10304940155017224
0.08300450388438008
0.27644488106037335
0.0002553668304473569
0.09780073286415032
-0.093898771211536
0.06876736311955271
0.024571498615461398
-0.0663453268941953
-0.10669821355636833
0.338872417046185
-0.19340269137793048
-0.10245399308894226
-0.1508506619242495
0.03177800401378802
0.050759555206528466
-0.14090047875626027
0.004127597704692347
0.10670458838103393
-0.13017517636568743
-0.001340932941689546
0.08399958228753833
-0.13232728114162606
0.17188162981835403
0.08577621843128898
-0.33174680471861384
0.11862654616345004
-0.0995006716903161
-0.4202414689020097
-0.2299111014449234
-0.08626141472517443
-0.49620634806033337
0.09806723490871619
0.02257349348165622
-0.013165702730241285
0.0735248566794138
0.04242887292874172
0.015181719626339825
-0.001585552513012716
0.017032857081216025
0.0405894035974267
0.17229749904351063
-0.009439413931511998
-0.17499870425700897
0.021954980454317506
-0.0391900207882419
0.0011669000474239552
-0.26877716460055623
-0.008570599329679499
0.1784959864760683
-0.22703093091264678
-0.09953121162518022
-0.10158177655283505
0.025936416031504123
0.18662345335045397
-0.03929367181334479
-0.26935774587756695
-0.049742538632297155
-0.47265430402011815
-0.172258158111944
0.07735286262994515
0.049143182187955534
-0.19776549703388635
0.10022482306776967
0.005174609114994024
-0.021056838263489405
-0.05080963596843145
-0.06312068740384795
0.1307681147845949
-0.1639634608900272
-0.21065052587570426
0.05784940258229418
-0.5081498368629535
-0.025879913678307068
-0.2958929130559189
0.1365746972229906
0.038286131257992476
0.3264077306839292
-0.07510403242035293
-0.054223603938499246
-0.06949225044567782
-0.38131375088277986
-0.11949028601242968
0.19328262013769337
0.19856157759847992
-0.19450492833319855
-0.12885791917684097
-0.39852921077227305
0.04626203751946164
0.05702503817348484
0.030029204433105645
0.3922986271751781
0.1662348281152462
-0.05038253437047271
0.017200626221345598
0.019825409898904214
-0.06836901166885502
-0.07079582293710196
0.20161801667445026
-0.05786800496663218
-0.10881813678736339
-0.3050010382132552
0.0072085484363944895
0.34099382657687505
0.44037508083027493
0.2677615548164257
-0.19063586209111613
0.12774605370759937
-0.041443658617877424
0.24433093873400358
-0.06445345614812065
-0.04141362495088178
-0.08097984844495144
0.031485468055217104
0.12848145235060154
0.18234914310171624
0.17925632818167941
-0.1480039530866879
0.13894904440218062
0.0471655153455036
0.04041923542727818
-0.05494901801312266
-0.021286994387381127
0.11232046787613549
0.14584821450141128
0.09711971647932591
0.06354272778356676
-0.21280860276002064
-0.047191824586483674
-0.21184104144635235
-0.09426987219760846
-0.01930460084413329
-0.10395031866527016
0.22314480762878638
0.19456034754777923
-0.22195463290444234
0.11053341033138137
0.05559350574178019
0.058457856709453054
0.11183869026794234
0.32606488201327943
0.20423867409925517
0.08781396874019788
-0.047855289622690464
0.36050707089719347
-0.14488899200115515
-0.18020928438803574
-0.020147432609730606
0.231091385596291
0.07692551582604196
-0.05842527889133314
0.505221668050033
-0.002904488965462391
-0.08449818226688612
0.24780523820686498
0.2550074113623707
0.07680433317969425
0.2781669457650963
0.07703176142025538
-0.2060852076640532
0.012595393830379957
-0.035960092738327704
-0.11795806816630633
0.20051400150537843
0.34164215498463063
-0.06581734538263331
-0.06506200549113271
0.3394068696785834
0.06565169484728103
0.17729750531017593
-0.12200870454290359
-0.05197626872263151
0.08613074198691713
0.10240824498398667
-0.11715492906137849
0.03342159668451285
0.06960783718569634
0.15617477694439985
0.13819821699413165
-0.11716786995206425
0.11139628442039363
-0.20204695728150235
-0.25435009346564225
-0.048147118757236256
-0.01647879755272147
-0.02390486091577539
0.1801735140870119
0.3306195734098925
-0.03979221673126089
0.3538007386770984
0.10334161547636549
-0.09530039727938104
-0.06219340693219147
0.10721733139266565
-0.22862728621361814
0.15289793733224125
-0.04632775239387218
-0.014315495548156277
0.2839046876247291
-0.08865213582803376
-0.08084647615991453
-0.10799166903189862
-0.08128766213499765
0.2557411510935811
0.10181319220483903
-0.021708296935072036
0.10327857459515728
0.19818300006033426
0.01834255670677207
-0.22677027177331346
-0.06429252582289934
-0.1635311058358943
0.0514433952038485
-0.08651047101495929
0.129179241446078
0.043872559338167444
-0.04141237899921217
0.11847602028496716
0.3338659084698236
0.2640075124583209
0.025647424592505897
-0.17119958050085013
-0.08954474712326513
-0.26893035918688074
0.2909990113041853
0.10326244584082744
-0.3104037232784146
0.18041620872514208
-0.06805395150511652
-0.27193325786226413
0.08114125409815107
-0.2538252977418151
-0.05499667781812621
0.32029492571396373
-0.043137595975075875
0.1315743823626363
0.004940575508723989
0.1147656033020243
-0.031886735550967216
0.10193119002832401
-0.29325408830142813
0.18905766889100478
0.1785469981182214
0.0656692420224514
-0.19680330601224633
0.046150233611883494
-0.18663161968289985
0.04260716095608771
-0.07167046716424358
-0.17289401564527684
-0.15283879381982057
-0.3114966140279459
-0.01621000217724464
0.3185885490378718
-0.36983725231097514
0.18763042805940147
0.016452489396265833
0.00275848016254609
-0.13665723142054648
0.09715430784168817
0.06895051059270157
0.14815007781222456
-0.048276885776436435
0.3485835462286909
-0.1016091412281913
0.015027373170702801
0.39952768543214223
-0.17092875002598323
-0.22773132619961003
0.1146481677823911
0.00299833890277991
0.10759852500215107
-0.2209692496676355
-0.0034755125841972735
0.16483376539439037
0.019958031823038087
0.25264527523683206
-0.03074830662360113
-0.19572703353951512
0.12537633377475677
0.035912503859753926
-0.23281772691504177
0.17847911196400384
0.20102026963195535
-0.1018752745350437
-0.11219676192954711
-0.28203926044679994
0.08391367676443254
0.08248739789478296
-0.1712336441456617
0.23438720255997
0.13116888798133608
-0.12330908953394773
0.07718060435296853
0.013099451103519231
-0.1303422460454116
-0.21889726784155564
-0.051849201520854045
0.051934015298208694
-0.08344209375474675
0.22605307653175502
-0.1389574170720261
-0.20217236735180727
-0.012619135467711205
0.20549341067576252
0.022643392381506894
0.11930801224495219
0.03480518198119433
-0.41249742312661375
0.12641698806761856
0.07181861358162589
0.01959919738325356
0.12259955314014757
0.13894425371442604
-0.11463828270334248
-0.031773914590259404
-0.12442831052025155
0.015344051842566743
-0.07943747113810004
-0.18553954864995056
0.1884378033799842
-0.29364637794718
-0.20759640068467683
0.03919869813978535
-0.12776505058111906
0.07194853813594605
-0.013233035165613609
-0.0913047328093392
-0.034370682732183994
-0.21215296565122563
-0.17600864247939518
0.05095903072573401
-0.06079185211133077
-0.1500721230303379
0.05733442055219763
0.03939395645610044
0.04684781458178247
0.08035638364166067
0.09306881177960899
-0.059036525622109495
-0.06636143551455899
0.08274427870257432
0.05252816588570467
-0.13467061835455507
-0.5442021511568149
-0.06753151258862879
0.15637176044921686
0.03629864459274458
-0.3221737354831571
-0.16839432701805218
-0.1640464174155947
-0.06061159405729761
-0.26273286438219273
-0.3123451375371672
-0.3218923806991194
-0.2505588121630898
-0.018600581653925287
0.11512618630930281
0.035328107559671675
-0.078881719472471
-0.13001592600862977
0.032275828204752714
0.4877269364813152
0.043041989037418134
-0.3277892410456822
0.509396884188738
0.37946663742525344
-0.12963274698845997
-0.005872233369271607
-0.49830962008884777
-0.07186377796904764
-0.34549540261906336
0.10254496791468318
0.03616857566912944
-0.2083793762006427
-0.28088125980776796
-0.1616604752291292
-0.11518283683198148
-0.18085665746577512
-0.08004849182813623
0.13073045228572577
-0.33107791839791195
0.0885710133624064
0.0436182749242518
0.040726833020506115
-0.2686869571060269
0.14486110185302725
-0.30032743941799445
0.5031461464852728
-0.2088783007375547
-0.1984383952457791
-0.01948072761135828
-0.09669474825545295
0.12983183102848017
-0.0685004411592534
-0.11302775561462956
0.034522317602952234
-0.17353599842294185
0.27054020698997133
-0.04339401899051843
0.04112214455027029
-0.1458274336630302
0.17759736297914672
-0.03423767047427542
0.17614275960870027
0.1800673908531213
0.24267696761592547
-0.13785393736023976
-0.1619086347836281
0.0855896365496488
-0.05491573504664446
-0.20207012091136803
0.05433132304877025
-0.1322956869765926
0.346362253087424
0.046093657542466866
0.14658923031304671
-0.20673426330816652
-0.0008887484933240332
-0.10720262829851955
0.16526589548414808
0.012329785918325366
0.06428018248609538
0.0597685174408548
-0.1384211205216996
-0.20717026477770373
0.04114200497732189
0.1430934891713255
0.035421503778637224
-0.02146894538114252
0.047478991726763266
0.17478563459339477
0.08229298315791576
-0.10875518902289644
-0.012016312231030599
-0.07177967400282485
0.21203198289194136
0.17206584295474975
-0.1477356119972718
-0.18093135661115461
-0.11243224654384697
0.02049021033951725
-0.023512036908950724
-0.2234522814931622
0.12950199162373696
0.26128578339880304
0.129912957177804
-0.08436118788049372
-0.08156726779903797
-0.22040382416144366
-0.020718693821018135
-0.06123778875570128
0.0758857849044478
-0.19191244029903456
0.21589140957301745
-0.4047647476414797
-0.4563787435207413
-0.01709477347652257
-0.40334659873202566
-0.2866738878931953
-0.02262268657712277
0.2075370354453633
-0.00932011143897045
-0.14390128751737932
0.2610632936525036
-0.027703891413370426
-0.04804629951310095
0.12852959790643287
0.01340534472647224
-0.16312046644941305
0.17166765437007056
-0.17577103309783157
-0.2549666450320816
0.06319606290950286
-0.054786442196198624
0.01910600916749557
0.21007370380213533
0.06200590756382141
-0.08917388924506722
-0.21429501670022036
-0.04976609272662691
0.3371830324785996
0.031747041711900625
0.06525236492823229
0.14490505903390702
-0.20974045125245364
0.5232892795565375
-0.2544299647319842
0.09589180266286633
0.21128260007464492
-0.188575617851603
-0.2870295321131354
-0.12895891500621667
-0.3375427396362058
0.10685797966538509
-0.037648268728304006
0.04558185041037677
0.1028493807228235
-0.14136089873755953
0.07695529914903598
0.1731045634099473
0.029482124431715176
-0.17130551437157485
-0.018446855965657722
-0.36998362848652405
-0.13717456434451014
0.020634628714700766
-0.0602231552206659
-0.06978990410256154
-0.28092931589998443
0.11363444917216965
-0.10566592922719799
0.019628305344930548
-0.11943750576482688
-0.05465143929311399
0.3470245542338501
0.4358952698698759
-0.13421596688679543
-0.22412866435830894
-0.169567085089716
-0.0865657930173473
-0.3983873553004456
-0.11533394578686965
-0.17258734562533667
0.15014116633483804
0.07721099479838024
-0.18099549911673188
-0.00761298155969532
0.11467581342604585
-0.3066751605929269
-0.01616562094230547
0.13239305701696
0.2543759368730019
-0.18912922034234125
0.00652646807379676
-0.002664417088862225
-0.07684094904191746
-0.07584787156354177
-0.24181438635522484
-0.09938539837816557
0.14111763876718014
-0.21057226726265268
-0.21121624925466487
-0.00044756335405833625
0.2851876006585088
-0.19251360300658474
0.41176380384279115
-0.098961399725865
-0.09674112561132799
0.05535002193974873
0.27657606869722473
-0.0053434236532988975
-0.4640810778993691
0.1756879527859387
0.14459659558719104
-0.02846917827333306
0.05903634683083127
-0.04181845741507257
0.27524342560679516
-0.14555590732592744
0.036602938374451124
-0.06353305261472363
-0.05560005954787917
-0.1264125736016304
0.1773266495348026
0.08921530337499278
-0.011801111934122912
0.06091609673995823
-0.21115627713144045
0.2076284554708643
-0.05848779050642087
-0.02631466846961511
0.018837867719430534
0.08989466620651135
-0.2634027560494295
0.2863025917957275
0.04422313318075888
0.05138985472854853
-0.1618569480673554
-0.10359379887374065
-0.11651966003240977
-0.05322204571447018
0.06353322760561421
-0.12176823363068974
-0.05408262537286791
0.23175690883738914
-0.05796089879155564
-0.2044246305805215
-0.009324030488165788
-0.01739525529373207
0.17768639018027924
0.14668158874767076
-0.036322588413351904
-0.16520667220523563
-0.13354878080634916
-0.060636527615458104
-0.07450272716989244
0.2808576097025006
0.1565913954916227
0.20151398949910412
-0.29523730782843166
0.12498931691026782
0.003354131985919623
0.0026336302141029416
0.3425590822953744
0.139168267958698
-0.07200601054979455
0.041119576327756084
-0.0145407018751874
0.013350551537641083
-0.3487390568224418
0.16086192963111876
-0.03893940623767803
-0.39523825408256347
0.3120127761990454
0.24274955784507118
0.05896008461886682
-0.2583512127643011
-0.4098569138351118
-0.15289546923819447
-0.29208393961513723
0.06642964890893502
-0.030504579500534288
-0.20403354164758677
-0.06155191759820505
0.02449883450836002
0.10752050101701277
0.268963741055668
0.15695943818462557
-0.13530911793122863
0.10461657094756537
0.2122123424303284
0.13705924285138033
-0.07778431927826665
0.06163053547977391
0.2715637993428826
-0.20631499020030075
-0.17073013998721828
-0.10527543144603595
-0.10774519548352139
0.02777610610086658
0.1893319069648864
0.06729118813643596
-0.19322288329791967
0.006839037996348641
0.043740155751609985
0.24769871381582556
0.1801084186686137
-0.19695598523170124
-0.25349825800732506
-0.1925370540461132
-0.26992125069283596
-0.09872018936314873
0.300638089046377
-0.2038857328833431
-0.09349946347260564
0.021335589883856833
0.12616175956977815
-0.04856934438333576
0.4368615693271286
-0.26604154306139416
0.18732850114995497
0.03206276957881694
0.40603941488768125
-0.25871881861219975
-0.04456385510973976
0.2659903831286628
-0.197978347118414
0.02947298896470141
-0.03086410346816951
0.06886256332231569
-0.014526777852956424
0.030008607453772956
0.08537081425458981
-0.23639637986116765
0.031106710497820475
-0.09109700419829876
0.09187100318442283
0.15698555307965673
0.1607814576025969
0.01388385556551899
-0.12832725116194474
-0.008667172935231168
-0.22058450863319454
0.1893724454941929
0.16472703463596963
0.07797426882802581
0.11030362259261736
-0.04085757132529509
-0.1115755914973651
0.253809315196199
0.08172142063170412
0.016063736416848322
0.21987586857089783
0.15530252910283052
0.06893980604929038
-0.027419025634073058
0.09657617670654532
0.1063313334726723
-0.007861705576259547
0.011883534024913399
0.04347441713207163
0.09649987961735307
0.2786345745537216
-0.05533772673255903
0.13310079834768887
0.13856132226187654
-0.12932767646456186
-0.10362067601238598
-0.13550253987246297
0.23992227151584067
0.08774554714909705
-0.20317880581311715
-0.12217885996069294
-0.03481669289557176
0.1594253573731271
0.13078574222747794
0.25873224131916855
-0.2434525414517991
0.272617906437568
-0.06846897685478509
-0.025263763199127584
-0.09989706655774525
0.07930822606378088
0.058155657710198976
0.2202865630837637
0.08642897557060789
0.29473459797452767
-0.023978954464578837
0.0068471433064491586
0.31721814287676453
0.19545474103467453
-0.07394901635623617
0.1657520254685425
-0.041097282928074484
-0.007561291712687886
-0.20954223799983565
-0.0748850199779887
-0.11938690737561697
-0.1451753974163977
-0.18980539497257062
-0.06765141768090675
0.1441028099168431
-0.06174064833340932
-0.1741199820052989
0.028158281270014834
-0.024220025163593784
0.14603914860045175
-0.1304393665603581
-0.8213603673996646
0.6007711705012001
-0.0552395327903998
-0.3754467265184006
-0.05025120234256738
0.0812599078083342
0.2184008500726978
0.03093477799363212
-0.09073289169487372
-0.2070222153120148
0.08187280096310517
0.09656869574535823
0.10938162842839466
0.16715498616344426
0.07240047423590568
-0.3464853943823693
-0.05140821822402094
-0.2870848944044506
-0.12422084796815933
-0.17883357045794043
-0.09411004645856988
0.07078301475409707
-0.19860433220416218
0.1272286655462677
0.11223446266082805
0.05704382380537229
-0.1099745523848451
-0.12390309171412527
-0.07393183145495606
0.14436514795087088
-0.030869841663406963
-0.026080283270156792
0.02854016091730717
0.30088820167734837
-0.19137002111577273
0.10829734344611357
-0.0175029781977251
0.12411358966325496
-0.08142123735625956
0.052753031653658654
-0.16877195616823223
0.10544298964870766
0.12747871495867075
0.02418901014184297
0.33184737867824426
0.09905119190079696
0.11054787632295592
-0.023567840826778538
0.11120557502586671
-0.24384925242289204
-0.011177006356088886
0.1279152514187143
0.23640848480180163
-0.08936069086776553
0.20163401900716335
-0.017448330067717056
0.12375773376138154
0.2905926116320512
0.1460218779404009
0.05298405823749241
0.029095533466122776
0.05419385581308101
0.054362299693898684
0.05419724467846654
-0.1889595639895725
0.13260969175827989
-0.3354708003954417
0.1061444710454201
0.07791261832907068
-0.2205582428737379
0.0084684245222334
-0.07149319101247884
-0.18745538341483134
0.17657224385900003
0.0385044627549013
0.03544107455134553
0.08714207407570129
0.21419732002288738
-0.08640387275581747
0.503966105902995
0.06570863784808627
0.0225257980698893
0.07679691328052403
-0.12353445841148906
-0.14496236503090995
-0.061773820476479134
-0.28829962110523966
0.20619165582277166
-0.17186357153648357
0.023401782383064375
0.039769821129444376
0.03604517851917638
0.14776977340173833
0.1058353686057919
-0.006155664048114502
0.280947304244079
0.37428970762173347
-0.11455306111864144
0.06671181938462643
0.35588882336812255
-0.06491767184122463
0.16456500249555642
0.04040640827891709
-0.21345908369349872
0.04308893951865326
0.11486186339579459
-0.027065337096259884
0.003615945308570691
0.1918366400650511
-0.012982352265031966
-0.07172460717930666
0.1893275852884711
0.1861714184256482
-0.002223821192259884
0.19173514461772184
-0.014972756309658317
-0.016197535288719124
0.14393355390975893
-0.0023514732773513066
0.010927754360796741
0.09372619334377577
-0.3376867973405667
-0.03446489906801704
0.20996393928738075
-0.022935744442684786
0.09765748089815872
-0.1264755472825015
0.04992101599942182
-0.04172698973492746
0.12500388538776092
0.10531995329164523
0.12024628238144305
-0.13914483322165858
0.21205469516572859
0.24397719291091918
-0.05828083447354087
-0.1925227196513604
-0.06352954770833696
0.007003521263274734
0.03246782193296744
-0.16853854748637817
0.17583844161876666
0.04942770605242899
-0.014075688383350852
0.034504789593134674
-0.06212225388164878
-0.21559148626145458
0.2162742888162328
0.1061179168865489
0.10836531457826909
-0.012225619245639769
-0.10777732288120244
0.03924741810476763
0.03505630373222893
-0.12534646113249426
0.09242680616112409
0.08263117592292782
0.011012878004755904
0.13377817841586995
-0.1360980359930318
-0.016038316246389146
0.038146808165387146
0.07901868604741012
-0.040789789461959276
0.02815286692841713
0.12079827444314277
0.18314217243513617
-0.29839278311154177
0.06640421465796469
0.17158371534212843
-0.07429768420385356
0.40090620280043227
-0.04868752750860395
0.13843804907876414
-0.17861689957267082
-0.08195608148172323
-0.02592978066247866
-0.2886817861296789
-0.11586718718096291
0.056465139125825216
0.17250132418811837
0.11145785190539556
0.12656409627880677
-0.2544742967533927
0.27259201361074215
-0.05716865493586801
-0.13042208906161376
-0.004444847085953042
-0.25837986837070237
-0.17307517822349078
0.0728261820887805
-0.13355077787118597
-0.08919135398933542
0.07124481162388929
-0.07722162836195064
-0.3918001048598454
0.2295933336678396
-0.18503763544467783
-0.154516263181632
0.1595936906800395
-0.4441294180462345
-0.05364161887705543
-0.15389784666336806
-0.2340501587498891
-0.2335155259622131
-0.11099906857096756
0.11351429826437076
-0.10904215153894327
-0.10833436855731927
0.16387324391087102
-0.3115426175485405
0.09886514667312937
-0.06655458470322542
-0.19805946330575025
-0.975479516122191
0.23481997291680562
-0.45037186681920527
0.00821573882209495
0.08851873313237187
-0.2405507684638825
-0.0916128790257761
-0.2616111806007129
0.05519374206156781
-0.1576360124125259
0.03130905872649338
0.31734354610122456
-0.47442599951157305
-0.34177908474365337
-0.09680033444989096
0.033336721376922084
-0.7131764223786412
0.45008045751230286
-0.6665109002471731
-0.12660880156536855
0.16066625898662143
-0.1047423275052624
-0.04178008565172154
-0.05855986173949949
0.03459197869740897
-0.10139298659457781
0.09062805767064007
0.030640959569205324
0.025500688639324247
0.0043501988874889135
0.08572254509096804
0.015836603646424068
-0.2467363419046711
0.279719480188945
-0.02685638046248188
0.29865131454909777
-0.001385377491987941
-0.010491959657275004
0.16444534854445994
-0.21937791286921457
-0.10770379412165451
0.03830651139221321
0.10052779826113015
0.1172322096757053
-0.04860749326554049
0.2506085473193277
-0.020669724063640142
0.0924249166953184
0.0009639412660119482
-0.23800326701330518
0.018938846678524347
0.33947536175063325
0.07674686869216131
-0.03071586130707617
-0.08320382942022794
0.10327577393144743
-0.05641888938323607
-0.058980255338107
-0.015041804766393597
0.0990409256774646
-0.011894359701567155
0.14087179044086823
-0.14915921377516073
0.15733467663803466
-0.04644108951807267
0.016649496272702072
0.11752763882072524
0.10491083277734918
-0.06385013628838683
0.25030027233705576
0.1670838823793099
-0.09490019443074725
0.11513687033457724
-0.08033354030954516
-0.21613537928913576
0.16547372928039006
0.3955216490246148
-0.1019923620277947
-0.4080967154775952
0.3184297569961445
0.27943895990591466
0.03276831658217805
0.010435789022940178
0.021933398658989967
-0.09834520980725373
0.003908753767720138
-0.3154110318333678
-0.09651799050406239
-0.00813747021023282
0.16360429522492265
-0.013840122039979925
0.1419160864199767
0.5157050479482902
-0.09553476230076886
-0.27890950183652025
0.25290109741730477
0.18105698696823844
-0.14583631461945354
-0.11866912699560554
-0.11415060169593096
-0.06382718463701677
0.34409297189536897
-0.25202478800962447
-0.1156524894863242
-0.22803207472898557
-0.13345051937472782
-0.5017718306237865
0.11800631183083249
-0.08515159802518493
-0.13990786016468987
-0.31634577499996064
0.32178192133586303
0.018279249346744894
0.030493864510175564
0.13639908589294264
-0.13914630880670364
-0.17309208235118922
0.07613859730000305
-0.2434957888078538
-0.18305194240917372
-0.07352013388410471
-0.18900436252833472
-0.02374384929256716
0.06301423164371572
0.09112222112098323
0.04044700349931972
-0.13986028729267683
0.05222533317714669
0.161450581784176
0.12592494068162088
0.09956596131230527
-0.1241728940452969
-0.04894017215540656
-0.087381841242647
-0.03999979367339449
0.0492446508810251
-0.14328503745472668
-0.03544617039719753
-0.06786920479660158
-0.3140653141484271
-0.17756897725628398
0.00580880818194375
0.049558190821081725
0.1193823459561222
0.09607834162550231
0.023078742596623656
0.14961931139156853
0.0537167861583343
-0.16451685684790782
-0.09531303194230022
0.22841076359457302
-0.11385158479750063
0.10633491949940752
0.13610096118450848
-0.27397888700407047
0.1425465394544685
-0.07772011672542561
-0.2216111779918938
0.18758106598708124
-0.12186944875119929
0.04676755771480955
-0.17706097864919287
-0.08155288958040914
-0.02752947957679904
0.019357706808021232
0.10611417155539543
0.25285278498771574
0.017645884591410452
-0.06759831171556979
0.24205109462794347
-0.21400667154837982
-0.06270614984229894
-0.07358450724732007
0.06687884107762941
0.038627749990842494
-0.2215727131893077
-0.038337229968904755
0.19570433110895719
-0.12440811432214098
-0.1523731091006348
-0.019701578365455726
0.22323729166024156
-0.4593710469825195
0.2505370756609192
-0.3779434575137604
0.07812665764586257
0.03677110849882419
-0.21820495212466856
0.1912444830851476
0.11012686935111547
-0.13546980451159749
0.0073136376648429745
-0.2994114344158381
0.14243426796411093
0.23106101068296342
0.1896794822656703
0.0414509167234755
0.035408170803833905
-0.38413748070437354
0.4389898645111236
-0.6798556308772361
-0.10623944478491158
0.010690793552175708
-0.08518044471787595
-0.0644496717874113
0.029025428499211334
0.12870153816696916
-0.010713537211608429
-0.10964133134219099
-0.23070223075426513
-0.14289906399001778
-0.28497771189810306
-0.049545123046210074
-0.27748064209377066
0.060217318089920535
-0.07653555758407955
-0.08423570811934838
-0.2710372194851281
-0.3141009831960959
0.0572967300101416
0.11740774524929909
-0.24503715970757564
-0.1188888793533876
0.3027021098286578
0.0018429467214638674
0.026120457765254172
0.2995706527953619
-0.1106447797461225
-0.037078085743887684
0.3599868650585714
0.06699118451080915
0.032146460952053764
0.06778717829397564
-0.28646283844136117
-0.04122543978917798
-0.4894292517094381
-0.1718609676663042
-0.0705780124613956
-0.0006737700286115985
-0.21858453150089094
0.3302532741001638
-0.01138211649655356
0.003006443184149646
0.03067124223661308
-0.1141088798866017
0.27086469238280864
-0.0942514014500099
0.14831256646488405
-0.21768001360650105
-0.18408661566505646
-0.29310037862031857
-0.21409344889069024
-0.22472233639673048
-0.02098619727615292
-0.4047538176939819
-0.05119730293802243
-0.05506909109493492
0.10553423157024226
0.03997876219363205
-0.005095814115153135
0.055424004369802216
0.1198873992583528
0.20576491585879564
-0.11647422278295268
-0.12477445296730127
0.2926249054515194
-0.1128926987527856
0.17300218007804394
0.0505523037722557
-0.1790608050044413
0.14461763009175116
-0.02407861095237536
0.011106319071434528
-0.02768989467578208
0.23880712944131047
-0.08648570670786414
0.14312563221521993
-0.06216737259128722
-0.18272482272181362
-0.033933156541638025
-0.18625505551223775
0.04342078320544084
0.07401386269089423
-0.05158930482079454
0.012511107284405241
-0.3796469517608033
-0.11943410399806449
-0.06261503768166414
-0.29270602856714756
-0.00964732099325672
-0.11812677472298304
0.00760460009333181
0.2691627216064894
0.2663035451770713
-0.09364183257947988
0.03489139226295083
0.1815011008332042
0.10243220861194563
-0.045940908740302495
0.19759179683816694
-0.1455318616657831
0.08358100612056196
-0.04777430649310464
-0.07087328504957333
-0.10841813456202729
-0.11930035534802917
-0.05303708478116388
-0.020956568152230678
-0.29363102042543937
-0.11070482482435691
-0.15477463243391626
-0.14350225201430697
-0.058593604727987844
-0.010831999598013325
-0.09564680135839813
-0.1502615860935186
0.07725453983711011
-0.346138663954242
0.0003864519926477356
0.23514364240949434
0.0843054222069305
-0.12472152262276533
0.11181621406614024
0.0018521844474310729
0.4640397182408783
-0.44214795461115364
0.01999440941174911
0.4122400328692118
-0.635698206094245
-0.09573746764460558
-0.10945392008256134
-0.04935542750523506
-0.9270885315248397
0.24357680938712284
-0.43830044038872085
0.3557639180288768
0.18663354598044743
-0.03324792445255935
-0.07779627542246148
0.09924999056752538
0.2043019129889095
0.06985852759468855
-0.00465095595897178
0.1247089146216787
-0.2882198898794241
-0.19522246693323506
-0.023479426820537223
0.05043701644411313
-0.5594033558608336
0.45057484943814613
-0.6619732515812432
-0.09720522278360458
0.10154482633134411
-0.35184881969051895
-0.2978276339307009
-0.26596283168826845
0.02633082277426445
-0.021125058642275655
-0.13443506778485656
0.1498918957515641
-0.22496515379532436
-0.36500636071054887
-0.028232152369927998
0.16831997143428848
-0.5629222322858621
0.33480747306457076
-0.6063112675071594
-0.03332510435389304
0.11653697695752396
-0.33716496485334374
0.025219947321216223
-0.09736838270289422
0.20563608394492047
-0.022616755787186655
0.08513024017502431
0.038683517273306864
0.04294851608242875
0.057862098858307134
-0.03131650415134138
-0.06115726515326813
-0.003845647231102232
0.051386157768905295
-0.21774708377442467
0.02693783221339202
-0.05905638982810124
-0.29213697442177156
0.06566400284673532
0.1529927081147101
-0.006994010360074682
0.06711878840610615
0.05645368512483494
0.005299453046964775
0.000864706731255276
-0.16807729870279475
0.0693387562947495
-0.12381469089938284
-0.2661699886994397
-0.14509089123808444
-0.15684619776238257
0.060367595990529745
-0.058160871853799166
0.027393138141339434
0.004612161495056614
-0.06144178644378005
-0.009018125270719305
-0.1822700729698177
-0.1848885652033293
0.0143132717569272
-0.1947249839434928
-0.2745492030877281
0.20598617409998624
0.06175336509416056
0.01869952196276252
-0.3748669309336789
-0.16463581679065295
0.02199766112212616
-0.36286331802264843
-0.17238238292683852
-0.10898108208778036
0.1655365831229591
-0.17080908307909975
-0.021160571996692027
0.12957776538411064
-0.145728864377446
0.28985922679784437
0.221132652205502
0.10004430231323964
0.42640224977941654
-0.06288994374357718
0.20700151453458915
-0.028280082781421974
0.030686464285422998
-0.018451015336307802
-0.22962382799102474
-0.03884906790982587
0.024707448850060553
0.0721103207438286
0.016727024892422046
-0.10087042208990987
-0.2954748415090768
0.01769108027079335
0.27576828006837295
0.11820934767004813
0.3191194201501167
0.1661112058638589
0.09573650470189651
0.008917434092837623
-0.08590502728153304
0.1849932829932811
-0.308983856762894
-0.11339388929624163
-0.20652977743403153
0.16909686765122808
-0.05117798491419829
0.07674528001458278
-0.13768964644752413
0.12526729061484707
0.31372006978367334
0.12615025469456212
0.15956670841986584
-0.5090577486539335
-0.0017133412822632958
-0.07286004036281038
-0.27307487861999824
0.3566671441166699
-0.11667328456128846
0.04289880583391974
-0.199018900287672
-0.06019795248281929
-0.05311071899830788
-0.05534722818662026
0.0956495831362916
-0.04043064488268024
-0.14182711755689253
0.0002671754946241904
-0.1825806001766213
-0.11179911130630203
0.04449917181713177
-0.1906958978633267
-0.09191938934914368
-0.13606308216512064
0.12706414547214584
-0.02682775417206669
0.05229843749637394
0.17055407951259977
0.3223301918843017
0.27800351131902834
0.26712801832593397
-0.06012501426395977
0.02163911246415305
0.08713873634032099
-0.11748428567264706
0.009603101831958588
-0.11794088601410191
0.00882527362439816
0.17036623696052405
-0.007183206120565409
0.2572081525481679
0.0065593960402808875
0.2646203306221778
0.11978646701179155
0.047358207772668484
-0.3475125192997844
-0.10960618351260917
0.012688131951488293
0.004008746603243693
-0.02656382708841905
0.24765439680950677
-0.05530563670633892
-0.11943648067621325
-0.04798460759595535
-0.017136114228546127
-0.223681891084336
0.23614936622899665
0.048882796752622325
-0.06349647320918683
-0.03199076496984121
0.04974119075261946
0.06879908191578991
-0.04540137350990159
0.0072263783016399364
0.0016917879465390398
-0.08973664819323815
-0.08375143353488437
-0.3772447362917734
-0.21229811986820393
-0.11150450097721602
0.05460370873168797
-0.016667210565746327
0.14664349190911438
0.12613191532602772
-0.025324817451162433
0.061741672887599776
0.026349225664161445
-0.10205770116645776
0.0015208765324756825
-0.15969977750015085
0.07547814312023843
-0.05435019574166652
-0.03313911361230667
0.03101124544107264
0.16094498004374255
-0.3527927684748453
-0.1835198002019425
-0.043227287568208955
-0.32071216247851786
-0.2539136597617206
0.4096367673479661
-0.0562034277871828
0.23875811427060975
0.0010930098722443237
-0.12381476930860619
0.19561746256326665
-0.15306241339467855
0.26311952760670454
-0.018200590642928154
0.11772808054600103
-0.05347821463903319
-0.09181952384610699
0.04941503522093577
-0.0659656597964323
-0.008927169217652934
-0.06309770257251966
-0.08751167826960074
0.05848657554577547
-0.43889580280475865
-0.1383991118978702
0.20902638117669853
-0.08554827331468585
-0.007846840669591307
0.15559824096597766
-0.0813291087347944
-0.15916895838557965
0.09268040180353956
0.15015739943567208
-0.022022756752482407
-0.12726875377270927
-0.09035556676049895
0.05985184426653087
-0.17543709738353036
0.20534875271579356
-0.0018690129239190283
-0.0811980585214272
-0.05167770002435676
-0.13337309916631304
-0.08709304962343065
-0.10430517251517372
-0.25076343942478946
-0.10667943696800328
-0.14298742649095877
-0.27661019824715233
0.1904243172579363
0.07060549219608976
-0.07429943266352076
0.08290492165983972
-0.20682617359761743
-0.16256985792114315
0.07741116197767615
-0.22151701603683793
0.09295641185344443
0.15692579309092944
0.02156406882077833
-0.22831973646104067
0.09877890501852865
0.14039438075713304
-0.14702299914374398
0.06808055602994584
0.31660119792906066
0.0987737255449283
0.0026564956993509817
0.059875712691186155
-0.04889025461846722
0.22357782195533765
-0.3199764615985105
-0.17518430692090625
-0.03561191408969278
0.04925950022341148
0.12723087539424605
-0.04049866897022813
-0.06408487380873774
-0.12700019319186187
-0.10052002587589036
-0.09528306643823127
0.11483643973558692
-0.12356981097873537
0.0801582426754995
-0.028606799992253216
0.06822163605701205
0.137106144815448
0.12057876318377982
-0.09151053727365918
0.32475974585625805
0.1114915647803371
-0.014260235117468933
0.24761118075864558
-0.0341965622718492
0.058065886958309276
0.19958423416972312
0.23574824405691744
0.22209470582925683
0.0815948280131093
-0.2929763666111554
-0.05198214939879104
-0.05243882493730809
0.03729456800274203
0.17486041334682098
-0.13020081886784382
0.4083176017564889
-0.4860576065774911
0.05261700914130758
0.19711051991537104
-0.0957108905723542
0.011055155819597574
0.09702420111784044
0.09312425428197674
0.07242956889597114
-0.008842679091369066
0.059869788900871246
-0.14088250650106515
0.2807476911581731
0.08611768554411121
-0.11233130059914463
-0.11627627408672929
0.1486143147431395
0.019267595282449302
-0.10465292583766608
-0.21721787306634813
0.05091455256925063
0.044126834348963466
0.031652706841182286
-0.004904068550395461
-0.3296319528722095
0.002137849861282975
0.20262178832631866
0.2213230203576602
-0.12026478561998957
0.1637761037584204
-0.06698991393279673
0.03804374972148999
-0.18609648589010555
0.2814763440494392
-0.16734729393566983
-0.309050687165401
-0.047166079065609746
-0.06240780986725122
0.1368271871762427
0.06325208064527961
-0.003309055319246827
-0.19042210938165285
0.04166758483793963
0.10029041134261908
0.021714745995970914
0.14139851532603626
0.0962475002749803
-0.2709519897352171
0.025762555744241446
0.49537313684808193
-0.20689435060954164
0.11324281862090393
-0.2746369774764848
0.20052332491123556
-0.4736607316008165
0.5170399917801872
-0.18637502845298612
-0.38833576373773576
0.6540936457544738
0.2754992145234639
-0.18859758479429461
-0.18185684351598053
-0.27643120574178404
0.14662621895648936
-0.4284614461776835
-0.07802821415064033
0.0005626301957107015
0.030563659144261717
0.12893239096942108
-0.03077234379535444
-0.1531106098575729
0.14504485229114514
-0.05888556749602549
0.0773671562632472
0.4955951256811207
-0.11027710735375788
-0.24558607364995802
0.6677582982269896
0.10780288579783509
0.27983354341625793
0.006469381175793053
-0.03334591082133943
0.12310902102044936
-0.5935789857901034
-0.01119928784539291
-0.16724030392983968
0.061408973538374406
-0.11455195781077139
-0.1888887794284093
0.05521982990749491
0.3500568311830921
-0.24851526137919108
-0.009368126424129831
0.00025015346408148497
0.15474870564771678
0.11693706032861641
0.00851443013115577
0.04853356391136681
0.36253499226648267
-0.1289017481182094
-0.0934203076287331
-0.01490288879536651
-0.14789025191188607
-0.024083568664646584
-0.14534488807898738
-0.06775915617775927
0.39938476005296675
-0.02985092481297793
-0.24792337322879593
0.5821854210858652
-0.0877818379446952
-0.02875025733308244
-0.13516278607098567
-0.19012025767330176
-0.13488165306408684
-0.32509982203925564
-0.13139091884894238
0.20981447340982978
-0.13953436215951923
-0.11100136167979419
-0.01851360906582659
0.07196896464441614
0.08538285820350361
0.1723717230860759
0.17696946355193932
0.17361957404894243
-0.25537278804312225
0.032191682376808396
0.11379983061312894
0.12634881682455365
-0.07804222487271811
-0.08541175023383536
-0.22985287450664477
-0.05007041371363055
-0.2146555629331765
0.008880475193654194
0.16488799899757817
0.14300987110705665
-0.07929397034853657
-0.20596737911422197
-0.21907107963993624
-0.029739212406645687
0.08889408104314432
-0.0165797999038418
-0.057107148577899905
-0.006645005228248584
0.07118807560021144
0.09002517974719311
-0.014226980960017453
-0.15486426720033797
0.12288825436863016
0.08147304387673333
0.02301357062989303
0.06430082336427859
0.07886302409378378
0.06860048564547785
-0.19644231888141284
0.009176845538676757
-0.04046240078384186
-0.13240493740572784
6.1011216106678264E-05
0.14121639437759856
0.06595744541593684
0.13526648137477074
-0.0424041782401721
-0.09362885942242187
-0.06177087516595911
-0.09405359679297602
0.14009906363921332
0.026993119397087716
-0.08406013067367275
-0.08004532097078394
0.08971611572547142
-0.3232235423340632
0.19971322646204123
0.1428560137435888
-0.23711954335546043
0.19997831298062707
-0.24239777260136125
0.06957368836917649
0.10465321843233391
-0.0708252114344516
0.17102474206124715
-0.2774625220093175
-0.1415326540635137
-0.11293823881547754
0.09895403791272922
-0.060942595964197196
-0.1704246481807866
-0.061502899460040804
0.035271525606804084
0.12204290934811757
-0.17913124291908605
-0.003214914647675261
-0.04074025758228825
-0.06234252278547135
-0.19327378000489834
0.018205461513699745
-0.4093859052817435
-0.2787045970580817
0.07594986848362723
0.29217103945248374
-0.13848989396587433
0.11502358269528742
0.02640556552307517
0.48528727597680643
0.13375771695350153
-0.2199449054590813
0.49392364583565773
-0.0881068099995791
0.2188419702527006
-0.015288056962148754
-0.3905351331000912
0.05653772407704796
-0.3468214707680449
0.20236238058088654
0.18989876830806382
0.18334852797081674
-0.08507938392850191
0.02625412354637346
-0.3311374010172517
0.014085945755545328
0.14967865704835337
-0.3210453958728012
-0.12332102297471088
0.286660250654821
-0.05839466661881404
0.09795747395122623
0.2657493968162603
0.026401549058910477
-0.06779941586568466
0.059747632016030575
-0.19439896914324786
-0.2647836557069321
0.13861631344440709
-0.0547526329502807
-0.055470045474621456
-0.22532507292350443
-0.20545022849038172
-0.22750315266468987
-0.0324200553348445
0.08745324125573094
0.14109255352129613
-0.0682565278955165
0.05259082576983042
0.12351608449590115
-0.07481959309192278
0.3381792130176064
0.26191043990470947
0.20779398601725863
0.004527856814945264
-0.14787579377323365
0.03412142739147978
0.06047337527109081
0.09787409742912628
0.03479290097813275
0.12542097144725084
0.2885952206056958
0.10825969238501339
0.10440423908026002
-0.11653501534983682
-0.2345659178573077
0.1534503337280228
0.28442180055727756
-0.13814705086160323
0.09992287960505578
0.012232625319586861
0.012096283209062371
-0.02152371194050453
-0.21679262658408235
-0.027361591479778544
-0.04734949923354228
0.010295456614603748
0.17024130495464004
0.0491506696319076
-0.13008741525985268
-0.17262555657237827
-0.1062207864863821
-0.2191950653852086
-0.1884035166553815
0.3457012852198372
0.10890269804703587
-0.17039539792396505
-0.1006277525177309
0.020561039595912968
-0.08651654202684507
0.037368354684848434
-0.059008704280179035
-0.1737248132813673
-0.06718665584462834
0.27793106451050753
-0.21143717898332373
-0.20492593329098605
-0.035030385262857545
-0.0565950681754074
0.2388665787278306
0.2510814902456489
-0.026388011948654363
0.03918628542929135
-0.1739196998103936
-0.042566291052420956
-0.09758240490776714
0.15134294006049462
0.0639013309948438
-0.12700995587641123
0.10370040795813816
0.05663671719194404
0.06579466703119662
-0.09056062826547709
0.09909903610757853
0.24808351836702813
-0.0705131265999434
0.14637808955914774
0.03639809616374228
-0.1843309098872326
-0.0890928957649793
0.025699072185320793
-0.09826639394154717
0.2541996648796314
0.01963571581695913
0.04952096997571353
-0.09502662369336363
0.00034190537464277697
0.179012667655543
0.09860433314291873
-0.0013137407222769686
0.09425502003543366
-0.15422609164676626
-0.06003172643931048
0.01435153078343196
0.21624197836185627
0.15485792484023647
-0.11504164085435231
0.08307870572075088
-0.01625480585411813
-0.18138711308993044
0.19330060828564471
-0.20883408769339332
0.08950985791317115
0.12890811555184528
0.24395675481337373
-0.06030982984309194
-0.007089605148070219
0.2698239096765156
0.09612259279911341
-0.028794610832476936
-0.07070553707538575
0.07834973738087747
0.06113500878679791
0.16744168252608488
0.056086478180195874
-0.18340532573100815
0.15249849333322119
0.06226378432277324
0.11306452179772898
0.01791953441294716
0.3147631641104482
0.16289154932694414
-0.20020194914153133
0.034773969401655704
-0.12001866565322296
0.32588276151747886
-0.157587323784423
-0.1780728568036283
-0.27591160432446993
0.06921671071389221
0.15803236407123128
0.0670301332143348
0.16255291927577076
-0.028867472034136414
0.20863826833741858
-0.24045442589251304
0.10396755709713658
0.1086314816117841
0.12623001757795513
-0.02494504187455154
0.07445313284622977
0.04395652567111796
0.41835294469430606
-0.03300264186083662
0.3363968191635887
-0.1562567739122882
0.06860321129053486
-0.12500055232382776
-0.186611395294342
-0.0916078924991057
-0.03714435439624487
-0.2570339610699439
-0.06451968930355656
0.09742964246567455
0.021772317182751622
-0.17055730024885282
0.1403756476247165
0.13223577073686701
0.31094423123773923
0.07351327508699297
0.15330927493428878
0.10692487938071252
0.05153242643877718
0.03453250884990369
-0.09960747894948663
-0.19465913045297248
0.011502522848022332
0.12335007672369296
0.17494676591733838
0.07398636461952889
0.11337285992975217
0.1276694328813423
-0.12670357188544207
0.0246075305199332
0.39296009395926645
0.0912769669905996
0.6045291878389237
-0.01789694499585656
0.08085776621794281
0.10750654085639527
-0.21064950087632636
0.08147390417783726
-0.09101889977140944
0.3084382218513556
-0.008588879901552104
-0.17553614456631603
0.47458852282335146
0.3431727741749234
0.08469717144693889
-0.07501805317513284
-0.3305864457125326
0.1431661843560798
-0.6295472915323701
-0.10268435207469215
-0.20033709842393782
-0.12949075887587355
-0.03916475531093757
0.09814809668728362
0.09308957430375801
0.05098445478233696
-0.2050254854568155
-0.24497629708929208
0.2180062509081694
0.021479908901142996
0.10127863744833482
-0.032390987113698234
0.06875019622964981
-0.16242506839177423
-0.2424082963355169
-0.020930672974399704
0.21033185424630924
-0.21736172579991678
-0.011209136898052236
0.12597030090521277
-0.03338021538856015
0.2796734021036114
-0.29640234945003463
-0.18499187168562328
0.24230874030712793
0.12359793592433548
-0.006236225995226865
0.1459303377160324
-0.32032271567077075
0.10320132022345337
-0.12392908524585815
0.17377574440630575
0.07319140991630792
-0.07145402853608804
-0.005671838166702009
-0.028150042256094757
-0.004903015775176614
-0.17167475529966114
0.0021313058886577433
-0.17769583121563423
-0.04367628589735109
0.11333887121451006
0.23961218942063583
-0.11897076049320152
0.27285504681018674
0.033626686128325374
0.25612947381520035
0.1795438409931626
-0.19029975665678747
0.33249850102510353
-0.08212980027036021
-0.15991283889657654
-0.2556223029313934
0.09646086773913562
0.0016214861195540603
0.07042197857444366
0.22197497951286643
0.022263379825842217
0.200040548896765
-0.13705339063182906
-0.03394542780446791
-0.08980622706702512
-0.0737794218049199
0.16026671846693855
-0.4340322990085071
0.6844700052771683
0.12830804683989527
-0.021577126229506305
-0.057414285605311643
0.026573341095807695
0.15890648675860278
0.15910551849431534
-0.21540033072683482
-0.20937550549962053
-0.343551619035816
-0.08351169189708874
0.11772529482108234
0.06521359361291061
0.10244833504720623
0.3420298920683695
-0.13559927134439909
0.09311614112992031
0.072383576882583
-0.017287649327260072
-0.007486167030761534
-0.11401284857720544
0.30353516814218234
0.04984410239130924
-0.15674161847219995
-0.01891775669003938
0.17313866207739
-0.19411289867370798
-0.21149665215882865
-0.1620212938345409
0.015472738834415928
-0.34287729826571506
0.1484014259347719
-0.04155292692317291
-0.0882981031771088
-0.17911465896624526
-0.19004941156235852
-0.14299815369413676
0.026523731042442867
0.0026220837428634096
0.012928423012401843
-0.10450115911130445
-0.2040496895533842
0.10979154696859049
0.29736599383353357
-0.010885373319608241
-0.023554527072497045
0.01006812303274137
0.09729110442307987
-0.33050699390088345
-0.3998266705564703
0.11331363123088062
-0.1558450179635289
-0.24340867504815175
-0.07929616706126216
-0.04694817977385851
-0.024299069729174422
0.021724705386340255
0.02638230722575983
0.3331172573176269
-0.089225961394592
-0.13828173138920988
0.20609163075015216
-0.4120891535967502
0.008239375535080657
-0.12929152473006464
-0.2019932063482327
-0.10871297597964787
-0.10233070331784018
0.05280723582429412
0.27704075062135486
-0.3091268622430499
-0.004024266140411881
0.07001446693029341
0.25539417471824516
0.03477724884702368
0.04288085159422561
-0.132381647876095
-0.0982307482468781
0.1835746841242599
0.018745477707821225
0.16472211097177036
0.11262548860537744
-0.051856263471726984
0.2421593486528573
-0.026107112420399384
-0.1974650481770935
0.14817597521845616
0.015874915728097953
-0.1443622020437301
0.03970590933817032
-0.014454781482792929
0.14058701765858406
-0.0754490268511248
0.038783386149885614
0.19980894388901776
0.15843282375407347
0.04648733048990301
0.1391570413738299
-0.0264040192847877
0.5883610211081923
-0.273864512140763
0.1133324434759153
0.03414655561958567
0.21061255800765738
-0.08402299059054978
0.16380801382025134
0.07829863153037334
-0.3050681833388308
-0.07237464190572748
-0.07273912708303015
0.22571679549224472
-0.08425112702191949
-0.0030735964029689382
0.27967217753735285
-0.1942124693652467
0.7167707856015688
-0.04179925841169834
0.03316710311051517
0.20552999221623805
0.15546356449552035
-0.24038484754033987
-0.09657078965005715
0.11645551445861864
-0.001185123563119222
0.055121907047315684
-0.08876622970448507
0.21953911979611063
0.2920259759917132
-0.16959352588997975
-0.055523683837294995
0.3703655172824201
-0.01909894016078333
0.05122538783631901
-0.026454949425902447
-0.025763344258537175
0.030836710788658486
-0.12623277177192793
-0.26626511443206546
0.2102795877824832
-0.02299026831098946
-0.12460366683829269
0.47291849327662233
0.21744031360433527
0.00429263586818715
-0.05814077802100926
-0.43228797903493066
-0.20486547710074898
-0.23809259394039078
-0.16328294194133847
0.138407242707523
0.027588552033151473
0.0037985789932446297
0.024978123681277643
0.12107959152238193
0.20011542252849587
0.20173453347307013
0.0017947172213185947
0.2882391723283263
0.16404235385316074
-0.05026860350990972
0.03478501100068549
-0.017436310891145442
0.013234767878121176
-0.21186267064276285
-0.10480043826925262
-0.09330251485621724
0.13281801349914266
-0.11292397170702427
0.07024862716320185
0.14626269820219326
-0.36722966289726294
-0.02402264136551468
0.09212240464891164
-0.029204814346060926
0.012364566449775325
-0.044030341100815606
-0.2510130733187827
0.0792268979359643
-0.13644240674858818
0.13948789658527808
-0.048862829395959144
-0.16968626680477272
0.05035543415270254
-0.2188015418219473
-0.11538853108491805
-0.07280567798850796
0.024835464556204247
-0.20195593860533612
0.18233620604271228
0.02594820403206676
0.10951564631010233
0.032355765104230244
-0.07365680976493855
-0.05169176475768698
0.2323435686260285
0.1195135187286789
0.12053429170890223
0.03294892373757944
0.40181544410236775
-0.12219593949331312
-0.09730816010080956
-0.12639672967332746
-0.07496426455029799
0.11428409694609304
0.02233919270799214
0.0034917859552898137
-0.1771685024453857
-0.08920876627320555
0.15732271961835434
-0.2184379713012782
-0.0015098181971628473
-0.03760131774371042
0.27380039264814393
-0.13153397297076688
0.23104469763758612
-0.3397100912999359
-0.30366845690867866
-0.1563762030320643
0.16078566923988372
-0.0720087205681491
0.021361478198904257
0.4045058837899787
0.1868470081186507
-0.12740829290534655
0.0015097674727124718
0.0850519564392559
-0.10338873573229027
-0.08017483707645484
-0.12311323368090478
0.039221250229133246
-0.4300739069294647
-0.04121124084057393
-0.02989087819902142
0.23858059778193882
-0.04105788800710298
0.16803118255237903
-0.002554349155896085
-0.2957886532625045
-0.017930141496361043
-0.011788792581588539
-0.3252411081390409
0.25132407418481884
0.04931552493214823
0.011712919132948522
-0.21943366676328063
0.27232219879967473
-0.4495769321996613
0.08561871788349902
-0.18769112762810153
-0.1551632983709722
0.023225946132717803
0.16198789903900201
-0.1084194285470545
-0.09300089422937184
-0.18226372416927222
-0.08327688378795307
0.26385756828481643
-0.2100889365250738
-0.06396265940097284
0.03752481103594287
-0.5600919244879621
0.14089846698518135
-0.4125753152734221
0.13268083770480787
-0.10480390654330354
-0.1483444891137611
0.08538634373685686
-0.1482369166535453
0.11886279207359425
-0.10346912090268398
-0.09000237524980223
0.12637695428444826
0.026332313631485565
0.344981432634623
0.056397374864896564
-0.07469820440551463
-0.01615310549447978
-0.019661202421500452
0.13853854320468986
0.09923270213934474
-0.5239211115622273
0.47965933882041184
-0.12189289635003507
0.13627952527582218
0.04614021574924792
-0.299830033844298
-0.09423343750238537
-0.32583639046206275
0.011699297342389673
0.39250258474767813
-0.12908110799573094
-0.08824903242264803
-0.27365946585416734
0.00854308397385477
-0.05337006187786882
0.20888460312137072
-0.32411956836607675
0.08818032750645922
0.18055180854053368
-0.23397948784898995
0.05310598964535897
0.19056543930450195
-0.046437387789288194
-0.11180885434700284
0.24017681857126688
-0.09463325198857453
0.11994371182203149
0.24281277278715405
0.16234908726902106
-0.18201061049438408
0.037378626539325166
0.0857230241518762
-0.3189449257200856
0.4739461169509279
0.03481409079957931
0.06298021248485217
0.008974776128993044
-0.059427401944257774
0.06315748158635925
-0.14376049289213236
0.053505251236595365
0.11385507258686013
-0.057457102735872616
-0.1399058623640401
-0.07092203579088896
0.040497712701204266
-0.14624227721021002
0.24616889016007315
-0.057232853657917304
0.2771917583787692
0.1697532857178391
0.06523484689213621
0.08943352192955964
-0.15186325254621524
0.0016344188439261767
0.09567742394558015
0.12236446778835902
0.09042578666739243
0.11040404335951547
-0.029292089671985856
0.10520397976934634
-0.161820321086894
0.01692686334449856
0.07995375915068972
-0.18065214660284057
0.3632628190083995
-0.32209978540146805
0.12457855590800508
-0.08378434080864998
0.13938238759488097
0.030096170316396262
-0.02439851307335669
-0.18033820291997302
0.054372264912738194
0.005522038269696236
-0.02443600998517286
0.1694609822071618
-0.09744595866654257
-0.09707962033036382
0.1753718747757238
-0.09636880805879176
0.46039205257479926
-0.20472312097923065
-0.08474646123336987
0.04524668925102376
0.08256997995535957
0.1789969186052894
-0.062080339451158775
0.000508675049935882
-0.26770050159369607
0.11399940166795595
0.026222652412734814
-0.04250548823538577
-0.10999846797286912
0.01700024162081555
0.31030149736763757
0.142053016675305
-0.10541589470437583
0.030873885117895763
-0.01688969956867234
0.043086256526614526
-0.07575002225001988
-0.357482099634256
0.2533708592861801
-0.1169349789062151
-0.2880483646322672
-0.04842990744357104
-0.05052262401214481
-0.09736213783605074
0.04982120428707107
0.003505838236324994
-0.22308185968953767
-0.09697261124857781
0.1977149485987754
-0.09443619113997115
0.12580516119761145
-0.3762953397966671
0.004861648725947416
0.09561787075383178
0.05196486970810417
0.1691457686153628
-0.1519275907417761
0.18883623027255989
-0.004877909338534851
0.047908366242219697
0.2179533176196977
-0.209568986354356
0.08629903705798415
-0.0746386389706429
-0.010065534903199756
0.02641092479759052
-0.04535145242393004
-0.011328110297134162
-0.03759416638539491
0.29832559875950526
-0.07169376012322874
0.03777075285518939
0.08364141031734348
-0.2494806810512887
0.010731469539810667
-0.035298778800230544
-0.039766659121659616
-0.1844312600229838
0.25880289292051456
0.14923785534605105
0.060074953396950195
0.2554156545463832
0.2194931121638962
-0.1058221857784126
0.16901161068700074
-0.08676227419369219
-0.2474002111783787
-0.1658699683515149
-0.07688014001052908
-0.4952120798641351
-0.14082689367803575
-0.16017286800701067
-0.07483457172899168
-0.08909620335279492
-0.06671943340314215
-0.10832493820691873
-0.1671570648412221
-0.022398983876914774
0.06589125691962396
0.1966618495669844
-0.19786999224960605
-0.050553315404860494
-0.11125953771695436
0.004436516783265098
-0.00010548638660402241
0.08348679242490663
0.1683254362179941
-0.09736973327720105
-0.18725453432960812
0.26302409023278134
0.1716770692985936
-0.2293533600632647
0.19753981152661157
-0.015499550465585855
0.09879530074446806
-0.08342401180481036
0.21303636868124848
-0.018443401138947817
-0.21441839536586918
-0.028667124718739577
-0.1916329841065409
-0.07182975924427717
-0.04577053328891763
0.1711483454972575
0.029834625326090918
0.11230576395481633
0.03132368056070755
-0.1676619820529082
-0.1087408371138208
0.2521568641932862
0.26531482750211627
-0.2161382273647148
-0.5570174846697198
-0.4061963737134638
-0.377585471849175
-0.09711421801242327
0.10387622166409848
0.05022295739406753
0.24810300669090982
-0.18176009176641958
-0.2377824956556311
0.014610464261088568
-0.04780121951926741
-0.09659158556801664
0.13653700610699185
0.09864427283016923
0.11865935329756239
0.14419354814123442
-0.41216767837291235
-0.3853470013352475
-0.21619681001186475
0.16805392038211808
-0.12353787807356728
0.07841460747554345
0.03907208249341419
0.18256073504305328
0.08288817656808906
0.0012442313993971089
0.17860400799653603
0.06831570090802537
-0.2658271846043366
0.13943319510856028
0.18897925535367058
-0.16065476549257185
-0.2411398907016071
-0.05716934728631799
-0.38167798607944586
-0.09052466854231894
0.09227306276352923
0.06308963036212868
-0.1619594266625414
-0.11356243715039091
-0.09863763907830088
-0.04378587820910597
-0.029019808043426246
0.0036424655210819334
-0.19885062353437047
-0.41451097989221214
0.188102188716968
0.055907549751473336
0.0799919961931346
0.08980332008604044
-0.15542827230618717
0.11842729133219292
0.15108074017260917
0.5323861812266096
0.04362505126008152
-0.1366440095349826
-0.015982503526285753
0.06329055344859158
-0.03405641294340874
0.029048336059523033
-0.11178259174044104
-0.11259366583063624
0.17098741681667137
-0.07518938846767359
0.09064757671019834
-0.19333192459374307
0.040888060319735055
-0.014726668819815983
-0.05626173534518119
0.022958094604903924
0.01480770031676151
0.05206051290789217
0.07447981637917354
-0.1961708201396274
-0.47906118756002863
-0.1909469089280756
0.04860573219137353
0.04471264491856981
0.12108017819034977
0.030885884444137108
0.33697098229145783
0.16016785596436936
0.1655587496701394
-0.1568033430813443
-0.24354144976275593
-0.11198607508097046
-0.10884904720330754
-0.02910713189467302
-0.07179975981109336
-0.155269248580337
-0.018609017144957
0.21487920302392263
-0.23549004086704547
-0.15428545233963953
-0.0431405377599056
-0.1360178862794833
-0.08012926533751513
0.08046320524128327
0.2375746494420616
-0.17950444078660174
-0.08222452951206666
0.052925567936576226
0.023093588670595508
-0.005018789732483174
0.05351113663036379
0.022887779826015368
0.03167514953486445
0.13742697600971676
-0.12288654108659446
0.12549388025757574
0.02960606960910631
0.1411128982247598
-0.0714666245544173
0.010575329803562773
0.03223071008448645
-0.43013457761144663
-0.07615620349986332
-0.2967269159322247
-0.08721695566493187
0.1940767011109128
-0.26444952924445814
-0.21643993932809344
-0.054636587390419745
0.08543470697524345
-0.11455284953847374
-0.14769732201786323
0.1489515783131448
-0.018054668478190348
-0.38773266101696635
0.2518652540216041
0.2254473062070431
-0.27755596556821854
0.343877428699082
-0.39438373335843074
0.06241513186799836
-0.20335370824869303
-0.3231052463361205
-0.06634889312026801
0.005297785886461745
0.23715085930008514
0.12163975237968339
0.22433402669173316
-0.05898482665755345
0.286301467586692
0.07336900639906177
-0.0305945242443808
0.1275641987481034
0.08932303214989482
-0.2586875849599984
0.238255787214463
0.007324110374038825
-0.043240914354850724
0.03448633981199827
-0.006369815227579875
0.10618428111088796
-0.06501108799804735
-0.03606156658604885
0.10403271516977425
-0.19478072370555144
0.10063486633034774
-0.0858902133998027
-0.08643518478760627
-0.0888421216255245
0.2451157762334672
-0.25115676019384087
0.03949711658329278
-0.21666404567959915
-0.007730878228142688
0.060560825614597594
-0.07133821120265237
-0.159590487654644
-0.007694874293603642
-0.012068182387147292
0.1989159295120152
0.13999066306450844
-0.12111257625479893
-0.20494037891707023
0.26243087144757343
-0.10439220779116218
0.0504554947046528
-0.22358579257651606
-0.0015076724297627476
-0.039272192131140075
-0.22349560598494772
0.03907441392471722
0.023170605090828775
0.19335367768653222
-0.23162703427723305
0.08827875384997644
-0.23728487677778198
-0.10723677756212932
-0.07364300675907111
0.09550177640174862
-0.01426928351957414
-0.11314640103853164
-0.29974214694277085
-0.09487756476524122
-0.050180275650394415
-0.16053493968106738
0.07264074385983274
-0.09635349516542334
0.2905946657310271
-0.03305498673792538
0.13541729904058783
0.011375828162877506
-0.2860153168916916
0.02046627308725194
-0.018480063409606555
0.033931156394947495
-0.1759402176376201
-0.04109302779511316
0.3335771949990916
-0.03078373250397764
-0.2720291954273597
-0.15785752702126896
-0.05739849924848813
-0.09261290218240864
0.18905606829436025
0.07587423713681893
-0.0973719305897889
0.07183470563089142
-0.06707165191634999
0.06893196635067038
-0.05994242223270835
-0.02327556879350729
0.20638150158325197
-0.1352291137821074
-0.1855783204747639
-0.3424536203570426
0.140277694113344
-0.1451275947215456
0.04789899475373409
0.08092734482455055
0.00894038585707236
-0.14345793244360197
-0.3785123140392628
-0.14843363234355741
0.02928972434163411
0.09681325619299415
-0.2101033955358836
0.013441335754775428
0.3512200601176048
-0.08362285574635535
-0.28799842118330404
0.020022493463751526
0.04778885090602431
-0.12408301404156419
0.45926535870099405
-0.1344202699739609
0.4798325487398503
-0.3591372050514222
-0.20625456953121535
0.028714103773650884
-0.09605894082290285
0.19341054556083967
-0.008357295787316317
0.23884260510977906
0.04413371351697142
-0.26567754078050376
-0.16641958437840723
-0.0420315350537219
0.04616134195511915
-0.19114420464561588
0.336098509743398
-0.09740445167521415
0.10982395295572994
0.07992833455834952
0.126950314586039
0.1469541052724972
-0.3202552941974617
0.010494333403767833
0.17695600645771997
-0.23687048494642865
-0.2383423264898675
0.21906284797514963
-0.006488796590110594
-0.1893482075569344
-0.016522231503924314
-0.07452025074438387
-0.08221613125563455
-0.3012622090617407
0.20151952584188795
-0.33007214045255123
-0.10511291160753256
-0.20810088576706906
-0.025662948343690435
-0.04587629759708162
0.2838380258308231
-0.17580976078007804
-0.07111500598848695
0.010789672943919327
-0.05889569644035224
0.009061522787963707
-0.1968782341282615
0.19456144988511678
-0.11924719766090972
-0.04758559161503188
0.2262452371747556
0.04063027773565091
0.196682364214403
-0.22408694708404
0.22878676142327714
0.021846914920416214
-0.09604546473829087
-0.05635443140386731
0.1206439697484917
0.2953125983388549
0.15229190489531652
0.15604671456583397
0.09518036431729911
0.038748039983910534
-0.029106551889668698
0.06415722458801171
0.226685429718152
-0.11177065263223045
0.19781199220017595
-0.1306626277725198
-0.15409895740435972
0.150937468898631
-0.059370432441866426
-0.07528996882814987
0.0501758589778298
-0.03677578845251092
-0.005933528352270909
0.04711254357129935
-0.16151804465156266
0.12033044701121247
0.035840120118849815
-0.010366095407077197
-0.11889120910767423
-0.32306233004685414
-0.19393989150563148
0.06334277659169306
-0.008079153212302854
0.13217630921697499
0.08565091030646287
-0.2654110021396641
0.04542289187961172
0.15386598093686701
-0.031373860081197795
-0.2972080232297698
0.1381630373387069
-0.02572255690820981
-0.1509158648897254
0.10072265095821642
-0.14942911995332936
-0.07363942635902475
-0.2900972495896503
0.11309890354694763
-0.22501140073241085
0.07785426100404337
0.13007280294406975
-0.23535049502105546
0.08233344832983347
0.14383945530947803
-0.07426750505681336
-0.2693948177741814
0.300571113309195
-0.039744279120275214
-0.06687084392943866
-0.06879156501735353
-0.06301822515006784
-0.29527319295113336
-0.3003645847880378
0.2623683510659116
-0.016759384350701505
0.039013871445860486
0.01888656440515019
0.30439516286147805
0.06962420386548333
0.09298895554539814
0.09739703510637374
0.3893632407146409
-0.17995099904305917
-0.3991857098409114
-0.004915385776874743
-0.11947694817856129
-0.11491581864510388
0.3453592268522008
-0.32341321365039927
0.28330936761887626
0.10651951103384404
0.09853845171023008
-0.1631086144263552
0.16923197238914034
-0.05310335331986978
0.056051458757708575
0.12431867646552804
-0.09320019789688948
-0.18061590849004416
-0.24968075895081487
0.09273641564915769
-0.2922392338889022
-0.17807240684680367
-0.15097688934458703
-0.15211058020256682
-0.09921004560732453
0.01799982745616233
-0.19273091334906556
0.08030624551321935
0.14284378890643212
0.1458880906626603
0.021966962186711753
-0.07167353939277375
-0.17108190184888328
0.10079768368324506
0.02286643437460804
-0.007681270535773054
0.10464465328221101
-0.14682601789391203
-0.09011176289961938
-0.019310033712332076
0.0804390050599702
0.22431713376616752
-0.11232525694779867
0.0961110292677939
-0.07589625469753666
-0.07887947737886164
-0.05467742366411667
0.14674312850031965
-0.0031356923162831995
-0.18613320615568452
0.046402438860340116
0.0027203758363522888
-0.3710049295921745
0.05234735685467556
-0.16980138398434505
-0.31145391291761326
-0.004772052317693768
0.32412657761704544
-0.011313370451245015
-0.03578692663861276
-0.2617043163025439
-0.10572092201653717
-0.18785320453612087
-0.23259080556689407
0.20069354052027258
0.11854396180454259
-0.1025316823339231
0.062069447091532094
0.03844980855802367
-0.023341653844607672
0.03722068785940612
0.24465170770947897
-0.05805317669543763
-0.0050083244166122
0.15398163732692619
0.003190522767962543
-0.20854058220064137
-0.03264400254957813
0.0068818662958660464
-0.37153702182611154
0.0205115855630684
0.18762852683775358
-0.05308644195055941
-0.09511539691935827
-0.036403243996494736
0.005879184303994609
-0.17571826972669108
-0.18368565398198672
-0.24534175695743882
0.025133354903997093
0.004701667996328631
0.13274800303477696
-0.15010736834620692
0.038104663985434994
0.12030570978360136
0.3069859178522495
-0.07884524045630935
0.04840353991567426
-0.19415199763514948
-0.10898026996384479
-0.3786918391108791
0.030514701717739293
0.1536315843339136
-0.16894792823944102
-0.07535830565409572
0.055353038224774206
0.05488416566471574
-0.2345097978487672
-0.20766622802990567
-0.11668095661733524
0.09178664437322989
-0.20661367927139337
-0.31940062318664925
-0.041240670748341035
-0.0361708107364148
-0.12974700242836873
0.03777094711192027
0.09602982253953439
0.038852755189875555
0.007565046605060744
-0.09309604776846694
-0.014952321832014568
-0.0803240850734283
0.04692644211598332
0.06468315317400199
0.40670361819755596
0.0757926005363586
-0.006911099039180139
-0.04768330208737436
-0.11826866271226051
-0.03918760876817171
0.07482420928304823
0.234820157007026
-0.10656480131408728
0.07161299026319418
0.03576215766920888
-0.2327307164264393
-0.09908105162732649
0.2027155541440792
0.08277439734456109
-0.16784667203027911
0.3590869450929933
0.08533361015541549
0.10512523538644948
-0.2340538568823267
-0.009248221306352071
0.04810777290270088
0.019763372635017016
0.07663454168625886
0.047933288864773126
-0.06321987206870283
-0.03502378592979108
-0.04705339749558917
0.07280587128510478
0.08687785633998843
-0.27589413244892197
0.15098148262749422
0.23918871876673745
0.13197942057456952
-0.15159505255186714
-0.02487060301231883
0.03051484807696748
0.005884227215904253
-0.018651647877153826
-0.009264839912308455
0.02567817257314488
-0.27817785689553937
-0.08121366896836998
0.1543879137774217
0.15308507845113983
0.04247041767011012
-0.10167829148595761
0.2844758526435107
-0.044073592089700755
0.11794367653469615
-0.07900384549516376
0.1129520169129328
0.036826291847393194
-0.02085917766227079
-0.48140411846026065
0.017499066873574616
0.23720899685991534
-0.07598214150873259
-0.052914958212101806
0.0734179568282369
-0.1835021206046578
0.13595860254148823
-0.2439392173268457
0.2301564157391538
-0.25440701925936576
0.24201880808170087
-0.022891558211952105
0.3357785502753421
-0.01825081204315431
0.06256129185585824
0.05863518841357864
-0.11287991964628277
-0.04826063833029711
-0.06590580705876822
0.00017348624160696963
-0.01756133890166944
0.07928306609085534
0.0680724048858164
0.11279057857725538
-0.3254489728563119
-0.3887959371362756
-0.10664100195758322
-0.14827478757846682
-0.01857481686298614
-0.032592375016390326
0.3233589695302411
-0.07824106728727527
0.04332879970029634
0.26321466292729995
-0.23121751037970759
-0.11171521275565081
-0.2930625239308257
0.1464073363332105
0.022851514969599744
-0.0036739391888340493
-0.05660540295543417
-0.2488745211360046
-0.28777619658470466
-0.1542613320264491
-0.4097595239104391
-0.10024078654930219
0.1365110718222408
0.2577464669194971
-0.04465767291200931
-0.0901918982456043
-0.14611749572462426
0.0005003696230113717
-0.10766461797626875
0.11121389899168749
0.12869410666642236
-0.14414767801480688
-0.08898392945107925
-0.311543920652776
-0.0654371726777471
-0.048024570725522735
0.02218398968039115
0.2003432194530646
-0.1669033690011393
-0.02401279529230456
0.08806146672843032
-0.18777018044545138
-0.027696751429836557
0.0758575956764153
-0.12333255026242071
-0.13225692677303852
0.14468152591642758
0.2405385133294021
-0.0019068451005969486
-0.03026633214669512
-0.011750975128337582
0.31257152904259444
0.09353969369753413
0.0042344307696267
0.09735195352820834
-0.032764764190924875
0.15805727914761958
-0.10426929026632095
-0.19954278228382205
-0.12740311087033745
-0.031017888905437878
0.014889481238567927
0.24015357926578637
0.14243522770545072
0.20201139890315348
0.09971794594419166
0.23114197393548416
-0.010291880175849909
0.07856068013485881
0.16959903022763426
0.05810894424437789
0.019762485350962873
-0.10584220385322692
-0.08293869961068821
-0.008077484460692758
-0.11833455101611863
0.11490419735774593
0.01624509337972262
0.1542795014412767
0.14043484417340332
-0.01320571334586304
-0.08446263102836998
0.29344112765235275
-0.04550646552013179
0.16959565860545095
0.07257250437153388
-0.11983797317463729
0.16283395115734767
0.050177770419614326
0.029458278485383498
0.2317259730717841
0.10110506384276237
0.31580460566843954
0.04577043513455494
0.08157259268777904
0.15187999632054153
-0.11937625666949518
-0.07791940848685384
0.045516605177751544
0.09940004804255619
0.014650365840609796
-0.11149541676223128
0.1791306886928465
-0.035260726798211274
0.36162890924724816
0.30184202403854826
0.07924693177331413
-0.1189325089124521
-0.09176002480964185
0.034482088634241445
-0.01930622221162668
0.19120310832378828
-0.10006679649100045
0.03839260746733092
0.14441623277454527
-0.01655506140310932
-0.2602313340021266
-0.06449721401886874
-0.4346140022565746
-0.25218803631707193
0.16486685189698513
0.031380331481384985
-0.09450633278119018
0.06628271480711016
0.013954852125456224
0.0003214054483998641
0.22087286749702417
-0.03686291345692889
0.08180985342864287
0.0841864578357953
-0.0005825796681852933
0.047143260791272935
0.007495463290480295
-0.11808858091228744
0.12458021316431822
-0.5547499349211349
0.28715399678739845
0.034603139513153996
0.3829237064571308
-0.011953135246896144
-0.10098229616129943
0.12272392633408664
-0.20821458711993238
-0.07858140378593821
7.756368622975149E-05
-0.5000127580365017
-0.01296261236754234
-0.198837528763662
0.06323430883090443
-0.2817022904499228
0.009959180697861244
-0.41320792885067836
0.06989322697084413
-0.12560696192790227
0.3598400629120078
0.22812097834328796
0.06073431570135428
0.34736864384893423
-0.1857512038826216
-0.22867193594468405
0.020365361563489243
-0.16163456680193858
-0.12907311481227
0.21203989576147253
0.05182136212060342
0.07556479773513439
0.22390083714981443
-0.11974453140690504
0.02635082101964892
-0.07403069167862177
-0.001244923165894122
-0.22131728631069847
-0.08535022940676307
0.2966828362867731
0.05977774984288867
-0.0666627084770929
0.017068249483954974
-0.19660044806430346
-0.03288218404198562
-0.1461852228438329
0.0072953055670257946
0.17859532565293867
0.13028180803173506
0.2422387479667168
0.38768449748353356
-0.2498141897260249
0.024430927802640074
-0.22488036502770906
0.06991436218418742
0.34269066073963916
-0.07367412602725172
0.3699957152295229
0.03419617299229401
-0.06994867550575702
-0.258621188284212
0.1514444812779453
0.1006624331127367
0.03527388067288568
-0.10425902263620633
-0.2959451830447568
0.20663223589549717
0.34836605809859544
-0.13057508779240698
0.15504855212651544
-0.08739116306546875
-0.01069969525031311
0.06320429317692233
-0.03173404690038432
0.33380605588279366
-0.012667689224248473
-0.046738148936958324
0.19866966497091293
-0.3286354989271128
0.06129592387446329
-0.2793644667287135
0.010412380635062592
0.12899856998186063
-0.07273193824427403
0.07742978750355418
-0.09510402813298724
0.1588988772542835
-0.14349143071440482
-0.09331998851170725
-0.28711695999982734
0.2344745916378183
-0.0019176630489735889
0.05730159248463985
0.37371231117340936
-0.26704996980757617
-0.016957710885569327
-0.0034093430490277333
0.031112429845078456
0.056143133184741234
0.07612587212927677
0.14573874560586483
-0.12009272950621866
-0.09899758672430987
-0.17046382153554415
-0.11489557347990863
-0.39682902971366507
0.09484816629927914
-0.08705007139250932
0.009664341945675803
0.30349136746819316
-0.2304351391954931
-0.025696236387267035
-0.07426742531971872
0.12156892391875794
-0.25038036755733306
0.02253658494994982
0.015223466788404092
0.013241804807151548
0.0741666683794949
-0.07442641905640875
-0.03789561861957538
0.3068044391380391
-0.02177096593900529
-0.19104126184193815
-0.11766276379905284
0.22171947567854491
0.04257557930953627
-0.40945747259788945
-0.07478082957481007
-0.07222868853473613
0.011643846487768023
-0.08861812653437813
-0.28067968712451075
0.31031877576113204
0.13750032009069116
0.010691589089188205
0.09034953693626079
-0.04870181566882369
-0.16388696074453993
-0.22857292237756796
0.2635219682870053
0.43339732450805873
-0.27895787413306494
-0.036095153363156655
-0.0005623931441251444
0.15288988617459062
0.10167852937169655
-0.13937653461367072
0.179336327599608
0.058521999756294886
0.04507839045075737
-0.021670804821210716
-0.0785569759962412
0.2056649298230376
-0.13381685707816648
0.13915744465420932
0.1371148175755213
-0.04233858713308272
0.18342373793026284
-0.35824671009591325
-0.05796390862141696
0.09193049315017567
-0.2917186791319142
0.12017566716286693
-0.18622729832119103
0.164680074980077
-0.05637551704708803
0.11404829629521822
0.2517897559362331
0.18018573586057396
-0.11614406382517899
-0.12206111368312414
0.1568437192153007
-0.03534656082601512
-0.07014719235072779
-0.0316503080938527
0.10626706142330533
-0.46791339922677705
0.041623318036273255
0.05471343958726745
-0.003157663264895713
-0.36812111580100976
-0.19426993181119528
-0.2610328506538902
-0.21986630615060904
0.23043711614849807
0.08934306944880295
-0.1765774173959981
0.06425969613523586
-0.06822229679325852
-0.11954172450766634
-0.028016347801596297
0.1778462291617984
-0.15053974628616484
0.10990134702059533
0.0955035452473106
0.043555914273938234
-0.16818040073365473
0.10985166551634859
-0.2741082116655383
-0.22668347023471186
-0.11206398897004922
-0.15797855417642287
0.19686579380450736
0.13698818440740523
-0.051520948179512666
-0.22832964273911957
-0.03078116346758546
-0.11516065321212929
-0.27603559277306977
0.11505709157992211
0.11569788909959505
-0.01988395490761787
-0.18796992625708064
-0.11235746612099738
-0.12521021154739723
-0.1381024692070804
0.14423838981392495
8.952285540892558E-05
0.07909412285986321
0.0016870064730322965
0.011847234190232895
-0.08188755915607362
0.0004099059107474408
0.2655629368381623
0.02151425017145945
-0.22678115668668491
0.0458704145579236
0.08909776867018485
0.3718736257963704
-0.22221600188781235
0.41644799633451357
-0.3473613240138542
0.07676320676924024
-0.2549753545695039
0.10046411698931955
-0.05085433868882981
0.12749277753455168
-0.18479980397791496
-0.07298447938291136
-0.06319445950485977
-0.19931128860147315
0.22927905878037688
0.1156167386470533
-0.008849419551351366
0.4441106632295637
0.10841240172414164
0.6402938466039161
0.089670355010796
0.09184300574952879
-0.026015441255035056
0.12248771462780739
-0.03108883055308204
0.004663325827151964
0.14369058866330844
-0.06634994618763063
0.13338765791582038
-0.03163169351232274
-0.05419818273397428
-0.05819914622643743
0.22650490869852688
0.1829871470933608
-0.2299744771027609
0.20602115195892737
0.16452462174335977
0.017286842085272494
-0.20212844119815004
-0.04510488806911995
0.022983735230639193
-0.06885416692500582
0.17078698927902167
-0.10649732996526125
-0.05613765686114824
-0.0850117146086502
-0.06449178220107257
-0.0487859319198939
-0.22660182636372328
-0.09049826435758904
0.020469516364982603
-0.05914636270318592
-0.057091053811316385
-0.17190412734145344
-0.11669630732076691
-0.05596423530004229
-0.054250082102511615
0.021587621102337053
-0.08147500115077008
0.08756261008734377
-0.028858642228404268
0.03411159838338225
-0.1544952132885867
0.19720194131284347
0.05393139522723191
-0.037063848918124136
0.020046583767845176
0.010557464277066868
-0.1256656053733905
-0.16581872457921332
-0.14339060652627833
-0.06420515245903315
-0.029571383790599565
-0.06291314705505695
0.10475953045198994
-0.07675509446352224
-0.04006993992315613
-0.025834240015172684
-0.025881691793893657
0.03522691643743907
0.011872002935557732
-0.20280020087544148
0.02603286543888856
0.002940923815899544
-0.25604600578338926
0.008981400384128046
-0.06707333748488152
-0.0687941327025788
0.07571259925044987
-0.06394317804261256
0.21577250116849922
-0.06701476033423874
-0.10546428694824446
0.04330104005402635
-0.11001482758342966
-0.03524834444676821
0.0531596964217525
0.09298045978763671
-0.0026297619917252575
0.006914798878488151
-0.3505390802236664
0.31673886386681815
-0.7701358899219084
-0.08716135102124939
-0.1216100530266066
-0.0811715519802123
0.011623168297072672
-0.09303949412189529
0.035519926553030566
0.07359193851920148
-0.14148248886027115
-0.03558856844671237
0.19369021224717445
0.2797016649702909
-0.002270330474331508
-0.010582158823533354
-0.23655144091715377
-0.004983157037434208
-0.18355360366249462
0.016522520802071478
-0.015123107177240157
0.08335082489538682
0.09751557123027413
0.07741366951997702
-0.061964966590039916
0.22872200194102385
-0.022718590709969542
-0.003931086216637585
0.043764583996161316
-0.10130770025674493
0.041129744019943126
-0.03426122946392246
-0.3565231623913031
0.3401102358048922
-0.792763616445899
0.10053334410507085
0.028879236339843874
-0.2379353586040263
0.07552207139218997
-0.4568222687890923
0.09567842795092402
0.2248106802260802
0.15933989018399963
-0.12816485059060273
-0.1335536791763828
0.04469187785611965
-0.3799831033216152
-0.013760184485052611
-0.13758672274838812
-0.14567237183609144
0.0422521983757902
0.250420018437927
0.10006784962404017
-0.1311683732523674
-0.14795086363905843
0.016979172643497225
0.16571916485229393
-0.018936405428301054
-0.024784907957350874
0.23271911495441416
0.02956724876612659
-0.1112397790815262
0.03197557513124406
-0.027465670644729222
-0.2992226713558498
-0.07973000975136653
0.07605294476201555
-0.025357373002028127
0.01080320960819316
0.17459678898395048
0.10871943879290029
0.06601650534818491
0.1277310932271428
-0.11122472917517182
-0.21961813779291656
0.15601202491890753
-0.12027729104139974
0.19034603761796706
0.29589233679242427
-0.20820580829709112
0.05410115324869989
0.058016959892063596
-0.24760206411372687
-0.15912601636602217
0.21686865788695542
-0.1313585687027542
-0.07858059035736586
-0.5577206661234267
-0.21992808913738152
-0.12669079960923196
-0.18401646282365752
-0.005973528503718758
-0.03183630439596401
-0.14592059405580318
-0.001631357344309544
-0.43472065552980416
0.06906681779156146
-0.20742574609882988
0.0946978650638303
-0.3973807196377489
0.16542027855204786
-0.06693767346190606
-0.10878843403213996
-0.1144127981153455
-0.13945065805617715
0.054903785331913285
-0.03967485765442896
-0.11333652470785623
-0.2625868238819751
-0.009427281104415874
0.17066380382133156
-0.33242375227234866
-0.25587753044807554
-0.08694232010971444
0.08507149212784713
-0.3296218063192557
0.26449902428676914
-0.3070971841486417
-0.13793721479584758
-0.002498081113660464
0.04653115121452911
0.17053053185859324
-0.22902296610832362
0.07466807959358854
-0.22060539729999587
-0.061345054537813984
-0.09818902162058432
0.0032792304970323738
0.019638340651276107
-0.1582493579314711
-0.04115748595068289
-0.13191529113413283
-0.14590025846163415
-0.2535058667031703
0.10165385380444535
-0.010570801218872427
-0.041345684443693013
-0.2320669199269976
-0.09688008729965547
-0.13732286905973953
0.151430306766259
0.21388185545682564
-0.08066198146225238
0.01906575442788351
0.11594764199617844
0.04899305474133722
-0.18359289731508055
0.21678247542867926
0.11444143780778149
-0.20095568531472272
0.07110865247678617
0.18389603005792668
-0.054849496634146434
-0.05575846216648407
0.024580291210494765
0.19781220655278
-0.07081997001533052
-0.013824053801748013
-0.341553586396159
0.41237166331692227
0.27765937318274353
-0.20890274392281927
0.4433765322953343
0.1677403707963245
-0.07181972747197687
-0.005309926434487164
-0.43687363562125187
0.15372659620874266
-0.5572580084919614
-0.012550312676796675
0.08317576044719002
-0.1476580424453018
0.10571329851218542
0.06831881867560217
0.037960394212279244
0.07027502817496332
0.039604141601917046
0.10328247790044152
0.1765423372025149
0.1970539708862785
0.0700996130937472
0.07947974449040826
-0.2948122132709698
-0.07001052347538861
-0.3534469634469729
-0.04609348454407578
0.014135892690795416
-0.05610915799958789
-0.025939638282014246
-0.07531505062495883
0.07244188184579721
-0.051586624300174064
-0.07524487800900044
-0.05257101877415054
-0.19681297359851377
0.13036825815512684
-0.003258858370562644
-0.05290762305035268
0.047483116820087795
-0.10174934078768201
-0.1097207932510992
0.2837601328736498
0.04679476669103432
-0.17741555545194368
0.10718312140819444
0.13573788735443496
0.0962273970172834
-0.05927912438492904
-0.023743043259230493
-0.0907766197973565
0.0953516465221781
-0.26776110625124244
-0.12834015545430608
0.09448708009666242
0.13381884544409495
-0.0020669761477259004
0.04824164851800335
-0.09737114504691748
0.05077777896593542
-0.0459213143748107
-0.24303671723085893
-0.05694418690093689
0.21949914656552236
0.06193050626074415
-0.027593079086546082
0.10083174454221878
-0.11377611137998561
-0.07586377520094673
-0.21740632601246496
0.26345901899441426
0.05826086442000748
0.16673258126296403
0.19089119545602237
0.21765864523718062
-0.047500985944677554
0.11119745310876777
-0.19473970739387284
0.1849949426268907
0.3445568545019012
-0.12890676076818233
-0.22631806941862703
0.06808559757673373
0.10603659180897654
0.16413572276917893
0.001570262127628947
-0.27532462210701575
-0.3303095118285169
0.031935994645036596
0.09137737405927548
0.28929215774335354
-0.03259308191996347
0.1276668289042414
-0.12176235796545488
0.1483829187674952
0.05668732350994378
-0.05313855034373954
-0.034948745747436644
0.03481707153902394
-0.10337030069298007
0.00015257626479191054
0.2094675098375148
-0.09341712434357764
-0.29346388679714563
0.040770332568675315
0.09842674565524158
-0.8199437611897827
0.44521342220903554
-0.9541125891732762
-0.15789011408058934
-0.0061184739341917736
0.26522081730179203
0.10460503720623106
0.025178551512033232
0.18665396445218135
-0.24439826120802455
-0.0024168763439513796
0.17542966120469564
-0.2906674691902182
-0.11943316453364441
-0.35033022516037876
-0.07273896323232408
-0.6418716777778107
0.4390184636878897
-0.46326300559994316
-0.0336081596989673
0.15931265446031795
-0.27232548266660433
0.11388827452774128
0.06190024273768548
0.03284942995896099
0.042190946956579566
-0.06282880934378773
0.18444323151148614
0.0026577484794403643
0.28732664001857866
-0.002720501545938695
0.30049425471084346
0.15803320312368285
-0.08951540484832479
0.0003187261546264094
0.13785620702086773
-0.053272871307469744
-0.15867724846012557
-0.18475079864689647
-0.0651644933995991
-0.14657338237648096
0.18897123323278356
0.07340698747158328
0.04889453704409519
-0.16779517059793944
0.18650568651131977
-0.16175448856609642
0.23828541613448503
0.050017524224316184
0.22981558935796187
-0.0024103237739047725
0.012312020309951049
0.026002037394625276
0.053456992408822665
-0.11370252084984762
-0.00920563520363003
-0.08457456318335412
-0.2228026043302834
-0.2105061126291366
-0.2935385944476552
-0.12808221600723185
-0.17308037202305987
-0.21877829074274943
0.08996696921762855
0.2607904111296733
0.046611893315216826
0.16102503820195616
-0.09793766611686289
-0.3921789649383955
0.25431631236648844
0.014970372634603686
0.14674380919915478
0.02445333858490622
0.10142942748446075
-0.10906085718921302
0.17349350435159003
0.3030517016857156
-0.05378544161026239
0.12382552239960762
-0.25407109635362146
-0.07942864800871316
0.037808052548025405
-0.07162663704774197
-0.008362841854394983
-0.08272701507178888
0.32057654810806596
0.12964622861781255
0.14662035589812503
-0.18085969082696723
0.06566774206836808
-0.1494528389613641
0.12739378332049817
0.2836928224775732
0.09109204112632821
0.021771203191016827
0.10174202442021875
0.038965623240614006
0.11846729760558462
-0.05309954731032256
0.24470238325454433
-0.17271968383449662
0.10424333345596462
-0.03960745161650452
-0.3552013018982239
-0.1653235584346345
-0.007390554274023494
-0.03060473438396845
0.07625706594319503
-0.10976360090420768
-0.08632109494491633
0.04924410787150017
-0.21466095001159066
-0.24203905094271294
-0.01036048683684633
0.008121883333218314
-0.014983599526290737
0.090726508757115
0.2495287701676592
0.20529926972883752
-0.14060407347779186
-0.2419605620017754
-0.10086861976638832
0.02673235885771639
0.1113993359234804
-0.3836406458260751
0.004094984777030426
0.27354389289436565
-0.6051084672269597
-0.29564278077665
-0.002750033006880995
-0.001190356698463189
-0.48862126209208673
0.31733041082601005
-0.36547417335144733
0.07526091469559486
0.18037806252363986
-0.102985720774238
-0.03870548308643658
-0.09516965245026482
0.10221614649985312
-0.2548416344580646
-0.17054797650503747
0.21860238029991874
0.05339407323324353
-0.1887366434020558
0.08312227721112465
-0.448517828020479
-0.6272094584757375
0.3772766482535526
-0.5905596048792932
0.17706625803717313
0.2820744286100833
-0.10944779311115986
0.10197261889712564
-0.10334832569990188
0.026395780749190953
-0.10279969664481034
-0.09720073984684795
0.03204382506050384
-0.09589229775752552
-0.2537748719352312
0.136679110548544
-0.0697570178440131
-0.6792769555685195
0.23519823375732243
-0.5668234898936318
0.2529526155617317
0.2894494854944645
0.2373565853003989
-0.02058283739520584
0.08463437058826118
-0.1843876652107004
0.12704543850512978
0.05725235584928768
-0.2090749602804336
-0.24699527487441428
0.1275747399121701
0.17826563075472246
-0.526755030797872
-0.2622766924260536
-0.09243761830211947
0.01115435573285737
-0.44678278047484044
0.1533397612527444
-0.6164312998609883
0.07150213084135493
0.1844591747685967
0.056107318903530996
-0.0782661215585171
0.22170479401026977
0.05587468027806485
0.08077078203239701
-0.06955245838188819
0.11613960675489367
-0.01357257119329299
-0.4662629911979929
3.288591933627515E-05
-0.18017053952448753
-0.3695658908656917
-0.03083841568021435
-0.3154832407665555
0.2338840127778684
0.21590676803665226
-0.13545848205188166
-0.04442256126619303
-0.15978539788996798
-0.07003404297805779
-0.1249737867685171
0.07714285150603777
0.3299518037790792
-0.35114062407374497
-0.15061275046672332
0.04315019557892416
0.0778549495240113
-0.22358343437326267
0.42021059880041767
0.0032351286999666024
0.09787244202012486
-0.0887163857347621
-0.17788460134797285
-0.03161970100025459
0.008589047478920205
-0.05684226567322999
0.048864398742313166
-0.003351924682916287
-0.0883199934476597
0.16137553724137313
0.02484745199582162
-0.22840418738219204
-0.035844859002642976
0.21172432827392318
-0.13579344757943446
0.3418452513566928
-0.1928167979603359
-0.08467142883282519
-0.029850430185859814
-0.21452803418916516
-0.015780044555400316
0.19182521149463652
0.09976880133747111
0.1711966464659255
0.20445751831158904
0.14851094539024487
0.11356233521364434
0.1123949307670043
-0.07118217810185799
-0.058468985225271934
-0.3275703599478691
0.028539559363086997
-0.04814845551498815
-0.07594763602581336
-0.18410369330046059
0.038118379238034114
-0.16326416630528773
0.16215075923087074
0.0194866912113678
0.11452642589820267
-0.06533363317197237
-0.06654234946792989
-0.011241839793745833
0.14527949921572947
-0.2888203175261318
-0.1562436309303899
-0.20309577064010406
-0.1407755282686574
-0.2733553686374779
-0.1814911242957496
-0.11191358549835918
0.10528357522637416
-0.01234114284172304
0.011962550557386781
-0.09219122403654004
0.0895395775620897
-0.20525703966775458
-0.2379453634917655
-0.02379469571164515
0.25292875588352043
-0.11253262167754743
-0.06960251142940284
0.0067968998628223625
-0.13379315693641014
-0.40455779818561016
0.03663266442510876
-0.2501204558124858
0.054123743368342685
0.03712609676711055
-0.1635458154088425
-0.17839566721611766
-0.263565728640652
-0.035601210724486514
-0.07693788003463443
-0.030129776466033605
0.018203844429982602
-0.14772147065325256
0.28750901000341444
0.06430025303090292
-0.22024101921345413
0.05814631290983988
-0.09236161920921959
-0.1714204201888702
0.006320839146252439
-0.2224361340358076
-0.027245991401809902
0.13075266797508261
-0.3108199733896923
0.21728351828943274
0.06290491767418359
-0.03326881945126909
-0.11715790894243051
-0.003507050197306657
0.03899598370836702
0.24153645462893858
0.05915205211178637
-0.19866732515277305
0.02104188605847791
0.055620808159792624
0.20656169301063776
0.11297457317945493
-0.19822710260030138
-0.3255257817040573
-0.08239058644491178
-0.14960443850873284
0.07016312662777013
0.07807854575800684
0.11924704647494917
0.05487086807677751
-0.1839138730515879
-0.19187720744306802
-0.3020601390466277
-0.06485791923084182
-0.12798980783527678
-0.20625157780066802
-0.08102914359581843
0.25369476349451153
0.05876479371864419
-0.074111989466906
-0.05676206454840481
-0.11269722730190415
0.08036354797197277
0.05264476182590569
-0.2082985158892129
-0.03225907801563565
-0.13847624934966332
0.04118532390845943
-7.694433330449833E-05
0.0037032476884334186
0.044387118457391204
-0.14894524811693502
0.030599070524571413
0.16632375474995717
0.0346529223923615
-0.0469909867612551
-0.08001254690043527
-0.041753707181269195
0.1296171933774731
-0.12046606085152968
-0.09070230190973858
-0.2554090941935602
0.06953022221805774
-0.03360635920511462
0.09206094253067709
0.08624152826980626
-0.058802470380221614
-0.08650186408644447
-0.019444502921864715
0.01318541535729403
0.18101024419055584
0.04013799613432339
0.09732490603963845
-0.2016381394895503
0.061428181518093476
0.23562203846201119
-0.19962222931687715
0.05663295831745423
0.08541736478938249
0.005722284654108082
0.44729340253982347
-0.2620885850881505
-0.29745410921914595
-0.08952450409239536
-0.02511386221821589
-0.09993805479979413
-0.2784319870748283
-0.24085733805135914
-0.0038903328968707238
0.054733010078596156
-0.010848237751971556
-0.07755354220709955
-0.038916158857585044
0.24113769128671442
0.18392125782072652
0.028417253486071513
0.07113947656083161
-0.2804833147956918
-0.036696274516064616
-0.06253367069245859
-0.373085003027984
0.3181313787737793
-0.09439653770759175
-0.14984092154402295
0.02184313593212478
-0.164815809625742
-0.19479650118952074
-0.1682023940511109
-0.006599604170293356
-0.11251532838898812
0.08873988083664415
-0.09749059635088286
-0.09644435180525245
0.22136319664579265
0.03659013452298704
0.04248251473982737
0.14939054312648928
-0.048744106183005134
0.30952226604063704
0.3249473737878728
-0.13860399825965825
0.035342699581970255
-0.01713520341102025
0.182041114779281
-0.10453516491171219
0.12950840840168437
0.010093892369126885
-0.3546669899381553
-0.46819962245204655
0.2393663992713387
-0.04005364850095897
0.052856732338405314
-0.02396809733842169
0.03873802930952398
-0.23360385158223002
0.04307489697268205
0.11413984187670682
0.003402862970621143
0.18639552104367557
0.013318264449034473
0.07196295655204532
-0.19307300482054324
-0.09652309090069187
-0.28526798538710346
-0.03146922715522294
0.12526436336311564
0.05826340190983016
-0.24389794167049691
-0.03797351640512207
0.06500894529140407
-0.18191798026550082
-0.017856455896806005
0.17191932671043003
-0.1526082297650821
-0.22041343556936216
-0.15521464804100338
-0.2736671050948057
-0.2298531876037338
-0.008265175531340511
0.12914249591336938
0.02911958503492651
-0.028455074097289576
0.0004920807637537414
-0.09398173641782867
0.14694171633024283
-0.41866506626973404
0.011609047628825244
-0.2186859196253706
0.05296140673371506
0.13195396339284296
0.015070445985443458
0.08915781032628321
-0.29817610413174406
-0.26694420616195197
-0.07158104143983889
0.02892622796783339
0.2603752251132881
0.22166061746560387
0.15367291877512906
0.10592609041836197
-0.25531154839628295
0.09510598860807025
0.23072554187828964
-0.1167100485331174
-0.06532308378792596
0.14123101202712698
-0.03612196675668809
0.19018203190484867
-0.1423577347439347
-0.20208888942772996
-0.015245667553563116
-0.34023777672076283
-0.30033693379106746
-0.2595810406413784
-0.09393806760838881
0.015463723922804378
-0.1368701363524625
-0.03284163754112077
-0.070406730521905
-0.13919657065591184
0.04562015568008016
-0.2216870273607007
-0.000838931146255261
-0.08116930640560503
0.02303960687986426
-0.20565821822080005
0.1710002542442463
-0.15391290089038406
-0.08833510434549678
-0.10266183223903412
-0.06887741663312523
0.229490717097112
-0.2104754318933202
0.034005365088890044
0.028344774533098915
-0.15546796316619765
-0.028051345335974597
0.09046467496956143
0.3668076264434384
0.08337904313116978
-0.25120546254514897
-0.032977046329097814
-0.03228908767391382
-0.0011020447270066206
-0.19759588858107013
0.17162973968668963
-0.08824414678268017
-0.11703157915641516
-0.00035762685516337224
-0.03429838767084141
0.0947178552783911
-0.27460810113250417
0.046807953040250365
-0.044353576890136345
0.030837081404810413
0.050865525728910115
-0.03150587640472996
-0.09358454860033193
-0.05284095747098411
-0.11598216249857297
0.04278889861744745
0.23177324772375224
-0.3185020727826661
-0.45412417583149556
0.3590477420597794
0.005083736346751933
-0.021335759580226255
-0.3296348378679815
-0.37145940586485393
0.09421275142550621
-0.2259045444063128
-0.001761128758528006
0.04169682270190168
0.04894809791027871
0.019634729285830908
-0.03649247889442104
-0.14811782293358985
0.17297589425281465
-0.2362099706867432
-0.2093712685030009
-0.07790195518896116
0.20774176547931314
0.15294323622290973
-0.3010955735925651
-0.17363368549087477
-0.3976995854321353
0.07268921985335457
-0.13754157197911587
0.25632652775386483
-0.24200103609494564
-0.14090490946691414
-0.058805968920782825
0.02821980426181469
0.016826618627356554
0.01774896467678137
-0.19218988324206043
0.10713236913895645
0.06786629037147937
-0.07736004078811541
-0.1109965531018308
0.07155556449682801
0.03418907445276842
-0.5916793741718824
0.29569966309371193
-0.6518354053278556
0.054073188167677456
-0.09092549466357518
0.2550185054371404
-0.01173394071944373
-0.19425320853857472
-0.15129224314947373
-0.4320398131850447
0.00041171892236012067
0.15755046508387374
-0.49990750215537727
-0.1610308644524869
0.07838688330434891
0.1531563088096469
-0.4920612999885066
0.03414846664362556
-0.592641260562782
0.07555813165523106
0.10619127156172675
-0.39291144114788257
-0.0771435901517411
0.15460581158655562
0.18790914991238392
-0.1501894042802817
0.17711557617658175
-0.03985831943712436
-0.016401626032363465
-0.05364357762151644
-0.01494076440887349
0.009862071091603496
-0.3370279937240763
-0.01595918809299074
-0.3456203386593596
0.18761589527481337
0.051090627889380784
-0.08653386373881343
-0.11682448385938551
-0.07912264154908634
0.060368539550375064
0.15943267046688442
0.1611130262039335
0.10204365725537795
0.03688809689058961
-0.025549547406190348
0.08711262719134674
-0.21124865834592038
0.19992798150054236
-0.07793408605655752
0.07558908853898445
0.20642150586940897
0.3203236361870829
0.2769013604340191
-0.06637900087381293
-0.13939723015730437
-0.07720816837085788
-0.08744867510125084
-0.021190459968017883
-0.031681109734446565
0.21831914096024205
0.2164304034051713
-0.025693514285159876
-0.09337643642523362
0.10531743392555835
-0.3187391393201974
0.3393694460670983
-0.08647784500076745
-0.2610715988432728
-0.14865930549193243
0.06421714043934283
0.06458126168998903
0.23666422924141187
-0.06716522278143439
0.0031552324633202233
-0.10284633372589083
-0.12100398826360793
-0.20546372578595512
-0.06910320635467457
0.08472488660327067
-0.06501622433295111
-0.12453780830249253
0.474520754560557
0.14969616623142223
0.16164921076126423
0.1026418161220474
0.004206005807395132
-0.0607820003377927
-0.08781425195471965
-0.2999054246959516
-0.07267299083365279
-0.12344294745008612
0.0601126530191511
0.09159735318479965
-0.011347729125504717
-0.025376152880990262
0.014670521064907937
-0.012547367998357825
-0.20994309502371206
-0.035280211409867236
-0.05113304944385869
-0.11766361692549003
-0.10501371086164198
0.1772185865171572
0.0023284059155635616
0.18964247415624277
-0.12530243460236615
-0.06123658705852524
-0.062412348694119886
-0.1078941024349419
-0.1750483283526678
-0.02714767088799092
-0.2513241154203083
-0.08227873389386514
-0.03005236924848909
-0.04262849264038022
0.1174093377139363
0.12425316368946966
-0.29954112438742664
-0.11374436106246362
-0.0606840336600724
0.13063253913416029
-0.06855001099600548
0.07012429713061226
0.07177974955858125
-0.034070091429958774
0.17112388776102774
0.009305693688406839
-0.19665285692928347
-0.16930266460107243
0.03903885493553009
0.01188784896754047
0.35319124560165344
-0.236307160600123
0.13418962809118395
-0.4620125668900797
0.18456281155406756
-0.16571658435649317
-0.14657038852857568
0.09645508105641844
-0.1749095075126234
-0.06112798606949071
0.055882335039437396
-0.1972430060668361
-0.42161049863622846
0.008386565419494355
-0.02301827652864108
-0.16791122952045912
0.4057695022410991
-0.22959011331104465
0.08315300260347304
-0.11935979375704021
0.09888536684917415
0.07606968475921894
0.13396027500796273
0.2434860735719019
-0.24420370493087024
-0.05635427480368662
0.016429136223850175
-0.29263655232904806
0.15981162627446857
0.1609331441087493
0.28085237037233746
-0.6760743037830875
0.2197897640997324
-0.26109808217644576
-0.19827210965174363
0.1021144141829035
-0.028689566548411143
0.048399705436118864
-0.28510310768789987
3.3307900328228825E-05
-0.10327257680372445
-0.020150107599252006
-0.07816999275682543
-0.20645325261887756
-0.0007160090196648736
0.12674400056778287
0.12501828675610863
0.338064096183682
0.07212309148708529
0.24342496648551634
0.20842368100914527
0.28461146429371975
0.19443230967969094
-0.05605865089421808
-0.25307729915472765
-0.08523543267377619
0.3905146355110937
-0.01964035338419373
-0.25280938588817464
-0.15552372030843464
-0.21423703110736345
0.06377495285417226
-0.15312848884700211
0.4716765213236315
-0.03690982866421732
-0.10616778792174178
0.5808847077291773
-0.2151793262618776
0.410556139072343
-0.13530261909714708
0.08606539160879566
0.34606826335110874
-0.10790522181425312
0.03932723464118349
0.050243666189976735
-0.021901566422200123
0.1326630661069193
-0.042565048794767996
-0.031102110773461984
0.1680510425963374
-0.24436730540833482
0.08698471987543112
-0.02497420424287037
-0.05730232011638074
0.16091428416538006
-0.2054984831946515
-0.19333108263397997
0.29595283927453514
-0.005627704549374269
0.17329003061440734
-0.02719831350077033
0.05250292558684987
0.17038013106102964
0.02508356062098375
-0.2629783258301555
0.0528245571564009
-0.1312104752297799
-0.14256146176539805
0.08294703300443629
-0.03506223790469895
0.11870059768372267
-0.2313460291017287
0.14147465208474314
-0.06685242485231618
-0.0779428729460138
0.12603442662842512
-0.027327711937282544
-0.14461813188539704
-0.009865160864396762
-0.006996773009869304
0.38014334502631775
0.19243301621507788
0.010305976841798858
0.11168527876811886
0.13685399194986386
-0.18521329901370143
-0.27108899320785057
0.03438858481479789
0.3114201644775364
-0.06435050368233375
-0.04469590507657608
0.030053382339409997
-0.08443119724462964
0.2725009914944605
-0.26693674595539413
0.09528562071774963
0.19480716083118793
-0.09358383425351727
-0.364883313939257
0.05399363224454891
-0.343634950476234
0.22319317069152214
-0.21938352909756553
0.0677310476766042
-0.28352807419708015
0.09928718767996274
0.011039247016982326
-0.05440685910248508
-0.003449101068853326
0.015980920550722293
0.03000666008416598
-0.04081549094088963
0.26150658500051494
0.10205376538479287
-0.19131355704
0.10505016024675178
0.01993754758007315
-0.14235763394463455
0.11859350914300666
0.094638703580834
-0.11260877549126085
0.11397785258089382
-0.0017203551929222869
0.137217281794175
0.21562849475736587
0.00217236665337907
0.1862618904469883
0.05961041008271385
0.1257530743592586
-0.04029411620680674
0.08247554598102204
0.10873602584727333
0.25834349336973395
-0.111569905108718
-0.04645511586719447
-0.07738369186523013
-0.1327524299201312
-0.10176518180666601
0.2793542637271834
-0.06176539587645353
0.14395718393537904
0.09035969165485823
0.04348943135558254
-0.09613653133182433
0.219650901318159
-0.04584018719282171
-0.22310845283356556
0.5565871460006802
0.08998702462566738
-0.10890791679564404
0.04084034758083744
-0.007361278679515713
-0.3531922328005653
-0.18138789804865021
0.09501982475424668
0.01134407520683204
-0.13115660239173202
0.048286961308636134
0.06903078808302542
-0.11814681655689149
0.32454746287383224
-0.022227385150100774
-0.15970182195364838
0.24102030047990153
-0.017934322835637277
-0.18506023737971933
0.03525329253403841
0.10026610232968636
-0.004109233430671338
-0.007520001539050169
0.19660153122224144
0.01262415640769945
0.28168783972435485
-0.0773347262546371
-0.1843434285417122
0.10260390590329319
-0.1689314514421082
-0.09968875409781434
0.23619796931607875
-0.26726008918340977
-0.013919030802096522
0.21269689935784175
-0.11090688523037912
0.04809127708062737
-0.0478134648324331
0.055842840291506886
0.1703200619905979
-0.0003843476771533405
-0.005894408583065253
0.011782090068081653
0.06038136681847946
0.21903561132810082
-0.22778782943727166
0.07301522294480142
0.03879267221739807
-0.08294814798627216
-0.2352941286150513
0.2882759913113397
-0.02144863844252963
0.1976103703889505
-0.2556978153860997
0.43406644304949904
0.28274454892987766
0.005433689321324588
-0.012960420921301829
0.006099586352740294
-0.07686475420376804
0.23545754182297696
-0.02926251129545512
-0.17368651695486081
-0.0072980725023111676
-0.22561777851901912
-0.3183390417690197
-0.041361713115975744
0.03073901272070449
0.36164109430907393
0.0672596177162791
-0.07847681530131134
-0.02294786363390388
-0.2699226506652294
-0.027362622504052466
0.15630048412618322
0.06576338182974713
0.01869789599045112
-0.16374142624065235
-0.1214944736608897
0.05023687958573653
0.07760310896043238
0.10536016815312708
-0.12144641594622484
0.11012733537365636
-0.23035301479438341
-0.16954452613019344
-0.07685310082250492
0.02352425549302488
-0.26414691641572985
-0.31158693659779085
-0.11542311985326671
0.03646208786190024
-0.049823707462409425
0.11228882598186697
-0.09133807937659069
0.003384702828311654
-0.08269906755808483
0.039271804430578865
-0.18770129336678273
-0.09720850365808845
-0.27145064843342037
0.15980481517234518
-0.14064176621026275
0.131524408379289
-0.17013021388468585
-0.0648303989555034
-0.10332828724610302
-0.08746376427119107
0.09941942594719519
0.05516379754331519
-0.12436869394090212
0.037186694571263224
-0.11975961724438425
0.16420421999361565
-0.2091450900438816
0.0905608108261263
0.09932454801296847
-0.17431502492895676
0.14532125671765095
0.17180530740904354
-0.11689457804137345
0.37246022540297075
-0.14355689597766022
-0.11831605568232369
-0.11674383611075102
0.1810648462006619
-0.14618394930029022
0.04996341508091016
-0.09735959185874647
0.02314449342715779
0.25144463292832775
-0.00903544077553968
-0.1874001103373472
-0.13602755882686557
-0.28359638261492875
-0.09829710299360986
-0.11560461310550832
0.007561619518422151
-0.10701666978813075
0.0823921357575754
0.047406589698825725
0.2531819766488867
0.06229139161886888
0.24772416600948033
-0.01442809445854418
0.008388532313536286
0.09033619737244308
0.07174910565669977
0.009000452956974358
0.11022420009027774
-0.08284842881099068
0.011189095116980243
-0.15327710352622903
0.1053968245522353
0.1685721188656328
-0.0009347823880969745
-0.06271086946064452
0.006001316415391165
0.05431924082941588
0.23620055800066542
0.055175050449220144
-0.272205505669218
-0.021484363733312424
0.3979935982861466
0.015465174458409524
0.0864810585447266
0.28060883693559535
-0.3181480537683445
-0.26852272791552323
-0.1856891380076047
0.1654248217325322
0.028340467593784162
0.21145491534066368
-0.03726356897803644
0.19151697430005651
-0.3418977636568344
-0.30023818074116926
0.23106129605308073
0.1346823109847537
0.4965767955581447
-0.02528400291031394
-0.2526603555610137
0.13912554520022566
0.11359801946572987
-0.38663162863144757
0.2750445032531389
-0.3110520889727842
0.05558792045347651
-0.2690195635326362
0.00939633426841976
0.007097484637571161
0.1008613088313995
-0.024660801594315652
0.1095751289982933
-0.12042529573293573
0.38229236167191516
0.1299483548234816
-0.24436396134739302
0.5895333479310214
0.22085611584162967
-0.025800754111759257
0.08494155113139058
0.08822034067901546
0.1148935729265782
-0.12139101406817177
0.06300905932822165
-0.14902434572172366
0.12427730974074869
-0.27541637065173713
0.08041896601937007
0.1967582059238549
0.3182856041637911
-0.11411685084180925
-0.15284882587489715
0.3313437759566588
0.4978195938634054
-0.0690158729469745
-0.09959787544697672
0.05620787099592931
-0.1403619428559789
0.1870115424315654
0.07596102503410102
0.06523820913372462
0.42404399944047383
0.05940913062833796
-0.03810791568242698
-0.2325374067818024
0.17038676938231326
0.2800395496588174
0.06129080363578554
0.23964044036478457
0.33563033186065105
0.009695688575746982
-0.0005757449221180568
0.1834907468389002
-0.10002770402983012
-0.11707844473973023
0.272879221362702
-0.07655873038748565
-0.10561820210449525
-0.059651466785365814
-0.011631080447789583
-0.1108243918898971
0.1467999778551383
0.14745553600986794
0.23204403592858386
0.026949714455805393
0.12643138038168275
-0.16035838556735427
-0.10600272828210691
0.2195137849003613
0.2814261440197721
0.2624350918699499
0.2549123358268363
-0.1510444683431315
-0.062126751430459363
-0.06298946407167155
0.2523024084969933
-0.0931949778249877
0.21237600687051106
0.19070695692628323
0.13527985461393813
0.29315591382337985
0.07711495448419085
0.18544803036579574
0.11616636500357944
0.043331005422065985
0.09443668177331602
0.027248477622573635
-0.09953723804198344
-0.06449999242838406
0.04827143766656211
-0.07266806149169516
0.009827407545800514
0.2649393524359059
-0.053820435743322785
0.0050149760890727015
-0.019559712110425034
-0.30831704598504645
-0.006270533320737024
0.5528865959478031
-0.4539618967021646
-0.3485697201663188
-0.08745684547526258
-0.26692019571958536
-0.7100285314031517
0.5056596361584904
-1.0062734194294902
0.229106073507943
-0.12198850977291817
0.024685644257277737
-0.0492936004130137
-0.3569674831587014
0.16046362301792458
-0.03295103925990642
-0.09569385622005364
-0.044106800709257155
-0.03209369019046678
-0.34928817812859664
-0.18638022109047064
-0.14629501394495348
-0.24197110148304615
-0.19683818803305106
-0.44206133428521105
0.14897805893349586
-0.11101976490293164
-0.6494456093431992
-0.184060857143523
-0.4504759295893773
0.08642326684808588
0.13598684766771216
0.09599983012513044
0.3267937106625127
-0.3317119567610965
-0.48562169471503147
-0.0670879440995382
-0.2326371756816997
-0.18355252332693556
0.32721936642950167
-0.19692672986789816
0.17492095721419387
-0.1645112086522611
-0.5090751915308233
-0.3676426483063226
-0.18463993952119176
-0.1061492551683618
-0.09656007150071423
-0.13480184002377454
0.005386728434885268
-0.060159221733618075
-0.13539070584724328
0.11109055415511104
-0.11783447034535773
0.03334218818335516
-0.1652525629425266
0.09873536269164031
-0.03619731977275259
0.2023564460719252
-0.055874234172217
0.03920763984263496
-0.04919215183835592
0.024676563674279377
0.1079612296150549
-0.021108424672927673
0.25608224475949787
-0.025109706214561513
-0.07336969642240884
0.09355398173370225
-0.07824022665312295
0.09062836419976635
-0.1339483402746249
0.16150191594114977
-0.12019690898715414
0.08822363820376762
-0.2522148733052433
-0.0435345947279688
-0.2279656708252341
-0.27289294231642885
0.21454792800722317
-0.09686212187377352
0.007813748010347414
-0.1309626024363865
-0.026369617671788796
-0.05640666856377915
0.06599893685396648
0.011247977481958256
-0.06844677046338969
0.09695362821782234
-0.043469072979620355
0.004989863109113519
0.05612903640618119
0.009454080369409798
-0.040617072308175205
0.08858566961320093
0.02780742180841201
0.03451652498143354
-0.13701939616928127
0.21223101682287532
0.051164990640721414
0.32260965827247245
0.2770656707207313
0.16350577688268128
0.03618956084630487
-0.24180768644179818
0.21368449680898713
-0.16194917844090662
-0.012830469218467104
-0.0637480350746473
-0.35169808694277294
-0.1876511729252673
-0.13059421690384995
-0.13945369593140308
-0.011695326965542636
0.024116588115218114
-0.170941930502269
0.1551346841015963
0.22436466123457183
-0.02192283703419989
0.1443555357355457
-0.16835034125796783
-0.04672770408135955
-0.1895523830577012
0.06489314476277566
0.17889497567083423
-0.39738481276218557
0.025607587932113225
0.125308974245983
-0.16525551426052418
-0.1275328161596006
0.017478855751562924
0.04729746394360309
-0.04783123053375296
0.16089688412474681
0.06044857844776019
-0.1706503714358081
-0.01625574012307932
0.29055289701454223
0.159653128121993
0.130112272076585
-0.14423495420591798
0.09299536534878379
-0.0023766256113467218
-0.12482271893628608
0.29539014885880266
-0.18543408741292752
0.22638734785399725
-0.030276869572597707
-0.11353606312377237
0.29662244810419397
-0.3235725745648721
-0.04650121244060541
0.1899923068198417
-0.31752940417111264
0.2665570330325874
-0.6094182204856087
-0.05440603995496641
0.3161187090507957
-0.022657091899735773
-0.1669835366353191
-0.15321395637289123
-0.04390290473154418
-0.08208420894012401
-0.2397030280551063
0.3060085431143652
-0.14866911071921612
0.20363933320932037
-0.03552320067474896
-0.06848478703985345
0.13859636953778917
-0.3413315084195025
-0.25605170463405846
-0.12726639294137362
-0.11089409353463409
0.03402665720846736
0.048144874063043366
0.09539413578065926
-0.13957816275686005
0.08321780803473862
0.07724443108360277
0.021719106317102322
0.3140815217666405
-0.09727850157732759
0.040680058120948485
-0.1590938862263109
-0.538372055326079
0.0977784450796961
-0.6145341379258039
0.05464106119166542
-0.18221347593864606
-0.046447944618171276
-0.03741244945917412
-0.14483234670376435
-0.012672734791849896
-0.011779859870517733
-0.003229154005552128
0.15672176611050687
-0.06237268351644762
-0.2425416484393906
-0.04950933167565318
0.005622543534347826
0.14378869641561948
0.04062421983273999
-0.09095518966752239
-0.1278871907731905
0.09094404736548557
0.00017826386867500428
0.09345543137584587
-0.03119466655167084
0.09904569368470763
0.10067222321991416
-0.03356551172363665
-0.06272581965440806
0.23062930641262916
0.1495708112040458
0.11327055846042323
0.07086655522120107
-0.027404550879452386
0.06022058884997564
0.020703392629186492
-0.09378981644780343
-0.04768063758116635
-0.12612540977510486
-0.14195056176138235
-0.2094490558174809
0.08497785143973617
-0.08017135499989328
0.0898345063783907
0.03661675767715715
-0.006175763286920946
-0.07031106273875574
-0.2979923196011658
0.09854749157583027
0.091637379775842
0.09184435436385976
-0.04484775501502607
0.01141034457985692
0.19044170082859888
-0.021163470535461935
0.010154126106162452
0.22620208742878808
0.09369694442400002
0.11980995497824887
-0.023005907041442775
0.05464236600018263
-0.09251074860624037
0.04436092633187191
0.06653918547142172
-0.06040177283603057
0.15150327928341964
-0.00630056874728573
-0.08764348922563171
-0.2560247775177035
0.16994773605148478
-0.34372812934402985
-0.320160922341063
0.06653123251560443
-0.20139845312533494
-0.14206006377309335
0.09241925023261592
0.09284075178127635
-0.2666514991216268
0.08859296515812888
0.012010011698575768
-0.3474345674994601
0.04658310755237031
-0.17512028923577858
0.04540808051683821
-0.42949085473694487
-0.03303502699257771
-0.4919988381567838
0.14173236639654432
-0.13691429961963442
0.06685982052409657
-0.13695048188174783
0.08067676936958067
-0.08704229091752767
-0.03490464317177095
0.11220254550579088
0.05530071178267088
0.014154764256633055
-0.03904987018754565
-0.03652372443733015
-0.025732668139675327
-0.18619150164219478
0.04494288193726865
-0.21517755813787634
-0.13000162441515678
-0.19951784635915973
-0.06872778700555413
-0.08734702893898139
-0.23210914028560167
0.13418383766474476
0.03049101735297394
-0.0015237681346168814
0.17305126884835753
-0.20786061823514107
0.03450717685266095
0.24662144778959777
-0.47555262028080386
0.3891217180514109
0.09010196956447906
-0.12831073434469695
0.11617539467595182
0.00379515893638379
-0.02480005982697939
-0.23261743686093822
-0.22546457260852348
0.20841251680019848
-0.12905819955996622
0.02305063871096716
-0.2276097947141938
0.24925201302809283
0.30668181211947804
-0.5208542085348934
0.16296288771320958
0.18401057487279118
-0.14305818715360386
-0.04351510748087397
-0.16175606401731316
0.10690556544715046
-0.2854890498529955
-0.11522401128592513
-0.1449108380343795
0.24559104878853882
0.026753781414197465
0.18249854765780166
-0.1634892721303384
0.011687746040304599
0.11129138065434563
-0.029604567412238943
-0.3398862653836383
0.14586571533240458
0.023587733306057557
-0.11894391350121193
-0.39885236299365434
0.2876245237128574
-0.1989497350022563
-0.1672479627039414
-0.34343959033383875
0.047612533819441125
-0.08479248011736525
-0.06809987014599812
0.11527502323981682
0.24401278359976364
0.02661305460625998
0.10770551955046606
0.11671148043267267
-0.10899395906274889
-0.27954842326274054
-0.08300244601838372
0.20055289802088735
-0.4284578930649655
0.037342273619537146
0.01629314909103077
0.00586845410422084
-0.08662774918024063
-0.044336726434000856
0.13434785625880155
0.07104541431746174
-0.13495584077465453
0.12148092951198615
0.021350147569353762
-0.2525787391850127
0.11380350170809346
-0.06790922176969325
0.1756414026095095
0.042260841696135754
-0.062406689385723704
-0.34613319130286396
-0.08352514954342179
-0.051319373323128886
0.023695642723963177
0.15338293539966524
-0.25688912633501604
-0.11221406697830674
0.08612000079914855
0.16885909763236837
-0.2329019260594361
0.0374909066151255
0.06993537940667659
-0.19684919653303048
-0.08508145169104836
-0.023090167648144963
-0.2486393135114785
0.0538262803906111
-0.1379167303499336
-0.15665758578522687
0.041961115344868426
0.02334234040131598
0.014159405240432247
0.20340273441904455
0.02596031047478295
-0.12003204788183268
0.028513626043086823
-0.20248216665983187
0.005732924857065005
-0.16155945691145748
-0.03232099796196287
-0.08928019117458139
0.10963253850455686
0.09181703661800934
-0.09550844390320583
-0.12615305533475626
0.14048883843248958
-0.031068887554190034
0.007349202782426814
0.12183283437493571
-0.0187722763292399
-0.2691502041182897
-0.08583936978434058
0.13933804889432697
0.009211217461728512
0.07718670442218847
0.08164930242917694
-0.017404161071301445
-0.12028265298245841
0.0755711384125475
-0.052507509817418974
-0.15744052381473703
0.06163396647276054
0.1497050678855251
-0.03454598841615847
0.023309375065669914
0.2417229475020988
-0.20672273139125502
-0.08826450060777542
-0.11673108186797897
-0.20683496923531416
-0.032899518784453595
-0.02730312280347557
-0.14417728785393116
-0.06033001773599745
-0.08884138182302177
-0.01956917897692087
0.05139525764854704
-0.15772144411898156
-0.05371066894374359
0.07518733718313604
0.02746327724750087
-0.007500714433882935
-0.09211767358534263
-0.04658220116533613
-0.09271975883991548
-0.031097466660706324
0.04373727442996647
-0.21167371947145888
0.11338971650764304
0.17517260708546964
-0.08130231612249897
-0.2093267175613982
-0.11849395480410806
-0.022692847481556054
0.21058450298502973
-0.21807789806320974
-0.1666733635442517
-0.04175502466242512
-0.20089081940246944
-0.13725344866296643
-0.034316481051861455
0.030344641202745975
0.07563247005038197
-0.1098639556532866
-0.06169019404969028
-0.06547115203500829
0.004046131030088433
-0.12812608760881886
0.006988553801823784
-0.015833002012906806
0.15688252529318109
0.07216939917088204
-0.03543716206272221
-0.017990375377053426
-0.19691853400381248
-0.08029856367168704
0.09841327382425398
0.045729640224858
0.11829761124952845
0.05047392276054281
-0.035275645078032526
-0.013799423331227934
-0.18954096192781758
-0.09148346592147777
-0.03353976105381042
0.2050565986690289
-0.2069441081724666
-0.36362955183844115
-0.08013984503302689
0.04591378418452581
0.03495763698357135
0.08731320149579308
-0.26432822381842863
-0.2030801101391472
0.04590547701574369
-0.06099277087803294
-0.00461707842918962
0.16285180737866636
0.23195568864013177
0.028366438638463696
0.020982109396122276
-0.045109276795921804
-0.04088536352371399
0.19490902926027476
0.13357306834467103
-0.0056694224857116605
-0.1102688798515541
-0.07836345519301101
-0.24808566899427684
-0.06109151616381374
-0.24177900751389822
-0.20704725864090504
-0.17138670571245984
-0.21549690193573423
-0.21389416312919618
0.14775206946090205
0.009415754330850228
0.024496653352301796
-0.1752763322391823
0.013400476879048126
-0.2369849450959925
0.25640485659430656
-0.18691255160418416
-0.014252198869146929
0.17512827029144803
0.07874692211367146
-0.014968871444666399
0.06993760972602978
0.20246552277858154
0.1333052103575428
0.36340061115126226
0.2796926570747385
0.08331448800791759
-0.05140960919844933
-0.10971990979904446
-0.03833397161279721
0.16759022649093147
0.09605069948764641
0.01249850518702941
0.13486600491915718
0.07386294585046148
0.009695771281178416
-0.22019075840189445
-0.09219090827494943
0.14448912669385122
0.19753150385190368
-0.26623910483765056
-0.13731672032167025
-0.08820789292420737
0.08842767156893956
-0.3056804891737872
0.16175677990148168
-0.19994452940093013
-0.05491944364858189
-0.03493357003331603
0.07799730013123059
0.06783075636769384
0.030471687279718215
-0.002569336836835491
-0.28898345375188145
0.024063383027858536
0.0559514237709202
-0.13237182386006172
-0.04648686859238942
0.03007114443084375
-0.025991855725049515
-0.03652091581051425
-0.045370764148641135
-0.20509202563336715
-0.14989251567544598
0.021912878623134856
0.11270363316111888
-0.04310238209560904
0.21374154074254867
-0.1821980230074039
-0.052995661614197075
-0.09607803904495192
0.03132065013363698
0.24560757520038184
0.08082101622952118
-0.2738765258552314
0.03622355602355434
-0.565599728506175
-0.03328216122791054
-0.4946587408961711
0.10703965652000409
-0.0051628241214150775
-0.22452876807519265
0.10274507891505599
0.008294256473045632
0.11414548817801648
0.054682503280378054
-0.18257078757410442
-0.1682289543504398
-0.028139043487363576
-0.07365918825389811
-0.018311682170806757
0.12351729301951268
-0.03723832722730395
0.07114724691223367
0.001832407809893678
-0.14689461839612222
0.2781954517206038
-0.5470938281733103
0.13801995697057254
0.37528401876349726
-0.009795695808051943
-0.13142051847558076
-0.06926716285775013
0.3018983363754384
0.24370391374097852
-0.14862383965076603
-0.03822732863606723
0.1781149843173179
0.061037598424767636
-0.07442602877827578
0.10468385361809807
-0.3147536508073959
0.22122047126602357
-0.40734119480055386
0.10043844595401379
-0.054705342240681853
0.3580125902673765
0.05769595387842376
0.05371892571597244
0.04917447805221843
-0.31557613461689943
-0.06196706555167143
0.24618666738987913
-0.36450711106020744
-0.44650464929665296
-0.1997230686688787
-0.045753651812519607
-0.6348404476981018
0.2461888470575571
-0.676556430212379
0.25107481454800173
0.20791224546086026
0.05220182949179891
0.09625810531906932
-0.12945443255371716
0.1619669615920502
-0.10792149321153262
0.11073114393549603
0.06838210951512692
0.1744714444871928
0.1326723783986441
0.10832329831745846
-0.2385970886135974
0.16620069938129514
-0.236560002861238
0.23407713351184686
0.19679322701696633
-0.11211758886361312
-0.23377352129142098
-0.18973535319747087
-0.013378133822606395
-0.04736013864540217
0.13384730173092066
-0.05680028718668425
0.12904844629478357
0.04806844944727338
0.5650323879711152
0.03088365012495859
-0.19628061083174642
0.2494190955734977
-0.012713141822562469
0.14076789896479028
-0.37398957067530353
-0.28804062051377305
-0.13619268074728236
0.022751906046814648
-0.09526991692971082
0.11141387502818947
-0.05507507788555747
0.14028148037171537
-0.07618178941035705
-0.07633149853025394
0.08336725824100938
0.06637514405459867
-0.030390566465350207
0.07356656906736879
0.07038274584066044
0.2528689127338611
0.1087860649907994
0.12857899881288595
-0.1895980070440008
-0.04495081820211915
0.01678754262179072
-0.03544420858822153
-0.0017980280353171775
0.013123223019388905
-0.05382939736830522
0.07091016182784772
0.020358822152084743
0.014262677395358844
0.15432315459535445
0.0956316217710033
0.22496939514107797
0.02293079612587536
-0.4614119168038421
0.1391106900521034
-0.6598302636209104
-0.034985909548545246
0.2329223373222197
-0.12126087040006532
0.05014222557336951
0.003530580493904597
-0.2238151684047729
0.169867379227335
0.019769147981123465
-0.16229062131387526
0.22538783267778614
0.116801679141576
-0.18157036170733298
0.013502812908615706
-0.4707889565195968
0.2321337364981448
-0.33505922080075295
-0.4323093800500661
0.09261662817951283
-0.2533780199591685
0.09315789346967909
0.08584669690847044
-0.06437878708138096
0.04587431920410934
0.10999021796964421
-0.19075127212931653
0.10542455150408982
0.05603568875538635
-0.08088626070063246
0.17178153132782104
-0.2332845859706094
0.2445010003206029
-0.38235322578342423
-0.007546602610609604
-0.2548436575577201
-0.06590109826435932
0.014418605604016843
-0.11715646139290221
0.27209781902917335
0.03094147710023932
0.30120798534305865
0.028427210897186025
0.19139575673660852
-0.07324785370437248
-0.2597467258212747
-0.06588772985425669
-0.19600139658683938
-0.23745109037517387
0.1511656611627705
-0.21925959267831258
-0.0012885662161594984
-0.024659450802514422
0.1400503585519868
-0.26182332967159294
-0.048384988630049745
0.04602508666376397
-0.07816280680991154
-0.0664109022895375
0.015225656532688097
0.10707074864450165
-0.21487886491523095
0.023079495792590953
0.10447339781126162
-0.13940125468316028
0.11044540767890211
-0.37202156480087045
-0.09506979702850456
-0.17999370175607166
0.10316577481145686
-0.0574253306390886
0.14574440472479155
-0.0854390538122628
-0.027024714027917344
0.008092970509915852
-0.021115931075393654
-0.1293580092653283
0.037656845961791544
-0.06550929421799802
0.28321926737157005
0.2479972006484387
-0.065013602263104
-0.38024039943809784
-0.02132567501926333
0.2117177627067454
-0.12823549884063973
0.29771843643506685
0.19172577802254012
0.3486648855827645
0.06940258987579391
0.06939415845945951
-0.20693414348367611
0.13415969523545895
-0.20116336387250625
0.11872158481705397
0.07254479789897383
-0.0848009997754557
-0.06943216894975572
-0.04341645499337799
-0.19206120987157663
0.09884217189846971
-0.0265460956900366
-0.2911522629046059
0.029903244247752196
-0.17143953392649355
-0.07606290575775869
-0.06217475225942832
0.12898899687993184
-0.14131817295229143
0.12241319744119428
-0.2833661238776898
0.001469264961244885
0.1384765845754038
0.14758485262384988
0.14322418876266524
0.006353145903996337
0.015992494323711026
0.0900393440203639
-0.17390304741390475
-0.28617187892899393
-0.05155478978614266
-0.10259538241907593
-0.07807491134342731
0.04207806600547026
0.12446725064174811
-0.11550688662769536
0.20433582225905428
-0.2955486698107311
0.07575152928985121
-0.057760576978924755
0.10052393364985375
-0.04671868591805454
-0.07087485445375201
0.28821250492218853
0.37553803946367564
-0.3985194406267105
0.1949634930524309
-0.1537047943965992
-0.05952082125198621
-0.2387419345615358
-0.19223422907812532
0.23734279734020583
-0.47482774568998226
0.1658679914997463
0.090644320069991
0.217559153159152
0.09537984553588032
0.04781381821067244
0.04267388508192325
0.2245795329071854
-0.024843419333854515
-0.15648873429313787
-0.02274750952216552
0.24758725584026878
0.02297774590251132
0.24222639242247787
-0.05689048256525084
-0.10238769818160506
0.422828189896813
-0.25484969202255997
-0.09972295637681337
-0.023867284872469044
-0.5128227321691898
0.2121209089948629
-0.5530738084400496
0.11424925081942577
-0.20209206028187263
-0.08240127572545902
-0.12540468319765988
-0.523213766905733
-0.02999647004981903
0.11068832546161667
-0.07977035577085215
-0.03755697577459693
0.27053961285653094
0.4800792457740515
0.1987426859876825
-0.14806411262670674
-0.0719826390336596
-0.203820966699486
0.176041978926338
0.2691618667683225
-0.03906283293173052
-0.09756358317795912
-0.13375136377716906
0.023267257951939693
-0.19338016769376448
-0.07988241802154539
0.12057406033872124
0.11378833374398875
0.19716186115031262
0.158668413460703
-0.02669584072499724
0.1932078298077622
0.17560150655956538
-0.1331312029317981
0.21238104079402084
0.17737334877317726
-0.22226831652001625
0.050268827301680474
0.1366375405782976
-0.0025095439552257097
-0.09137702625399727
-0.007173214734171381
-0.06696989493193117
-0.08762793041233571
-0.16602057862299976
0.1325160871075633
-0.1876332690353765
-0.09587617711047731
0.08159425460466029
-0.04988838897585154
-0.018705889646123332
0.07985713017947953
0.07930687266578439
-0.22208437225424382
0.4404379056657696
-0.1289320995097461
0.4077215231041776
0.06721014734186749
0.2236621881919481
0.432963164794774
0.09376519930438498
0.29731177961596245
-0.12974861080646358
0.05894364736369712
0.09233649664705937
0.0508750221338475
0.07769106644787903
-0.08240619516842368
0.1508074216316254
0.13461484424884407
-0.10734877537667074
-0.3589087307689753
0.11223909632822897
-0.12583805517358201
0.05143855845736987
0.03569703216977688
0.40371154201393666
-0.2173229256692986
0.042131276841401714
0.4752500862481059
0.680552477295343
-0.02088260061984902
-0.2389970154509627
-0.24802107575180848
-0.027499048430109564
-0.44379701388397974
0.02385268599770293
-0.15451164560314504
0.10613603829457738
0.11905591657891042
-0.05651488153451378
0.13910120215786823
0.3527815748371886
0.1909278008817276
-0.020209742287973266
0.2841910317773768
-0.0630023242357577
0.1529519490612112
0.08161896406390319
-0.6633897195242507
0.2093467334026586
-0.8440750317825535
0.0035351269192997973
-0.10777337806464864
-0.23957720187451706
0.01275817499196848
0.011192337584084798
0.09377390451645731
0.23396563878762414
-0.07107119578379333
-0.03178832781407549
0.024392977706881817
0.5060555317966301
0.11037243547215429
0.07447108278782187
0.029850040012413627
-0.11555153740856189
-0.12679490584288
-0.19923875304565675
0.008719253010489038
-0.053539980796147364
-0.01979421202533307
0.09394536670772144
-0.06270586882835852
-0.24744027110197866
-0.08072807634231784
-0.30723341714944874
0.2791558742026432
-0.09288186108372955
-0.1542557954277995
-0.04023039074488644
0.3305268699143741
-0.14516953514233882
-0.11315310575162507
-0.00226052179445969
0.01275866854200792
-0.2070478710736147
0.021904005373483797
0.15439092723248046
-0.1509395534350116
0.02295791818928271
-0.14631840795490833
0.21869515848168702
-0.12706148328890504
-0.2126390294559351
0.05226547471079099
-0.018689234482808955
0.074095203941622
-0.2803154701186966
-0.4418480004206222
0.2623384065814859
0.3009292348017751
0.20018214001023427
-0.10714617181866895
0.5047876462605432
-0.017252907111145414
-0.33330564397540074
-0.0017930110186316392
0.09796044705481571
0.4261873611919002
0.24139378749750745
0.07158078603467302
0.1667998460344935
0.16979440800276252
-0.07439052970030127
-0.10927052059769514
-0.0884482213341613
0.13977584501249588
-0.09380207697836883
-0.03277450157139991
0.1342449717448216
0.010477867863665011
-0.002532348428433069
0.27015127230359787
-0.2085501328061388
-0.2313405846802058
-0.010541316475924581
0.02791409198680198
0.08864586483229017
0.3608227970749729
0.25053698934811836
-0.030521547911644773
0.3945186694330102
-0.3646945950348763
0.12132534796055156
0.20514771190944778
-0.17726350704695432
-0.27565871670693504
-0.1893842305497962
-0.04176342433978995
-0.18536620870005627
0.15956762475401404
-0.0026384013195772434
0.3136007694850824
-0.07722357225578963
0.3370192975668019
-0.23310331174099702
0.028198858822950708
0.16882912451333515
-0.07398314946932914
0.16309498337593079
-0.19542158354799508
-0.2375441115724142
-0.09175416836240884
-0.0862217449571317
-0.0066415770794322265
0.22408659360354247
0.10851902199760165
-0.1146428754841069
0.14578427796296237
-0.2742955506826186
0.14625590598732158
-0.20877134999782207
0.1328168701165432
-0.014212566668525748
-0.02312175110136309
0.09402914006261048
0.2038439502830498
-0.17328722593364143
-0.007192812990165324
0.08064242814885042
-0.11732157468217522
-0.24574091235332504
0.13820194217734738
-0.3796454394946508
-0.296505725405781
-0.1322705081663892
-0.38632517554586426
0.09285052739386196
-0.00903117232055998
-0.03384706308351664
-0.5048945821722456
0.28795543777471944
0.08442248543699579
0.2539525540328182
0.031857172335278044
0.048211358008548526
-0.1931392939144059
0.057637956615325406
0.04412756792065453
-0.16470848587618367
-0.12744313540360055
0.04046335109670818
-0.1371815483591308
-0.08213687045730218
-0.20372929200740836
-0.08209920113174671
0.22302982963200765
-0.05662924437861021
-0.17864793083939665
0.06242067837406471
-0.10471681900979378
0.07686282375465016
-0.023021569279146906
0.020717137313963702
-0.19021495600035176
-0.10283004702322505
-0.19991980194448777
0.3581774299358856
-0.11035213716983763
-0.04260406774419126
0.30508286238470467
0.17629868687712696
0.1350607229018159
0.04288756843094237
0.24445546008426772
-0.12645122523587896
0.27195352318602733
0.006497208973214369
0.012094698624462658
-0.23987122553762485
0.14666477947550982
-0.09441395547965852
-0.13100824892918536
0.07106699540353693
-0.3827358233973619
-0.02762480137946661
0.14559440794806008
0.10908007033904975
-0.13595239419989613
0.11990920101033448
0.008517172560172414
0.07528939566578334
0.12874149574366736
0.5344813371975451
0.11486700008961405
0.25893408486356545
-0.02675090336678671
-0.2388932738600948
-0.07878064071560228
0.25967322330286396
0.09616479139316396
-0.11497815573774317
0.018670552718890787
-0.17493091519807621
0.04598283421111496
0.028968848176773372
-0.4476868323354706
0.24370166266074325
-0.2539994255162227
-0.1444933437911133
0.08694935544880142
0.14226674141421744
-0.013438485662197049
-0.1510996632327089
0.041421748903897916
0.19876028083311778
0.15673351043053407
0.073271400499272
-0.31136368940380493
0.15282908108578258
0.21475417646280365
0.06101038680720609
-0.15205097544777785
0.2698501014558138
0.23546422136499726
-0.08874305033543893
-0.1414705911518323
-0.36115044310371386
-0.03909176567549354
0.34326649053295183
-0.10517153844174121
0.03972943413582355
-0.3581183221314265
-0.122279026504263
-0.1871909437022183
0.06673137855089749
-0.016010227475868926
0.10001962250663651
-0.1092368488269349
0.17071848171728843
-0.0795932873548301
0.3325326729853128
0.1699778988134781
0.02999285030071114
0.0112809306793058
-0.05257922515114453
-0.17177187352982018
0.07261968242910237
-0.27941494476099704
0.05321926305646572
-0.19856729226772793
-0.07333631228855396
-0.1645616502121432
0.046106433216866465
0.05607678298963505
0.27731711086886773
-0.05818798369459216
0.01376614292369401
0.08677962972889683
0.05747291196605952
0.22121357159830715
0.2902070054156764
0.006497603067815863
-0.048707191772682755
-0.013431792163928204
0.1460484693860534
-0.20271893431731436
0.07120805562596058
-0.2939997058659904
0.06404858797344758
-0.2391382485149219
0.18221764808059154
-0.21026913746985085
0.3137756818518846
0.06875232044742578
0.17341624475962458
-0.22283132625605415
-0.25243939725893083
-0.006753337841626979
-0.05159051852594797
0.17051857022634004
0.1308234542609669
-0.3269910695727471
-0.015332042167264998
0.09823730471628804
-0.3369733954744723
-0.43882558199442484
0.019215677337860438
-0.027073808944536246
-0.5093536508002717
0.1778334522195094
-0.3887222772501172
-0.07380334157876527
-0.15955439187305487
-0.08611711647144912
-0.059161566705300206
0.07744986025317813
0.1485871884081879
-0.22709653580618824
-0.04036788008970539
0.23434544498495222
-0.2283611292803418
-0.0426596836330121
-0.05765887803666279
-0.09016085090458541
0.009626033414472084
0.33487565159127475
-0.49195194550637156
-0.026464971366543782
0.05701182386377813
0.040415954383447396
0.09506288641715936
-0.05515819487703034
0.2527726557572427
-0.12867777522488982
-0.027738963642974283
-0.21838489813092243
0.28562983733090347
0.3553641307469753
-0.10535997520027952
0.0045372306340702075
-0.15884609418710113
-0.08437879992391926
-0.06965542921309871
-0.3203401728483394
-0.12568183339003697
0.061396916536130705
0.014814074593092768
0.01018830329669865
-0.2003846469307348
-0.1031664506022463
0.016672921011049315
-0.04279729946637572
-0.19819201316769378
0.21290315720099764
-0.08794195453248616
0.18206259041880268
-0.1302831310435321
0.061290791678318975
-0.07205450917606669
-0.01879318461308183
0.17345449562865461
0.1536031684523327
0.03136259076902857
0.17115590775452708
-0.06843174269154564
-0.003269855456142106
0.08387016310926734
0.030593172469598213
-0.1649755810665918
0.04022958247613268
0.15236577373715052
-0.031792082444732916
0.10934187606356693
0.11174253999016687
-0.03198809744293842
-0.06364187388383505
-0.22802907582347023
0.4001790559343794
0.04355841541353127
0.15000700173356316
0.03506833357141282
0.03771937715475971
-0.14673695938788775
-0.21562304846441566
0.18705869551060608
0.027651475684512636
-0.16211958696339873
0.06385577047200788
0.13831306393609527
0.13355887526018737
0.120811335713147
-0.09088653194349626
0.0749351450042195
-0.07218761455434666
0.3225502014877579
-0.09222891501015526
0.035035007351300544
-0.08632428507438908
-0.1674682047640481
0.1084312258008339
-0.12679043593365738
-0.4824115881190019
-0.2407052671332454
0.015356376274368016
-0.26580173202037266
-0.17038520061826537
-0.0012772666504205891
0.18267004202305664
-0.2642130369904818
0.5589787067495905
-0.37434148747596124
-0.07903958348324518
0.05053846085355973
0.19205308202726942
-0.2064380980774547
0.08945067613327297
0.2889721834079599
0.3924343437538153
0.16420958260236604
-0.03208890210923383
-0.146713627509273
-0.0523246700485862
0.10734398158600968
0.34996998593300677
-0.007109429803474267
0.1847800012866274
0.08698985017636235
-0.20235911395571335
-0.1819690810663515
-0.16784257706242642
0.08981718190719577
0.14212256230647857
0.07810500777307204
-0.12705332779915082
-0.13808547570098473
0.3400561544448451
0.08743897719332891
-0.023553688727727947
0.09527772495324566
-0.05405074909869966
-0.2668915618074649
0.29405365247606485
-0.2562006963674792
0.03429960624750884
-0.04849936189446461
-0.26797551435839634
-0.09874433283208132
0.19982260197695245
-0.3421168321047164
0.15127284866705817
-0.00042404146689813225
0.12063991621520678
-0.14468414244822764
-0.1077665532186785
-0.09880647984399758
0.025496343190197578
-0.027699070496571575
0.030787733301610047
-0.2215486165225251
0.24401284712852228
-0.5135987515319634
0.15484679952499938
-0.2947550014458247
0.11139533375359587
0.05807787338836437
0.04374593031875459
-0.026257246861086186
-0.12341247064298713
-0.14352647048354591
0.11512732956002014
-0.29277311777656156
-0.1680078397951729
-0.018792699174892187
-0.1980139111995702
-0.2025554075538151
0.12831716952544087
-0.12594086766693802
0.13049541932701478
0.002186055670879981
0.06323837519043204
-0.10976059789402517
0.07416319179795713
-0.12778186275554473
0.014856509745658287
0.12151230597789717
-0.022308856463011874
0.4832234148806892
0.23243777891226242
0.11279050548290055
0.17431182359194947
-0.14831060014063263
-0.3316157772844493
-0.068845048617479
-0.0386464762106829
-0.019384049367608822
0.04310885657351564
0.06472478469076234
-0.0903560998445965
0.050559258972677795
-0.01267039408829567
-0.07647169044573478
0.07329168189162416
-0.07512971303239299
0.014133798147201527
-0.057175845838271046
-0.09317045317274639
0.1203236366262394
0.0001943722778041104
-0.20176089902762312
0.04585479911594483
-0.09108290266235751
-0.11756715679966231
0.057310196151971034
-0.07832355020294443
0.08865138704654059
0.01343476074727852
0.04634597511567559
-0.0030975781807952548
-0.1961532148325529
0.2327041432108489
0.13584199063386249
-0.02939102184048415
0.010464555259922808
0.0375973131336092
0.34396946267529704
0.24079674115501148
-0.04228633694202215
0.0037660165524640884
-0.03796781803193163
-0.013934807081784512
0.1445774394065504
-0.0583303061809525
0.23129203803396087
0.13056588616504353
0.15535467174607004
-0.05506504720406358
0.0002781297406761974
-0.23677063744183646
0.24705046003403353
-0.25115625175306405
0.07438354163630716
-0.1509338866257458
-0.19547743553696367
0.13438057369464937
-0.041834193945639926
0.08009679965974532
0.05980843734872622
0.08167324410861176
-0.22097442921908425
-0.15408828837821678
-0.12158215543850281
-0.050674286847664264
0.047354164968483166
-0.04319906887156727
-0.03330893883172481
0.19979704242240476
-0.16745639339935328
-0.0884370184042797
0.040255205710363416
-0.38022819375495337
-0.11575602933408127
-0.007303310035542715
0.048289716210430676
0.03408803834020567
-0.2055424082272589
-0.03484674951351087
-0.2557266409975712
-0.008161405573317635
0.2016192164838012
-0.10691458112795749
-0.19717541162093027
0.02241975832561063
-0.058419933747364136
-0.615392713930866
0.3127273536498852
-0.47836126429029036
-0.08194401860849732
0.3065775178151556
0.1668036582256398
0.16287113186273816
-0.16212724277338006
0.05562431678479943
-0.30725897580547845
-0.17852366924391713
0.23849979842707322
-0.19046830202848744
-0.16700347439150104
3.85307577314441E-06
-0.041060431395003406
0.3326103907153309
0.07536478131083543
-0.1668229205837317
0.20618380857796495
-0.02983221873474215
0.15844607462574714
-0.03911555753858797
-0.07306194760450314
0.3265249419513608
-0.0986597647452351
0.16396794277784227
-0.10611285994567456
0.3196293537420132
0.07446756547170251
0.20103251381154777
-0.003758528362064841
0.11968058189733587
-0.32591660447958315
0.09448322822440171
-0.24058082932903638
0.08705371040996479
-0.24521872428182553
-0.04706154574638629
-0.00808879520412823
0.2838470111435274
0.03277946077222005
0.30773079590701796
-0.2868444912911062
0.4193029953236694
0.08535727902916812
-0.05963206144874556
0.1483437053791252
0.3269254175387965
-0.15117314767710952
0.21665676702955586
0.11580499092001077
-0.0921042693037406
0.19166074191712634
-0.13365266127149214
-0.32575136366414126
0.013773822836434909
0.11565080373792076
-0.13650049219730737
-0.09282607765782991
-0.016299036336052
0.0703853176127057
0.13767966188185538
0.021190099094412745
0.1891384071155665
-0.02014364578463866
0.41268273278591777
-0.03660310142691155
-0.02730676316020209
-0.053102549499218346
-0.16842720183880086
0.14966701181017375
0.10488355987404441
-0.016488629583601637
-0.40573093898319273
0.18536569811416145
0.12463448757918957
-0.15501625648951298
-0.06256511649819063
-0.08585026703604182
-0.14545304542880666
-0.29750724840287696
-0.16392248526534406
-0.33954882280125065
-0.029971074897475313
-0.09053553478881535
-0.11562403350064457
-0.09401959435272975
-0.23779381344664513
0.249969848513734
0.14346815768750146
-0.42625484004714037
-0.35753116784614475
-0.1637078651327695
0.3997368520337477
-0.38276456767318534
-0.547328278127773
-0.11274282153565093
-0.4733987368388562
-0.23350379374833372
0.35271085182078576
-0.6982936136230073
0.3407233560958459
0.06798737591535452
-0.1130578586848579
-0.430889952445093
-0.5593944762305029
0.2158115622864209
0.32348460889072755
-0.02593274237613446
-0.14913581156680258
-0.23011291515935584
-0.16176715816738155
-0.05774840338708126
-0.2972429367269831
-0.4114647809425307
0.024123962765118852
-0.49733493193462835
0.20718621774655416
-0.16229800011473525
0.07198720785862706
0.1240433948963974
-0.013827937435706391
-0.11649301646093942
-0.19948334107142746
-0.057927278701450396
-0.26420028014303515
0.08587169264703902
0.20471823915741327
-0.0928683276183663
0.21663682240147536
-0.10749192493955781
-0.05307999822686668
0.14168528660173307
-0.013587463954705491
0.23145326556256293
-0.2758869003284668
-0.0010686402089868103
-0.11332140422623604
-0.09013344600337854
-0.16612666735724904
0.163715719324936
-0.17005751231780816
-0.13044542402834447
0.18818113358758576
-0.051450019309033666
-0.13200094435691387
0.029541825776777
-0.0002740648020361457
-0.02044216883274943
0.17488995176528763
-0.12083651523533313
-0.16467741325473653
-0.048651375933197294
-0.12851731771731226
-0.2742235031966835
0.1540150640350051
-0.0371726805652676
0.002729962613654353
-0.18834697341652637
-0.2886440174210248
0.011700012099692542
-0.30568670986462604
0.16924180044219655
0.03625737517914501
-0.22817041165260388
0.04557128767772073
-0.08406469749655168
-0.23305530364602997
-0.252616800798893
0.16881571558017786
-0.19150218260760268
0.14146045566495682
b1
-0.01836875372976348
-0.018285282001946193
0.05294262408024909
0.008439076416430045
-0.025300400284847264
-0.01583219646821109
0.015081440014793057
-0.07358047517784994
-0.028351689699483328
-0.037832860895760434
-0.03938872765707613
-0.03990274133136179
-0.051311193233357234
-0.0908122048597078
0.0030404020428116876
0.0029818642413519687
-0.0006672107910678362
-0.032706289649426075
-0.045176979350327946
-0.05695162914701611
-0.03655280724604677
-0.010049979730846119
0.030239815998994155
-0.02078776044274288
-0.04670316814184428
0.01645844693538953
-0.019106992735872266
0.026810566438941922
-0.02508695884972115
-0.002999556563374187
-0.021593810400950254
-0.014549679176831113
0.03880939542817289
-0.02239737519823492
-0.033133568618091025
-0.039889105089344484
-0.07568246716422722
0.009134739209989895
-0.013912961346149449
-0.04164869107108015
-0.04715920687620086
-0.03663350903447352
-0.006325652208626997
0.025897677347651794
0.012233131364349748
-0.07221458101676327
-0.006358901869948438
0.021227346121526915
-0.03808893671884834
-0.015320787536285895
-0.003918206371343292
-0.016226627305226855
-0.030899388332299084
-0.045339478206527534
-0.08057584888400472
-0.02262784851606774
-0.07268587618157539
-0.04398146271134401
-0.055413724670619544
-0.028737108047362105
-0.06374214021393275
-0.012042277605347514
-0.0263271169434053
-0.05977657665814273
0.038602812267629114
0.005349333189413005
-0.02937414637927773
-0.05656716735116456
-0.01882721636066553
0.054307451648142595
0.0262084709360854
-0.07762891482228
-0.033964365120235235
-0.05677215625965526
-0.005875767234386485
-0.02702148102111688
0.013160639407628946
0.011377638847224264
-0.03235220919626511
-0.03425032570293485
0.005595729747758531
-0.03430045819408361
0.003296564932366298
-0.06530766429919463
-0.010239725300430646
-0.031249334934779018
-0.04386420258704752
-0.027911781061417916
-0.08588174798068579
-0.007112111912900713
-0.07553952940812793
-0.031300614950863705
0.002616512566605216
-0.048734953791845226
-0.0201458739036707
-0.01536504361257366
-0.018228560541894263
-0.07514752407724062
0.0015282779079871592
-0.027882629899933425
-0.03745318897562089
-0.005250361049688048
-0.08038273474757025
-0.045181596104952995
-0.03696404695934987
0.03942482941857454
-0.06165081844894441
-0.003942658192958641
-0.0483214831851677
-0.04010707054204378
-0.0004513725192781975
0.02183225999173546
-0.024130241541064416
-0.05305503496897858
-0.03201504710623726
-0.047414417792806064
-0.0364725154555444
-0.025156922178968616
0.014156496146484863
-0.05148091548056328
-0.016910517006327015
-0.01491188460509859
-0.05736154828856066
-0.06173214271250144
0.01292582162671966
-0.033933874121505996
0.00985807361764565
-0.064193159939269
w2
-0.4677782210125451
0.04170284423633436
0.17172870336549995
-0.3082196054755842
-0.0770070613232426
0.009649007577518973
0.18640085172675036
-0.05818922652443145
-0.05249076196715122
-0.2862114303097935
-0.3252199925295125
-0.18408860966221335
-0.11604896080445866
0.16198216801937923
-0.17391115613138564
-0.31035325582535594
-0.12898002203094544
0.07552247370049037
0.017215871812117742
0.26040578481505033
-0.14629510127466497
-0.21569503219883518
-0.04652817764890355
0.012627815669832216
0.06765589610935552
0.17123667993620922
0.34519515498032416
-0.24965814686085727
-0.0048431203585245055
0.043351780794028946
0.11220029838674707
-0.014994822502680066
0.1254689547826121
-0.13566141039116486
-0.32919551951496157
-0.08278500186592215
-0.2525510894641724
-0.2496568199914746
0.14385926430486665
-0.11836974571999355
-0.5693163213154386
0.0860685528223511
-0.20252401831947975
0.25424070761974704
-0.1431279069007031
-0.33485383685258646
-0.1815490936818624
-0.02747678332465961
-0.3888487537935445
0.3585229854047616
-0.17423087623634695
-0.2746003991207677
-0.06599443479530046
0.21383665282185635
-0.33982801874528085
0.09551733480748115
0.29094559333289466
-0.039269219173972664
0.15850118588916276
0.03082914650311041
0.06626380349471211
-0.10540427306063309
0.2189110149238476
-0.1523657779679396
-0.10710654471921145
-0.18481842415400726
-0.2344932253845514
-0.12663892668090598
-0.44186526952239047
0.022107846913578748
0.038054723398719
-0.2343480988952791
-0.299837817187224
-0.11011230662512829
-0.13535201514412637
-0.15468048440173737
0.1733532802808663
-0.3547584104036965
-0.0838135093936816
0.13293119426719047
-0.28710306966714333
-0.0507725530025168
-0.20107104929054695
-0.2564506661287296
-0.08017875631902939
0.1408516894799282
0.027164946053803596
0.2617728986227632
-0.13219475872635483
0.17529141574028542
0.22668413170340082
-0.13517897210865576
-0.3455769666155338
0.06553566513245872
0.2158384137040649
-0.2224666732427112
-0.12069383575772848
-0.03669089385396361
-0.16938099193680597
0.13736529607680242
0.30740355523557206
-0.2035049804226163
-0.24079762836447555
0.17286001165509476
-0.24453466637037644
-0.15794815082621938
0.1798709110263718
-0.07287499231400542
-0.08571027549512084
-0.2759779583088335
-0.41854974397983213
0.09867752009555654
-0.4158494651973679
-0.1672258393981814
-0.09420417355659028
-0.09967583551867261
0.17728635458719533
0.12825744209601922
-0.19567865438937423
-0.19416901368773365
-0.28003640989407963
0.08667427867836057
-0.03870356799849964
-0.12103990244161063
-0.0833122933473594
-0.29830958399243046
0.11555547165800595
0.046835572997872804
0.050002796145783
0.0031868990756410377
0.1669840954493119
-0.3028298418648889
0.1283578971528608
0.037042824064566424
-0.10490720551915493
-0.12671866419563318
-0.031837875930404415
-0.12727201490691525
0.037831526437844196
-0.011124099286789143
0.12359830144698597
0.08682364028580541
-0.1043788591719489
0.12971219532054817
-0.18950536213800778
-0.027308332734295736
-0.005550285334045613
-0.23710293434597224
-0.36022482810759343
-0.05297170720136504
0.1317026051105144
0.03640033890885582
0.01711317063309962
0.0882075970190425
0.15778093556693384
-0.022187141841748435
-0.14797520159256142
-0.25423625986247844
0.10203742883996343
0.07179259361511932
0.32669463377915076
0.3132826080530602
0.18697794838854384
-0.09848014753364717
0.3643927296844455
-0.08194755771471933
-0.0025917175450467485
0.03052616586872185
0.06749840277478439
0.013497729701690199
0.1827048475000571
0.002402362326260093
0.39135201146661625
-0.10918881841470321
0.048974385887081126
0.023079859116186274
-0.13795856833312692
0.09750986051766039
-0.09785629238623594
-0.21153915927810632
0.046658399059386436
-0.0863756032871271
-0.20104670277838063
0.1438787178703641
-0.03197804453620661
-0.04711119856613261
0.15037707766706776
0.024623269062629165
0.14946391013857066
0.13831554494194948
-0.16694100061400505
0.007444847342168569
0.2564635916050562
0.008256995327883524
0.044658021531719126
0.16575915609950573
0.1722933578997796
-0.4158199869208745
0.1684510247096885
0.06379135814445618
0.1884562568812154
0.13630596720638638
-0.0037175825766149486
0.042676393824905304
-0.05627263331375034
-0.05748594309818626
-0.15210525434996824
0.05837636812584279
0.020167643256391848
-0.016498508230104163
0.04044356802900002
0.015840624651324145
0.02252223935574653
-0.013696250602515277
-0.046081625373043035
-0.16664447377369987
0.053617922091632804
-0.1912433630590415
-0.07212096815990363
0.03696058829221181
0.02102751900609106
-0.13391149654397208
-0.15555590309029008
0.013362257403101832
-0.08425215043046788
0.04720035795422921
-0.0032706130456176563
-0.0013392658459091226
-0.041540692536282176
-0.036852631480110386
0.09363904066943303
-0.03628904825501218
-0.19747309918476944
0.12314490432168804
0.023341748076674537
-0.09072220724238171
-0.09706519757791768
-0.05594168273487148
0.18129919802204011
0.030882365535283264
0.17435359527881872
0.04820371983565339
-0.12498098066926198
-0.054170233660537054
-0.04567800549755025
0.010687866088956312
-0.027116920695930465
-0.016147527001298137
0.235592466286597
0.23574378053587983
-0.12385103741631513
-0.542105269991983
-0.0753432944895777
-0.2711656846150071
-0.1352198726109181
-0.210386263458138
-0.01215529117671722
-0.3379692181750829
-0.09326783117334622
0.10019675022658063
-0.17692252580885637
0.14328161645666107
-0.04342706086237884
-0.03619918552850767
-0.20149910244812663
0.06886687838664722
-0.009518475055689046
-0.19047859869646372
-0.00811645219199868
0.1473638685167508
-0.08021487910594312
-0.03688668603979924
-0.32126613227536255
-0.3953180913938163
0.07642694084405736
-0.07118484479008162
-0.2369773156609989
-0.11239380603788393
-0.06913115739021651
0.09682664798960658
0.06814187102001217
-0.19132149428627254
-0.09412980514747687
0.12221447100582285
-0.23618920668257298
-0.15398294857556039
0.05315138061265059
-0.19060334107826182
0.02908545609031962
0.0014599821462582927
0.07378938615834998
0.03283099748712739
-0.2183129469194651
-0.13986535964631658
-0.2168586892616163
0.09668990477339241
-0.05774478916636975
0.15154012286797677
0.08934303245454837
0.06390354433116278
-0.10033476289711728
-0.023700854914607977
-0.28161484181242596
0.028078756956947195
0.027727519000312086
-0.10039706294306797
0.3347817156651447
0.2744676999409663
0.04077768218027322
-0.15809836254951168
0.007312200268134115
-0.15932738052263856
0.02172539158434438
0.15730591812956926
0.002489763977146472
-0.2407192860708596
-0.17712420765021192
0.1080199370405732
-0.046633227627435415
-0.20763908945633464
0.18450648503101508
-0.30241979318571066
-0.2470969323882426
-0.2128932215484026
-0.0093162986117764
0.03975763926601359
-0.030290847460957147
-0.004241338669234323
0.05482362418353422
-0.040393808860811196
-0.03898123332475659
-0.050100648826781224
0.014584516439608876
-0.06961313521808635
-0.05776749414977072
-0.08571767799944059
-0.01174423799669913
-0.01123446174748576
-0.13098026975325092
-0.39214449212921537
-0.09944119809457605
-0.02058365658484558
-0.029575806059861792
-0.2759397003708072
0.12448410490520698
0.08998425552545078
0.3480407737975278
-0.09763852400396919
0.06360624753220753
-0.029021050963619982
-0.04227788513689342
-0.2570514130922972
-0.07479118447380625
-0.2519281585414845
0.1641209574390172
0.1655756403840332
-0.3024157513939327
0.29895650166774684
0.23361268239164942
0.25424650523188247
-0.25983404714652175
-0.08236150654513269
0.043459563127138535
-0.12526527357060854
0.18433832594542598
0.03337662630839776
0.19683364152503732
-0.0011744857034561734
-0.2385628943399722
0.07614794790669487
0.08110819198421014
0.09523031922328078
-0.06895193902284588
-0.05819796772596402
0.14750434368254836
-0.06083929522521035
0.06780975158655933
-0.09537159457682179
0.013729343910769904
-0.04116642029185001
-0.30498419134624954
0.1323165123950079
0.24846895737270328
-0.03294931571454598
-0.12610637281061046
-0.19988962138594354
-0.11972599042167913
0.01236159689316426
0.11892942975457733
0.12798429782341145
-0.11710400305531211
0.13211518929238636
-0.18298026933529188
-0.3629762840730813
-0.004012076571675608
0.18115110207181576
0.0011836001162223012
0.04605866371928748
0.10947142516832531
0.05160798508450174
0.1415257056522515
0.08662114628934174
-0.18127153360192566
-0.24900435981601327
-0.12213389877424422
-0.03480834085171466
-0.16012742836308347
0.06470973827249478
-0.055354981627086734
-0.12621532669997135
0.07144332728962172
0.007840571770298068
0.3364150177372976
0.278192393439393
-0.08437525187061501
0.09447177704457534
-0.012869838207308654
-0.04021824400040767
0.07236005354506563
0.06360764971862631
-0.24434510936100898
-0.03157555922300261
-0.2791811924789631
-0.004036974454639329
-0.2016354145347356
0.05366495282543633
-0.17760408793514104
-0.21317866044376588
0.06607654527375274
0.09008454572938054
-0.18380890840484848
-0.18982978764755412
-0.49087988113432834
-0.04571658947056424
-0.013386931206166705
0.25280180906696376
-0.02275404027530355
0.1061655128437654
-0.15616603003700089
0.07493112445143
0.0009551157675327363
0.08549672981232893
-0.03473709353540796
-0.27231509853717706
-0.010500513623032144
0.11079130979935294
-0.06516252628249158
0.16881714551369273
-0.0334619458137824
-0.025860568353044525
-0.08463968433571102
-0.04362519136629172
0.035435699538512916
0.024028166527224358
0.007791319838024686
-0.088325409451768
-0.02440057155062089
-0.04080618354353173
-0.049807575861605745
-0.07511918359959503
-0.05139397613654881
-0.08576273095482771
-0.07372724350502197
-0.048778028235777815
-0.1586722194050472
-0.1019955284489185
-0.025598652838691966
0.09203369386807003
0.0033116318631594846
0.07465432206697618
-0.07707746588923713
0.12135140793018001
-0.061680318554775015
0.06122205521798465
0.2958766946583957
-0.034398681231315335
-0.03362971816734991
0.02031988000130126
-0.03176325070312487
-0.0595784776694915
0.1084444622190974
0.1329770297661345
-0.1862155312250083
-0.021805191108603895
-0.015091496933817823
0.1311519715473186
-0.13008638576605686
-0.026403223117188852
-0.06435820000513477
-0.2429722580698721
0.17598375754522216
0.07524488009200722
-0.2349534277514245
0.058913438085153765
-0.14982178557690207
0.10199597139845892
0.020061801775351818
0.10055778449891846
0.07017250546429195
0.10054894159739686
0.03946549472970116
0.13905973398879123
-0.04652269061312491
0.0018013337775631992
-0.3025603003666197
-0.14288125477238944
-0.07198084238433858
-0.0060596799975740565
-0.10843478554465624
0.11497527232866614
-0.2490038694436895
-0.12399493262365056
-0.25943427893205473
-0.022996891207383994
-0.17583657179266984
0.19161895057298606
0.16354443032422514
0.05503242202426312
-0.13307661876298116
-0.09733846709631927
-0.13663176643394848
-0.08998987686460462
-0.021275135718988782
-0.006812511140287233
0.09238782631304597
-0.09429324123494726
0.06957952760088552
-0.1722686176836413
-0.12329465589880625
0.08531656897104511
0.32841977341935014
0.16740251942538922
0.03703965403528471
0.15325018893554934
-0.1597313837244704
0.19369473334079165
0.07190619859556895
0.17798530653698014
0.2363041935888299
0.08487502242899725
0.09607653543812805
-0.05237590079911677
-0.020015622369110222
0.07407319830672157
-0.22722634873135625
-0.09134827472751238
0.11489834970608764
0.19109186006561316
0.15584081374653033
-0.20922642682980228
0.04398663503734172
-0.11513585052772253
0.03673803463399626
-0.24544746863327854
0.1365043537780597
-0.027869949434568685
0.2247209112600217
-0.005392743822826544
-0.25983733112182256
0.02065992925189917
0.13407755589139467
-0.14307004592214626
-0.1996122765937041
0.10955766894416166
-0.12630919120309514
0.15701446069181046
-0.08718437333496797
-0.145510803655
0.04972025849285945
0.15818756982967205
-0.027084232656715324
0.009681085213513385
-0.013961910866052425
0.21075625493990094
-0.11697085192209564
0.048725822043660626
0.04182817051457574
-0.08451951387161971
-0.03654125582634136
0.15879683304905348
-0.0877157132004523
0.05475851451166886
-0.1500375742409569
-0.053028111407644636
-0.15064516934518765
-0.41454841997312064
-0.34125419057987033
-0.01003276510579392
-0.02032086196573313
-0.18003404724473634
-0.12232222438412466
-0.018684726855116567
0.06681256728533538
0.06960343637507613
-0.2436472636763131
0.07992657326107311
-0.2159955917334106
0.3287149387816759
-0.21372805088559185
-0.0322869877242751
-0.0822971318924036
0.04203160351900268
-0.08583590919413409
0.07295390564498556
0.019770758387277855
0.1513205506625228
-0.17391616518055994
-0.14896356589825338
-0.09597013866569706
-0.047746577006109264
-0.035093509092604
-0.07562447585715472
0.05233718724855983
0.033108542140325325
0.16617361937972724
0.21582162183071132
-0.3305188176007593
-0.2757308981209473
-0.0917960420717018
-0.43424118547454194
-0.04429747964060011
-0.06972711196395118
-0.03148849050515525
-0.09472595909524655
0.21509902319308535
-0.11047148278942076
0.02090130885293212
-0.24381476672130542
-0.07126482823038316
-0.04316825506322412
-0.0125030080318298
-0.06567786812194938
0.028003811132527947
-0.009794220136278186
-0.16058231574479237
-0.1439281075566585
-0.030362496486359032
-0.24300719021171802
-0.0665447372700371
-0.1606540959489554
0.03268351539201426
-0.1585603041129225
0.15014584964062344
-0.14793912439622686
-0.09994024763895358
-0.12812052982820313
-0.0580461893198455
-0.059098230599149024
0.005553050775617317
-0.03478083306369097
-0.2318740714982317
0.06315679513473288
-0.1606597991670579
0.003951180543477033
0.01705132067328556
-0.12332845826348868
0.22866612962670657
0.031061634387264923
-0.03028853704486321
-0.067007876199329
-0.12908853945304466
-0.18442401175853287
0.059226662285008315
-0.06474079182566268
0.08003407004697155
-0.06621187645016287
-0.021355351507020125
-0.018190004330263347
-0.23974897840681017
-0.2738345428023722
-0.031668010840753505
-0.22657519145380367
-0.08979375720359695
-0.0777021401320264
-0.24230452115268483
-0.2983248859335042
-0.3173882339133384
-0.052685182416130606
0.09062964759072811
0.0461089711634946
-0.06870788675676272
-0.1374884477240715
-0.3713762411320733
-0.1230880464222917
0.14707461230868474
-0.07379140283060621
0.020169310515365867
0.0019222757581623482
-0.06126851254799547
0.12166829675628331
-0.060572448485002636
0.09116822883791921
0.05830064362432482
-0.12180058375546146
-0.18969783808562377
-0.20504847618997876
-0.10047927817633213
0.2455184063731758
0.03925406775219613
0.09306001831586361
-0.18424535264210282
-0.1196842422449663
-0.027854768736946475
-0.013587472361865104
0.01154265340638675
-0.10201334400136694
-0.08537879161732473
0.012825672674446568
0.1470542496797685
0.1459741070562406
-0.08164294392752498
-0.28854250444103874
-0.18304129808762637
0.269658155373278
-0.07102512071358964
0.07405570933679917
0.07173646498045767
0.09127616022920433
-0.40457892795402395
0.08719046054790468
0.08138738137401486
-0.016652546092715794
0.0754160003327442
-0.19419043538335237
-0.13665404913474588
-0.21383090110948344
0.009326869863253989
0.3690294971624096
-0.2999864008757269
0.11237620495991839
-0.19088318379390812
-0.0908201921434365
-0.26337076443399443
-0.08238666515600819
0.056810064978971835
-0.23751930190342194
0.17663296880809473
-0.02652984081745374
0.08433864892254264
-0.159642882781412
0.03215645067352072
0.18922895181488478
0.0778773077291909
0.09065762810680021
0.023036799490213006
0.11922010601169962
0.22374220913549314
-0.24607124000527072
0.02055729501968704
-0.19859111587096262
-0.1798102831149552
-0.027182148917443937
-0.11993856512732928
-0.031119668434032844
0.05350670753092044
-0.2514951238249389
0.07029298421535006
0.18081329979693742
-0.0007858079906788856
0.15452919896734932
-0.09674893712815463
0.18490133640694734
0.08698776670713469
0.13061714148166056
0.013582127053553555
-0.056689442747861696
0.016998627446435276
0.0770615595610698
-0.2203962105057615
0.008686851098173826
0.00846360514399957
0.08903852565456286
0.05604136373966232
0.07863952730242943
0.0549029196224734
0.08183038210645212
0.11107350697221274
-0.21388208509403692
0.2452108516985285
-0.007623786893224198
-0.06034037859479864
0.04106814459768878
-0.07527698990566203
-0.07775213396818667
0.061715808069704545
-0.24719831880240908
-0.1164944604285175
-0.10718848010717731
-0.03051534868524226
0.11213002881161334
0.06624166377967397
0.0032195947978396994
0.08108851022662868
0.1057379346346963
0.06668987953594449
0.05883340871896529
0.16695900954459864
-0.10431449377800467
-0.011069685216238814
0.0745721357505782
-0.18409730210933906
-0.027323248040947958
-0.06271608167429843
-0.04027502005546414
0.006292330730169947
0.05947961555147936
-0.25482847641022355
-0.11492232663711334
0.13912909661151926
-0.10116849533087828
-0.03255490539402025
-0.056223644214032586
-0.0079804187638843
0.07683261520271034
-0.06849150079862158
0.10557823754391595
0.17059847443377213
-0.10622226202635228
-0.024433966604299123
0.17684924899567214
0.07862036220415727
0.028127744388685354
0.23115771589611542
0.009772749081137426
-0.09374864169380392
0.05569819547208696
-0.2161120752486643
0.2373536557973474
0.046331610657004536
0.11949134882899531
-0.06883564247355638
0.035791437778384345
-0.03166672448508454
-0.17148919954741695
-0.048321249426640074
0.13513391799145735
-0.13746889540252616
0.09236395634592554
0.05469527869089492
-0.013218910392779537
-0.01729887846107849
0.16127791320997306
-0.040395920003111055
-0.13920432548349404
0.09836886362430028
0.1537118061487004
-0.036222885567305435
-0.1877835415202579
0.03836546839025817
-0.1604537397822469
-0.06804325760893351
0.05127986534357277
-0.23598317494896284
0.07527948040089862
-0.08019438069589728
-0.19268185507491328
0.11982327980680535
0.028345990381370985
-0.03754670722282798
-0.09561977453489882
-0.08042633002601986
0.11729764481468592
0.28989467423336757
0.03805980506481465
0.2715064069437542
-0.07201569733193604
0.22235319596116707
-0.20049645034910651
0.13966155325335683
-0.20802782136985395
0.013155934101211738
-0.04531109889151486
-0.03832210099489648
-0.12368968397424561
-0.10819231193950317
-0.12388332666760435
-0.10743793349131556
-0.007998213001258832
0.08192454763911382
0.006058426075742604
0.1427012394011763
0.021297422049534793
-0.030513488062056487
-0.12738526384376717
0.12868623373441268
-0.11633420364173425
-0.07300695674799858
0.08803260210883274
0.1429721217267191
0.0038964646784066114
0.09780756012088292
0.13881201567754323
-0.0057440764235564875
0.06985963802257614
-0.17998309652130626
-0.04582833130946661
0.08213042923780181
0.008815463421325309
-0.035906478262028724
0.030977621328942585
0.0733467337183987
0.09296370493562463
0.2587345509468816
-0.15804527470087093
0.06186382196214297
-0.13673537279413842
0.11646498692225143
0.09281340029034822
0.1138118132282669
0.08860192524646786
-0.12943102289968636
-0.3580610161883716
-0.2023851885738851
0.021619072862481672
0.03870161914642374
0.17728465184346015
0.18975125147551916
-0.24449684688272103
0.10694915268196724
0.041087986438943055
-0.07560064425131831
0.001470170614189337
0.07635057636997378
0.07783837267241363
-0.11680505573319555
-0.06235858232397648
0.15028448730895658
0.03552846418628287
-0.006064963922679766
-0.012310832807672612
-0.015458790870828463
-0.1381852263887288
-0.06998134503570626
0.07965295175516701
-0.06624675591539404
0.24262562573686106
0.0624336124101439
-0.2579808879343437
0.08841348682346033
0.13803814979096563
-0.04679896811293714
-0.060578118289016984
0.056890311900586805
0.22307014547697884
0.013836457973077112
-0.10145947185565278
0.22568780306573266
-0.20980570137306156
0.03681380784576634
-0.02158069342623106
0.0023866072353851886
0.10204217561267462
0.2586125817623538
0.19092089989289107
0.1630377732793495
-0.11239583832355024
0.08103514621997511
-0.004918286532868987
0.024375654460499264
0.04632607139890458
-0.1178205530023459
-0.08673305331677318
0.060849320460506055
-0.06511976179330994
0.01613389681297243
-0.07088259272609407
0.13372321853938302
0.12903586277073573
-0.1289122343037559
-0.23570183015111357
-0.11546211852351042
-0.18485938970298174
-0.0574295972598613
-0.07599455040849824
0.13193253963104803
-0.010835765031383742
0.017435864012407362
0.28497403621251866
0.1660306448741053
-0.08050828225644133
-0.28315228289868904
-0.04340962327141892
-0.030083222508582152
0.04565143849560147
0.18836918071552308
-0.24742465087614163
0.06795712990706469
0.06182457891518515
0.05725291635425844
0.17284208132640605
-0.0688091804257316
-0.08114838884250714
0.19475494508837732
-0.17425726382453788
0.08575018759384498
0.10136382410653322
0.14983917415272324
0.11391777890326078
0.030812147995839697
-0.010415297628131164
-0.0625267908959062
0.039828505707160934
-0.02309179173416249
0.08828782187118042
-0.09206569233439292
-0.013970351244431344
-0.1727378914699787
-0.058386846124748384
0.13069372702291404
-0.15720828896951647
-0.27399428325562536
0.07417017184565568
-0.07465031600383926
-0.06714147557603271
0.08440357089956019
0.21728437976392365
0.19928870378188537
0.10344871711783106
0.13256542824567927
0.08463850491780853
-0.07237229127008228
0.1132860347523151
-0.11755532183913803
-0.04428847533444241
0.0005158813954576737
-0.053410961258603756
-0.5033029639763946
0.2785539922872593
-0.09622525953499064
-0.04755753782530964
-0.4441422544756723
0.28985383628867345
-0.05769813361175198
-0.015740188501392582
-0.0846144203902513
0.45958248983302186
0.067687263954074
0.25461483255611217
-0.010574021384418908
0.01176347103024796
0.2125535879946101
0.005240073415424203
0.024726193418373277
-0.395186755519803
-0.19682713354066045
-0.3253865504014102
-0.2214695894859616
0.20636615505771203
0.05203550307659211
-0.14110555027207494
-0.1340446249871188
-0.17253176478567
0.34034743023990216
-0.047638073796048064
-0.010373265998806407
0.01982823968932427
-0.28612122024657993
-0.1733797295588086
-0.20856231848105194
0.23273726026402494
-0.041674554726857244
-0.14692894191699096
0.12327383513143282
-0.10773344590087863
0.1489450245080562
0.07987474726774885
-0.31367442802254575
-0.007832292044028164
0.09202730305542835
-0.0364728420293582
-0.08014824136605925
-0.19441982765371252
-0.052456179348724666
-0.026335337734515008
-0.22027429037329463
0.013374571109030207
-0.06529418765799458
0.04197281037249911
0.040544500482853504
0.04181409934496671
-0.09333155380181536
-0.02301966240891987
-0.03493123404893085
-0.18171861356300573
0.02763157845293373
0.02870487904642018
-0.1819155337503174
0.09711037621523555
-0.12763638575165137
-0.056191306775192504
-0.21567461382656394
-0.10244454150623755
-0.16569332217910532
0.06698373038328512
-0.3255242628864367
0.02991721737063899
-0.09754392973619853
-0.07028464088458806
0.012277945570652307
-0.17644913900482764
-0.4366537373483299
0.10453335871576618
-0.09159558791257394
-0.3073508766380886
-0.3550720658702266
0.03322504745459892
-0.20357571540971506
-0.09007454786141293
-0.16410750971738278
-0.21172095982905975
-0.16133174528076558
-0.15716034433061704
0.13792890645984404
0.1467157385504875
0.07470225498248201
0.00667972817280911
-0.2923734774976006
0.15807548656753925
-0.13259510645014067
0.007371475803538931
0.2307487600801342
0.02225366175807096
-0.014230521811662978
-0.09474266879772879
0.20657625890829065
0.08241890794835734
0.0320070950789492
0.0384487010206279
-0.07649594825555474
0.0740744658048575
0.1502421964127871
-0.16378959196118434
0.05503638798931338
0.16129924866123616
-0.0830269405659423
0.1161726830216795
0.013596147159193755
0.16350376548663775
0.003005796564948559
-0.2422451727987994
-0.0787996343787401
0.12756228694302077
-0.12292006320905141
-0.0377302761083622
-0.003065951300836228
-0.17554468261835265
0.04955983970072948
-0.01371255335473708
-0.10560123027627542
-0.10686029166343483
-0.3207346333258743
-0.04452095712724714
-0.03201138638615764
-0.14035259499050534
-0.056032218049857314
0.06041400266641625
-0.09734064172960695
0.1069836754727539
0.013839789038071041
0.04387424291401419
-0.2602832829753416
0.14822429043127192
-0.14327285521199415
0.1558308154231475
0.16898157947167966
-0.17084383063454517
0.22779250265635095
0.20552927449143407
0.12545229031305435
-0.1672551332894683
-0.011364680412023917
0.058011575255797136
0.17118344841115246
-0.08395572662733948
0.06342597761950167
0.03777251240284632
0.10728745661085433
-0.005556281999006362
-0.2234112757676355
-0.19386550213547774
0.08771337667310272
0.017760762689892816
-0.12325128754099358
0.07329415162471056
-0.07696395688969598
-0.01561621439954935
-0.18989286167429759
0.036794078840763925
0.03906703961511035
-0.1493125935449808
0.17157028136507094
-0.06527653288859434
-0.07417865142479735
-0.1319741766060272
-0.08505727252484506
-0.18745177090056894
0.16559466558669533
0.04394008352139411
-0.12937316624811004
-0.03286518642704378
-0.023573447883333005
0.05313544981342803
0.08739491843055522
0.0633816792145932
0.03457190790594835
-0.08993612768930875
0.19947950752206292
0.3757080727370742
-0.12852861876959915
0.154822239698346
0.07195354107950294
-0.21720452483576685
0.08414556778364855
-0.0782174595401093
-0.10139307354913235
0.14670570869709815
-0.06565023277218834
-0.16258757751457484
0.0494129858278036
0.12856630196737648
-0.1616035184523237
0.11286159239632491
-0.04484852736353411
-0.060594460909818806
0.02388727017693047
-0.0996949995160141
-0.17246370765369964
-0.07510491515540492
0.05147427656802644
-0.09796867956454784
0.12395832077885567
0.2650224342459557
0.15804160528816655
-0.03741628528547236
0.11847631591907845
0.02442638378349814
-0.09342851766306375
-0.24795346096154422
-0.18773388028784427
-0.15709583765548946
-0.14521888965380406
-0.13323184413630884
0.036291457070905045
0.14120759988741166
0.0007948507937818863
0.010879909663245901
0.022505316940346517
0.1313022419521681
0.017867132857306508
-0.05038051933677064
-0.055109232915724
-0.20404063325008245
0.13627977811018124
0.10387671345061275
-0.08946777125416475
-0.037672950347475906
0.0772222596020414
-0.24154198493626905
0.1725032930076671
0.06444445878533912
0.2157458342444095
-0.07006382391768416
0.033058314218055426
-0.09460091866760548
0.04452441421670947
0.30622058552790765
0.05355094932760008
-0.017675890146988057
-0.16610078339880213
0.18775201711465664
-0.06066648917923036
-0.026785366140949802
-0.013886337452690379
-0.10321124017100457
-0.04431613388597225
0.09917937894908244
-0.006674158013135523
0.016916909837777643
0.08423063045810367
-0.06267430685141583
-0.008310204856247323
-0.17425948926292176
-0.3492377586545343
0.06390943178277574
0.028875712611031234
-0.004184542537779916
-0.2122866683452644
0.04021735217483974
-0.07851161934811836
-0.057604194131363994
0.08856739105936397
-0.3641732163890712
-0.08056704051454283
0.05214718670681897
0.11706195850589501
-0.03736166138542912
-0.23154886564051416
-0.07216776613159166
-0.04033396906581419
0.28492787530311425
0.07670153150689461
-0.21497503409613472
-0.08412451190028288
0.031864697547021884
0.043430276931511795
-0.3534069576342342
-0.042284422898515375
-0.012383570002140845
0.04946940483720386
0.16295991046746383
-0.032150601744399765
0.17985974582112188
-0.05677287020184597
-0.10984185470150253
-0.2087216911369861
-0.229704404934306
0.23329150472860244
0.03574288176107845
0.042200158507967954
-0.09378844638817187
0.015869112967596907
-0.018963384823750547
-0.08371029627182153
0.280287417596714
-0.03372557737272054
-0.02697392642338241
-0.3016785462684707
-0.07005839788775331
-0.03049209612513127
-0.180873689945228
-0.1295647856651891
0.10136570378656043
0.020988797433108324
-0.0781351483162157
-0.07125781345880347
-0.08195515960571961
-0.037651226105353076
-0.18096449966047917
-0.31134345729075413
-0.3092751580685535
-0.4595470640589724
0.21758389238814077
0.10451683758904937
-0.051558095766493124
0.020809160036895362
0.014645000153949102
0.3010204435824782
0.23684084807541575
0.18394461166764062
-0.14587593539355562
0.11897180188938693
0.14463726270375876
0.2527985455516238
-0.07785025838223447
0.10706771021651144
0.06482662395763851
-0.16804459394216942
0.23394973488559756
0.2718892087075349
-0.030835290259041557
-0.3978042099156922
-0.08583371390401714
-0.29082663121458274
-0.21369521117909138
-0.12061278788391117
-0.24457339943342335
0.11878878266376221
-0.06617197850690792
-0.14823640366093369
-0.15327134950247287
0.09200716427897337
-0.2367980371382087
-0.04275281234612039
0.15270092998828227
-0.1668066803488284
-0.1806664400931967
-0.133431044174454
-0.05917600992577252
-0.14262069601771724
0.10507474949149598
-0.35560708870183455
0.12551355814956738
-0.10173642485623503
-0.16132531629797087
0.048462870707722
-0.12913293218837332
0.12195627196550096
-0.1352119230879078
0.005799719190072368
0.2073787977326963
0.23772182219745958
0.04599374261509522
-0.09223253057749398
-0.11785479552119235
0.15031274961118468
0.0065451851223182565
0.0964438665006469
0.14753067418268573
0.010722282285634974
-0.0825531458814968
-0.1744669986047351
0.1483714599115756
-0.20631690919739457
-0.19296121508117675
0.010485822108367555
0.2793062915096801
0.13804445051833208
0.15448476385946625
0.013238655983149378
0.04723023554860681
-0.3084431588523949
0.006953956752318223
-0.11916440694610987
0.017652370876833273
-0.11110098263093214
0.0710621068757852
0.21274070689934235
-0.1146444648792825
0.0969006535405352
-0.037874808927662804
-0.06808888426236512
0.0542754277515127
-0.14618092705161345
0.04954160877127809
-0.06254259678729494
0.02756455486790752
-0.22471395907282357
0.020878400270833545
0.06158550459526348
-0.12659885854091574
-0.08548002590209021
-0.2987029046053942
-0.09185703980926399
-0.10690014086295095
-0.02371292293595195
0.15413220650729595
-0.242582692659885
0.04745622212926464
-0.2006864789563697
-0.010494884107283869
0.3275932391692532
-0.05053162497645838
-0.10202574212238541
0.08054210652331217
0.008237911326013654
-0.038800536277588255
-0.09056151021617137
-0.09190939162546356
0.11884263136103553
-0.06740483421118808
-0.009339226568597534
0.20898962269841245
0.07932649777062098
-0.33299441828219983
-0.00973553087171586
-0.3848777595852676
-0.23906570085796258
0.03237091725894875
-0.10476697574984402
-0.0519012256357763
0.21044288060032318
0.14905807819107683
0.16506810773672284
-0.3533153831305711
-0.19625434120303864
0.05587593841973093
0.17678470674450317
-0.04623462834019782
-0.09750396396736605
-0.003745811542826495
-0.31056527269602735
-0.22770057467158708
-0.08714710402118174
0.17715169728659166
0.06756750924608212
0.3066821548241145
-0.00604853860021067
-0.21064156295831438
0.09239103927424652
0.13054789717140297
-0.08209623093397456
-0.08620036730710322
-0.16735822707278292
-0.021234582024466653
0.01450550663445738
-0.03949104558512482
-0.006509430410506292
-0.18386215488106392
-0.10049656745698185
-0.3116654706996148
-0.09655203887929453
0.01619425072627008
-0.2741859033505047
-0.06858535414267926
-0.031021645542630594
-0.15177473630547353
-0.09995440560631692
0.05468127680075079
0.07837791381716779
-0.18288299201318656
-0.11101975933610232
0.17309808061848056
-0.021262650910312507
-0.20162344856738132
0.15888395930069316
-0.016883467656377032
-0.051224439500835696
-0.3518021059645493
-0.18598498801771124
-0.21800789354084588
0.16733718003651812
0.048937444340139656
0.06286644938356915
0.04049714069695724
-0.2705694939404702
-0.18492989759896608
-0.10771635912459243
0.03747180380652043
0.06351976236970232
-0.11995832674766567
-0.14131163997171378
-0.043547042593852885
-0.04279169002651959
0.13499295331384034
-0.22805588774674682
0.11384407938387095
0.18111138366879184
-0.04349630312120763
0.17866786822915687
0.26975856524324854
-0.00583864679800715
-0.023304659415038353
-0.08093288553155929
-0.07669959960698323
0.015193363997693526
0.171650871225606
0.07280893077645882
0.18364666197834725
-0.09162857017911814
0.029476053677441622
0.10475004980288238
0.07510121801658581
0.14912401847378856
0.07274474172667067
-0.007378485356597233
-0.19519121003234904
0.1680522881008745
0.13344236551158778
0.1503275722332622
-0.053272129480022544
0.006108732872918415
0.0691095394916047
-0.14086196266022538
0.18127232305593027
0.08306202616496822
-0.008080943922636134
0.07132169795316312
0.10501463163338205
-0.11599365621929425
-0.1454842939940008
-0.038683496272309395
0.07623515359010892
-0.1546933223989059
0.14729903360455174
0.1961916237014415
-0.08151016565573639
0.10730050911915619
0.22928878438764422
0.057200350048454
-0.1392545161498569
-0.13719681423980631
-0.03489354315517954
0.10979876997829621
0.15649882251709282
-0.2441951722000971
0.0009377982615035063
-0.1457097673551878
-0.16297901312834318
0.1186383330219661
0.012191643381641472
0.13624921003516174
0.10012965996844533
0.036486470212652306
0.15579551878119352
0.09925224653477015
0.03831763259386123
-0.06377657798263753
-0.1462258252032852
0.1464797707165397
-0.03383384400458117
0.06653344914654817
-0.03693880619853962
0.01746564945791556
-0.4146413412368666
0.15399987011651867
-0.04886573703639413
0.125633556351037
0.06799911035779924
-0.011152841093472646
0.26313705626617895
0.28004127078029817
-0.11079088009674559
0.03414838362657278
0.09187319841059055
-0.02605381334527172
0.23507769402430093
-0.07053793321062195
-0.13436804272798203
0.2559492207453488
-0.047860388421172864
-0.1132382278796218
0.13852323726657018
-0.11494465380794484
0.05704970128072587
0.039494439943414575
0.1275977135247577
-0.12578835855660264
0.004796189003372655
-0.14093078210150164
-0.11748217497692472
-0.19970051418514503
-0.1653810434730495
0.33279685140027765
-0.16965477099148424
-0.11861546919103219
-0.2200890246562907
0.024339156495651906
0.18111200705168562
-0.07462836845581419
0.22781523284393124
-0.10622808817091646
-0.01939510633154312
0.26858747795249915
-0.19995963485748103
-0.10307370387915035
0.018596797219016598
0.38873902889648154
-0.15027231148223436
-0.1053698611088028
0.06778835996053606
0.08970513275152373
0.05283661533942643
0.0032637727570421836
0.27632206004931936
-0.16084917069448892
-0.14858236048444576
-0.19088289944095102
0.08792721468532935
0.23719155411965268
-0.26913732062119566
0.0937354941503837
0.20777437697390766
0.11488340482359038
-0.2658114825490206
0.16016936807690635
0.03730774592282959
-0.12155873901299843
-0.019122918025791403
0.032211554162780584
-0.07650249624975576
-0.07230123208253854
0.02317759867597809
-0.19513782872968619
-0.14566613480460944
0.04413768072082558
-0.18344988686400343
0.2452998695599611
-0.11301120282214386
0.20141908595621072
-0.33465164432374195
-0.06412699479861839
-0.04470813723155755
0.020281171001356187
0.1686799669488025
-0.17228931075174875
-0.01618205866307682
-0.19209643331801718
0.07335459778726082
0.006630893084049008
-0.026605282388328818
-0.07371944559853014
-0.19531660091897324
-0.19018544705761045
0.07909045389945032
0.06498360128927119
-0.1219730498501688
-0.21325176096345191
0.22969796053407748
-0.05324044133858063
0.03588392046674526
-0.2578290779211119
0.1974587649938532
-0.20234696333041913
0.09118392887182933
0.0901277926662149
-0.15830243171421754
0.45253235315367507
0.13283712237590437
-0.17195961769184823
-0.12644771537272642
-0.10525073034564054
0.16636394403757884
-0.016321603305230383
-0.06816335957952599
0.0890704905421946
-0.19175416389441152
-0.13095838644213556
-0.1298411282509958
0.04900045391931677
0.043553221521426926
0.1097007595519135
-0.11305866245789525
-0.188309959690765
-0.12552581472172095
-0.12974455432703297
0.042871128022674614
0.11455156029466701
-0.06432213461945922
-0.21482035756982054
0.4084573822855191
0.09484441435536153
-0.012972421384112363
0.0648390022042374
0.07652903566355225
0.12177443929446244
0.0684907717789138
0.21890866960255415
0.12478526775868105
-0.09252889070241395
-0.09169346755452083
0.19655628839352188
0.026295170591385714
0.05802556564263349
-0.19482156798847308
0.15110297530108782
-0.15608896886709892
-0.11603199795920768
-0.22478509127598356
-0.15443764851081007
0.11486495627739453
0.27728688359351783
-0.027954730236839708
0.03442403841004666
0.06830473834097069
0.07666281197412128
0.08543671715215036
0.3897780538198676
-0.026447810685442996
-0.23816987879647997
-0.0725966897879283
-0.21478025625908195
-0.30431020744621223
0.0024842057028374815
-0.255790962696954
0.10551170403477891
-0.33958742562015515
0.12169397960834619
-0.3632920670500371
0.24071598291741628
-0.20715804881108144
0.21224094316541786
-0.10066785213680285
-0.005143868141888514
-0.3073614868979902
-0.015767820851585734
0.26116467347981104
0.011950318252367987
-0.14156555269822754
-0.1107556531616992
-0.011427291362517831
-0.08320729922212364
0.14146202714290337
-0.20198242043083092
-0.08110744680451754
-0.10574745650478862
-0.09292860655434154
-0.1643448261891987
-0.03530483368889574
0.08876402003457606
-0.050375501455378044
0.09363046525793313
-0.18160136437058808
0.04273896870383961
0.04910373151366141
0.24329862201776606
-0.04548401829056746
-0.08554533179790891
-0.2029318067457759
0.01257694837045562
-0.07376302946150504
-0.14524256355608725
-0.2739605389346358
-0.14692801049779494
-0.024754113707741235
-0.2523443420621185
-0.08455404472765343
0.06588326301971872
0.1315190323832451
0.07678536105756693
-0.0002736714442393394
-0.1272066319242569
-0.034651378184956914
-0.016528221002292166
-0.14760140369096134
-0.02963296846966218
0.039135318701253544
-0.0540029308148258
-0.13339869650539624
-0.35598747693757177
0.11146475226958526
0.05598023790509689
0.020075941171666913
0.33476417694470834
-0.018998491456555456
-0.22673097731580424
0.10423942435884473
0.02136064771584706
-0.03479915968679505
0.11131323956437311
0.11107167183881769
-0.20432108502323773
0.05094860391422769
0.06794761303828574
-0.1323623219929449
0.13087887992161168
-0.0649806199629863
-0.08962944014327749
-0.08895696996139545
0.10447730548520995
-0.11662176373063762
0.06528957402487112
-0.011211845353530111
-0.17883708460552383
0.055124197739079624
0.030238168202647856
0.16419271213527167
-0.014630176492569627
0.08112720982082341
-0.07547223015370512
-0.018774728479429993
0.032653095782989215
0.12776196488573235
-0.1630189437120483
-0.033737558490829295
0.02079244125372218
0.048369527951473
0.08746156372600697
0.14144265344336515
0.12929250499216732
-0.03636134972484344
0.13136152877131477
-0.23534235509149587
0.1881094574581874
-0.018965548656230218
-0.06474342780640528
0.13763188062648687
0.33726952495499557
0.08020077346202384
-0.17596950987472965
-0.017092764438849918
-0.072343516466054
-0.32184629326176445
0.072549528954174
-0.08872133428255394
0.06469994417572779
0.08784078982615037
-0.20993718684941046
-0.006288040836456646
0.04323272022564319
-0.473978486302633
-0.13919058614893975
-0.023104838477565434
0.023100722393220217
-0.00797776612659824
-0.08807744167552627
-0.10810316675975432
-0.3479775294890859
-0.065118749170977
-0.09513061120480067
0.1104372981989292
0.10344584967776141
0.05047597665796316
0.2826431677903264
0.03061774457370993
-0.20866309361652696
-0.1294936922573702
0.12453706586375878
0.21053570825827803
0.15211591455454238
-0.14501534451863565
-0.16920101381442632
0.046085799076805406
0.19990336292530894
0.20293719633921461
0.20315044645679284
-0.2215269718551109
-0.028373006949606285
0.17696858453481687
-0.11911912281808328
0.10985731732691009
-0.288567602301046
-0.08587510862922272
-0.20655928090775946
0.3558719342888533
-0.14247578767781785
-0.047203674308036445
0.01737146445968185
-0.12285854258613296
-0.08240128778761575
-0.07421860018040254
0.007557446563368728
-0.04061745990111223
-0.10198707568216893
-0.07982025389798622
-0.027008746555303453
0.2207245518501728
0.08205222200827315
0.03037096695677799
0.040990290009633515
0.19648892183291353
-0.07100855429362596
0.08646483406517565
-0.0757189346634578
-0.12865806707870903
-0.314451428592502
0.10970337905857486
-0.16146400739300523
-0.23963958915251554
-0.18946921585548548
-0.1711684864494194
-0.10604700885907703
-0.016336842112235458
-0.12679820766828134
-0.11213759755125986
-0.11715225877490398
-0.04687403957017627
-0.07770951633278991
0.07700930585183186
0.07005889628210132
0.10499324561207
0.0676123866032717
0.008013944717610796
-0.14940077144411792
0.034892810198223774
0.0788155063992178
-0.1833731260112667
0.10529591623682871
0.07394101198150042
0.05568738673202481
-0.008852684834449486
0.09208446306035867
0.4055068264305185
-0.040911121412563804
-0.26969805274776526
-0.21238521460320633
-0.153135650597819
0.04558182140075711
-0.26556304817825677
0.12556485282705668
-0.09215195541662684
-0.07469615905418217
-0.09643455222032828
-0.07955088782139039
0.30889324964606457
-0.15148171374951372
-0.006294710628337816
-0.17185153822130056
-0.14100075017766633
-0.14413885040272692
0.1413926165433235
-0.1290801910117274
-0.20226263966318944
0.03820356218191016
0.18890725528226937
-0.06309953385372638
-0.2230726681004741
-0.0765804871418995
0.020625926002027162
0.01419283569420766
-0.02899279228175732
-0.05240030731476418
-0.2142043434192349
0.2599163413274601
-0.0534669968995648
-0.267232950991102
-0.04726304837549286
0.09930601291384784
-0.08230407147771956
-0.11336908209733705
-0.08099112799532693
0.06917205001383493
-0.40498546065703944
-0.028243451472257215
0.125714332989649
-0.09595165483223257
0.09755427381168877
-0.030813071977238024
-0.4126099734731897
0.015709161108265774
-0.05890892952354221
-0.01840696253047384
0.11775221386725977
-0.19954449036715444
-0.0061114510069913315
-0.07688739868846571
-0.1760126235958381
-0.03415145808749709
0.18210311032689394
-0.01031422081905259
0.10944714323494636
-0.09453344217667001
0.040969164231572236
0.032535069362180015
0.004027813491750486
0.1426404005534068
-0.06738051119664938
0.01641661757862296
-0.15569032579533237
-0.15570870131352738
0.06892931690140164
0.14232225971506282
0.19463765537664152
-0.10293499969687352
-0.07568970110782891
-0.25183241657645433
-0.033204951994241276
-0.03313864387221533
-0.2305798772844093
-0.05474677177949317
-0.10945773101398587
-0.17206154903080534
0.4205215971130891
-0.1252305088126454
-0.08819758801226883
-0.0773423788553111
-0.008557875050399191
0.0752573116153324
0.11976810355002666
0.0526134176848492
-0.07632350567627436
-0.2904187661460929
-0.17629240717122135
0.03745652811744369
-0.22289889835259485
-0.16384904476823636
-0.29899677810528313
-0.0663045171526041
0.06664491102914491
-0.029308594413420104
0.09079956764603916
0.12483443422582732
0.03499973736503149
0.11035001906600035
-0.12480962730996616
-0.06675722472954283
-0.149617323687349
0.029345600404155656
-0.18818491788836983
0.44619301422016605
-0.24391375918444727
-0.21272798331952186
0.06014101549434179
0.25241716100229106
0.14194593877063097
-0.09800784183547658
0.0032073818043358254
0.20447921808115346
-0.12035653900169878
-0.07753903211338309
0.05843982710528337
0.07839731731900003
-0.1468082260663548
0.06195471666847914
0.1987096364588099
-0.0538767958920003
-0.03574407765395966
-0.140540811006912
-0.06503670183436366
0.09631746347441827
0.072686521242887
0.10830223302726168
0.39739173942942074
0.2066781971008561
-0.08345435674411808
-0.006446178785566762
0.10415585345829804
-0.032247631681062996
-0.3439012611848692
0.003911455195643137
-0.1496229986381418
0.13713657005675134
0.23591590844074242
-0.09091386389135271
-0.22569902926415691
-0.17694507985288888
0.31963552955791974
-0.1215964968955875
0.079716265032809
0.02507491676363894
-0.10150821047768258
-0.019452108807292635
0.04574721115176122
0.12929882798321848
0.01708700961111576
0.14100857112531803
0.2672414224759375
0.05667066261068092
0.17035192487649023
-0.12592727561836778
-0.06992749502543766
0.1436802474790531
0.035259654537809076
0.03416708729160743
0.21265913755641255
0.003771131923465686
-0.03746367407597565
0.03609541150850882
0.03449082444788255
0.16939659307155738
-0.10431765363688429
-0.033131922700464646
-0.07312033460860022
-0.1537612809287919
0.15060145993425808
0.05114012376629446
0.18883483739292248
0.08362964879761034
0.05622084408722216
0.19763290748175985
0.13782143843577468
0.0025508763533666524
0.21767123873193478
-0.17279291398984636
0.26912669332307726
-0.033269324129851216
0.29428561783210133
-0.22779281918257405
0.08202521010951447
-0.019263386293753928
0.19648849981127106
0.028630820507421426
-0.03360524553872382
0.05115613422153752
-0.07846903732756477
0.3349934995589253
0.048390093788535433
-0.22125481863381524
-0.1363157339270745
-0.04616626896805104
-0.22520610711904837
0.07775327795222789
-0.029302795279670776
0.03674674558424077
-0.18086537877029718
0.024693076973300268
0.16325897400587455
0.0842552957925809
0.08417760677834683
0.020822188911107577
0.051172440342674486
0.11902856908837722
-0.08471763142562257
-0.07552256804650767
0.07091750281405594
0.19764412254441682
-0.008508056584887007
0.14550427566041996
0.14459215726796526
0.11372122768150805
0.09147138194786236
-0.002326505121787095
-0.04211102907825607
0.09877392021193705
-0.14158201488381414
-0.15959687361153269
-0.007267454580392912
-0.056041151181245495
-0.11170905575443656
0.09578348053995889
-0.2166791284333601
0.009161762963122655
0.0003317860580896569
0.18168961427318348
0.121689406011622
-0.12303181603243905
0.05276620618367002
0.17400064130624399
-0.10865031048525568
0.23191129045313869
-0.14669944191263157
-0.06230770522489244
-0.062081656770426936
-0.030937016629728805
-0.03814532462898378
-0.06785335627557887
0.2737907293528327
-0.01082284442664527
-0.05619288537180372
-0.1797148112568552
0.09227261089562062
0.18284457398147297
0.06027192703637807
0.05965289789879299
0.020947633553587648
-0.06600349816640294
-0.04598885864055124
-0.02956821995630338
0.010153295782650494
0.17173048782423125
0.08429033427577508
-0.04034920890531759
0.03652073980536279
0.21716918812398636
0.08334390881930004
-0.018796206153343296
0.01717552658862996
-0.1237435794933563
0.057143225797516954
-0.09984256139261781
0.03785205195492768
-0.03143288132766473
0.13589192289527455
-0.030231703155303866
-0.018915809547964797
-0.26318714644408686
0.08627152308387752
-0.08797869207003221
0.05015251416927438
-0.17555276651102422
0.07857957841342289
0.07360595268608042
-0.08300505476565605
-0.06323327009968402
0.20084746832927236
-0.1288593213692087
-0.05642249770685169
0.18649821983669457
-0.1255246452402111
0.043360606480354454
-0.1412876118029106
0.11560380484187299
0.011701870165237419
0.03298116436874738
0.06985530738728746
-0.2216560059196348
-0.031050870673916386
0.08547545788616911
-0.051673427708288366
0.023161368191329128
0.07381047161296878
0.14902981883004005
0.060631289017435565
-0.09541741449714994
0.1131232951140713
0.028377244355594352
0.020378863864531804
-0.18970330589851092
-0.02905576371115618
0.18577961972451484
0.051987090848628015
-0.07441495385365107
0.046629927763775926
-0.05733623463401475
-0.04862528230670657
-0.019288689783029233
-0.07728404217482782
0.06279405422441946
-0.046655346267186704
-0.0778210162175955
-0.02152930024795906
0.13241832456389402
0.16108565860752116
-0.12699678070217338
-0.06429826163999673
-0.0722338357030474
0.11649442328812108
0.048993788161144164
0.028607622533527756
0.194679089114212
-0.055423161439610735
-0.09327457764855746
0.11242458466586751
-0.06608840048347733
0.09188364718742491
0.08877442675760874
-0.1717035221907714
0.07586202986401992
0.0704718383624393
-0.008682436141341012
0.09022462456809069
-0.14155539320393562
0.013539944558435449
-0.02064037107093344
-0.03147173240751572
0.020242772059630765
-0.12284982449209524
0.23550818069296495
-0.07984274618275057
0.0107686130292817
-0.046962649741684646
-0.08651010217549762
0.19749312642440336
0.10544927133180013
0.13310650772521873
0.08589123013744847
-0.18745644604950654
-0.1291969063089805
0.04455377147767773
-0.16584379349565784
0.1466927835592809
0.1123674994104686
-0.08303433011560138
-0.18578423955598034
0.08110550355291252
-0.13510723169311403
-0.1405144771352722
0.006384200480135482
0.08925357716423565
-0.00644565676919258
-0.0945707370465581
0.08659832680979845
0.037505471971161004
0.0072420346753776805
0.11594002752898597
-0.09608106629601076
0.006809217598696241
-0.1421443093190007
0.09349012243589015
0.11868067359562577
-0.09027080301275438
-0.012591600335716147
0.2463081618132049
-0.2515344957712677
0.12686032644681272
-0.30805480696435833
0.07417377407781474
0.21206832774216217
0.12017368982842742
0.0412595515419244
0.06657320332301545
-0.1223823092109875
0.15355919003616564
0.1075099067615971
-0.038230813445511644
0.0041130981945851144
-0.14639474349178067
-0.22122031483281948
0.0691115903415645
-0.08939356229364116
-0.02725675327776834
-0.08941559204806336
0.05371683756303137
-0.0669183773304315
0.2535856657238647
-0.09438982402590212
-0.05456472027703283
-0.07204871568111199
-0.0923334329181546
0.09317264288057309
-0.04741694777609839
0.07684696939302475
-0.020146389244421293
-0.03326281113043633
-0.12844903512546912
0.13254912990063078
0.10942581457330977
-0.014950626179913464
-0.036831607600184516
0.16627299136107931
0.1641088567373554
0.13453297342780435
0.07546824002721633
-0.0032987201798872216
-0.1890848072383403
-0.05968177828241111
-0.06717469071996739
-0.06982661599338953
-0.030094685256210483
-0.2664566495104795
-0.11794354399516312
-0.006318562692194803
-0.17498363198442882
-0.009872500824105212
-0.18103264804957817
-0.005034450537869115
0.0005419892882059008
-0.03511977651533447
0.01052764652733345
-0.07231865617888084
-0.1641655768496326
-0.11019338132506411
0.09832759415665712
-0.1285729540824372
-0.02979078423517
0.059042165682744153
-0.18373569991422728
-0.06140963517865422
-0.030807004326851357
-0.16132104684985704
-0.10922653615511142
0.004550783980189786
0.054261427389919153
-0.04335922611455828
-0.2171547792642058
0.02372181248451042
0.02247296809083371
-0.18492906630086287
-0.07582963200646263
0.02428169650305656
-0.039455180728613946
0.1914983771269983
0.06190149469941643
0.3870791460581424
-0.1429838061670807
-0.006692931290411288
0.25726679119580853
0.0482803805883733
0.05285650150646611
0.11259927447356993
-0.062945762130885
-0.026432600109557274
0.05697978920811582
0.015954894721465315
-0.24886339737883664
-0.021570279589517963
-0.23702145276061592
0.09133179299043992
0.19103321231622092
0.2347344079536092
-0.018837684537869402
0.11353562848005025
0.013901389262635516
0.13471545029112222
-0.17939183762254662
-0.03487600563155312
-0.1885704608895748
0.08016116903499915
0.32896844464377767
-0.18185042118426895
0.15524589051230406
-0.15681403085113144
0.06939336405368644
0.07062909180036288
-0.286497079391972
-0.05610073503405044
0.025499090353462196
0.025891048070502246
-0.12958349544119796
-0.17698241537904397
0.22715861840542154
-0.003520450765495344
-0.01815977221971629
0.1010458272660503
0.08139085486154454
-0.2898107631966208
0.04201774178173082
-0.15083580003348718
-0.15339063479802975
0.13697780145789729
-0.032759031613794475
-0.2559073826338717
-0.08104494001334074
0.08408474886161975
0.056199284392793605
0.019835769977403772
-0.1520544927561833
-0.07483967738051317
0.01674815359197246
-0.02238450281438904
0.14975623793845688
-0.19514775397510475
-0.25409658668529017
0.03309660003907976
0.2811447614148957
0.08928667572250229
-0.07949405248838515
-0.09341249517579613
0.2580758045904332
0.08602099641154859
0.06818361426978191
0.20934264761755955
0.13369206525838773
-0.012952981712723827
-0.22197218178972558
-0.11298522838382362
-0.09530303853535013
-0.15621275088945202
-0.2284339211178503
-0.12281904269238438
0.11118943225458063
-0.027072102426880386
-0.05586869262485336
-0.027626988880200463
-0.015618603428958067
-0.1811693012801414
0.11035042919052224
0.08250534461715453
-0.160337667256449
-0.14957943600873383
0.19658915988562523
0.16366348815129078
-0.24060298820556644
-0.006128708198655329
-0.08711700385191266
0.16469871169529626
-0.07572498235024816
-0.13775282801635505
-0.043010833773761754
-0.17821734841659478
-0.32330806915414956
0.20099131130391729
0.06634103952717453
-0.17264605119204274
0.029178759113977604
-0.07747628731402624
0.19832694107079743
0.0959672110439803
-0.11059369612711345
0.009045918548901742
0.2878309006435726
-0.2593084200163092
-0.07391208792011494
0.053488819817770955
-0.11117191047079839
-0.048845421100255575
0.08144837020455863
0.07130513049644695
0.19694523931843244
-0.09893530194962841
-0.06546187406089055
-0.20635692641578407
0.16606339487162636
0.014246759184701651
0.15776227005128704
0.11105602296967704
-0.07548091380663553
0.11229017977941079
0.2560864421217805
-0.02497310445749356
-0.020169012955204957
-0.03858483168852902
0.29622153601208817
-0.1383951334893987
-0.19641856251672976
0.08034746377380031
-0.08807455715624604
0.08236141238936039
0.0610275526981067
-0.03558756933618639
0.1977208506490284
0.02806648338988394
0.0864901247956592
-0.1387102676093062
0.023180671714306423
0.00142404112807443
-0.05363599611102906
0.0876320820243616
0.09302822473606921
0.10898513771328144
-0.0371581609859684
-0.2505677569722541
0.057400267763491136
-0.28890203938907166
0.01395031200957214
-0.18183119883685983
0.08736914649852441
-0.2289634825476158
0.008129577559026137
-0.11118267837131414
-0.15452401730951407
-0.0352942808695473
0.27755203368887094
0.05557397114545651
0.47526218501449824
0.15320928704143205
0.05367695089666839
0.3429408208232557
-0.23707343561833746
0.1788371044905965
0.10320035454219659
-0.07768823286353778
-0.23522555901280623
0.08782348584816879
-0.036611948641870486
-0.17570565013861278
0.02225080815342361
-0.10335888372344702
0.00734920995624684
0.35975503388047214
0.09719804980068882
-0.4905877362712786
-0.003463310729619874
-0.36537434579171096
0.2806562722683811
-0.24868757980636758
-0.04484665470660646
-0.0960717896880928
0.14119398432692262
-0.05682902374528742
0.10310778323618836
0.055054410027933216
-0.021680681854159865
0.05473960199767041
0.07910270572719343
0.34817770367969114
-0.03388659158854103
-0.2104557867634013
0.0812744679959087
-0.041951655530413516
0.08731445973393867
-0.04200296267725901
0.11457948346848607
-0.031291959821150496
-0.026900586220270584
0.3293866704512707
0.10404149159862959
-0.19537693079589735
-0.1160825591282366
-0.06614256353675556
-0.2639216639856865
0.0662094457008771
0.07416375884776119
-0.2845821516355345
0.20733703882459908
-0.12910541437996112
-0.17549165416131005
-0.2578596352217115
-0.15573080445242732
-0.10995496446723278
0.2944060696644842
-0.3747461590721946
0.2896847722608526
-0.2215496905524773
-0.0905572048972759
-0.23275162323186452
-0.061464295767141554
-0.16406063634141133
0.07225616702401583
0.063102405169786
0.07227685264683753
-0.15443806024168133
0.05277372902520137
-0.18791728182979994
-0.006769490754725553
-0.07451860183218717
-0.13768223858321862
-0.2673884599831096
0.1721424525625573
0.18735753484335158
0.1906891603209291
0.02323357586318324
0.13302728990103493
-0.2981645300850436
0.09304727835316894
-0.12446790801484389
-0.03519935184937173
0.2359859722095897
0.08944941391202993
-0.3068431835920225
-0.11935717792203561
0.26458956964918734
0.04830359084374341
0.0794164002996961
-0.12941056203042153
-0.12366282040498552
0.2771294611407734
0.327425586935016
-0.21372221794931814
0.04849305286202074
-0.19202301420656875
-0.05381742084044296
0.07126078886071678
-0.4036004075790388
-0.1499173283554516
0.05629817083990642
0.05192235897003441
-0.1542678586117021
0.1303782125779177
0.05875601935612143
0.39091184358649755
-0.07351811532016884
-0.10552442274682325
0.0018329874320983878
-0.17354611423558622
-0.48034413665281706
0.015792251784180106
-0.20811130135300562
0.003580407985333299
-0.2337175649233446
-0.1277000473347263
0.08176277260881318
-0.19693420184945892
0.2132203599325273
0.0613594590958556
0.17926962081943754
-0.04056571974777515
0.11895024611492316
-0.028660896885390565
0.02042649241787935
0.04417570980464426
0.19422172438589047
0.03597446825593323
0.0315337303854597
-0.2835123698085418
-0.28067635443800765
-0.02897724851827798
0.13960318564186758
0.1850876393138948
-0.061456905222305576
-0.1605126020543676
0.033131999824507714
0.040480486762436124
-0.006738380028064524
0.09314432897075851
-0.0019839046725447823
-0.041955584432473284
0.009804201048456118
-0.16647450803567657
-0.10606165102253126
-0.14961162777796672
-0.13889746272364933
-0.04587680470718555
0.19452032650213708
-0.18957472346552948
-0.10630974694801147
0.14579654863600724
-0.12745349367131856
-0.04937234980012447
0.13224873041235988
0.06355535419707414
0.03127403944612849
0.09235047312796806
0.29758655789201893
-0.007991420760529371
0.09675150470157301
0.1679834418006076
0.16677932873334705
-0.11913370322649137
-0.0724344538242564
-0.005052841418652806
-0.19398694976696884
-0.08205592298653407
-0.27616562084185986
-0.02494994894345624
-0.06385416575174287
0.20605456481622558
0.02959439331013428
-0.22183461458411458
0.12740298180654602
-0.0769982785656747
0.30355410666994836
0.17544931965701524
0.09619129260621694
-0.10917789956409235
-0.5447114512178454
0.20672011510952046
0.18568409087193402
0.2068868806442789
0.1809798404753288
0.11100233461322703
-0.10136957967604682
0.09811599737131466
0.02540533415412737
-0.02723579795425322
0.08837710466220539
0.02803661880240553
0.06516679065050907
0.17805696973610136
0.18026016010567433
0.09363463817002803
-0.13648015089934484
0.011575642334493567
0.0795805776300793
0.2106884393420866
0.025099576452545725
-0.1580210341175592
-0.05676896948538134
-0.07805932701999636
-0.08352308389673609
-0.010360288597204738
0.0494162816252655
-0.1095205653529939
0.07222504074074938
-0.28066027307216496
-0.09297620164869272
0.004712223327663129
0.2503821302196812
0.13817226479767608
-0.1469571718480515
-0.11087599761462344
0.17991438078948388
-0.02381825602025721
-0.07939038373197013
-0.21726098167269445
-0.016812482053331874
0.024872484525187838
-0.20494169660946543
-0.06102236795956406
-0.15606541718376432
-0.03381163183144125
0.05853667334278378
0.03513589724324242
0.14270109091876274
0.04570159751331018
-0.17946298010350004
-0.15889782273104733
-0.010975116344175136
-0.27085011956405164
0.19705334223098736
-0.2882067727569897
-0.08815767672133985
0.04223606820697367
-0.12080771159506115
-0.1545539880871534
-0.210368442991166
-0.27768290688268366
0.11486183967725226
-0.00799678722644709
-0.45118557736271353
0.001879312941006375
0.08375230980938551
-0.049328275378215075
0.13225836962808493
0.14191479214291522
-0.19587014934918295
0.03619280448139724
-0.02132564000483477
0.019294331031284747
-0.00667472724760544
-0.029783810069716928
0.047237040273187716
-0.01651066499626247
0.1350333182059216
0.012242614040213217
-0.028124948463481975
-0.24531328557251214
-0.15195181101997005
-0.07715917807085734
-0.16001050999922314
-0.04019029530204083
-0.1338105870402536
-0.03753310919057649
0.1228762322459354
0.08249942782438145
0.41568609134065776
-0.05347410216011153
-0.1467824306944401
0.26692239965891196
-0.23650383622093046
0.14587000505079148
0.008079656522744845
-0.06885727393886107
-0.23551904980556965
0.15358962843012036
-0.02933616592066504
-0.08558683287185254
-0.18173124740926094
0.015345673259762166
-0.06350815690977198
-0.17618156186903364
0.008731748287063362
-0.09959367145557371
-0.1772814215653721
-0.06125656307543916
0.14567325407682452
-0.16600635278036266
0.049342353563577704
0.18740225581759767
0.03966940684398437
-0.11618595809428567
0.14382041678997162
0.06920401928903624
0.028797837273156428
-0.09154825708007587
-0.09171244441879375
-0.04502618580834051
-0.16475270067599992
0.05897873670540787
-0.05099675759289983
0.09238682138758283
0.035093412603311475
0.024523736485058692
-0.01757107307247017
0.23921767244134678
-0.08955251765032017
0.1773325379474165
0.04883187656061814
-0.08093803830478814
-0.0451958757860256
0.19095493509265635
-0.10706280035010271
-0.1277176534330663
-0.048374081395189235
0.021843731954153452
0.0774290656533818
0.08699543701933417
0.1639211570135888
0.12261837515867352
-0.1142349376513663
0.05493098897731756
0.06756589525737762
-0.0973108907774719
0.05217218403369582
-0.08363488836288765
-0.028036940848151486
-0.008664806310410412
0.13683854107069185
-0.037763542909087365
-0.045644454168288
-0.10849812438538732
0.15267887805553945
-0.15889046459252323
0.142604725441758
0.03828692123342259
0.07795438238133504
0.18404256170262384
0.13498462271021108
0.15061532428110835
0.08250541430688514
-0.035186596964834026
0.04179429699820482
-0.14285177441638175
0.03879720508294073
-0.08861950831733939
0.0005047029747496693
0.20852444218911498
0.043059738243918406
0.019160586486071184
0.06680043460812583
0.0026534561626799036
-0.10701642856857924
-0.05048232085050476
-0.005287921150568551
0.13533406076898916
-0.0019847994196071296
-0.04462696608803102
0.052882718263900945
-0.12207319885133541
-0.2837580036555792
-0.13313487840983318
-0.3247892292145065
-0.0421469026345195
-0.15190033459554855
-0.1290272017381416
0.043334745358109245
-0.13496342849039325
-0.3170760062629799
0.20119301322287292
-0.2549750044647758
0.025715970586766414
0.24482803664363145
0.23792391956039288
0.027902046369080516
-0.006095596819597008
0.07841249724395094
-0.3644964251917189
-0.1313946406320895
-0.15049946266152764
-0.20250402740805798
0.1123982170891762
0.053111654105737344
-0.11019033223377017
0.2491065659142063
-0.06383781936631014
-0.2182191455683061
0.1136804137373422
0.1107928893399505
-0.09679811500849571
0.1575208645240973
-0.045958627457118206
0.26903626451656126
0.11890346700812755
0.12233144429818128
-0.16651852666033146
0.2013229685801654
0.06471543781475833
0.15100240955328562
0.020821566175009708
0.24609615335494367
-0.09859210264096759
0.10123388532091505
-0.17965563134507212
0.10826274156143047
-0.2680350613401587
0.14546059593951496
-0.09349952466821974
-0.004644787570173562
-0.06054188796014057
0.03533760172423383
-0.2606957798489344
0.12363528621897786
-0.0391488894585818
-0.008440147247158934
-0.5138071428547103
-0.28087812830803
0.11869413866128782
-0.19131338559567074
0.15631259597122157
0.035606926008518884
-0.1712654486540774
0.10406562708921348
-0.03653287184217455
-0.006362324556834865
-0.043491046901476545
0.07934483348779876
0.17145589376946221
-0.07941149232005107
0.028166416111344655
0.056024166288940726
-0.08112258937966958
-0.03778717336614687
0.10981216826026592
-0.0944714380078663
0.27004112544602993
0.0107343950283038
-0.11489619942131957
-0.05026235857606715
-0.06695271293770792
-0.26326171941408555
-0.12560420717935356
-0.12888501247015555
-0.040525050653534546
-0.16631384891128637
-0.02394516641212831
-0.015175425802395611
-0.057249535999196806
0.021703214274837124
-0.2278956943302537
0.06939908994547582
0.11021897434943866
-0.4514807163158594
0.3020509069227375
0.09984010303230337
0.47276851050260665
-0.04648740629693984
0.15306187073300612
-0.18773192049292559
-0.10766237688185598
0.19216304127797706
-0.18670244809705172
0.039291052723471394
-0.26307145823607514
-0.07459453642118791
-0.034162588623562404
-0.11011055654733798
0.06590105476065404
0.07268217095550081
-0.044545295039778415
-0.43624465002433427
-0.09950452930141497
-0.27810967085910454
-0.037579205363763066
-0.1141569583496545
0.037114825710343725
-0.026952681065634684
-0.2475547735029541
0.12644837435961898
-0.1404496069294653
-0.37068650593510083
-0.1310983827190168
-0.13435449716814216
-0.008201500971301031
0.10039939338468268
-0.10106198315559951
-0.14054202491983447
0.09793944830414841
0.054347743883173885
-0.006282051701865227
-0.03593314890281262
-0.017324772503564803
0.197832154307529
-0.05296203863271185
0.004501841819386806
-0.05762885106542127
-0.4096147407450105
0.21886726670048035
0.046717279315833575
-0.1568405806819087
-0.2624257222309807
0.0826913326919053
0.07752451014679372
-0.08681489708684838
-0.08927781996771829
0.00303751209873831
-0.1563935300351806
0.07950771169869834
-0.12620747978215874
0.0041272221128986165
0.4187733327233228
-0.05978546901295143
0.08504165826875072
0.02790530783606668
-0.20546288407029403
-0.273537339644532
-0.2203690947705866
0.04407793015423155
-0.08380234589190562
0.03982986579808599
-0.12009315430885038
-0.1357733368271105
0.3891086369773789
-0.05828159287819922
0.1386555241326698
0.18633360509629973
-0.32100447793080694
-0.2755761412082688
0.01539483720644277
0.14695540176766012
-0.11861706751230132
-0.057666518985888676
-0.19287554150239952
-0.16704330950789684
-0.13462202662645567
-0.06537789463840223
-0.3285428729825132
-0.09819644509931034
-0.20938667706620614
-0.05158956524792873
0.025369524151969552
-0.14834148862647986
-0.17890689880971922
-0.13613152768011694
-0.15117111330944066
0.30769153532571347
-0.1779573847789107
-0.05396217393331609
-0.0338565872931475
0.00701746153215744
-0.3090647034396525
0.15355390116175652
-0.026079833333153113
-0.07682021843053878
0.12221885760313225
-0.14080664635342618
-0.34245199512845564
0.2013611614852219
-0.07364515875023515
0.19737673609296727
-0.1545272977745598
0.09411191033964834
0.010988981454055725
0.2005962770564911
-0.49597210259597346
0.20741844598032608
0.11603731330967297
0.1628125883332649
0.05890928021084448
0.0032154380685009594
-0.45486102076769286
0.14199250910493574
-0.21919764449111165
-0.21817058601579234
-0.06462156468084099
0.277525356398069
-0.24571816524688497
0.09306463293217565
0.05047943148156441
-0.18070886444020975
-0.14274850036667303
0.02340423505820699
0.003985915520599915
-0.018919665009432176
-0.009151015376815305
0.12552454067177127
-0.032357420908644734
0.037601774362786014
-0.06880954586847823
0.028530776394877326
0.14575236300557062
0.1379662462005127
-0.052495998079180775
-0.04485567460770789
0.46997216279960824
-0.03792749512990934
0.0868816189637186
0.019998065847203338
0.10048608359237794
-0.06163217217688541
0.17328397209527965
-0.07505845990363494
0.17637730063547738
0.19625373345708688
-0.0289104314820906
-0.011966736040255138
-0.17441357558241125
0.020388224727577144
0.1358342898948726
-0.08333950444596341
-0.19443525055608632
-0.06204984257737364
-0.29724878054130055
0.06791998462521917
-0.02520483536442335
-0.3068351759904954
-0.1642832854622604
0.04222483547827124
-0.40407438755260205
-0.0803215324896538
-0.29204394978500164
-0.13283461226195944
0.008915978192652685
0.10782141806008495
-0.11266034644145217
0.26203917676663924
0.009817492095281724
-0.27674126532193477
-0.12080041925778776
0.015971717856761287
-0.10358510145001602
0.1008609982119513
0.07248682697364003
0.05938068097746856
0.0891497732020534
-0.025810277088570636
-0.014355925159277435
-0.20837054842302918
0.03125706359336901
0.28689910902616017
0.03791147567080113
-0.02850120057073369
-0.013664977861458191
-0.11749444105161534
-0.19364814445995093
0.09778083145993165
0.06449462252875239
0.2514713919029275
-0.014268692865280047
-0.11440002956817212
0.16398503166028872
0.08922682994888627
0.078510846944392
0.10547597953781036
-0.14134163647614353
-0.015388169837418808
-0.1335072659774563
-0.014857950454006761
0.12891820397763898
-0.07495752342919557
0.013490133521149653
-0.22115798353107763
0.04297427061138958
0.02893432584673773
-0.02594930403449522
-0.15004110912364604
0.056903471340834864
0.07281113891779092
0.001671766628017104
-0.1433973782779084
0.10279656780857417
-0.08660651287391107
-0.08941751227953317
0.10210849234781612
-0.07197815810642152
0.18653565905316913
0.07861798940786008
0.06248393153522922
-0.06738531964614891
-0.040716710359387134
0.21170147107603937
-0.11143180351140049
-0.2371395379020171
-0.2602109043421617
0.058741814732776364
-0.054308641226757194
0.002319614992018741
-0.036727415426319646
-0.0349936693345534
0.22224877605324797
-0.013281275028933587
0.33326610783972443
0.051735936123860946
0.1941066798408497
0.14380550213539978
0.07817226372964715
0.30464079923765186
-0.055013450502761185
-0.2463740801381616
0.21144385922243364
-0.1053465302243498
-0.06174100373522479
0.06731533545964494
-0.2093849892399121
0.11336103716074233
0.17657035281771719
0.08669563098631641
-0.05152966130320735
0.09456444466321788
-0.1384906270964451
-0.022966136768950908
0.20436040408458592
0.05567377006702342
0.05488565431974276
-0.012286915231720517
-0.013131306780544008
-0.06012932968178122
-0.14756993754540904
0.1767002648987203
-0.14781042701696265
0.0016517044261356356
-0.05336791714293624
0.28403665670334394
0.02527225416825449
-0.025596342983918337
-0.05481812044856237
-0.15311265842680516
0.13183377878075
-0.03674943888787326
-0.018923120782504483
-0.03424765344274764
-0.1416270663427799
-0.058202638787999014
-0.09865693301893666
0.017373669200695267
0.18391556864202388
-0.014030508928906386
0.28829117960705386
0.16845786857162728
-0.27401902843290554
-0.08070842679353862
0.020173754317836856
0.030965597844240907
-0.11957621930785305
0.18570799473155625
0.02395442347836093
-0.3105015862044158
0.06462165016841068
0.0843898858042543
-0.051099087006331124
0.10349841192228153
0.07519558524024071
-0.05486883773641015
-0.11518502263142685
-0.23526712306032688
0.06807851732488923
-0.010444638758070614
-0.2613908043353497
-0.23520805095953246
-0.23864837127640143
0.037097230433342954
-0.09090208635614852
-0.02641513776704994
-0.02911267231489276
-0.13386142386196978
0.024612981724876803
-0.2969741092941653
-0.17424878372077673
-0.020798991011747554
-0.07590942381209614
0.01241943335597044
-0.1254949416407539
-0.15606702294790112
-0.07474836271422394
-0.23935480377290363
-0.07143078499761732
0.004411253733147634
-0.07548971347945839
-0.050234518666973545
-0.24685849402549923
0.0724909565917416
-0.010077857954202223
0.003852423058353027
0.13577940567776628
0.1168361029287591
0.12589368825577205
-0.1277591439652172
0.07312103163550412
0.13949249278563533
-0.029212106429298845
-0.05022425533155322
-0.04340824360081418
0.001772654337391257
-0.012800984765501709
-0.40146885085835715
0.16576308842252555
0.1610237677013892
-0.13674391909144618
-0.023051688619771256
0.174762446690289
-0.055371557627890255
-0.3250877169375671
0.0541283240303226
0.10061218215395448
-0.017252352660722038
0.04811312943883314
-0.21122456066921774
0.23391561518181642
-0.10665450463014832
-0.1606327216710167
-0.07039504634912347
0.15192694266140194
-0.021186896068567822
0.07528328359341963
-0.20179535927070208
-0.22541425599781031
-0.13054327117248904
-0.048037249001425864
-0.2868673989688508
0.08395170899168371
0.07405843775580397
0.07637871516886975
0.07294552017130998
0.08716596510819141
-0.00967689026771746
-0.043853844269889024
-0.07260094811918126
-0.028360016643993104
-0.1267978992373445
-0.13288310750782426
-0.15069278359969132
0.09950480098913571
-0.2821287605182794
0.09783872513416854
-0.00025177836700940136
0.11973295393619457
0.0596330766311049
-0.021471760373521165
-0.028599959884658768
0.20251964473435893
0.12689046491530845
0.04248806801106332
0.0558932854075493
0.028981449143358547
-0.07224467028223258
0.11812248682371686
-0.13591276379034484
0.1294335669122745
0.1747363884365058
-0.023451413591956426
0.2068266208948253
0.30461159806034716
0.07708784594956462
0.07190771345228907
-0.02401698090757139
0.02109908482978824
0.1598470244586251
0.044278883534527254
-0.052780873303064677
0.2737730416152586
0.07919679141654189
0.19570743417656047
0.1436386966529784
-0.21918860383748215
0.11253731884627581
0.16988734513395826
0.03514387909220831
0.16067165161799732
-0.11827827506654216
-0.06746653703920379
0.040846446477586645
-0.1085199147278242
0.26521961442173136
0.11073108247990542
0.08503359215428466
-0.03769869436210577
0.06284739661624422
-0.36480455172760673
0.13189892698527186
0.1262182694658802
-0.15146997294073059
-0.07870272479727082
0.12091932269476022
0.2694079601134336
0.2063468035255007
0.011671366113402581
0.04685941224905958
0.04368904317507205
-0.05022225734338094
-0.015529899566689468
0.008863256015450786
-0.06326816932791754
-0.2290597252602709
-0.4469502304833572
-0.38956380083777037
0.2465617044963835
0.14721841535649483
0.10409632176980191
0.03528302263637333
-0.09536892503894503
0.02820321050179526
-0.0072405126439842715
-0.05741018485447475
0.07944606983320705
0.12882657348789728
0.13723738890329382
-0.2699335692305772
0.10338034543871012
0.24248833562864092
-0.09043777217155295
-0.08836165415212396
0.20607481832893726
-0.18743703238849094
0.0822966029104008
-0.25389105853474025
-0.15995553349679273
0.06668470268863662
-0.21504250922124485
-0.10752775018841247
0.1075389624320432
-0.077264001307841
-0.15446441406802336
-0.10782656459358629
-0.02439273058140882
-0.31997182319221756
0.1402284607303697
0.09201635016413863
0.035115992038254495
0.15967227218310642
0.022541765988519764
0.04099675254333403
-0.046727871109852846
-0.04622153166946966
-0.23585883882797162
0.0628914453745259
0.10929537721778798
-0.2671880074605483
-0.09088548400308098
-0.018842852332229112
-0.2061012349880192
-0.07775561480273208
-0.008339191652378985
-0.028289330081801248
-0.08276922900899199
0.09394258149157689
-0.2951559968535227
0.07528579115231374
-0.0914194474527449
0.17102931299545757
-0.12508871251432507
-0.11928126044119754
0.19218789489947968
-0.09036965213653915
0.00885140061218971
0.03131214269350351
-0.4755324331608628
0.02703067832863567
0.14005920370657787
0.09206480786315589
-0.03683148938226028
-0.07774836842401736
-0.03450707718842483
-0.10592517137411
0.03972566267070301
-0.14767429815884736
0.09182757595756524
0.2445080728979988
0.20258462883950334
0.13169832322540406
-0.0040982083779364
-0.12804756647258955
-0.15901108619395407
0.15010484723288656
0.24483271643038093
0.06421085137610251
0.03437528584908787
-0.1910504422814359
0.05345949103356486
0.06939161209943062
0.10431129364791145
0.012603924538229224
-0.07584915706968431
-0.0568897037460308
0.23518632374003026
0.1587467215608747
-0.1447067966756153
-0.3495271025209273
0.11155619580591633
-0.10807967339584135
0.2053440216854142
0.11406958294353632
-0.18916686779756298
-0.22209687101620282
0.029564681833821615
-0.005489163979931691
0.14748378233098328
-0.32002360625043547
-0.08209194407235886
-0.07734605088292647
-0.05110198108522293
0.13008451406456015
-0.001094974861572669
0.05319803047509243
0.21901411945544014
0.1237620525724529
0.18756365494328966
-0.0025516944174680868
0.0753362102870828
-0.15007794127146376
-0.09321198687925919
0.15834641358333865
-0.004282084918277886
0.2624843383415019
0.08987899898401744
0.13325966090648916
-0.09453068877266599
-0.14391114996884566
-0.001196714300298232
0.18258686399963647
-0.031999583907742095
0.041544676134539334
0.20722125268269542
0.07872465650929589
0.0113673279605281
-0.15712756665219202
-0.058490369452955486
0.24913023004851914
0.06862000906672838
-0.018185054857977053
0.09627022543484968
0.08803088649398673
-0.05022830809637144
0.027390163360658956
-0.0437924555155698
-0.02548887953194782
0.10220276705693039
-0.24677885850980416
-0.007964898687691829
-0.06232150076170111
0.023236789611134016
0.0789437150366415
-0.05720608604587022
0.01015517457309859
0.2940352984073048
0.058504830568518476
0.08618852391944068
0.08620883316479903
0.0016030914947487594
-0.02588817323234421
0.2528577879007256
0.11344042528525523
0.05058528941165075
-0.08683465760694031
0.008545254757109688
-0.11092424647540332
-0.4021427769982964
-0.06728319581107547
0.15372476145260872
-0.08578588424456596
-0.2558295487314316
0.16477754424577906
-0.1797909297524026
0.12894503461174217
-0.06871223670540065
0.1969567055875022
0.13882879094713094
0.0428396048712549
0.014311293843602118
-0.09759074563325423
0.05114849009846121
-0.14367679251612497
-0.040577220132295144
-0.11600544405908865
-0.09592955370491585
-0.1373218527430848
-0.05904810528108951
-0.01863413938105686
-0.23279828137921466
0.059710080705063916
0.10562655325169158
-0.12498952367968216
-0.13094003112723512
-0.07038139363357329
-0.02222560335823633
-0.22054655886763644
0.041228113124094086
-0.10618413199875659
-0.2014803076097932
-0.08331122020175298
0.12258853147139372
-0.1394991574711414
-0.12508619534817975
0.12375732710678677
0.02101594875529137
-0.035909957641800126
-0.227459672598061
0.020441827776792112
0.29230802073987777
-0.013235169180893106
-0.043931770995770704
0.0308178317650067
-0.0552284162781978
-0.13076239838705417
0.2675104500477354
-0.005608322944999005
0.1323514382453207
0.05065688065611227
0.13835961257032037
0.07832302805797738
0.03471186284325336
0.055970275049457396
0.08291855449539198
-0.17215339431956034
0.16164685210506066
-0.1479439200302001
-0.06503411134732083
-0.16427246113927604
-0.08180171807166896
-0.19636246915293243
-0.16663664107294726
-0.11437376248885762
-0.010802115951237357
-0.059700998452790664
0.1105510287841086
-0.03893506202198178
0.11313948608474408
0.05981022477009392
-0.24501488969685303
-0.22112948641723634
-0.1255053689834578
-0.15786462035302481
-0.20414373161095206
-0.03176191071462302
-0.016446729969428874
-0.14479278937771234
-0.13379062936410183
-0.4005918700580434
-0.20068929399321797
0.008171041045193714
0.09150531933959166
-0.15666376527755083
0.24788595147453105
0.030636099249916126
0.2813982614503374
-0.08320337065255684
-0.019126256668119273
0.20917279384416718
-0.010817694244414927
-0.3209709229481039
0.00958941341087105
0.2698773663674545
-0.4150191152486989
0.2597784307057537
-0.1459102476865134
-0.16013547692778515
-0.01446977028263346
-0.2803419236973702
0.1285407820116197
0.07076163456596746
-0.11695882898175057
-0.014815070138967016
-0.1044326735776819
0.15858309069940807
-0.136956919905383
-0.2757143990303275
-0.08275192786144067
-0.3620976975880205
-0.03475875034573073
-0.3447854419752335
0.10746373685655966
-0.2021093037842909
-0.2062365688302444
-0.03650315768131553
0.016544747654144168
-0.18347680669717575
-0.17447027484587366
-0.3642079604198101
0.2158232627613437
0.07335526208776935
-0.3118626790376648
-0.24456052044016643
-0.24554875566305198
0.07055263880952685
-0.2059149202849485
-0.26960739333274114
0.2487273066671443
-0.21099640000798758
0.048980068198395954
-0.03445535118344291
0.006996164696983777
-0.6017762326994459
-0.3225320541095102
-0.22612091325755038
-0.19945217000493812
-0.019097916941625385
-0.007700354637824225
-0.03633687970703425
-0.05425748335158429
-0.24079459113413174
0.24932705001954872
-0.31741305494239874
0.08459541832934665
0.0013940036722750108
0.440319824911131
-0.30800109930513186
-0.14529838175297774
-0.20720467965529868
0.020813009086485364
-0.030353417233887927
0.23517122295448992
-0.18856081975760855
0.07728411735057161
-0.06398308154407518
-0.016632384591061387
-0.25060296305468016
0.12148008820081946
-0.012360151587155794
0.1353995275491391
-0.08738328462177097
0.016389396725930823
-0.1596117442960865
-0.08909731398622417
0.12078241782052379
0.2239085754123988
-0.013371118354611862
-0.024442564444259483
-0.1799536286514212
-0.143687211751387
-0.1356409977730048
0.024471052728099817
0.09125775421872034
0.18254492888237273
-0.060142400074157824
-0.1744491010920738
0.11931210375964553
0.11480976916859255
-0.04833388294514822
-0.04665413104788567
0.25586790016840316
-0.08802038178810866
0.21112897319238044
0.019819697713771657
-0.0098891444221192
0.03597738574750029
-0.2815021131155798
0.10960870946346474
-0.012647686752321837
0.1674139616027563
0.13746546325785564
0.08130483045015413
-0.10396622629130858
-0.19107115833172725
-0.060477594157660436
-0.12805177192164194
-0.039777717707296247
-0.03162864201785916
0.04275131467396175
0.43384738493887715
-0.14453503523314837
0.06278363991404504
-0.043874344985951545
-0.3200616343302794
-0.024446646472567647
-0.08196312036464119
0.03943129314631045
0.03603884328234361
0.16927288877780852
-0.04457666970018601
-0.11163706004310642
-0.07349675904038758
0.055016021573459015
-0.24411881318382692
-0.08259933358466633
-0.1242448264427838
-0.009346764014470602
0.04669914549649217
0.028211755948278794
0.19251986852703346
-0.008025694948503179
-0.04235732618240601
0.00565187085456066
0.11531742198681798
-0.09869392646063538
0.1660816483303241
-0.27651737335566334
-0.14128383178211298
0.030893487416722185
0.10783464601000875
-0.1429014924980671
0.07955565273411883
-0.002973794882222163
-0.12949426228054306
0.03834138006297829
-0.12167373772035603
0.13096306666235658
0.08545215520901218
0.11538346969880499
0.013274862758949974
0.011336591887385832
-0.02018759336211147
0.08511124342575005
-0.017658948113600744
-0.03807532189134396
0.16972038174632864
-0.11332836318649468
-0.19055180666487306
-0.06996568915308689
-0.10672987222069588
0.0899814805856678
-0.26669441254540516
-0.08870870070547632
-0.27124070904035524
-0.032191064280047255
0.08440025778420364
0.006124782197986144
-0.08183608962014097
0.2158722884603494
-0.013122106172972003
-0.12064967528341025
0.026527033702928266
-0.16543613517196154
-0.031634055457993415
-0.02818309252044351
-0.14873320126895462
0.012930655640499299
0.10810837534910189
0.10643918909986651
-0.2223725574634503
0.044144620891313976
0.003327376914159361
-0.36957105890781383
-0.12629043515265748
-0.13683529547674753
0.013398802441445612
-0.08291769717624436
-0.12774156998402608
0.1985625169705928
-0.06281314386737871
0.0303970293275535
0.036700673729260114
0.13722090909572215
-0.09906777547646624
-0.2687081373755768
-0.10081390526867431
-0.14635539673687564
-0.08150939422291982
-0.08256410951777646
-0.12454753449724423
0.13455444768432334
-0.007152080795630491
-0.06925926404182488
0.07367125607250684
-0.1011412416269758
0.061536259897953
-0.031111621109686967
0.12279799502411894
-0.03944089933636158
-0.22837521716937584
-0.06682312532303303
-0.38981242226547974
0.10699882140100682
-0.21428481378813283
-0.010566307997062123
-0.019988059547339666
0.2288145315767156
-0.1402629692718677
-0.1236701567261481
-0.18970409580975764
-0.25831269998189554
-0.026661056580584742
0.09289887617604518
-0.13599961557822532
0.06415773419458935
-0.2362274836744541
-0.072243493951274
0.02411816897589316
0.005406111911768053
0.09971188437149221
0.006033888254300167
-0.15315187508397446
0.034407641860410294
-0.038107871973796566
0.056128843629852695
0.16342509939443906
0.004786184722592319
-0.08214132204638118
0.043289163514381085
0.020978624330489876
-0.054986896065693056
-0.10775031784326711
0.0227151821562954
0.1428805312489249
-0.13174783202152637
0.020068529058257106
-0.052898823155943735
0.06036515002184587
-0.21193492296604094
0.020195819246485797
0.1621186291561238
0.03433562868161321
-0.15099296861117253
-0.09623207350203573
0.027342938669993436
0.0034684578005615913
0.04235759258043765
0.1335287794754509
0.018404435799389746
0.06843663535002074
0.03582526583268762
-0.1317172244323831
0.012470901413622787
-0.055897755849651704
-0.1282090208457796
0.07995598743284583
0.0853288012342763
-0.24029470949850007
-0.16421396378137973
-0.21071727925002745
-0.143668525451673
0.09424276035701104
-0.11334587173784769
-0.10016151188838061
0.010068208525929998
-0.06870286086305567
0.07987071926042232
-0.19065471978354215
-0.1784782715073894
0.062316020833222775
0.1323153504729897
0.08630247744139788
-0.18727432721503973
0.1189167656680331
0.11069309965753676
-0.0568708326453864
0.02724578370966592
-0.20801912135516212
0.017073009016667882
0.04013981479806757
0.036654053157993555
0.06976545378884629
-0.13878366113201418
0.13467393707768657
-0.07216018694036584
-0.13206076308218206
-0.004814945452040713
-0.04864523470989616
0.07243721225621147
-0.10027727374028803
-0.02511420839837091
-0.009760718292990384
-0.27557551921102236
-0.032767670026076764
-0.030630636967364715
0.07132878206506595
0.20110815428584053
-0.0063219660609301846
0.21924167689904797
-0.035611601655443914
-0.36332724413354367
-0.07431099365404711
-0.34865043190845624
-0.04982953108058266
0.012932234828422439
0.10956334285318664
-0.3006576093654662
0.04017781037972979
-0.1561086363557304
-0.13357155807810403
-0.15852828506842362
0.14485935176644588
-0.10160247917932538
0.02041627372665488
-0.22329398636242492
-0.11289294812856261
-0.005149071679017242
0.17506641494088782
-0.07670637549141635
-0.005954895817183095
0.09605982200269976
0.17260910597978626
0.07434165597157819
-0.06435122463985953
-0.3622485652236
-0.06943432838228147
-0.03526204057403176
0.010621171023549113
0.1929107431416408
-0.03306329757131418
-0.021566663846308478
-0.06226174307286441
-0.11451533328384103
0.03816721915857887
-0.004064568010146374
0.042031804324629184
0.138988530033839
-0.02179816903997421
-0.03814898623606647
-0.12571619797995037
0.11210258598194488
-0.12639294860365322
-0.09155079970930977
0.27763357478157835
-0.023224308567307297
-0.023610524123045765
0.03291582632683214
0.021536513217250162
0.15743335551985974
0.08074088591446452
-0.1825259041554928
-0.14804465414231063
-0.04211019992242978
-0.13975744085280656
0.06041972453047158
0.1134084133627263
0.22478974551827854
-0.0533416470633123
-0.2679704229671344
0.0684019808658903
0.11521001284773912
-0.1161130098320132
0.30433750353407957
0.19744272438887084
-0.04014892557580527
-0.05711022064717189
0.019779999457509308
-0.08742997775277876
0.0981306663057173
0.2225562512501069
0.21076541655093442
0.007777266423774749
-0.16898661113611624
-0.2734741175502388
-0.07054920708772756
0.11036556136746255
-0.1158489375644693
0.08309926652520952
0.18898532323894662
-0.015379459207810904
0.1960219650696624
0.09685877999077293
0.048621409808875596
-0.10343911069550002
0.27172913662201587
-0.11682992168654223
0.04379382589962836
-0.17888889923906928
-0.21618313439800121
-0.06755807833710085
0.08250096510251673
0.0506663762640093
0.15397855184697348
-0.05759784947906616
0.164281004728564
-0.082431097164629
-0.09238692775634162
0.2481716176894889
0.045911049111077296
0.08546255188761398
-0.13641532930417385
-0.011342997904806945
-0.06867915452547034
-0.33366812185061695
-0.09074355632397468
0.048513175653365895
0.13964382558342936
-0.1142131956389556
-0.15993191074055968
-0.0860868512487065
-0.19120232505005602
-0.13923041899446761
0.3454759829716493
-0.0989605329688259
-0.02023242889813819
-0.10352678552979339
0.028963597264763014
-0.07903452693159377
0.14574313122806443
0.1524232542599984
0.05540573430652746
-0.07828994159620732
0.20664505132922778
-0.10637794161481887
0.17934366693388892
-0.046380317510189915
-0.0648737634844182
0.06798237685212274
-0.2027446054453322
-0.016246584456242642
0.03633475135094616
-0.07086228450437854
-0.23571722340315843
-0.11504829456073043
0.05393756155370056
0.2455883758714487
0.02789631983908241
0.020047954133616198
0.0625620507871118
-0.13954875987221707
-0.1885408632394177
0.00804339768397874
-0.32699454242873893
-0.11727516114165455
-7.003061035056019E-05
-0.15157065190302096
-0.01067088342839447
0.29447045419239914
-0.044702111716016894
0.03997544415971121
-0.07540611888281973
-0.2172228620532091
0.015122642082992908
-0.0726209141047357
0.1668115256748078
-0.07274361566384757
0.06647968977276399
-0.14525096759383746
-0.057990890022265984
-0.13914376754654378
-0.20954861062380498
0.030548394593075966
0.10706866693314017
0.2665406745429526
0.0033877652963774925
0.07773372574306654
-0.19406761589339905
-0.026233635497743563
-0.04095029646522813
0.09383768904740872
0.07015848531123939
-0.2694453412885664
-0.01369461904654263
0.1664206298402356
0.0009309928027202723
-0.06447014605821956
0.17430048788150684
0.19712560229140114
-0.08942329929836183
-0.043580904604405564
-0.32100988761360244
0.08348113245225636
-0.15613474300145053
0.03760894968035853
0.3060487842129317
-0.035642611365055116
0.2044875165249126
-0.05646810521693186
-0.13605057578672425
0.19747998063813288
-0.16271193773341472
-0.014991385489249923
-0.17053272706772557
0.2325632130897544
0.035640194187291634
0.014048271600498565
0.02786963631922923
-0.15400648234800218
0.02180055657832909
0.003965921739773349
-0.06113969515209513
-0.11483469181689819
-0.0991800160716119
-0.050396633821723553
-0.2867321705479306
0.09965627299840904
-0.11042163885622532
0.05140058723462254
-0.03482311609980665
0.011273531587551518
-0.010862972091171376
0.02661436807259894
-0.15613875942666214
0.11731130338003408
0.047120516226415554
-0.04813899293576679
0.06574294976837729
-0.020028516652930844
0.05396584756040282
-0.16358291997875235
0.16522015302432683
-0.01367804290697551
4.002427851434819E-05
-0.12619866256970522
-0.03400626689079364
0.12618350954313542
0.17616065763945607
-0.012586620746703827
-0.06342873895108354
0.3541141575348674
0.11027792538921076
0.2635380781749717
-0.05344819157810928
-0.1423694640981088
0.17472352751062245
-0.013037228113928866
0.06511186330610433
-0.0974939023242696
0.051154945653654346
-0.02352087117081683
-0.011522198443964609
0.06893124020370911
0.0384550335383847
0.05666303977955086
0.15838683236339673
0.006411490416414273
-0.052822542687346166
0.032917562832559755
0.048253659453880764
-0.06051791681439554
-0.10176906996876063
-0.12359812956696979
0.11196738194548984
0.14834249446794803
0.01887261690282197
-0.03023713266308831
0.06904585212009885
-0.1379673665843284
-0.12998463492820211
0.022796976043228733
0.05824162634123937
-0.1261446008697644
-0.02362862637478524
0.1910754290732475
-0.12242747405034841
0.0784442568753307
0.1700909119338976
0.15012518557356422
0.17483660831932527
-0.09641713723703828
-0.08932504412833149
0.11534541089719866
-0.16162298661166474
0.05329144756816115
0.1180708913755534
-0.08200006685524978
-0.07406162898562191
-0.10016972249590608
-0.12784680753472347
-0.06644991806259815
0.031922466569441456
0.27168710664143453
0.13071675902307775
0.05126428989927866
-0.11601831436468985
-0.18884944700274198
0.0642390887707096
0.05615507511704671
-0.28019955948148234
0.27744857079944035
0.04143725062928799
0.16579916084757232
0.08153290914495294
-0.018646557219897632
-0.12858950822057724
0.1213826373458048
-0.1040238945545198
0.1362907157913124
0.17650069412285532
0.257650753322165
-0.20322670208322513
-0.012827996699961592
0.14185040445362726
0.026665528877020794
0.03000098996183736
0.09953068948533449
0.03397794630831013
-0.13235575935073454
-0.1284050255053931
0.20944603363844724
0.05684941064055937
-0.27281985402695874
-0.13265233908198837
0.06527207181911904
0.26066849735464837
-0.06363626539488826
-0.11926545423001922
-0.18475546947238403
0.12382868845648491
0.2719929399584334
-0.10059789928908446
-0.17814023213152375
0.15095697023219545
-0.004962111741607353
-0.035564849838937075
0.018629622647393287
0.08578769145358832
-0.05386518407248859
0.19098992121118855
-0.2174715816302456
0.22074784372263873
-0.10475594716143191
0.2239827691860644
0.16737871672594332
-0.22774870302802536
-0.012423149312603935
0.15430124900756104
-0.14123843401393857
0.023230676444059108
0.05308088811795177
0.012127751331077706
0.11405318745711851
-0.22138852618395136
-0.18514924275317912
0.11790318596395585
0.1198093911117237
0.08539548626467428
0.10169807138091867
0.06287860572262523
0.024430623621745102
0.03659640922312482
-0.010924196935565702
0.10000157440416071
-0.023915968903655223
0.22055412615379102
-0.12048916767152096
-0.025273094910569154
-0.009627421099410016
-0.007145940737061487
-0.16379651639460685
0.11700262813352022
-0.11118444550797475
-0.01611573832374094
-0.028535209865470382
0.039841188291948326
0.018961938837970305
-0.28287403796639077
0.0063040035772488085
-0.08903011044421845
0.3110929292225138
0.20893033155086047
0.22304411833112667
-0.15510842159244184
-0.06410197822872431
-0.17323211268120706
0.07434873070117194
0.21593694612308995
0.02992775726725517
0.04698691461046799
0.17336079593982825
0.002345312839722739
-0.024890154643470212
0.08867116174016484
0.0023951395346845723
0.013230411247683163
0.16421964058111224
-0.08394391993963307
0.018875773077700157
-0.051907568847877505
0.04300023525919543
-0.13652529137761824
0.05147490624732271
-0.07450879375761027
0.06633706341422217
0.009793329706247049
-0.08750931185627653
-0.13748968758992355
-0.00047987668945556627
-0.02411769708881897
0.020577213842514017
-0.23156767950697113
-0.11559833655618262
0.018201855917406234
0.07955559429764483
0.09255576863707617
0.16160161776628668
0.04505794493294568
-0.0009786959225507384
-0.09236494663867509
0.1400377521664487
0.014953832116755593
-0.24668024588368895
0.15306048844827785
0.13098083860342602
-0.12470520879021547
-0.16710359751490622
-0.0853336991052864
-0.13734761533652012
-0.03497669069369132
0.027539650354637984
0.1100936308732188
-0.1018912736630195
0.08260432433569362
0.1011888084749487
-0.07423687006990584
-0.026448485262852883
0.20852082300467756
0.014876470545810032
0.20928747201058245
0.0747466961847437
-0.13189586334921877
-0.11920051702172027
0.11985567136781394
-0.18957067821896434
-0.1400968899430676
-0.3411800528315394
0.006439940515757759
0.03497994851755436
-0.013981861612895753
0.1822798483732263
0.13678897484347055
-0.11616086558266328
0.0074104856095445135
-0.13720927776732367
-0.08289560545240188
0.20451050674333746
0.011096460785068296
-0.00607130381498278
0.13053392792953125
-0.027584379933099215
0.03882702280702864
0.1074033523246066
-0.18487651165479116
-0.016944423399705758
0.13981078049827805
0.04912809340326771
-0.001533010442802511
0.08491796987455279
-0.03523648512533179
-0.11733190256165668
-0.0835810039401394
-0.02890510220890263
-0.060878826886763535
-0.10956461919662464
0.011317727775821195
0.04624245923568535
-0.0796174828228835
-0.06570183009450424
0.19731266889290344
-0.1237205822380334
0.138773918361326
-0.2119326791916236
0.0027815690302878874
0.09623075940981787
-0.06303678500465341
0.09672715468180565
-0.3719202826929386
-0.023897263352991558
0.06652186506464443
0.015234875456762892
-0.10088785426325031
0.07380911196472037
-0.1839982618850281
0.10317055077766467
-0.1899012324157081
0.11842175427692919
-0.06725783414863286
-0.07341512981143686
0.15568347176913008
0.29548420590116425
-0.046201428674119846
0.2633238522796884
0.2304934496454658
-0.01592526012607402
0.3105109881288796
0.0618748917051956
0.012134858005232365
-0.03418002275377364
-0.07028496104135744
0.020288157229702553
-0.1034169767154342
0.008109913481640299
0.0796680864593405
0.05320553670126827
-0.1634011990991589
0.03296546788345757
-0.1338781157147111
0.13637328180346917
0.003443664365043075
-0.00013173293077552454
0.06802118876909831
0.04373468436648753
-0.15177283527138627
0.011537351403981861
0.1143764513546274
0.09158413439264713
-0.20554049400122876
-0.29010634689175635
-0.10311062648038817
-0.11032152687268257
-0.3268355116257895
0.09247329297118617
-0.0016751445934488757
0.23816454369196438
0.0787581589901055
0.3547258966851811
-0.2210485256429957
-0.06414120597006179
0.056790189987493564
-0.1907636909289316
-0.0070378870984776605
0.039292686644315206
0.032111963452771876
-0.365726660638127
-0.2806502966264618
0.019853802020498437
-0.1451762196029032
-0.021646382169808947
-0.058987594441658825
-0.0933630641530824
-0.15590491952834193
0.3243498395077636
0.08410798856080712
-0.039582121472982505
0.08616264630565544
-0.0018086237792504301
0.12747017249876136
0.028809701274419175
-0.0017911594481645847
0.008624601967912576
0.3015071130291501
-0.026817597336063925
-0.16746517625704005
0.15185356126485325
-0.05151479228069886
-0.006076500168097734
0.05039204927897331
0.1602583381801885
-0.19167534170953238
0.013947586929223944
0.11804290445446015
-0.11358316134229055
-0.22274004587816643
0.20590958379728572
0.03242032098430774
0.08451452993702212
0.10803974915582455
-0.12897887900667465
-0.03977377764294901
0.07685001758405909
0.09510643981028304
-0.20787463146842242
-0.08715199403639522
0.06235411506700082
0.14764592229726595
-0.015953507794461846
0.19463425546160834
-0.13722195306319643
0.016556734581142735
0.19802151985867478
-0.12418832620171111
-0.3083628500417103
-0.16147339228223795
-0.18884682148325058
-0.1647195965672276
-0.07868640932262216
-0.046301319678963414
0.05104240858757939
-0.0888529528158196
0.08581176793156403
0.1447400275766295
0.14426938795307293
-0.06420171446535881
-0.04593357818276486
0.09358470810055065
0.01151773731229169
0.13580856567297497
0.11441755889368732
-0.01579469993136544
-0.025494470640411035
-0.2861741939599289
0.11150250725650203
0.0513555471084877
-0.11431807886954252
0.15746515293765226
-0.1853243749774904
-0.21256249919395226
-0.13688587654940987
-0.061461816030196306
0.051967500069758546
0.04285961765549538
0.09816237987340591
-0.10452155445492714
0.09756408298810741
0.01461024435855227
-0.06558506447216852
0.15672846875791363
-0.07434591661429302
0.10455650997965932
-0.11158345120134883
-0.09805114188970496
0.1320433632051819
0.11472836677668763
-0.2624766528532449
0.006794384041755188
-0.1586028351004798
-0.056919137002069346
-0.11928078493459104
0.1697286285631301
-0.23630624614518508
0.03435541783372809
-0.14356795650843085
-0.04803695955479824
0.058855869551411956
0.044412579590526476
0.04083338905417929
0.0374431229611458
-0.1999084399889023
-0.10195998616413787
-0.017140338196102545
0.015856757775836516
0.031038781808345583
0.11039597106949835
-0.1008380375751864
0.11310956967154093
-0.10415468478695951
0.07610110945858549
0.04322761210744731
-0.016562776395287866
-0.16014137556654165
0.08413328157571422
0.02605158886958812
-0.19665155115518734
-0.09232225579399504
0.025194159754076403
-0.03224390365310326
-0.19947847095987276
0.06561589719710982
-0.05878105056944353
-0.04241536460368805
0.1327016979879755
-0.08699670281815389
0.08623006546058015
0.03538829147137994
0.11038028490125083
0.05954357087114851
-0.14974728870698878
0.15093795305109559
0.0753181900755784
-0.09654855344093224
-0.09812994999998739
0.026858266327051936
-0.10532433335559226
-0.06271177918144363
-0.1887383094900281
0.06499373711084871
0.12074985258187099
-0.06887258057318738
-0.05115129054110793
-0.0013137819184001838
-0.2066783389236282
0.15286910078950844
-0.079931368245911
-0.2618958598650112
0.04937387131997754
-0.1794232744476209
0.07339185401546582
0.06528541054519676
0.3248555723916394
-0.16273178932763283
0.07014579504495938
0.2508767798846585
-0.05910568510699957
0.037345667805779394
-0.018014074237261694
0.11758544772376213
-0.2969953993018676
0.01389870064450522
0.24855926816589466
-0.11836628985161768
0.20870503160120574
-0.028590942559143774
0.06905695599894064
-0.03800912523286072
0.07732465687570314
-0.030390556677280803
-0.22641985366810147
-0.04906986434596966
-0.056611696761871055
-0.13924887808607478
-0.19436892905230904
-0.03728809982106833
0.09719446072338059
-0.12667581440146025
-0.08551477763513887
-0.10789816928620076
-0.10328300491017574
0.33234530018226194
0.18290363357626463
-0.17076199355186827
0.1173288752776276
0.24245009618942726
-0.27929321868171586
0.12490165280740324
-0.07313605008672981
-0.04751455147320062
0.0865827386402913
0.12213499226623707
0.05576013406525481
0.06502608994753033
0.07911772706671133
-0.07120816767130325
-0.11972095022225689
0.10252882617056171
-0.09761629638730938
-0.01039070048120556
-0.017865714929946788
0.002548722350547696
-0.0030088574310737906
-0.05162181752492451
-0.13656803232027417
-0.16889061770710295
-0.11001382187518953
0.025627716470276223
-0.16951067728893754
0.03365045398651344
-0.23475219599483735
0.001189621348858605
-0.0011719913414494358
-0.05483745824424954
-0.0614251890388795
-0.16326763154533963
-0.01825315518674226
-0.17328775420959716
0.14732102757538165
-0.04684414687695399
0.02321927595794388
-0.08319867030379284
-0.11148978493266412
-0.008752415572835074
0.10959990675819822
-0.15077357691230323
0.034283523063158634
0.030118174864129876
0.15595398269758767
0.03095158055010906
0.09883000306645706
0.09130053990664093
0.007574732870635533
0.06495866210099238
-0.11719261756051687
-0.04924539360939662
-0.308616013164604
0.15268772398475444
0.013548726772531772
0.12140651479557336
0.22131043124942035
-0.07443738568680495
-0.12670294220714556
0.04379000156161335
-0.1508624665335257
0.02438550015646988
-0.012323699583702052
-0.01459226734084169
-0.042396789972051145
0.04533247908705545
0.0002930910026864512
-0.015671316911730324
-0.13408017036383393
0.006430942783150862
-0.14721187145740952
0.23644857184941656
0.03122740934361909
-0.0835588108945162
-0.03035416767637456
-0.09251349115234836
-0.07228210039255142
0.13207652002072964
0.14234726330913366
-0.08198243406242402
-0.157268458429566
-0.004582094910965545
-0.00308016761105497
0.02109216522541351
-0.05831635272835227
-0.22486086508061606
-0.15636618289309862
0.08512908156343994
-0.05117043234308975
-0.06996026637258343
0.04991877130024133
0.3242102233337518
0.02276257775533983
-0.07124553718173543
-0.031639236596491364
-0.19560193961341985
0.04338764349235426
0.012319721209761452
0.1859884936920327
-0.20745024660125386
-0.1620613200994329
-0.07354229449356574
-0.2050595101256306
-0.025367262454086617
0.03894279303295218
-0.06175357634562075
-0.14217468742092707
-0.0020426904491327273
-0.16985612758263802
0.02947115375545845
-0.04355061221935034
-0.09008220448594721
0.19902845639832922
0.19248143505764448
-0.2345558764858803
-0.34730351789739
-0.18306970739180714
-0.15846174811302938
-0.1515099653404224
0.1306374297781622
-0.17516706789900952
-0.2160381589686371
-0.03910128512682196
0.17719655678948074
-0.3464088286981936
-0.10622367876721907
0.11136349210605712
0.10067692960996176
-0.08627719245896436
0.07544104444341349
-0.17541810526758148
-0.007630736065978799
-0.10016436620477531
-0.3678178005560546
0.0462975833568357
-0.015112664144263757
0.1500466538343279
0.15045451397946202
0.15342331138631188
0.029323949716059994
-0.1415819846147288
-0.1404000773353917
-0.18134442932957343
-0.3118893563070073
-0.18305947202572517
0.03122827326985805
0.007112588999996023
0.05585254207642583
0.00296374382365968
-0.09520450509126535
-0.012868357114123005
0.39652849614922764
-0.08962192910504602
0.01732238689312971
0.2012046738482083
0.1459319110880625
-0.027320401679817776
-0.08914703528659021
0.03407250327315825
-0.07215163786442734
-0.02821436941047685
-0.1059026398526575
-0.1539676448284158
-0.039948635784018735
-0.030835448247234498
0.019494766710156635
0.05905302710086505
-0.014949406606967862
-0.030662025044526687
-0.1345457426516334
0.29894335840226266
0.04715859386403298
-0.3998534181225898
-0.10032219507655644
0.29069543983028284
-0.13176800559142837
-0.05011329722007378
-0.04753850156333633
0.02460493167663652
0.041267164412021745
-0.22409109378408046
0.2765382875376816
-0.061484577949527094
0.016319386487365233
0.07814196089722306
0.014267657279767662
0.10588453594825425
0.091772861952672
-0.5114585126103441
-0.23482060493060472
0.15693341714969714
-0.12364621721887903
-0.040515739109506094
-0.09145477537574205
-0.010766910343565252
-0.02740091324278173
0.2145838756331386
0.1415536860017276
-0.10586415890484127
-0.06280974912433955
-0.16808000363199646
-0.16594423831677915
0.06970036384625267
-0.1315010817776546
-0.16125678277264274
-0.021545216057857926
0.11315782280850377
0.13859918610531102
0.283692334743081
0.001514054051911148
-0.19680615729868328
0.07328442051504454
-0.0016812279291193468
-0.384842541796565
0.11430844400162612
0.029114381037268034
-0.12270248946747675
-0.04756113387323313
0.06660582533426919
0.10520146295729572
-0.014698290385236387
-0.044681833798235086
0.231951109365025
0.023495971826756765
0.08399145992031072
0.22698220936370705
-0.0009681867470983385
0.06427353336360069
0.26322485283408203
-0.15014438900266447
-0.2900558578732053
-0.05975375762936344
-0.016918165130931945
-0.026371260266707067
-0.04801945291066379
-0.24426736853307576
0.10650801769386434
0.03492144271136429
0.15434898176553674
-0.19477384839894596
-0.004886208061924981
0.24222034209729307
-0.12713213461027922
-0.020295284865827826
-0.0955257941035134
-0.14717654287239582
-0.04624533342921647
-0.11431970798324577
0.024299370405201585
-0.17351200298214112
-0.15504516270257662
-0.05551888934565776
-0.0015966485678216916
-0.03732851674096344
0.02354644541989467
0.012660391159230991
-0.1914134660509281
0.05818408436889555
-0.18930431160831462
-0.15611882729714555
0.30461456674240234
-0.21503955269074304
0.039472570221700344
0.14710625327297489
-0.09099856262036808
-0.253365318930142
0.04907741191462616
-0.060406243857126556
-0.1866533288365642
-0.23550132689090514
0.10743005163225676
-0.24250098163684874
0.016064933468676296
-0.3138492338364469
0.08647372533653117
-0.18194839584203806
-0.19696276861124262
0.3023623195104315
0.10333969227765774
-0.05048518680653718
0.12817044547146306
-0.025008759149003107
-0.15682555179393368
0.001483286153954229
0.15499318551637228
0.002684181936894482
0.09308164116481411
-0.12120817651410574
0.0817252670894723
0.10063985888518472
-0.14038577790910772
0.022159193231305913
-0.029335023307290885
-0.05263304851212985
-0.05035203172760024
-0.028885189181291227
-0.033080057587321895
-0.24446946124550617
-0.005400702420371196
-0.07442322815911545
-0.2525886459836541
-0.030911054500639558
-0.24410533105146703
0.027394698313298733
-0.08581861411014309
0.03322766766435686
0.18414957893513412
0.04902014592057437
-0.02682199769509152
0.2654747143764128
-0.017342477390484067
0.024763274643360464
0.09269493973758022
-0.2923616173600151
-0.18858703941560984
0.038141272159935326
-0.32123540948780355
0.015364153382878411
-0.2225133756968514
0.11279851056381769
-0.04936794232895333
-0.022391886220957294
0.08818059473460425
0.15361206202613972
-0.10983716976106461
-0.06768221311548407
-0.027964676900881134
0.03584377351045571
0.030235226196913944
0.06270729887079288
0.2720591374837054
0.14510302215682863
-0.10077776085380831
-0.04784441838734443
0.041643523974858265
0.165185789044892
0.11288789669215178
0.17803526901489078
-0.020975509101231388
-0.15440220440809624
0.031097281780739595
0.0055719661796147036
-0.04367552922892419
-0.0391295308470574
-0.1985821867225273
-0.02992280906240052
-0.2857870593753455
0.203359187745631
0.048168850747104384
-0.16577359561551924
-0.03520809573548047
-0.15083673365756967
0.28256873858668374
0.01794638573212493
0.133431834423145
0.2419285343864354
-0.12296055766734992
0.11851474340583038
0.1888597161182868
-0.14792073808355793
-0.011602066252338158
-0.2478124456423786
0.05059229767938321
0.1453394893774813
-0.038106361058489524
-0.030209307766978628
-0.169363502190139
0.004123609232519647
0.017588089964258338
-0.20268541489643302
-0.14949495695867915
-0.03874507224822596
0.0023745597214318744
-0.07989643859865823
0.29855389291448564
0.02019858628269055
-0.1591949168012096
-0.054824937083790284
-0.14290288909802495
0.006986079653758211
-0.08626188114537964
0.06091083489027239
-0.041787850581189896
0.1031699379526111
-0.02629439582484269
-0.1837840217831631
0.013243770704956699
-0.028575372056429058
-0.24710038151644134
-0.07777451404426634
-0.13194357208886723
0.13863222872310768
0.3377442306505558
0.1687598947577121
-0.021529867243138896
-0.07493645541444165
0.12212321997002983
0.00994146802872463
-0.20968356305826027
-0.11003984468450935
0.04255147124240659
0.14680645040297904
-0.015089849215466147
0.23356795343759715
0.03643581733337285
0.16846262091845884
0.13235257295810718
-0.195618178293909
-0.05575216833725792
-0.11084019928134377
-0.05221291443392703
-0.06117066794143913
-0.06847924223091517
0.09440048888905564
0.12189664591960034
-0.25502119095215375
0.12326675383660995
0.20875355754493463
0.16737161119339033
0.24940359079928484
0.031196694987068587
-0.006212434621144964
-0.06593413982474333
-0.3009745398766574
-0.03769148502005041
0.036198445908542196
-0.09082870299462761
-0.07226969354288561
-0.007555113267614125
-0.19702749958010737
0.14927628374247265
0.010896530441233393
-0.10493313428987988
-0.055956547130138604
-0.016356195597330325
0.1137369989531338
0.07474086974387227
-0.02674140041691598
0.017505863015037
-0.05313278443770831
-0.05468557541444215
0.009714513717827146
0.0030614364172595263
-0.19320579290008613
0.0865389391977707
0.07937877775073038
-0.40536447147797106
-0.05651841692834278
-0.040343359090097425
-0.06255775151822927
0.16698891161226373
-0.12091656876040213
-0.2699377869307519
0.017258327903047006
0.023339074016443754
0.20162326036250156
-0.29015633742270736
-0.17086439334526987
0.1398048716722647
0.05576253363945312
-0.05790602302542834
0.13777959650300226
-0.028682994057485877
-0.1276469899260607
-0.11467228697464268
-0.18299028453923627
-0.04067626333069816
-0.05738948250387629
0.023449313720730537
0.21971416623280748
0.1107484891017991
-0.2473828204854085
0.03388696423561801
-0.12062358046794885
-0.09389144467056779
0.07331195588368557
0.2252953830299219
0.06960844192163086
0.1240504472257399
0.06973561049434811
-0.12944848103149717
0.06362309090628769
0.08371181371793306
0.24613053510898947
-0.13667372662968005
0.07864612260873317
0.0257599105345367
-0.12253621736210513
0.009478128004334157
0.037327549675688576
-0.258115908973743
0.15970812678152396
-0.11521323522800574
0.01636470939592697
0.14290241584103353
-0.0595737555502729
0.22160744933720064
-0.08894078635637837
0.10798354920207597
0.1633187802292511
-0.002009272405142537
0.08017879723861551
-0.0889412944024348
-0.10966902402763098
0.12423566558063673
0.023130829762657613
-0.01885877487479495
-0.07665697311109936
-0.21912852755474563
-0.039109257260814295
-0.0836765127021255
0.3474672424250461
0.02966916953833721
0.09388966901382606
-0.34795110786533795
-0.11532264096858709
-0.2292759359457125
0.08447981915112945
0.33789436800487166
-0.02941706108631586
-0.04963009183932456
-0.059474126987535514
0.20838137981644492
0.17455850418555963
-0.04737977742905675
0.13866451262525797
0.03834278737136801
-0.118401454066916
0.048004868764706415
-0.17430926756902373
-0.07741198491625881
-0.11960420688605529
0.05665698207285408
0.22316864018148896
0.14623660211090495
-0.07283320174452713
0.08024301391338869
-0.11689346076342048
0.0514716524472199
-0.13570113153333846
0.10414077211030881
0.20656255385514952
0.017549695753871875
-0.1772342970017232
0.0846385104843964
-0.08169118851453534
0.08313615791695571
0.031084331341128153
0.023159968751244927
-0.08507588640505664
0.26571613614581285
-0.20261838374010677
-0.22838234676660876
-0.10954824026184641
-0.08443097819755395
0.06416558129619575
-0.25124211273935076
0.05216993729135813
-0.06350101814817934
0.14661740854004873
-0.1460671530130623
-0.15556435708206268
-0.06687012408479225
0.33483759517610506
-0.029195710020880263
0.18987366524876456
-0.28023126475978344
0.1552935492552651
-0.05765651532098738
-0.03853467240165626
-0.26625881970953996
0.16422911504113574
-0.20869578802453229
0.19976101635599108
0.032730471923541324
0.2679239613801559
-0.15170345334378887
0.008938361972081582
0.1342965618134342
-0.08055687832288157
-0.05144604300776914
0.20257040994202363
-0.09755818392666839
0.032461671763925885
-0.03751046193325497
-0.0543405275882035
-0.019924963649392353
-0.12843812896961607
-0.0636208082995081
0.02658146417921354
-0.06735513434340143
0.06160975691492709
0.13836402027018757
-0.10756059765564534
0.025551021006234
0.03988015125578178
-0.03008562645042706
0.10715777863586556
-0.2199803066872272
-0.02977052474197757
-0.16958583574892816
-0.07960366286212144
-0.02038373939321616
0.1673325257337639
0.035241972242510695
-0.0799994735553267
-0.015069715248461239
0.032060375802240804
-0.10425436688910937
0.16542664828949008
0.07652847767912282
-0.07516448910207156
-0.0922057930024468
-0.17687005217883522
-0.30892691662452265
0.1423001546055034
-0.1293879303302335
0.08728344313777879
0.08433892302549965
0.2335979443971335
-0.11254363627991784
-0.22357644814148953
-0.3338424514586312
-0.0002655114954578457
-0.07592235984156077
0.050888518128953696
-0.25904431836873565
0.1112464664769355
-0.2856256813048129
0.03806707650018596
0.17216849689541053
-0.05858784999127051
-0.07391878192461844
-0.01368433869902608
-0.04859419623323248
0.01096057589865363
-0.14910067338832
0.2462724097918314
-0.055249790550343
-0.19870361761033906
0.08779741879904292
-0.016945474857697082
-0.05261588178819269
-0.056681550175263704
0.0470491092649732
-0.19865508061210757
0.01709734303778597
0.056546149271832366
0.11108142863246788
-0.08709629574415588
-0.03732356131494572
-0.07476109507286975
-0.0038586965559549036
0.10645039353445654
0.4241479992226706
-0.011650443275965417
0.22999860350853316
-0.09999999283081254
-0.0421661114177097
0.09478562782298816
-0.060680290128308605
-0.1512636729751522
-0.1043261597144722
-0.10636699809061341
-0.14660435655459517
0.09131487562589742
-0.08829862656867025
-0.2657532887055359
0.275605673692949
0.1282370355158414
-0.02419331032939628
-0.23378530680342646
-0.08248732166997805
0.026015236826346034
-0.07182564650297167
0.22024331117348014
0.036212602285592824
-0.038306704908682106
0.03370214159595449
0.05985580405468944
-0.18649025573327344
-0.03323901385038307
-0.10802930597146114
-0.2880227818561682
-0.027840144755938837
-0.15117721495092057
0.01296159442085564
0.01301226940406228
0.039262751504414835
-0.22237423311857152
0.25714019345372524
-0.10286811936371808
0.09125114773563907
0.04898643195553276
0.06839480011929314
0.1036017697412427
0.023309530638120295
0.050223523622090836
-0.009182935795468495
-0.06272643107685986
0.14678606824866744
0.1861422923553501
0.07019807740487975
0.04146046817329293
0.054535105283753875
-0.18042590304858755
-0.0010230152189356486
0.06177169790241854
0.16232439369883292
-0.36748369359426597
-0.04564488412419879
0.10466112452999529
0.14200116873239857
-0.02590092095194588
-0.013255579698721534
-0.06519484847650858
-0.13148995109796585
-0.17073319886843127
-0.0549784980204858
0.09151806752616476
0.04332537620400854
-0.134053809731697
0.038239258833938757
0.055606108890026235
-0.023490482970148045
-0.08035545036825975
0.11936691855180127
-0.12928021153553648
0.16485736570069134
0.01800228352750167
-0.15256043593465202
0.3504487658998614
0.0035516391339812693
0.046606849555564205
-0.09377289963685076
-0.2563855775115791
-0.038212926135835344
-0.05307108707748028
-0.07675353758496066
-0.1608170655133199
-0.038288623132151256
0.0656842480309173
0.10512029331053123
-0.06078033273066411
0.05938692220918881
0.17996834389149613
-0.1254958403218628
0.09482977130567954
0.06127112553799579
-0.018806060303555368
-0.32900569126345247
0.06066904997383554
-0.10159562502135079
0.0754157212350654
-0.19872497303874667
0.1665318061396893
0.1326752899779696
0.07495067263109285
0.1722270022648611
0.3491326910723915
-0.05839181546719852
0.12688343626856385
-0.024048185747585615
0.10029114091837484
0.25224243257673606
-0.038277030904422145
0.08848363928569127
-0.031012222345417666
-0.358585307030352
-0.05708727070614783
-0.25982443744999745
0.07127010131622508
-0.17399356337997549
-0.15754857963062935
-0.124379679744257
-0.011766288779922836
0.3560074049689577
0.02467607416534818
-0.1378110154431881
-0.16907612783749604
-0.17729775578702864
-0.0388598655353409
-0.22085732032797095
0.14648094095407505
0.2155055318868275
-0.17658151239490238
0.06222777415448569
-0.001757112058284445
-0.09822049912972987
0.04223799082298979
0.12636565740537617
-0.3160402893405219
0.07578223017750599
0.06197617175475249
-0.07816185375676116
-0.20000329184488752
0.012189244846668166
0.13432475063951166
-0.006488933514822787
0.159739611653496
0.006104628787014189
0.21731916296794432
-0.055219648724870396
0.31717041390524064
-0.3296309763671293
-0.13377073454462673
0.12542076876679809
-0.2680104466172762
-0.07237053291264779
-0.2261796674012011
0.031403552500914145
-0.03178137590167779
-0.2864128374459557
-0.1587673804676626
0.09513961638458956
0.11517289718901944
0.06130586912153331
0.22330127482739537
-0.2915983987320871
-0.04040635121460197
-0.044386701755285626
0.15500209793819728
0.012193142530013445
0.007677341674710398
-0.2250937885866358
-0.017296412371093663
-0.047462580674362306
-0.2533540128897465
-0.04877888587704356
0.1635616183527212
-0.09894510947105943
0.14358563059966503
-0.025785943417386818
0.16002902996141039
-0.00010701211059260419
-0.16424142625357516
0.055461330347577706
0.08889302034210615
0.09049994196371526
0.3235468685386617
-0.06853507164490882
-0.15431095147284438
0.06410273786088458
-0.06632045280764409
0.03189913246385933
0.09941052364423389
0.006388150447383465
0.03634967155839854
0.11075194255999674
0.15280145849207913
0.27933687526857304
-0.007176702278383695
-0.06394370844329036
0.1018954851709659
0.4151853465355505
0.0626346293985032
-0.026205065367673242
-0.07975106360775963
-0.1306923852345223
0.01642596595119337
-0.12063729581319241
0.040912063003184944
0.06513948290864581
0.10325754972289543
-0.09474770776193145
-0.06491504703984077
-0.17659009825644134
0.19182175510231225
-0.15099188458552834
-0.15301819962897759
-0.19923523668357687
0.11229546540285074
-0.02040282284398106
-0.02234712520822081
0.02659732346678391
0.060513405270408493
-0.16157940779622793
-0.001753729281560466
-0.3236489980803164
0.21312313398069777
-0.017030692758455732
-0.028860548232223088
0.04687773105859756
-0.00981234134230063
0.09579236697725851
-0.07089097455677847
-0.1803440817184989
0.20229796919197746
-0.11650416198683637
0.02085788813954137
-0.0748143516588637
-0.2042868534815072
-0.33073557740498866
-0.06946204571365218
0.09574664264219189
-0.09219590296483486
0.034631397125508584
0.1884779444556214
0.24687308799428181
-0.06167900344420659
-0.059126142801471125
-0.08762207191731661
-0.03467228122610795
-0.11279565323001506
-0.01937772067106609
-0.3017657951358158
-0.22939867390132887
0.07420220218312831
0.04240518794799323
-0.1301034320522914
0.09572228060835956
-0.07368731756030909
0.01817570654002168
0.1341529162289127
0.14113502507629283
-0.1091007023170736
0.058260306156563565
0.08032834324374027
-0.03337251957697806
0.13624803224111282
0.24931267280880004
-0.060232315773724523
-0.0024489658549829278
0.15212025710995306
0.026655074436217514
0.0724505165228776
-0.24789667573046914
0.19917414962678198
0.01731616877849897
-0.047013331644494796
-0.0765813408352713
0.09315539917881835
-0.07932607224945167
-0.08506659033789626
0.1399573850212875
-0.09812021158601396
0.24783622837139113
-0.1043284456590126
0.08968788892047941
0.06238997708495313
0.2622582716863556
0.17992162705379416
-0.058584439610728685
-0.03839899921289985
-0.08792762368342776
-0.03650428429088248
-0.030479007066722637
0.09634530028617502
0.09091360947558559
-0.07862687645460742
0.04252925536472569
0.023386896658761987
-0.07663953500100415
-0.24339772799968426
-0.18948821499625176
0.0357717117132798
0.12843563150315093
-0.05506093933339623
0.18715410649499326
0.008388949237441325
0.16996261619724595
0.14550249989705144
0.012869934074488
0.004445740503996308
-0.04425828594914644
0.1448856786685342
-0.08576280790113927
0.2680850174811963
0.2997247307818145
0.05899169344864882
0.0712356265726207
-0.009093503883528451
-0.32046637173916914
-0.05974646066654342
0.03357737388285497
0.03272248843721811
0.14801170097643765
0.0432339705464028
0.09858626123340247
-0.052901932422275054
-0.25793972511282715
-0.18778328178006085
0.08960503792075274
-0.03876822820597976
-0.11734098130702147
0.06591072831239217
-0.13537325515495316
-0.3376640718250301
0.035394902183767785
-0.13534008481947798
0.1590783998706484
0.13495389526856924
-0.06560748740244596
-0.30626186827603635
0.03646580181503413
-0.15750920264103957
0.13009099709697525
0.15535076003460352
0.3923092557410251
-0.07801509619644825
-0.2236866106735687
0.015561735601280657
-0.2685427213757648
-0.33953104233868603
0.08946857244557374
0.006650018040298312
-0.18610216592336778
-0.03573814316136509
-0.07991184054636746
0.05507502634823939
0.07559612652356766
0.04514769446166882
-0.015384280965069039
-0.012005160357989111
0.09780868836727258
0.11909939583978499
-0.10672010612743014
-0.04096091962192382
-0.014136667911887264
0.10874360381524384
-0.010913219611909438
-0.0003591118033183751
-0.20261683781743442
0.01318160939884224
-0.05018314959217543
0.023480215707974105
-0.26733213932444205
-0.06654926953225808
-0.19132633961035414
0.026799127389500577
0.3842585433480386
0.3515451637614302
-0.2405606292879297
-0.13758932099508356
-0.12542668591964581
0.3345448763045188
0.1443359390746121
0.09164336415641439
0.023770695725195166
0.11162756567296171
0.008182967045316434
0.06062701482318614
-0.003640896972879834
-0.09242009217280445
-0.09784136450224455
0.12508582421938616
0.016460290104965813
0.03630623699487378
-0.09873412938839972
0.08150705712386407
0.06747284758473851
-0.02500917945845827
-0.06041305716473106
-0.09802985054826958
-0.024037007124622055
-0.1686310404356957
0.05409822607704744
-0.03920297775558612
-0.24738331408355216
0.3145125346283191
0.04364050264756938
0.0422715019335678
-0.041261526374262836
0.246050134774745
0.23559993191671919
-0.043270509220374856
0.17911641790757804
-0.0854168668448722
0.04155651905406596
0.1701170531622863
-0.12189445535836321
-0.04616290653368375
-0.3306621635138935
-0.1344214310228504
0.2546758307930972
0.02444742927575611
-0.05321550886751691
0.05189852860878803
0.2031885726695004
0.03025000728573499
0.02123437857020631
0.17409901507267547
-0.19303016222335248
0.030996072250078492
-0.04011362777382799
-0.1014852071936024
-0.12449203258101434
0.09751258322083659
-0.026969017953988855
0.1200071606652722
-0.148477574580408
-0.06805355386422517
-0.09202935906407028
-0.25477732180539625
-0.019877718019616308
-0.06815609610929466
0.031753869684512714
0.05667486612957125
-0.10222638850417115
0.1396503517644572
-0.08798087508636974
-0.11118203568790998
0.030446466117094197
0.024854005484148897
-0.1164929660350493
-0.0013259928908734417
0.01922245630273151
0.09344959984774523
-0.03212797538549251
0.12169424776731855
0.15072097293860892
-0.034811855085974466
-0.14730587536142464
-0.040896969713600365
0.13521560836699137
0.3278063127871892
-0.17907497634359387
0.18637169821778934
0.029488503233364754
-0.17225372235542824
-0.15686441492190767
0.14996898353967625
0.26061221692881137
-0.15833897756112889
-0.053140149144442046
0.011791234427840256
0.15932293682271303
0.056350731138666586
-0.02915315995897185
0.002172904871424691
0.17880628295617207
0.22629954197154267
-0.0478947031432575
0.17128813779620872
0.16056220480161232
-0.34023859851739896
0.0102528768464399
0.08618103662256661
0.10700889287460433
0.03203214524714559
-0.2542685919751398
-0.1745129151970245
-0.130877397227726
0.17803299629205807
0.08839917395646617
0.224471696649945
0.0662304904420988
0.032095985655535314
0.23006559718086791
0.011370468681610868
0.13020222931478698
0.10712424667501136
0.25537758843440195
0.137305871369183
-0.18426790837326942
0.14154963995726585
0.03242957870002418
-0.16385833035831754
0.08490485017565523
-0.02127670178156598
-0.12461091023206523
0.03236001198777153
-0.047260243477314154
0.05336836294713792
-0.02491238011109062
0.047922409045249685
-0.1329959358865165
-0.4629238234311146
-0.08178819319557648
-0.11287427941111086
0.1059530814687016
0.02634839579331298
-0.2690351722602394
-0.14550358633772137
0.02982340139858828
0.05600671148350375
0.023768501739654297
-0.013703114679754696
0.02057171150099248
0.2933766600591402
0.2058135539600368
0.3084187432619724
0.12540855211136784
-0.01805876691697283
-0.24047236586565923
-0.11330150297033605
-0.060012484623836904
0.019813172195153265
0.0797810234989951
-0.061930242349535695
-0.17756897167019883
-0.249347127363702
-0.01865075638925102
-0.1832766211992918
0.0752328621981667
-0.051266654856565945
0.1316239430225435
-0.0638388645967316
0.1569905245867799
0.14612310690316957
0.06229635485909328
-0.12893671951219535
-0.10878036631427106
-0.16102012006881428
-0.161309814000196
-0.1355635359151173
0.23551625624223696
0.04816837471455208
0.14412130742647805
-0.20962304084871
-0.07509442599356493
-0.03656421668560769
-0.221979022355743
-0.18274649895164782
0.2959584626937478
-0.0992801684418501
-0.04823578749109115
0.07256945469675825
0.10372572540533749
-0.01358049002837096
0.07895307549071137
-0.1586863689786441
-0.06047371015876424
0.0009541374657650126
0.05224840950733671
-0.02066696422735413
0.03347345934173858
-0.027452901521052345
-0.01818071394498679
0.18163814282349647
-0.1894289539080365
-0.11828295621538082
0.018501175347187624
-0.03647047742971878
0.15515551530801594
0.059849821819938344
-0.18703426864759687
0.18622298889157837
-0.1047353684234914
-0.10762356181719003
-0.03990379535155471
-0.06981873208293385
0.005794996607866244
0.3126446692156341
-0.015815795264030232
0.012062736875269443
-0.06006416796447728
0.0329545332455579
0.08061214759642235
0.18415312194496197
0.1813151137996
-0.14129960519769
-0.16848828439615166
-0.09996361846832369
-0.03482513697460905
0.11625612908572801
0.09248780955771851
-0.13617884131377525
0.026860689195938026
0.18288157802122465
-0.10672478837843288
0.12955724195893764
0.147509833794978
-0.17396341571634474
-0.28332823810177704
0.2716111573767171
0.0035707752784899585
-0.02587252175205248
-0.0896130017117429
-0.025257998147987463
0.2525194664374528
-0.07574585357625736
-0.1280012652601279
0.12065124901671834
-0.23580799042065892
0.11670804515019584
0.022091481157792494
-0.14939857468268872
0.0926402305826872
0.1412983583234572
0.03446885999575112
0.12899465118532902
-0.01513137097318973
0.0759437060950949
0.0965777179494638
0.049455449142136544
-0.17252146388826062
-0.03665685493606995
0.007340838400752259
0.02659477020944242
-0.06318990205050837
0.12844764802914363
-0.14261856478745885
-0.10456395739752511
-0.10098792181326219
0.32387294164795905
-0.17054992436794406
-0.09218934510138414
-0.23976688226876872
-0.06629924519766822
-0.07797765445017713
-0.1569060934366177
0.09937765279475792
0.04962580026014121
-0.14814271110464788
0.124075597821012
-0.03230260427631017
-0.04632652023350114
0.0798308936981202
0.0024706978656071684
-0.14545971944729189
-0.28435784240865675
0.05462512754894232
-0.014539426074034951
-0.09065270536041903
0.07388481191665434
-0.015064368340401613
0.08925094904884164
0.20847231352832565
-0.17476599418030445
0.02311838417620182
0.02998934341267103
-0.18800365521065998
0.01040922046925647
-0.17027601601125014
0.06084562598754742
0.013975028990532212
0.0196709040803918
0.0026487876978013862
0.12116608823105782
0.15671807354393735
-0.16629698282372574
-0.16878606180086797
0.08334755225168766
0.029994643111017027
0.11029437395368562
0.17645776477249914
-0.2336147291442652
-0.038454427237268704
-0.19841356271100383
-0.1313167358151977
-0.19169364907920827
-0.025125236964246213
-0.026617293299640174
0.04633240193827308
-0.10566729559704817
0.32174438464436184
-0.2061237038264604
-0.10686516711092728
0.13443012315025665
0.019264484587414855
-0.05905474576630717
0.02193973100365544
0.10167676563064094
0.09412526640733043
0.09389941717834385
-0.08311733978471414
0.011345468386670304
-0.1869914516911511
-0.04447394132060921
0.08270560785465597
-0.12218268969086313
-0.24978380687499888
-0.03865388785992817
-0.11684592368339737
-0.2027736357174208
-0.15011653226075763
-0.1482853463911422
-0.15610528326941556
0.18838214338932016
0.11100874310466781
-0.25209737058048964
0.06818657217618748
0.10354095174950184
-0.10994461050521294
-0.030824011201605165
-0.000601384893955552
-0.31772565881079307
-0.24798151560865359
0.04371796076202816
-0.16938507572627476
0.04571978912445207
0.1745465157181162
-0.0706722257261054
-0.09656324096416188
-0.03427947869707363
-0.09000955394122312
0.06344559317314609
-0.11835938008302087
0.18872993164721213
-0.0319951323433519
0.04424766240644546
-0.03594259181819461
0.11847229995383253
-0.15876824470416934
-0.16829477449276112
-0.026854101594815827
-0.09180612676928841
0.054688355989494015
-0.1385616911102482
0.12988055037615012
-0.11826944711854405
0.13635781109275358
0.16694034043759817
-0.24822720989793823
0.055461588926404376
-0.2492943062355937
0.3189577511660803
0.02023835118403737
0.09497941160704687
0.11014919862031616
-0.0848665589019412
-0.009143228389343033
-0.0735311317590828
0.21108652530171138
0.1895698394918431
-0.09570382842221772
0.13930005316188607
-0.12905250894363393
-0.0017592292128746656
0.22716919246492653
0.08029147736522506
-0.12257032470573823
0.03427097987888729
0.14850975247643708
-0.11910225456938829
0.13835163609892262
-0.10996150048430145
0.009082381628536295
-0.17863205656664177
0.08478904041313781
0.14276594361672945
-0.2505581663773388
0.0692014424026664
-0.0766680276772472
0.12124593238022983
0.06673723141138077
0.06993855738422339
-0.2004791501749075
0.041865477168525005
0.0653215525201194
-0.005108373884017938
0.05727643786204739
-0.3718772483045541
-0.049942428813324335
0.23317546644778908
0.23156843164340332
-0.049521142634645056
-0.10489079884450349
-0.06869004905040038
-0.06894562995584078
-0.31103371970834287
0.24513972073234788
0.03551426399993523
-0.004075366402803327
-0.15257459904599635
-0.024738375465040468
0.032713829818215905
0.023051426947083998
-0.0679544549106767
0.15129912589511568
0.38242039644282827
0.32623335666096004
0.0530866255100958
-0.1279156338841264
0.21793664953207345
0.13318224370471785
0.14633183272749453
0.1872368488083762
-0.13152997791569543
-0.11383200669663131
-0.013388332540781414
0.0789395793285498
0.09812029879716468
0.10111159853290602
-0.08485058569626588
0.06712792084478361
0.10871189049455679
0.11933627310892256
0.011208002815170976
0.34164284106302295
0.07711541562580773
-0.11888453119484994
0.03420045288733746
-0.1767260496077395
-0.19698366850235213
-0.03677268215878095
0.02437558485064642
0.014954740978012608
-0.04304383983475938
-0.12206813813685247
-0.19462441863772453
-0.21889252140134752
0.10769172431764276
-0.13355652976385082
0.1424633976787168
0.15236136808936868
-0.08161678270256346
-0.10632441923364616
0.15970801653884384
-0.13717579938110663
-0.06719747659453446
0.1326549333948781
-0.025962687728278443
0.008181022509056599
-0.02180766580602773
0.05961930450417475
-0.08396257611374795
0.13380904615831996
0.11946112400847511
-0.14908988346147428
-0.11172127726370934
0.10311008767457572
-0.062295655039054494
0.07280837286894429
0.2049287286034433
-0.16919030803376367
-0.18627422917865163
0.0005070471530700946
-0.07291690735696464
-0.13177116758590307
0.04069913462804903
-0.05749896040858766
-0.05068245064878395
-0.035135084116970465
-0.10300056648468812
-0.21669631620812096
-0.3031444030214403
-0.10209011273253832
-0.12134823788705039
-0.08313202346988308
-0.07263051673885947
0.0021520293687536016
0.031657348081911715
0.13785765421075494
0.08158589040753697
-0.1984045761849103
-0.08032887971637043
-0.1237855957156618
0.04776710261490221
-0.21600517822783824
-0.2740505896861659
-0.08645391079133632
0.2721242997755904
-0.11344286234328439
0.05796161341520003
0.14049079210710644
-0.2558579882505932
-0.20318004046395644
-0.20311611623151107
-0.12530960569451996
0.001240567626250073
-0.08456431933236853
-0.23538213623345328
0.0076919141009328725
0.027767350791557167
-0.05888593172431239
0.10961952686111233
-0.15782434564907183
0.203151275102398
0.052636874636895696
-0.11054752157776263
-0.07593278730375179
-0.023033019203891923
-0.10981987096359187
0.028236471991967958
-0.004953205010751671
-0.02335732433135217
0.030798007078738185
-0.09469692434648454
0.15495159103708275
-0.2194381856304814
0.030770407567695335
-0.07796839919682619
0.27082945970881045
-0.09162148179505138
-0.23233603784806575
0.03505171218174911
0.2752340520875518
0.09827996556560924
-0.0780100405874778
-0.2180154565712851
-0.10691179033274498
0.24849628174882812
-0.2551026560905823
0.08448666525393556
0.084585395159636
0.07697839201220195
0.08482062187177022
0.28943881083241624
0.14807181158184976
0.024528112810890977
0.07047864406517079
-0.420447533055534
-0.13491530325519788
0.2307158135125821
-0.01946553961544696
0.16426316110040187
-0.30718865424032965
0.07649349537105862
-0.24071196361590189
0.1778747788643239
-0.1775637834946579
-0.031367556347805775
0.0871142915864076
-0.15658581518827186
0.1437375816871025
-0.20399182975214006
0.13340984470855471
-0.05245427262780716
0.3283450895832556
-0.2297846746538139
0.21129755939104206
-0.068027495024506
0.02505876679140454
0.04068719411334208
0.012803226923374602
0.048614472261149504
0.2892499857159313
-0.19354230732850228
0.07928173014801908
-0.11461085856515982
0.0867327590245522
-0.0017544799281367812
-0.16707367187841163
-0.08447049049952567
-0.16973754349944883
0.27823867789789763
-0.294260908833773
0.16862933491055068
-0.08257339867351003
-0.058885802814872136
-0.022691783850220724
-0.13275626536813956
0.10867974404803298
0.2114288118907738
-0.2646515922444353
-0.28346500384169193
-0.09964341418727947
-0.10866715934635271
-0.07669104482423779
-0.08563689443489698
-0.24149229158563276
-0.07120015038955642
0.1805919950933827
0.09735550919531422
0.16100601583250043
0.20649780665817288
0.09459021206930508
-0.14262428389522575
0.20607792919839216
0.01868048859359726
0.0691929074724881
-0.1410194449116258
0.1641941707936807
0.14263785888318056
0.049840420655840594
-0.2522037881195759
-0.11175601405632923
0.06872880961217014
-0.023589507292447513
-0.027987477414345305
-0.33912218856113036
-0.22868206744557076
-0.12185690313671063
0.025113923413416953
0.06024784483489367
0.1687746675202384
-0.03606730464096941
-0.05215668242321925
-0.07142380324060764
0.34858379984534915
-0.002021166031340414
-0.059635093591662
-0.03187908218021822
0.09084249810843203
0.14218650427019466
0.2156303949081664
-0.3524009204175205
0.12812461551185556
0.09436605327599215
0.08624161817240233
0.021609351991429104
0.021947887826811598
0.050910553529829754
0.09236342543678547
0.052307987885805575
-0.07150230861196398
-0.08956781456876949
-0.11976860374275063
0.3142667101449145
-0.013253355294325893
-0.01756876876750972
-0.23271352132262912
0.041613580573906704
-0.02757561234602644
-0.10514452555205224
-0.018874296818291413
-0.1678180810649353
-0.1624386613442983
0.01886988649299639
-0.06251983315442948
0.01941176292952688
0.0014188137834300488
0.007826360148319191
0.03478176170136402
-0.09588072511487124
-0.14711717395202717
-0.21974522858374312
0.2087401647306397
0.047601164833985674
-0.0593200914906579
0.014031940888433085
0.15438923318309855
0.21928290857542868
-0.057894025562418704
0.011336970844123061
-0.18225467372619872
0.059402755279799886
-0.03349120593838116
0.055178148224726456
0.2634312360880898
0.15508916538626705
-0.1223536073606846
-0.17587915905596382
-0.06226421203395255
-0.03222598809700169
-0.26196126164635825
0.17447338521995043
-0.18232027207999613
0.09916481168091412
-0.028476708811918456
-0.22202530667164888
0.04246473005471468
-0.022719587135148756
-0.11087136578348285
-0.13878925311226512
-0.04637840123099299
-0.33069761370913625
0.05357461829631265
0.06990263273162611
0.02546236105944993
0.09032183408632306
0.07601856568219832
-0.2926124242701874
-0.09329901904485868
-0.2600846939218059
-0.032169441963902125
-0.14470385327007373
-0.1108271837952516
-0.054477591163424634
-0.012448775497126835
0.07309846314556478
0.15175123858587092
0.19504327858769782
-0.17101095411274894
0.04661678643855618
-0.11609760368564494
0.15284505353365943
-0.1108707740720616
-0.03235068230641913
0.03506704341255414
-0.1344830661488104
-0.04599671838534186
0.14139573694500132
0.07092626739221587
-0.15013795355465873
0.0005006806232485633
0.15279579005199884
-0.12859252172448327
0.0530611768793074
-0.09674555637698881
-0.14278676667960977
0.22119274574254802
0.10691030209111882
0.10034017332785056
0.11297753446379392
-0.04906251636723288
0.024892252019501127
-0.20973974791115435
0.0855614957480382
0.02292701402187767
0.0914511937012877
0.3666497914104952
-0.11216948342852887
-0.04735344280957219
0.135092855745914
-0.05874410471234875
-0.18154065548467035
0.03759291282264653
-0.10908988650514383
-0.03971114163216056
-0.03719026215465179
-0.10432560313878067
-0.01661000428281106
0.05206668344391232
0.06205570846989561
-0.10171275110316483
0.34752031406623884
-0.1280906365247723
-0.1394219714056547
-0.07354259382912143
-0.012083415366503536
-0.1301470747088719
0.38344817231457295
-0.026014648155203622
-0.039190037684989035
-0.4055666434420315
0.08325553356985033
0.23147848809280405
0.19943756259940776
0.004542496326935259
-0.10734892360855769
0.04608888704760752
-0.32131979485225354
-0.21719835170797894
-0.1613085013978695
-0.0769836830024603
-0.3582976270465417
0.13556056292493593
0.03680598872573344
0.038371555198012886
0.3379029313742336
0.11807240115966587
-0.008875782545981788
0.0011037184141356074
0.1079399433233556
0.03540643154499054
-0.08297694194736059
-0.05465575960975049
-0.03920199037913825
-0.1072638752609957
-0.21087038305015912
-0.2669117167018962
-0.09904391552607622
-0.05796316170231058
-0.3800213887398565
-0.0007701429424109138
-0.012090729460277751
-0.022041361436093337
0.07565712014944415
-0.19533924878999526
0.13256555243689636
-0.14721204570993424
-0.030945410298210217
0.029813058120826182
-0.19293473390138807
0.08525686336463476
0.1683708475438367
-0.06969823806650098
-0.018423624539693036
0.005548789092347969
-0.01263082203362529
0.0026565359623256972
-0.19519849291203553
0.08634482749316491
-0.2594700913030933
-0.1533370581409517
0.14036224031620848
-0.22271880341391095
0.07990389870555235
0.10628795030655744
-0.06282842711930466
-0.13779765140279915
0.10279266671992919
0.12035646336411608
0.092157895575682
-0.03661186234023403
0.07124847520861505
0.11385400119296765
-0.14683930127640663
-0.19327780969854216
-0.21180780175779956
-0.10956242751440054
0.14961109617193485
0.06126575893678262
0.021666023471370484
-0.2891542776605746
-0.1176646462632201
0.13751042158932159
-0.15678478725049574
0.2124846402991181
0.20992658261683053
0.013060161398988381
0.2185844018741134
0.08133614804563628
0.20176137959973187
-0.07574377510136225
-0.05443694061876305
-0.022989412757560064
-0.005630550381089585
-0.18209425432961146
0.03769916787973863
0.20445886350781775
0.03190216466922947
-0.04932135541771942
-0.015818677830213047
-0.39778535539841864
0.14101996589437354
0.09946432338893206
0.07834464728430868
-0.013872642796850463
-0.0505278612554348
-0.04164709874660182
-0.031619298401118
-0.15397421915783646
-0.06513635270858989
-0.07455808432176537
0.04341828031132026
0.05970679517540701
-0.0631353520969097
-0.14971345051588814
-0.006014700699504227
0.11024563669383687
-0.020206642670848814
-0.008221952386480495
0.2360212210119852
-0.010082114695368488
-0.021777068565864467
0.11312715853825162
-0.3463066589805661
-0.06673449854559263
0.0057865553652597075
-0.038927480636327734
-0.02808622651471865
-0.0542901318062237
-0.033543229047668766
0.018886428354657515
0.06261315157731144
-0.34953471938792396
0.04771391257524007
0.11656146795091803
-0.1881374938957703
-0.3111301527603654
-0.014688167738266669
-0.20518820581494224
0.007360630860688409
-0.10308789699961683
0.04465534697885219
-0.06770366676647258
-0.09157465069518408
0.03345987716299865
-0.04356691659252973
-0.061393862559975185
-0.023621609957509622
-0.06155054692085302
-0.18811188755639
-0.016360940807410188
-0.03604475692838019
-0.11874153159138086
0.09907100144522057
-0.11925410042145744
-0.2207997505934328
-0.13600500346444122
0.01171299369796998
-0.07973434763742944
0.06364871157442493
-0.03680289047965174
0.09668067228026224
-0.014325598231251629
-0.001155767053815822
-0.1930462631273037
-0.08380617548719492
-0.09213341989412145
0.023473391262870204
0.15118425478332695
-0.020751634183237232
-0.04869225761625164
-0.03491587528623442
0.19667878406581388
-0.08498835274371157
-0.08862053512778174
0.26262737025161126
0.10936145088851366
-0.0035383032499762086
-0.06678200508447689
-0.031181835876493518
-0.0371140237640538
-0.012296934421740633
-0.10221197612524623
-0.06319100030929357
-0.2546168463047139
-0.16429468354055612
-0.22125063353639904
-0.11917800889987983
-0.10163608124377063
-0.12538179390108264
0.2011259974799373
0.17267420446715706
0.021759299132813992
0.03848936107621193
0.1301170766277558
-0.2517466188172011
0.06610464509780695
0.09352761996129143
-0.16751427196096358
-0.0266984354950691
-0.19663827755858565
-0.2881603725259462
-0.03780716994719162
-0.161259022497244
0.23752428472970263
0.07952377567834967
-0.09267647903072118
-0.043583831997500135
-0.02876195410687723
0.02653975043507638
0.020450913864861805
-0.07102648091048075
0.01425237503217919
-0.09063521111355069
-0.15612192354733673
-0.0035725966707303605
0.022255115310661606
0.010992305266943364
0.06146998780692131
-0.09075695234296587
0.027191530388599894
-0.09125977339702665
-0.033214856875329365
-0.13543224489566533
-0.030015603220649695
0.20426613730940382
-0.10620489702659588
0.030484654899028445
0.1486254184575327
0.08718864155348917
-0.1454448678011863
-0.2547514143655913
-0.2776772835500201
-0.1435999036875361
-0.02925554299580117
0.024874816832153913
0.09073603111639476
-0.23020986386599324
0.012088847621910126
-0.09094537087124696
-0.2415120448328303
-0.21848464813712903
-0.0658317755540861
-0.27782556741986625
-0.048062930702196145
-0.14294138292927377
0.1759924914315363
-0.1795937478585283
0.012836524337311656
0.13911015533486715
0.009423104663704532
0.14515084704048742
-0.14000608823431715
-0.2029524006411331
0.11671863640766743
-0.02617515247187012
0.14621066570165603
-0.20572937614737752
0.1783712076228942
-0.1453000433034407
0.07428866841854898
0.13304360598286424
0.10176501020865844
0.23990334981135694
-0.019219587951552156
-0.12143012283635585
0.11163566490615918
0.06021789727918203
0.24504721938899882
-0.07146208056151941
0.06102688512589285
0.1282378568383825
0.1657000656371916
0.21654879717592615
-0.17558859279132302
0.0051097745156802685
-0.17446866642420808
-0.10126194233172484
-0.3099697802722632
-0.02431879201075624
-0.03374686827456802
0.14583458510122257
0.17175244847635124
-0.2105909212010712
0.0021151485004411554
-0.01967761161649242
0.16673279018400794
-0.18811182134086726
0.08999039271336873
0.13869722470352894
0.02766077987174556
-0.049960858729292845
-0.03760675570253111
0.024986196752533437
0.1397416695798353
0.12177653136154472
-0.03378496741777325
-0.11651498117781467
0.037155350443668064
0.06658177857327467
-0.014173291598872751
-0.2565882292768268
0.17654690756165628
-0.20223373624028798
-0.06037819645184331
-0.07079347672785927
0.2219834869697799
-0.19817814601386882
0.04965433058289681
0.0926607553494301
0.021406032361274932
-0.05531043377545023
0.10036748020115632
0.010562759819347206
-0.22905495648382382
0.10955189887876754
0.17226158277681
0.2452633047910326
-0.2011486871227564
0.04813145226991592
0.024994981891054088
0.06642363928280899
-0.510445578441845
-0.1326072940858082
-0.13719228663041752
-0.03242661000247851
0.05650383269149374
0.026460776241256583
-0.449349579588691
0.06578704129804994
0.08097046411128504
0.08264526975628075
-0.13686144809875925
-0.36077952903659144
0.08898326198027592
0.01704911124935031
-0.15432357984972286
-0.02609414677406214
-0.06554594863717167
-0.021528051180953616
-0.01668698400181689
0.07893723689913178
-0.014006168345816382
0.007949884279052171
-0.16152743194607902
-0.11576895592494514
0.03700079159834874
-0.021214322959186946
-0.18070505216608768
0.17436590937741922
-0.18105088260976698
-0.0006400125400801545
0.16782437235958222
-0.02143659609338047
-0.059084850047923146
0.0017736185102330152
0.10458802162288568
0.05421350493969742
-0.28711135968328366
0.019763461443726968
-0.17602547641035782
-0.12640373026260154
-0.013691976275220499
0.224395146941203
0.10662023869459619
-0.31651700028698837
0.17849839908598333
0.03301343898895593
-0.056926496232237556
-0.25051216421077604
0.24217210835746578
-0.2455502285878244
0.11304653628154306
0.0775811068885563
-0.20904658779042892
0.20213182376233646
-0.02484042433527158
0.12340407932445185
-0.042425466875973844
0.005883727502348092
-0.1927481614297549
0.0862166596031229
-0.09760954043138717
0.10490334304277019
-0.1501016789303702
-0.10306014554544868
-0.30306394637326806
0.2742266753104844
0.1796115710643017
-0.11623216304022094
0.044053377384949674
-0.32355192570083674
-0.07580330069268115
-0.008303276782804217
0.15972240864707032
-0.09624614756091955
-0.1672988731469052
-0.06635847543806775
-0.28308814750385203
0.22987197082219443
-0.060493513268763115
-0.11615153573180115
0.08754838765821064
-0.09198779796922872
0.06811075348421416
0.0076229877958816465
-0.1480871148376754
-0.29556156366149344
0.00787865803768991
-0.17955828854688108
-0.08059718923969579
-0.08953708213255064
0.03273853803281967
0.021425280315880372
-0.08376421897630869
-0.0020351241811940577
0.2502498892018935
-0.00015043472482001137
-0.054619105779533626
0.028545576038040997
-0.19135701848982298
0.08424644080717257
0.06898460328698174
-0.0075847702579993174
0.17843178910068616
-0.07968022267535727
-0.06850796202486534
0.07357151139591626
0.19295686554241465
-0.3620095533832609
0.24194274910227903
0.0467487543506476
-0.13063662442617907
-0.12294888914241227
-0.0073011541162217
-0.2354634553465141
0.09630987517997318
-0.12062219823325322
-0.07502597991681544
-0.17885316549234964
0.07738561850153372
-0.030031253464680854
-0.03797370645868208
-0.06655789450069223
-0.02047055316011512
0.08359481885986059
-0.041813958761662426
0.22059539604827835
0.13024152486703794
0.10070289301005307
0.17757806974337026
-0.06760640220974268
-0.0369312500906531
0.10131707406755674
0.0023695656380486423
0.09232903639892104
-0.04703117111609973
-0.13594060354813162
0.1339104166162943
0.10267143606518944
0.12772192475690775
0.1719167675288414
-0.03500855652144543
-0.23454837259317407
-0.07304690174480565
0.04126564142131515
0.012989774948212275
0.003460498272887062
0.012388832013854987
0.10456710011791515
-0.13082112181242092
-0.11498890958957464
-0.045309824947550814
0.018045795988490185
0.2960550462231406
-0.0264242442458485
0.22804400364085722
-0.08135070664614544
-0.06412743410991147
0.006207838168338619
-0.04967642060054361
-0.0807883315082663
0.14677250876108203
-0.03565136920792181
-0.10006074660922121
-0.1788657420732108
-0.126470042880143
0.036621321472071165
0.037163114352569956
-0.06322973367215842
-0.24620575993282118
0.1623818560644063
0.07925741879849578
-0.016935832767234767
-0.13787282585419935
0.05003388757843138
-0.13422479778866803
-0.21642977328006152
0.3310093664697543
0.03522115321425703
0.13620716690911586
-0.06344534392350791
-0.1233617055818887
-0.031148799784358753
0.2275381393263702
-0.021146989740960246
0.11075710446277585
0.036461421784770034
-0.19256893233205022
0.17812078988043392
0.022640293425296047
0.30105467665333563
-0.012174030933550687
-0.20238672200274685
-0.004899511833508586
0.21829979889372603
0.07910294022403798
-0.0327084104471077
-0.02521929541786733
0.03830658678820278
0.09597968734112337
-0.06837793000774992
0.10790337343520412
-0.06392804809142003
-0.1041851459246068
0.06035794221549493
0.15380908438895421
0.20679177100972632
0.0067948315386273
0.13693888326763762
-0.022620009796698107
0.061614813937420854
-0.07459702345249904
-0.14666754053765604
0.030731872339730314
-0.03952222162313856
-0.0031059960079881195
-0.09447646983162775
0.27399801724661416
0.131437350032053
0.12631509531622745
-0.11211647081208909
0.1536530829281557
-0.06240574629559629
-0.05974992157033714
0.2229190134898797
0.0846997121399527
0.03171688340633535
-0.1265421890768959
0.02324580275402255
0.1671078017551764
-0.08999040653903234
-0.050072243912019254
0.08707470902056762
0.024813616051258883
-0.025034220981585125
0.07148773694308856
-0.204966973454044
0.05693519376195426
0.009211436722554402
0.17484043613084863
0.15863548647124986
-0.13922094768518492
0.040906899802516015
0.18409552855300634
0.1124774118288502
0.0483306447648202
0.05362660953189136
0.1639928356473618
-0.022109969748588563
-0.1123285247266287
-0.029015964532247293
-0.11881500701368575
-0.17513804501686464
0.08169322950972227
0.15325975922397478
-0.028961752326689762
0.06276860322766972
0.14998124445673758
-0.006637409265620762
-0.07029251652984878
0.14896416561885298
0.11976458692710688
0.24624300425404635
-0.2038047038384022
-0.10707905227937652
-0.08252023139833922
0.37943372440567413
-0.10732707283679112
-0.04548779755593337
0.003686944407307444
0.12667670317945035
0.10039561401849305
-0.1010930652505654
-0.008319232403968937
0.11409877568650116
0.11874357608285262
-0.12323873694185608
-0.1892070137313295
0.11640450726717061
0.2770864028634239
-0.06431106720956008
-0.15911049469306776
-0.1318445720916844
0.06606723236754043
-0.03052887024053933
0.15312467709858868
-0.15085129790393148
0.02322984364015525
0.04129699256797679
0.12543916815673312
-0.012463087026589296
-0.039507871968890246
-0.22604012064182094
-0.09794492135545747
-0.03469197646761351
-0.08079825000976573
-0.1645933220305741
-0.21112158746491086
0.16907663754360433
0.40261686673559166
-0.3306182057431195
0.14191380424738548
-0.1029155312064608
0.022484974872562524
-0.19161116603340195
0.15369010789775062
-0.2822618140655412
0.08340593622989184
-0.0627435040620822
-0.3312098895503253
-0.09462974915212596
0.1135872872807488
0.1615181887710126
-0.17447447682167297
0.060584877532593145
-0.020266725717875935
0.026741115777676083
0.07394394687099705
-0.006132751486193881
-0.13026174008101063
-0.07741302185437227
-0.04558643875293578
0.018693792696094315
0.10948076521512119
-0.0368918318306091
-0.11268394769267444
-0.04333812655459981
0.07688103806580042
0.259652995901322
-0.15222485313005774
0.11064132971753951
-0.30238762561858884
-0.18104869523163067
-0.17999691122015496
-0.12458696629126943
-0.03737946199518957
-0.028515781963677083
0.0713024346171958
-0.02806604622159431
-0.3063679237287303
-0.17762313642209315
0.1890008318780882
-0.2435790791662356
0.06276047533981596
-0.11497362370793526
0.07303765470779464
-0.06389338606609385
0.11287216322181699
-0.05222346235487326
-0.08227468737488874
0.3364109855539616
0.024442186621226648
0.007512374923992992
0.16183920386326242
-0.06565396858409589
0.009554549123855744
-0.2861940604947688
-0.33569299159820054
-0.009724941013088512
-0.03072015371038169
-0.05789204505937357
-0.09338751651308175
0.1515559079889385
-0.12710493836188155
0.09181250239620503
-0.13000112737026237
0.2845116987857573
-0.001455858890061913
-0.22108530643218527
0.0053139583104558985
-0.2183166302262813
-0.3285027810568933
0.27165175021354987
-0.08294524090502503
0.12016094210553561
-0.10422336683540856
0.13726663230265465
-0.03784272916942912
0.022304523867578183
0.1312427117864727
-0.4625590548468319
-0.07572505283016952
0.18299760276627858
-0.26487897702361224
0.029221003215356946
0.23864148650824746
-0.3399479061768423
-0.03858410116439183
0.23804508182507492
-0.11418411535840031
0.0030820518473771985
0.2304794730291509
-0.17290991802594907
0.3012243693034681
-0.04467526225751749
-0.13104888581961976
-0.4832911961780593
-0.29969617391794945
-0.29659282521333974
0.3172026996969264
-0.18409478375987154
0.25355334284770337
-0.20037570996237572
-0.04703916807575967
-0.16177952365253978
-0.3002354085390174
-0.19937260866437012
0.20361345069974662
-0.3270400662815807
-0.05777658115800942
0.12175984897169417
-0.05666872977756253
0.1047352335077663
-0.33221717383826294
-0.1424272122533422
-0.013955890685161206
0.05650964048640762
0.10761510237477204
0.04775490658169645
-0.10288764706724322
0.26004007979059046
0.43156814639525465
-0.09350470432871848
-0.01286688242972458
0.13190068781790795
0.12521732741793618
-0.020437280521234214
-0.11156415995918188
0.05854553110678144
0.030559550682131002
-0.12060735706511973
-0.19770003719543885
0.006782190158662488
-0.13648704749700186
0.1216200755324296
0.03748599274297429
-0.3121533881583761
-0.03503459711355106
0.16518002667107173
-0.010111984499895199
0.27931159587804183
0.11636432051687394
-0.15865687722175162
-0.1740245353786119
-0.11040280812959662
-0.10969093265954623
-0.2565495982123586
0.10951180025985946
-0.02195264770676942
-0.21275785807234057
0.00025789100532627463
-0.30232092166210295
0.2857591199525939
-0.12241783041084456
0.0672049488105024
-0.07736973019136083
0.2732875005704004
0.11266649822007878
0.06617775062179052
-0.201752184988369
0.03334561805936761
-0.12718636801059222
-0.004822467417061953
0.17470326994586335
0.0958985886499516
-0.2984676007948833
0.09682587223888736
-0.21229738990035404
0.0954741173876554
-0.09987677817562368
-0.2140101385870766
-0.08542491975128509
-0.18882969533927124
-0.2616376999934016
-0.017346168670636854
-0.0012207265842506957
0.05023645546720473
0.02800448255895997
-0.06466610687482093
-0.05790192107643894
-0.05492220387239125
-0.35934975257100327
0.0021819801018444535
-0.07660175611525613
-0.06514571794619486
0.03194050533008724
-0.2745212064910306
-0.2198609598292737
0.04519786327004073
-0.040488846574779476
-0.09519377161492058
-0.20416099632286078
-0.0778660148917311
-0.026904961189356782
0.2986262700396444
-0.031149626644362428
-0.1953247014312572
-0.12467567214580093
-0.025083477253589424
-0.06566979634696096
-0.08909053504154597
-0.1375531499482313
-0.012999867755660756
-0.08053301722318516
0.06651512925555367
0.18731031726463035
0.20120835983587912
-0.06164802923339191
0.3577674645066881
-0.07375334449176017
-0.07986128885508453
0.23581767310359628
0.01867288881001972
0.1547635171492234
0.08613354159702767
-0.0730165558145436
0.06496584415505038
-0.08140811986147223
0.18425324472563434
0.046385577689966886
-0.27243083137270824
-0.07715447623026676
-0.08946790086691513
0.23195044580591473
-0.08438958857444769
-0.1961097013488649
0.04251065274621325
-0.3890283829565332
-0.06260573569995873
0.05755535159123558
-0.03814602711124648
-0.057041714766650924
-0.06771461830836523
0.08638159908957203
-0.09625303444077432
-0.27145265420195436
0.1436177034166036
0.03467657203134179
0.07597690441510728
-0.2846343448583408
-0.12110696639907172
0.0053233243353502865
-0.1491079710740729
-0.3292037766516623
-0.05597317015309597
-0.030639231852692794
-0.1028315991006502
-0.11970875023063295
-0.05824564317713927
0.20960907613547777
-0.0736733243818943
0.15931717390397337
0.09102923003382049
-0.04604391983557442
-0.060053974320399425
-0.30086815542139383
0.20713478334394916
0.020067902273938815
0.0848728053355988
-0.1622815093498462
-0.03143098179704161
-0.09295241856586366
-0.16368186266500423
-0.11266399181784763
-0.034063100058976274
-0.1514971553549994
-0.34721073792833584
-0.013069167696021632
-0.02292698701698894
-0.09401383811744177
0.04103885720007204
-0.12224592270550444
0.01584557929149738
-0.11659001003796049
0.12633627203191483
0.0314619469401573
0.018484188838600497
0.01693303309340604
0.1162783618662553
0.04641661633517929
0.046727920244425174
-0.00760495164768164
0.16630323333633001
0.015689377503683676
0.08743218018433331
0.04463561133115505
0.21053076185058095
-0.34394729474214236
0.052952568011510326
-0.15343542283795658
-0.20698440211858235
-0.015263710206785073
0.05901004378060749
-0.03421455788603233
0.25106039464361146
0.17053709902777892
0.0761633131157055
0.014362685725447664
-0.008966194198856971
0.019755021283954254
-0.09723570127969071
-0.14272245646012366
0.1146678884378899
-0.08263277290897561
0.04426479466171593
0.34249333837327356
0.0584266018290061
-0.03016343011238634
-0.22665664645863562
-0.016344185077680717
-0.0004149811083046578
0.038109119835347025
0.1833706758446797
0.015321423146993241
-0.008795866302688774
-0.15621272422274032
0.026778902700335328
-0.07336672012265064
0.10944973462479625
-0.014275932125836601
-0.01811417283210376
0.012944017731802884
-0.15919925247873423
0.16670448939391433
-0.13883267926180995
-0.046871165152947626
-0.14401339644321343
0.11115418431694722
-0.24382531487518452
0.013999715052151298
0.010287438754492015
-0.265750068087513
0.35316010749711196
-0.05060014771245354
-0.1584514338333829
-0.0727025015963901
0.020639337179829246
0.047070796421238514
-0.2632693033333091
-0.07018246276537503
0.01193313130466158
-0.08368884936910842
-0.13179435953597807
-0.016457911011720148
0.22954863390725302
-0.41120685845336347
-0.13037376814760737
0.014510737743936587
0.17215678501812068
0.053542361076038755
-0.41005740331242185
0.009871938178461985
-0.06376804192860724
-0.036988345607046766
-0.21659516109661622
-0.12042353114634939
0.12844130416909022
0.09938495635919166
0.04272216512625125
0.08350038625162774
0.0006073616854290927
-0.1981713212484487
0.028849872361824874
0.009399832642257149
-0.1275071194695259
-0.061410015205613684
-0.18687423491772664
-0.1648065713390854
-0.12225245271804337
0.1996718981680447
0.3886747991322228
0.3353516583198296
-0.07500880656769378
-0.02680302557643603
-0.22400757684884606
-0.047214050315035526
0.023992104574728584
-0.09777810113002489
-0.11767360265733473
-0.18958371821552106
0.22649695462850886
-0.04000291763945044
-0.14070386105065905
0.15666449801583499
-0.20767839727189924
0.038866101396727
0.13622154729276306
-0.025369736261776216
0.039326090740996335
-0.2878389990431314
0.11215893166193895
-0.0593252427463518
-0.09381256449612399
-0.16277093234286616
0.021456805742168652
-0.021151737058400684
-0.020209585151570817
0.03349105420672375
-0.08704826318596146
-0.151628800564639
-0.15851855961263106
-0.10967481499065695
-0.05954239875565662
0.09845124341338667
0.08706215822220446
-0.021874625610129487
-0.10588546298716697
-0.15091873084673288
-0.12763687887759104
-0.26490022347415604
0.41159549694982783
0.18466311461633148
0.10941571560985096
0.04377795472363127
-0.12629891041318406
-0.16759287449590007
-0.058402096635380735
-0.17858226443651828
0.21319957359544725
0.13415764100597946
0.10984448084634214
0.034822319908438315
-0.12332810421817626
0.0697657179601142
0.00338864908856564
-0.12701118860049357
-0.0505684484353114
0.002002923467686083
0.02561016580539482
-0.14778578690817004
-0.05732269701095513
0.006362307791080888
0.08864423365331049
0.010084139980213038
0.06880265299540352
-0.06930066630054425
-0.054866606222680615
-0.05037674520925006
-0.1995689991805064
-0.037971165304960086
0.13662987756988398
-0.008696314647473495
-0.03447947875575321
0.1390348515364632
-0.1085259572051078
-0.03913683197762319
-0.2967037408564115
0.07280074723198285
-0.06810958590846376
0.09223805601877616
0.07630798171520356
-0.09217203066953848
0.03326022818818941
0.03446002309886825
0.008652828218658802
-0.03381483594154106
0.09868872963416683
-0.051377505663009256
0.06735916101635303
-0.09540547427664843
-0.08216159107841921
-0.13773613516882643
-0.03206953629941244
0.31276389583427816
-0.29902792347834667
-0.3310619524633168
-0.0947783589372918
-0.021335120539070135
0.013700906208436317
0.0156870227695655
0.0549090728389362
-0.020293693374391172
-0.022359833849547445
-0.22946555577384464
0.1574394781590693
-0.14455124138605563
-0.010185845087157504
0.017671581992550468
0.08922049982695089
0.09813952333538097
-0.0026028600049613922
0.14816605428983046
-0.062135885817123204
-0.06931216626784624
-0.1669512757750085
0.08074372247817524
-0.06590986880639593
-0.036175070269514054
0.11231391828906738
0.07551703584660069
0.08866132669670651
-0.13962511810159503
0.14228988166081943
0.21683114690246805
-0.02506316788713336
-0.096460470169276
0.056437210136652385
-0.04846705111552895
-0.09363860800557794
-0.13138485493866017
0.02819576851104593
0.41037206383435937
-0.043994677935436204
-0.003259684980436318
0.004295450889340352
-0.226096207702585
0.030346559560386187
0.005881794324818061
-0.04027419395684482
-0.14787249506102682
0.08622322057501572
-0.0879087440961921
-0.19296765825083945
0.17030233998112584
0.10820078665628537
-0.2978143190464516
-0.038374219037064866
0.20902898917412763
0.05708999861487993
0.21145454051368082
0.12483938749526459
-0.041225171748796696
-0.1372404343949644
0.04763799936334696
-0.04583065903338621
-0.17373505553565868
0.11776824025392023
0.08109462532220765
-0.027102039796237015
-0.07322698145232083
0.24929432331952045
-0.023617348052513483
-0.004562653709372148
0.06161069283220944
-0.09049427656991076
0.03932558788624413
-0.12860525367438547
0.14537696601270503
0.03439448822467895
-0.03165906100684797
0.09259751370745194
0.14705856688615596
0.1846408980556101
-0.08864676670667312
-0.030843171245299374
-0.2455477389324913
-0.023872200390294196
0.10230139458708061
0.09378989019599814
-0.22293253952872813
0.10036982000435235
0.07454501845352958
-0.1339685395658313
-0.2145803086281712
-0.1595611658255035
-0.054601753312915516
0.0206787199957957
-0.08757608854037077
-0.1787677217905735
-0.11211074447561252
0.12844917405381195
0.0706573450134461
-0.04502297125765663
-0.1050895351259275
0.049791509994973254
-0.08476718653741357
0.12077081328743514
0.26077640744347247
-0.05264377366678943
0.04596696279096652
0.014008189631623239
-0.04184927811562497
-0.16449661600030221
0.06038068841632236
-0.1409434793844773
-0.2501261490978606
0.04144957736292777
-0.06347418766952004
-0.05405098204386275
0.08320644717129196
-0.0595337490238303
0.04200099259575806
-0.12665832244773373
-0.08924449225345302
-0.054895821035972486
-0.27668615463427587
0.11735664084378462
-0.0762308772067834
-0.02889971264679431
-0.09841103348673949
-0.23836646892277938
0.01655339546383223
0.09678509367079681
-0.23055706523873895
-0.09527005212585418
-0.025494670243315243
0.06226314747732989
0.17653217215040967
-0.000576231356887954
0.11324454335958954
0.017871110184840628
-0.025643382579473593
-0.06944729694103827
0.039030895612565855
0.07363705252171594
0.07466583406279499
-0.25901561872958523
-0.04124776076624401
0.1562885738892942
0.17017805052716325
0.1371839098451024
0.09104048922612422
-0.0859343845897672
0.1706082819675598
0.20933288811387954
-0.16235956912858548
0.100262472021109
0.14400398885107663
-0.09303759312901683
0.03913984616996446
-0.1623888089472033
0.04828460342821852
-0.07708002362886789
0.08326151499397638
0.18284870792292554
-0.05049709598335179
-0.3086316617089327
-0.03938626084224946
0.013579017256912866
0.10991870060942827
0.011266250425651398
-0.09507491084203326
0.04540558729668305
0.2488400772728238
-0.03314029028801747
0.1541272271954272
-0.41841319050805237
0.1831072784007416
-0.1738836452821174
0.29056027536136264
-0.016261832483476717
-0.14330912998666634
0.021265023275524948
-0.01734861804613738
-0.10512195572995428
0.1925328548186003
0.11733572598548266
0.10194071506134746
-0.1267965546010836
-0.0998940094339549
0.16206557346175618
0.05611402085436911
0.007692358461348645
-0.009626268206767862
-0.10932563009623489
0.1490545730225708
0.05367062501605083
-0.025773098540526736
0.025474917127498584
0.03268322303505679
-0.2601599028518092
0.04397822007320811
0.17179701478816162
0.15676442533940288
-0.19693137984723957
0.10135357394866408
-0.2319155016167137
-0.03209616580363387
0.05142613020380064
0.12838086362640524
0.04750867999699336
-0.2964453831587851
-0.058916935959008106
0.15558925905015378
0.12196332702496358
0.07169172901184605
0.09112776763796115
0.083020119023375
-0.18252002136409676
-0.2066958020424531
0.06250211565893933
0.14214277009436901
0.08443337722231488
-0.16435821043792856
-0.22893889973732956
0.18610451433588665
0.03980945500897691
0.1192535424370479
0.23017093478448983
0.020820739329515205
-0.32645389727145857
-0.012620356681118482
0.13306418820410867
0.03556830153376697
-0.02153124514381462
-0.05851405797029272
-0.19487871489440464
-0.09478129294841305
-0.10303117050204993
-0.1141378037910374
-0.024312588175193953
0.13913763809455948
-0.25975271943639416
0.43510508927676483
-0.1530169443715553
0.17912372472304605
0.08794741345932865
0.07352929762002808
-0.24919818222562878
-0.3714965876286686
-0.44206205802850834
0.14798257957030597
-0.31403026117240684
-0.02998560582595365
-0.03418024189343617
0.197725788793668
-0.22533149887209689
-0.10878896303352048
-0.18113753322596934
-0.11627246518908947
-0.12195649027911322
-0.06595160086989198
-0.06361679431909209
0.023693396527841536
0.19091903374282376
-0.3688108938919972
-0.018810064588507477
0.02537018563783269
-0.07270567818496346
0.20878774652699325
-0.01673600651043969
-0.029617848202325776
0.009787376149446522
-0.2541092026211832
0.06617505030744832
0.15251669749917238
0.05078529916435492
0.031772796779068406
0.09002369764979001
0.10992025765405813
0.28981386138805537
0.06338934121911761
0.006468783901718512
0.15727528156965026
-0.32533581266763567
-0.283745839894789
0.03817022356221058
-0.035167379096576926
-0.005833783920775738
0.13128141939837595
0.06873064772960492
-0.03297183023755848
-0.24535080888193536
0.07944604829310203
-0.15067511608336484
0.043207295195122696
0.025220358076143035
-0.045684545348115994
-0.13306081834242967
0.10963253065461905
-0.01112711129967632
0.07234125447654362
0.1641644193936573
0.21447768660007402
-0.11534268728322344
-0.019182903807236147
0.14630168219981057
0.07729270044907688
-0.24640987262508607
-0.14677434101844344
-0.10156985962885874
0.09828945636774626
-0.2284391429906686
-0.12177949621813511
-0.1374873833978688
-0.04159627934522448
0.15638372258689937
0.2845313129304842
0.059141469933541004
0.03476744434024397
0.056162527239209024
-0.11005911429586589
-0.2616590886775448
0.09689223856466544
0.23301709300733386
-0.210995564547383
0.08712434295599732
-0.08238265836741628
-0.11310535543379692
0.21091508057104216
-0.29610790837162837
0.17195434688353595
-0.06197231098372903
0.06706187925619618
0.00701976052534865
-0.09042842622158376
-0.11157679588080671
0.005162945108951142
-0.11222368975873125
0.10396352963361744
-0.09991187260389535
-0.09029395677152967
0.14599336244787847
0.03784981642816927
0.03414414792869015
0.05448442419676452
-0.2344194319444133
0.09771643796346434
-0.0172237262891173
0.22572699775353747
-0.005940918416300298
-0.23478018060719252
-0.01237570465191584
0.05838098138240893
0.07195047202402173
-0.17803063251525553
0.04483891023099703
0.08853524110409018
0.19946447626316094
-0.10030326984427178
-0.024306828281591333
0.22777392805930002
-0.03347852340911161
-0.07790570639403975
-0.011204634017379233
0.06216354874696055
-0.017568553096116917
0.09464984522064994
0.16288453280243198
-0.237856921101657
-0.07762111293985964
0.06432591564321867
-0.12402664334279623
0.17659186838205485
0.02081987901692038
-0.006579798518136004
-0.12280312699895683
-0.14691227604225612
0.005962236501592233
0.31674725097405837
0.26843119584595426
0.20711922813984673
0.2697049662822384
0.1417254741549008
0.1282976724461615
-0.13657516432080605
-0.03803588627482442
0.2926723796115629
0.09899295292251768
0.148088052127705
-0.01780219702049856
-0.14045223147410713
-0.0748714709516063
0.17107259643409164
0.09579267385423926
-0.15180533012620612
-0.1629201627854295
0.015704938796620438
0.01440759226930838
0.06181622383142454
0.041886354302242634
-0.32568553153852353
-0.11122426453271966
-0.04272606801877502
0.060497376629927935
-0.11123008481504648
-0.07300545709986317
-0.20327222768059314
-0.05599063045117611
0.12670110450056524
0.1590731600799065
0.022088201222951603
0.08838170332209695
0.13943853886976365
-0.13233503819834255
0.09388949006757312
-0.16013894565594605
-0.021025275390795486
0.06100549238373799
-0.010607592623348842
0.14530805673903624
-0.004898451329279735
-0.2658636151770931
-0.015649420986134314
0.05783869966924545
-0.07436440741149347
0.032482892798997604
-0.14067584436927896
-0.20942943879789888
-0.36781516094171457
-0.026236844591964483
-0.181602792319802
0.2491570944711266
-0.030804795191656867
0.18364311446506504
0.1454468547611686
-0.16595327489231804
0.07261642229142998
0.030981358143916175
0.042387918208635064
-0.237059381834391
-0.07809023150630437
0.26510925989287765
0.13444748354942213
0.048599330843778044
0.08679324889811377
-0.015363114295567457
0.046754099974126724
0.003873162400407892
-0.07496630427310289
-0.10629890029704071
0.00919498456949143
0.10489408422500351
-0.08188975734077578
0.004272342040337686
-0.2604873389999338
-0.09949086566538388
0.09063632449750253
-0.012027092620206022
-0.06246366125761649
0.06993572065053341
-0.055347247555129826
0.16408226489745759
0.3161986420095211
0.11979821614498183
-0.0076451986655638035
0.02285284136115546
-0.07245357258926756
0.029170634635572866
-0.0782272871990289
0.012363223757792578
-0.08548290059603333
-0.13379640962451075
-0.14514474009589948
-0.13585887499856023
0.1539458284956109
0.022482349838971967
0.08082044977759555
0.15355482766774736
0.007485928514726531
0.03219935681113793
-0.22459868995367985
0.0068724791195619965
-0.019958590132682672
0.05968712321317152
0.0527710416122838
0.014044778943717029
-0.03789542310576331
-0.01369105359404541
0.38182700691301974
0.10882140683328484
0.18875055713423153
-0.1886906429106609
-0.1593057433620281
-0.07535327726974883
-0.07379684666773659
0.09990784489671212
0.07728802409261837
-0.15046080615172486
-0.05441616296588905
-0.008147392061252094
-0.02714184789953705
0.11683306862870212
-0.13872108650610682
-0.06910199229749743
-0.09896911888423922
-0.04380375165106904
-0.09529876809429556
-0.13837271523137154
0.22575363251302663
-0.0005241979604596676
0.0727600722361677
0.05646596451627948
-0.055408406504906325
0.22008123294780857
0.20394356483748902
0.02482226320091812
0.13987744225321483
-0.34204286080931107
0.04606986791563265
-0.029303408949022978
0.15894657461691888
0.12755185985044665
0.16611324457645257
0.22479639878147156
-0.2715174748733536
-0.043175290954528725
0.05043845421624537
-0.029071472728362746
-0.07260465215517449
-0.031052286471654256
0.06368255379620735
-0.008742928181009742
-0.32899995480989774
0.07490593298477491
0.08723737416198589
0.1497255826921575
0.19915193993269212
-0.11014674949753431
-0.1494162823705611
-0.19389511916295327
0.1294614843730549
-0.15433675148031958
0.02187508799867781
0.12756110800619558
0.07136417937944294
0.025443563815647836
0.07020999662507056
-0.05106264090699607
-0.11353087879038243
0.006104998031443071
0.029326162360425973
0.02659923509345868
-0.1070206768694155
-0.11316343717157723
0.008691286603879564
0.08176798255095204
0.09805954546261861
-0.1782267294604287
0.08659278091864715
-0.38679359239792294
0.2725340111831204
0.11415970847713294
-0.17042504496331634
-0.061725687967352436
0.014546366782620853
0.13219106403547032
0.03068347975311569
0.01788936777170761
0.19675929906499443
-0.39852767166105046
-0.11326666712346803
0.0007463611707364624
-0.12675636326967996
0.24813640147669846
0.08310127731781176
0.17826978353651238
-0.48881355602307774
-0.0028618061891206577
-0.023306796731980786
-0.04120709636817893
0.12377581337602866
-0.1167701695718834
-0.25579233428311826
0.00451154686981758
-0.3800836738269836
0.3082530328812233
-0.15626364899536924
-0.18208316977836086
-0.049720357518163026
-0.210390805034251
-0.12128688425118564
0.2855433847083032
0.0994553975360335
-0.06152812053193028
-0.0682177245375719
0.05953435718765208
-0.10770441321495702
0.02344738981421558
-0.046602781629106374
-0.1530547142426911
0.04128301969183993
-0.23060449751748366
0.1728689061057325
0.05442922500816514
-0.19280474213410723
-0.04747840593985788
0.04485542926827929
-0.10496566353592131
0.12630282949544916
-0.26426552311233414
-0.316121269366682
0.06762569894317891
0.1550206955387025
0.018830401368048616
0.014535719921069192
0.025895443538178936
0.1395402102334907
-0.07436891123488053
-0.03754355093852589
0.14866820104568657
0.22393991275108166
0.07599264542406041
-0.05534798981828627
-0.13303950671502884
0.04000214090023415
0.023618660120388935
0.21117389297708897
-0.5824030530164678
0.030004499126146243
-0.2328034672395697
0.16190898148686417
-0.23136352688141074
0.020324436901846512
-0.533556314820173
0.126497617554775
-0.13247604082514416
-0.04166196359638981
-0.322887573278915
0.00959944298208279
-0.00015516844031186058
-0.07027635201237807
-0.14809159069611666
0.006299616314230007
-0.003547538381814611
-0.04513221245676214
0.22043241818809872
-0.07593233032627217
0.031191076521490477
-0.023462495087159852
-0.01778602955950809
0.3682932454021266
-0.021208756527934965
0.08515096586449158
0.08009797091749613
0.12455642679176131
0.07417605307279897
-0.09694699622781677
0.3900406178694102
0.2791751649421775
-0.10949276767262446
0.022671745100584572
0.08886377138837243
0.18412087427536394
-0.1725449188618939
-0.06339953016523818
0.1162218836600995
0.3597755897745559
-0.2988560299131031
-0.11845159887048604
-0.23295643150692497
0.0828815740455888
0.12134243097632455
0.14855113737705294
-0.2530527485373367
-0.14854330641865904
-0.03677891692218023
0.2851727443312771
-0.1076798847832845
0.08540468340063667
0.2998468809767669
0.20340553111662113
0.21195933574620024
-0.04953410222571992
0.021512212276826946
-0.24577493757555835
0.05603749694772985
-0.049708553371543646
-0.17970883954852881
0.07281635103526303
0.022020117866094237
0.0504886558562482
0.1134007678753201
0.10887113265566034
0.163319902044952
-0.028636974683073958
-0.2087347350398611
-0.07316912890734106
0.11728104914660031
-0.09315507928281375
-0.1979578154092877
0.10486482143418105
-0.011662040588434149
0.017045096232443706
-0.10526243503114471
0.10627224494491139
-0.17443965785948198
-0.07777721033274068
0.11817446107049757
-0.12813209745047427
-0.016384214425532773
0.05305485186690095
-0.07339168800706099
-0.2767446470417546
-0.08198008682405171
0.048618862375968706
-0.09928655174804923
0.1454369762981444
0.08466285883559257
0.3239395999801288
0.04144888693081431
0.05193628648138828
0.1968012930339292
0.06553594684825938
0.12391479149821528
-0.05002809919693504
-0.1926991164307225
-0.14256458918035878
-0.054889422565197195
0.07236852668346078
-0.06175442004266895
-0.29573690218464543
-0.038564162552975435
-0.09457892808525835
-0.3290541860719814
0.1025847522859666
-0.016298525959559607
0.17670952393149952
0.11325234501667306
-0.09971615696387301
-0.119927735633293
-0.1039164726077858
0.1286367282902443
-0.19911872096148514
-0.11796018005065377
-0.1157506599315604
-0.11828973783771062
0.21013677582141446
0.02790693627902655
-0.025159168415140147
0.11896625789871262
0.031603157367681746
-0.2051289201327793
0.04464746139645779
0.10063117156472326
-0.153989796780944
0.09230397064130212
-0.4359386811329627
0.13549594772265197
-0.15221478586646803
0.18542863706397894
0.23764291308888702
-0.1611879034911589
-0.28372332859827526
-0.06795873601610909
0.2605448721194836
0.04258526088616559
-0.005414200118435674
0.06485422708250564
-0.042378535896423396
-0.1971885239270305
-0.1628323980180792
-0.07623337301572408
0.06237991135881954
0.11224236657960614
-0.133233568309882
0.02367994353297981
0.021291387850121545
-0.09022581634595069
0.16779726476010096
0.03204790499088774
0.13775257935289667
0.1266580789272039
-0.1257622639369333
-0.08116316226903952
0.10425793865377138
-0.07784878205173013
-0.17563047439293414
0.05593386415674886
-0.027632869062370283
-0.15809734539162082
0.0636972652395034
-0.014156107869836662
-0.07100314365773182
-0.16671483885752925
0.13982767893728607
-0.17295860403211252
-0.036348086619730643
0.018242903876233747
0.01508950867939754
-0.2639335955544803
-0.15048975988634525
-0.1716965454579351
0.10518079643674325
-0.10598707830543601
0.01845907760726759
-0.12283954226914819
-0.030023986219895247
0.1430019113424505
-0.03586387322267353
0.12412851859791973
-0.004251617174069153
0.23114220956430168
0.06865644821521184
-0.18784532772685716
-0.048012142836387287
-0.04884144664911598
0.15484622243608098
0.05135089299455048
-0.044755144945380715
-0.14329169084782062
0.06477567135028199
0.05994946712449539
-0.003897891282247809
-0.0029830792548316467
0.31063566054632563
-0.341043955037092
-0.13846966603589456
0.08749905350554774
-0.10553942065065833
0.16461404938804458
-0.029463126616046047
-0.08450328987581766
-0.06347396579856025
-0.24832854311677036
0.03595219082741326
-0.06876110772446996
-0.09855594190490438
0.09128163758559142
0.02961702994173916
-0.3815019090518991
0.06858206069370251
0.19807383460149497
0.038189342098830605
0.03222076877567659
-0.14392488310636561
-0.07659610612090077
0.11526856728661651
-0.019572759424375582
-0.016639928230930346
-0.033468247751762194
0.043579468368946675
0.13969068431941226
-0.11219951490957432
0.11388879336422776
-0.09504613913955941
-0.005895266992285237
-0.009032990740341222
-0.017572996023324263
-0.06029498082187674
-0.16310461798009943
-0.1924219922124348
0.11356051989809021
0.07083795288870101
-0.09225782397672636
0.1954840793207992
-0.08754254590785877
0.15919208500092888
-0.02189501285063645
0.09934044605380075
-0.23281103292839866
0.22343789800863137
-0.02423041009723656
0.04400901733420706
0.21547442773798103
-0.12732980943828393
-0.0786323185119816
-0.19556219985572856
-0.08534560500640952
-0.1527609368435216
-0.040754765941556186
-0.15343136640190405
-0.17764316019811122
0.0856450944421503
-0.12358139614704308
0.10033204250090202
-0.1619664402131436
0.011335962541703647
0.028129683146573416
-0.23265305925280352
-0.042623134838370325
0.11643886754720258
-0.1952808472435697
-0.12070383733444162
-0.03055568234025444
0.05569394128257481
-0.1157785605183406
-0.03719177243326619
0.0913053634634593
0.052758464254733156
-0.15632612817495947
0.07326621285923565
0.043264839547828816
0.07637430172790177
-0.20665671371324157
-0.04448854013097522
-0.2091980670393156
-0.09972872946023212
-0.047403143754145505
-0.06725995358540604
-0.1462954882407627
0.08520821357647224
0.08600932504995494
-0.058209070821541066
0.48249136418559185
0.09764097569495324
-0.28868409574936493
0.1788996916684284
0.023798042919682464
-0.17867921510227885
0.02069254617788181
-0.09777835120885899
0.21382096160040112
-0.048199745449603926
0.0055045852233569816
0.052992320293397635
0.04296239182486997
0.05228596050249426
0.10414110875519969
-0.03513347135866015
-0.1987080609478868
0.09444028153898272
-0.23402249311824
0.058341333951406456
-0.12677292657954883
-0.016932792213537974
0.011139806041461456
0.27726972564334007
0.154778741946694
-0.189243449985742
-0.5474267721616749
-0.16768770782639128
0.12186091613902361
0.2348309887396264
-0.03782543751402087
0.27946044724358243
0.017331023070984587
0.008833848067938802
-0.19063930776069765
0.1407760311781528
-0.23731120901978328
-0.2176601001552862
-0.18802677135575077
0.10497733111640695
-0.04026559209653188
0.25258495050528873
-0.12912464516534405
-0.11148321129589409
-0.0590224407555184
0.30737269372575277
0.35738098772953153
0.13710635613589126
0.1322273530900192
0.030727919804347317
-0.04757133742550447
-0.1256385016377393
0.2096086820464466
0.20737375790936194
-0.37748472416065976
-0.10832495469377587
0.0913917285930624
0.08040776310060344
0.020598663019614688
-0.03784447315612901
-0.4476898493964349
-0.06749358546367992
-0.14634811648677412
0.09779717583619903
-0.0372842014778847
0.11811214085503872
-0.059425277366020934
-0.2490484620361049
0.04612162959852242
-0.035854494976812645
-0.024105505317458992
-0.1834264802434425
0.07625439284121184
-0.0382567566489263
0.09833517234015028
0.06257196103383213
-0.06501832340558054
0.1747992971853584
-0.094982066578286
0.15645581219389296
0.1946941767837086
0.033109129436625084
-0.25762337090296383
0.28589439181651044
-0.283389122621961
-0.0826895527702886
-0.02183574051033509
-0.03817962023113776
0.12816428462105442
-0.1546351010947741
0.15254250914182438
0.2240242318069745
-0.4122227752974771
-0.08953949760339927
-0.259078662915934
-0.0023862878138870298
-0.04773346094584954
-0.24068367395847898
0.0024222899268943787
-0.08544876899147223
-0.01250477758224572
-0.18688507709810503
0.09686104092300925
-0.06866383400640838
-0.190908442303517
0.1481700525531444
-0.2282145445433005
0.020066835509524348
-0.12362414781623283
0.2989013368616581
0.12723500040843722
-0.07393675549136387
0.07898431002305077
-0.351557394983983
-0.16987198730373385
-0.2896911141128353
0.06555280646711946
-0.016359372157449585
-0.0947809084936383
0.04021707856591633
0.16562113534110198
0.18945538312606797
0.004142290792096192
-0.130120832824617
-0.09558670770506428
-0.003753625456447398
0.1358645276520531
0.036492688800247856
0.4217605743375738
-0.1074059722702932
0.07052823380969886
0.050997089049416904
0.19732113346825472
-0.15399918536454563
0.1392298919992025
-0.07399312884993554
0.08576971343272988
0.12584958312629008
0.0778695883480818
-0.25182153293479104
0.026149127291689195
0.08063792245368027
-0.057062280155728125
0.08033423774260334
0.17056699576161002
-0.11727961467057445
-0.06947799469416903
-0.023989225036810266
-0.07237644280998047
0.062419120011308234
-0.039708134221831795
0.33274601712097296
-0.2564467265326837
-0.12369373123463868
-0.10333080728176322
-0.39980158060425663
-0.06793461669042235
0.10384839130646015
0.041370337931900876
-0.08620256764014007
0.1250387548837521
-0.0334972680829534
-0.25753186957243024
0.26153880355573933
-0.2837342942268531
0.027391379021277567
-0.11175369987677042
0.26356462901400957
-0.04330380161504188
0.29629197142306
-0.12365245598431875
0.09506757884492927
0.12971114527929595
0.09422192082631883
0.1311865917012583
0.16394740278077002
0.02274283802390259
-0.08360128512656036
-0.03574049282059194
0.15376491870754816
0.06699834397345902
-0.13555236397783468
-0.14883452945727982
-0.09963925925949527
-0.0186114157109719
-0.011758805511572648
0.16573748492507012
0.06962282853351169
0.1612307587729401
0.1392350528128471
-0.17683264064620952
-0.32726886206905237
-0.15979857680973575
0.161975099272357
-0.005034241987061961
0.18898229037961747
-0.049899487624402154
-0.040894829364629334
-0.21416500937431923
-0.17724415097184376
-0.027372632114443813
-0.2227474421260647
0.003481693304842019
-0.20583692918356716
-0.03902104987237408
0.07710120614366832
-0.012974621799178833
-0.2910716471894348
0.035909266512566256
-0.12494099787618682
0.006791391263579852
0.10887850276810465
-0.14912545270783809
0.06390745513239751
-0.0928101271050002
-0.09162587414548563
-0.04939019160131345
-0.12006971253570901
0.30724895599345287
0.09018312092431807
-0.14638564228913128
-0.06805228466717356
-0.016679913414051842
-0.01915242157796585
-0.16521084953810225
-0.1864166861652356
0.06091922587176986
0.1516910685051683
0.16365050806281967
-0.3460653146808019
0.2771966693192158
0.05459174414828193
0.13189378754645026
0.00286546863811982
0.0409029806814902
0.2142818121728086
0.210668207036358
0.20526103403796686
0.04140512533698316
0.16303564971960635
-0.07181150002180624
0.028701941636744388
-0.10731502102342105
-0.1048008100916401
-0.028923998124792155
-0.2392605786580326
-0.12580303980893787
-0.031281654392153226
-0.05961022106819646
0.049349104310813977
0.0347165471551345
-0.10434185291640355
0.14248943274194412
0.20576182945830385
0.0717780066590933
-0.0036274343299294476
0.1011301699036446
0.12431944956066472
0.22467870855916866
-0.08113432632332286
0.2359087892668496
0.01782809916229335
0.06643780267065251
-0.060575388290585744
-0.07150909292667511
0.042012597866379425
0.10330297823156481
0.03492500258690152
0.007164531517536367
0.12742544588832913
0.07037694300814681
-0.035065282511774244
0.23063117052068133
-0.07491188371542952
-0.06118899369989284
-0.06173944762587729
-0.2100180396775346
-0.1647785847411265
-0.1205775698832735
0.042010951838601894
0.06364336384533377
-0.029179364281879786
0.007456032727776132
-0.08630982068860614
0.048200053661771776
0.08139660933847045
-0.006821871106247598
0.0661870685026817
-0.1564138452384433
0.19354996152353957
-0.1753288506908471
-0.1907577666761444
0.12057618716800045
0.3969536371214014
-0.0018127265835963086
0.25111286575148406
0.02157698892468025
0.003267449653856718
0.06098617632770045
-0.11075062757816234
0.12084347133314743
0.01167549314171251
-0.09779146699162501
0.13331234083121235
-0.10004748753795804
-0.06653441358182254
0.09284270295531899
0.2503354003839083
-0.1407990325014532
0.00932491538349751
0.08307954938344331
0.0017878508746886658
-0.05883093599122071
-0.2967929397041335
-0.05703152256038485
-0.0670178415759137
0.09225799901912399
-0.25509005255408373
-0.1622326586109905
-0.178274987833259
-0.02822809502428658
-0.14536226278960115
0.14358790670825367
-0.03580586579254541
0.008824595776424374
0.09372082363526525
-0.10624122890720401
0.01478564122137319
-0.09282805424733623
-0.1712475839128402
0.03568877097289457
-0.05075729698079598
0.14627877939801376
0.19304739348131253
0.08593749334616253
-0.024685885881611764
-0.18008143180776912
-0.29781294701814204
0.06273136482111465
-2.267440553953399E-05
-0.001905069398655786
-0.11919197952416755
-0.32138617188631224
-0.17477187231808086
0.023283763340045817
0.029611353351412482
0.07597772745947776
-0.14081397506449503
-0.17235820022404266
0.1538143445736035
-0.051266440582257156
0.2846298379778554
-0.12275216603093903
-0.13789814245414733
0.20194126267798473
-0.22470001062948097
-0.23895088456473232
-0.10700558180789277
0.04110577892964899
0.03399648150044961
-0.035649204999048924
0.08143005675492469
-0.10346034577488052
0.049738829928915304
0.22461954425628508
-0.008024112668578953
0.044280262010879375
0.1577177699448348
0.010553194563852494
0.11875048145037302
-0.2702136381457392
-0.11236007898736264
0.08591742183558373
0.045970903586891064
-0.12458893909773333
0.04469025334444228
0.03279111510457125
-0.16362548312628586
0.07758240331735954
-0.09052419428648202
-0.2457088342021576
0.19070012546858425
0.225481889647014
-0.00954923522500296
-0.15674354496943788
0.11252314718898715
-0.3216695130902727
-0.032837090277119556
0.09545989970338613
-0.029009379599919657
-0.03167964191502002
0.10945530686646776
-0.047505393926208124
-0.12499586028708096
0.01834435129331435
-0.1474894321406578
-0.19053560435841688
0.009419842649240137
-0.027319874417135594
-0.012557341967867064
-0.05631351840318625
0.13791637549249164
0.01939086135131411
0.08250573774362012
-0.08893568735565922
0.21094072774734668
-0.045280962813294044
0.13887332291112006
0.1021285320530785
-0.02199636898735011
-0.022459662726505358
0.13305593501418989
-0.13270722761887152
0.11239398079426893
-0.1965351763407962
-0.0685309970127934
0.10165125093701456
0.17098428731554222
-0.1535179209339695
0.053372919379663895
0.16909719221045547
0.28254514100280975
0.06995640020344673
0.1390432353676301
-0.12597308615244532
0.06465028653869614
0.15467946879294922
-0.07826498412035249
-0.04113889719404048
-0.10441003073438385
-0.35182844713341105
-0.23872468056166896
-0.04731853921818883
0.07402344758501435
-0.1947019240747637
0.19213085302749405
-0.035911930757439224
-0.15284452507852547
0.12061180918461487
-0.008580845439148548
-0.009661974894387462
-0.07279127858782401
-0.310682892767734
0.03795693687451324
0.13291096466658783
-0.07541355948492834
0.06356036098809627
0.0008402836734503296
0.04215481073026828
-0.04046281027059298
0.07418645672817634
0.05524350025798618
0.14134566001446985
-0.20436798416780008
-0.2405638104012263
-0.3740742325611048
-0.05531562949011301
-0.004486233608949758
-0.015610726612455045
0.02503383260026822
-0.1588432218111603
-0.011083233051009654
0.15345183725658557
-0.05248180765588026
-0.15911372694032952
-0.14936260873361817
0.1256098147291016
0.02742464688079766
0.03980056103412231
-0.18226347062296586
0.16466027412505588
-0.004031074007934023
-0.044539286903065335
-0.04869390942112411
-0.13350931793504764
0.07741994372865629
0.15783692841051158
-0.23118399930979425
-0.10910012229525103
-0.18281488013536135
0.1005919943745511
0.09220162663643712
0.15864256087064676
0.056139368736131894
-0.156184158541951
0.16410491844133554
0.13400118568676883
-0.13856656223171898
0.11312897123765024
0.407930524058581
0.09275251697011558
0.06778420760413735
0.004899509906329332
-0.17119425985997216
0.1454884739453307
0.13751515195625694
0.032401965408414085
-0.2571709444215162
0.0904396099875109
0.059568957885046486
-0.1747919803262717
-0.4338628785023259
-0.05448090295282347
-0.07910249584838303
0.1888556463871613
-0.021574043410533397
-0.2359934149693064
0.1343138204125203
-0.020263258430250543
-0.04621011612137456
0.06119804021782911
0.19431915145424028
-0.09510781076834066
0.30037539348499165
-0.08336838862340229
0.042040518195234765
0.006051181604365521
0.1687134023113256
-0.023006754527178354
-0.2463971761333833
-0.14408035616574075
0.2797588722295223
-0.04539792025055461
-0.1876895041528943
0.08100903436895734
-0.020177029765640498
-0.37804492388613586
-0.07504417763604379
-0.10552818559057345
0.09316478711128738
-0.11532916967731995
-0.12231788322506235
0.2074679248307235
0.03328045201706942
0.11606989199121065
-0.024916618892875803
0.17553410190042845
0.27411212279018055
0.09694308603418576
0.19901276310341243
0.10164450876084
-0.12471939414031316
0.44116377173687027
0.10109108946652437
0.24478827857531585
0.05605547155533098
0.04150384387917872
-0.17128019694709157
0.022891758499514386
-0.2529064254116582
0.13567466120074295
0.13550320603236202
-0.11421119051684202
0.09941502752802071
-0.06404605855462786
0.03510760499501246
0.2872747627413966
-0.2548947532112418
-0.08327044127518954
0.017301685388455546
-0.24029045596489554
0.10509729134146985
-0.1105902695549541
0.13635932139732015
0.0825177471795626
-0.09028311488994299
0.15214722303750314
0.11141942741276671
0.19864935733940667
0.21308670629018828
-0.22785337590562246
-0.16563206926495044
-0.11893051200628654
-0.11668824714384707
0.011334936703926027
0.07413867049965106
0.15307152126387086
0.017412196240140447
-0.1387448948089049
0.0007544239872309595
0.029584718440694793
-0.08218184109593042
-0.32104811522265003
0.09919048345517528
0.15878805733624815
0.06344227315710876
-0.13665440434536438
-0.09004228513574791
0.011598295958698926
0.05200645688141944
0.09578189448859363
0.012138438971819557
-0.15688432172342373
-0.006076944184752933
0.07476640022258721
0.17249764119900163
0.2984322346060145
-0.023401957767736847
-0.2133142366835876
0.273129213945403
-0.024704673805235004
0.030830638770849815
0.054623822076394796
0.08357306928446914
0.12012645649649441
-0.1838813278761359
0.005877876161195452
-0.10225218008158737
0.02038460029621829
-0.00617756287765455
0.07536955188119067
-0.14633593381417762
0.02532596597771887
0.028475052388149524
-0.17841272979363046
-0.08427588212603165
0.16801946496718748
0.1209039869795243
0.0340594617076652
-0.026287176080379383
0.129718971114401
-0.14973992000643227
0.04915604673706125
0.126516674940751
-0.14151184040710524
0.1350587898965621
0.0533049198750021
0.022610727596132627
0.1704538166582969
-0.07729789535069369
0.02303358335048278
-0.24092083553448754
0.008388037115139822
0.1268086064626775
-0.041719176592478105
0.16525283851695038
0.1911958915912573
-0.09983205527341421
-0.0984394191286804
-0.23406931223819863
-0.010661503422672431
-0.08865153335859742
-0.08767306341085977
0.18119369713803557
0.009903713495477204
-0.25187062434134655
0.2937693510837849
0.02245076612869269
-0.16223021911215607
0.1600861810886208
0.01194722101258497
-0.044525463667700715
0.08949564220581106
0.051113585686394854
0.2218079915143114
-0.06425937341968938
0.08784899662143442
-0.09559416503590658
0.0023693055753609363
0.14410355530466787
-0.13715705226232963
-0.022212834773992256
-0.015811113994941006
0.010448787754681771
-0.03797313622791253
0.011955643866405253
-0.1337791090830156
0.12248510487163829
0.08042243880561574
0.10364018834801901
-0.008205727191973424
-0.0041746823780175486
0.0747010030209865
-0.11987343648476603
-0.1950431340569553
-0.0820878478111428
0.023501728055815505
0.15356681481926143
-0.08882119271097146
0.08264528725254432
-0.10792209122421378
0.1562977573335085
0.062269789754657155
-0.16005987614061185
0.08525855005447136
-0.07416487918101128
-0.011804483956105328
-0.03789315497257602
0.0983011601781147
-0.11832568584743365
-0.20570261497762335
-0.011365169366371403
0.05717216060106379
-0.01815611569748519
-0.03182037330505241
-0.10059416491398014
-0.049911321664091644
0.0940456453984206
0.0005574280750906376
0.08586983324950802
0.005111387295959432
-0.13788485519339255
-0.14456312382323552
0.08673126009496315
-0.15481613773831135
-0.0073676041814549256
0.10949213202626072
-0.22887508875264867
-0.12424738409911655
-0.21814446672538496
0.08389054426961555
-0.06044755708627206
-0.01789749991256288
0.06760903461424021
-0.15681550147733608
0.07364286122420052
0.06493293946905936
0.07673186134274973
0.0299444722752355
-0.20860815825325385
-0.05162539448293476
-0.05935898080920087
-0.01628266925112686
0.020196668051916798
-0.05650134237427492
0.12704395357278
0.013037351270211783
-0.00950541037601276
-0.42240890483607446
0.00691551180319104
0.09972972440258082
-0.0206510807545682
0.283036891366734
0.1286623570739935
-0.18277219722240248
0.10363081069211466
0.2204528275009839
0.05893155881577044
0.03316042720468899
-0.07619672713581514
0.01181909559772554
0.03385311839537449
0.07425962086450394
0.14294966776256213
-0.04297723275745357
0.09553912777532568
-0.11850602311263814
-0.08918148834537853
-0.07908573105793748
0.008751551385785017
0.009092036204084858
0.10578513221788743
0.13665974122831523
-0.0909010467570115
-0.029452067621554185
-0.1367611757749156
0.07209339460983187
0.07464208911260528
0.2532734974672154
0.016006124135818978
-0.08566943943532826
0.13095662610007913
-0.16024588892363004
-0.13969589324585013
-0.1558446445819287
-0.01946574592325603
0.22156243000938897
0.11244240363582414
-0.06322650820253935
0.23253112056079045
-0.08821539857135455
0.08722271744343518
0.10015403695970186
0.10437526636549462
-0.008374920175889592
0.07438375707794886
-0.1467836222032321
0.10586470449003305
0.17751228208885242
-0.050098027275109626
-0.04428444517014471
-0.23449047859208783
-0.11806019240804329
-0.00647150631920713
-0.20826014591768383
-0.2998067029248485
-0.01018186773031954
-0.043964522731105356
-0.07463697471299213
-0.16692845681452476
-0.05788951498825643
-0.1917723315463261
-0.13737621909504025
0.07890985186793188
0.308550303553058
0.029762382162955393
0.1172669917684939
0.10094014412895332
0.09939240768672052
-0.15982239088667347
-0.06622147423686041
-0.0018932707936479515
0.13206888478552686
-0.31535533141574784
-0.1541804589463047
-0.04413528080822199
-0.1668804857158184
-0.19051570846070878
0.20297954988844297
-0.24797764197719663
-0.09693231383143397
-0.07676385302177784
-0.10760672337434754
-0.028730942769867162
0.0785972833313331
-0.018825469700116802
-0.12577043490831272
0.1445101091485525
-0.039055744905838255
0.19312363976658412
-0.08005288049253735
-0.4024884836592949
0.3202200059831706
-0.1662665005347495
0.1554690080307874
-0.18680055973252382
0.4478687349587271
0.1602043463017066
-0.09649358471144309
0.00278543677806061
-0.241852472989679
-0.1035300074226762
0.18345870181019658
0.02442964735269671
0.1668923957201415
0.16655656222174423
-0.3555481678992516
-0.06585891009607729
-0.21821317262138212
0.2357678340302328
-0.09973417944464529
0.12600195637181472
-0.13945492506844406
-0.15629916113886658
-0.06298268931963535
0.018043896942138433
-0.19985852238855978
-0.09434757002736621
-0.013073736562095652
0.026385255597887708
0.11458256023201081
0.006188730836230038
-0.03504059609102733
0.26983114870794184
-0.12215312477866759
-0.10427811536488461
-0.24037421582780755
-0.09257352121430691
0.06870884735399634
0.12949962448496663
-0.15355261305460158
0.008695704622466044
-0.22408131437836287
-0.03200815991823743
0.05527563224447839
-0.05426522760880731
-0.36315725122389647
-0.005441673988823251
-0.017499073583996116
-0.2048716852213767
-0.04404519508724801
0.21745405377362823
-0.14944799254183155
0.12580030343493184
-0.2900912643830244
0.1780810635686279
-0.42042456572268677
0.11172183438432565
0.17081083065750435
-0.09703897801833626
-0.09318751598539096
0.14521606091777306
-0.14504782552011009
-0.08202392589253044
0.22371299631253838
0.13660315586009814
0.0738734582454948
-0.07266465139599332
-0.2522547874779212
-0.04060046998945648
0.013062634836815298
0.01371503009987777
0.08010328705104063
-0.04367263894171239
-0.08870548829353976
-0.1526032130697462
0.11161618073222439
0.003544351865395988
-0.3098594768297288
0.12064544158671665
-0.3517395591652447
0.03255280111632726
-0.06206477666558811
-0.007549878030758323
-0.3352992566123059
-0.1870161715334992
-0.20401756041261804
0.059651498872663834
0.24584746336857122
0.08958269327710816
0.06960337480852441
0.08898947755804532
-0.21650868944539903
0.10070762589425963
0.0847437632634439
0.05650939163161872
0.03206585420730923
-0.06599473420907451
0.05380768097832214
-0.11504096952275414
0.25408462857911507
-0.1317773891618563
-0.30154952473568014
-0.07979735300621145
-0.14280787489429617
-0.10224626014148187
0.13082443058043022
0.06678719887171593
0.16134855289782096
0.23385717558431887
-0.20755382131527028
-0.13795748140392822
-0.11428082063358455
0.15306928511861995
-0.06694994565581097
0.3211973619881933
0.007547854760289372
0.023233315460087132
-0.10173128993630345
-0.25840423062365925
-0.3031970726060185
0.055258567706752915
0.04072844371827409
0.2441336885699152
-0.1843886103374515
0.0840726614882073
0.1441041802440399
-0.043157530864459136
0.22159200112312216
-0.11765921201111677
0.03332464869278988
0.013132388011098416
-0.12349372467807887
-0.0029578861618137844
0.18717387747081413
-0.07689444759499563
-0.09971843617684127
-0.19398752884629095
0.13783621814012723
0.045982174864580345
0.08084911973699357
-0.17115838011197515
-0.06626045798363878
-0.05590586799048125
-0.19184939164609371
0.04033426220993563
-0.1919372218423692
0.053670360659412414
-0.30138702049048816
0.10216730096338664
-0.1019938571666729
0.18442626642211782
0.20991308611695458
-0.09079195249213123
-0.08306552200399463
0.09591165167141574
-0.054465361835821444
-0.0320977641115763
0.1585568571734572
-0.12819436012014668
0.35234806035132377
-0.0951712316517494
-0.07140385760841382
-0.005342551913657161
0.04997654297236579
-0.13074556767958898
0.047154451358343126
0.2651800257066303
-0.25784469110293035
-0.1642638415295824
-0.20236379968322565
-0.2651159453309962
-0.3273923249456435
0.12707374106053568
-0.07378603130414896
0.2516591698013527
-0.24152633886436037
0.32676050121079303
0.0023462345061213666
-0.056706228078368226
0.10587091699212778
-0.0877030141155602
0.0025544800867188626
-0.10333861975919738
-0.0271643952889432
-0.07389186393780459
-0.23045001435856183
-0.1597649530667579
-0.13402203268001037
0.06741094460309707
-0.05949543615592
0.09431253547957143
0.14463031518942515
0.1288022459326254
-0.09759299347710483
-0.17897468690858867
-0.21341093175161446
-0.10652676545844267
0.1259602168037136
0.030148027364727905
-0.205977989983625
0.01098195146088087
-0.14449806366140378
0.24386100388852794
0.33177315884697195
0.04039397595261107
0.04331153953268744
0.015391122296887702
-0.04956049683603792
-0.1125983623389684
-0.23353010426762616
0.004375420080767106
-0.2016149092351366
-0.08338346528796343
-0.3255324426375663
0.31788640873242635
-0.18054615962556889
0.036080334671666894
-0.023058107964337313
0.08076717776222955
0.07911006588613692
0.10000962714794981
0.2538462301991926
0.1323396687295212
-0.5186936183219102
0.028824420842335642
-0.06797740125544831
0.028011119315470803
-0.19766060151069337
-0.12586156045356484
0.018861059712630017
0.1096740493651743
-0.1627024423812906
0.1282957515543528
-0.12955358304951872
-0.06857831106629404
0.09767977551397697
-0.09069698959567153
-0.09102225088840779
0.20456061776303563
0.1000550068696345
-0.18871020505893654
0.10098529813726623
0.018721415978930095
-0.11575276734776242
0.10573873165130962
-0.16212752477441394
0.039976857932364954
-0.1337862959696918
-0.20661419793459887
0.134280269507257
0.17310029539349905
0.12314166798335494
-0.2058926525272121
-0.23170176693035746
0.06752034091233505
-0.14011692047641933
0.025295158577219447
0.0679313732991245
0.13764138883418328
-0.18462941019202975
-0.00045021702421847953
0.12465257422884629
-0.20052167340832422
-0.10535598815914912
-0.17930677677520843
0.2095269406132216
-0.09059032713971304
-0.12638022090840836
0.07513224542415858
0.022665000888261764
-0.09764863458152498
0.10934584028518404
0.02706870487207578
0.01214534985580625
-0.02468919637715032
-0.023545401232135093
-0.13280466672390742
0.1443071100620052
0.043959394896655825
-0.05371813059340745
-0.01020397403700873
-0.07970731525863263
-0.19541894515122996
-0.04653194896286123
-0.20590156703086596
0.2058312774618716
0.1198775490166073
0.027180077496419888
0.037805864563143554
-0.14210159290435986
0.11259805411419495
-0.02909580021913398
0.1662849388875295
0.11045428496674656
0.040853650464829805
0.17986161958298055
-0.20863665571942588
-0.02221510767636469
-0.0005801236118147685
-0.2314829276381314
-0.07185841439943341
-0.05172825452287492
-0.0957970845093912
-0.21150302331385956
0.1768875738762274
0.01448824540251438
0.02019332672706008
-0.057864416165906485
0.17923729643833178
-0.14337335416156777
-0.14488209207711386
-0.08169505498651977
-0.07306456995176448
-0.03238967512935694
0.3181950112885461
-0.07413370457541252
-0.039351700827987474
0.23248353146734313
-0.19552193834931053
0.06909042852989758
-0.022794381225630492
0.08467470963110425
0.05672890279408504
0.19712806893768645
0.06385795964396261
-0.10389829389002204
0.052527734173167806
0.01376412755401842
-0.1214854412659021
-0.04868106900687059
-0.1816715188660833
-0.10513501424813526
-0.02219396203444127
0.07252668111033649
0.018581661278578757
0.008858974223369603
-0.04772735460682176
-0.06076455129960259
0.249159424423623
-0.16484313102559534
-0.043912438745747295
-0.2476928210898378
0.23513598327779608
-0.08934216521079248
-0.08172196133540628
-0.020756346739900275
0.006911476528521579
-0.14841256622886648
0.12817152873101284
0.022808061287037426
-0.05645475168237205
0.04838405029114879
-0.24114116167271046
-0.03724835528773077
0.21284370986818757
0.0957700210461587
0.09692832629658685
0.1217996298224604
-0.031364982676379057
0.2019462631103223
0.11715146997472389
-0.057462210507217094
0.07772283428927017
0.10685898939517802
-0.02712703818136577
-0.09007545924325987
0.058280593212745334
-0.12764233646271625
0.03921669312442749
0.20384889491800445
-0.23617432020997703
-0.10947393845252322
-0.005089569481534378
-0.06566657078679582
0.1942088761402536
-0.21072468694370608
0.054135890515953085
0.21155988291657007
0.2286692956691229
-0.07818716900766343
-0.3223352329239165
0.18058339356742462
-0.006650207706407312
0.0484270088572458
-0.23728437875774552
-0.13811705291040705
-0.14064388786505105
0.07563725727530554
0.2340537915042246
0.10697601935128133
-0.26833053933271245
-0.17937669112602808
0.006144603797894123
0.08689045776640156
0.12319003625821212
0.26126677827915135
-0.03302669512453651
0.06721093658017385
-0.00899901153346281
0.08875869514555425
-0.1358300389563274
0.3193069065596486
0.077057125764857
0.0024770816168176234
-0.05042917262025048
-0.11938336787457617
0.10615517710140751
0.25216740953146605
0.05650352454785245
-0.01750689008327404
-0.1243104966594697
-0.1846814195559348
0.13076353194145213
0.12300627237592769
0.14345538221192408
-0.13876284250274826
0.09056001821849734
0.19684529371215398
0.16718828844180175
-0.19261938602694506
0.16462904220326946
0.21270571382586484
0.18305889035522618
0.0512354388085268
-0.0263708963277317
-0.021567166936080025
0.1997638331568715
-0.11503119445240535
0.1286849657186843
0.04529304262335286
0.1852849232674475
0.008893496429376776
-0.036101633744780696
-0.019870918092234957
-0.06706896261408583
-0.03595792165059762
-0.07477154110275673
-0.13711696005673654
-0.06925265275817138
-0.35667089681695546
0.011049722623169618
-0.08196648168663531
-0.055440149856297645
0.004861593272377367
-0.0008695743286972142
-0.015115355224041671
-0.31943745696002096
-0.014344136540187753
-0.038337783655293035
0.07059594916272344
-0.15225541678558985
0.36334879587070545
-0.0024317204357305433
0.20353021255693302
-0.2014556421577245
0.013648276074457632
0.041024663090872805
-0.008758525301787095
0.0315708045987487
-0.085762597616015
0.02103658774661084
-0.024741547494064164
0.08464531519211452
0.03597585053463366
-0.09260502673865638
-0.17447147200861401
-0.0924671341577722
0.22753105102183743
-0.019364874887345337
0.029353119794221075
-0.1671626619191751
0.16480441361375586
-0.00457992660821123
-0.06827249059087774
-0.008273860386492377
-0.1763393936753952
-0.00425985167288629
-0.2940610991694555
0.051523688594542795
0.10702196114475417
0.3662577676135861
-0.13001133154301212
0.09324284294794107
-0.06073433032762578
0.09285216573650415
-0.03523296341353818
-0.1285222174494541
0.21697493919492392
0.15409580467640097
0.2068354259695036
0.14093067305624365
-0.04920896537287386
-0.08771068793728339
-0.20194505696054182
0.20443672869414456
0.18949341507620346
-0.08134064702507585
-0.10053032346596467
-0.039171818734554865
-0.07357178981151405
0.0004076192237340504
0.03474224124739963
0.06498992721334447
0.24473016961854524
-0.18435647537920571
0.09685848238310543
0.044803575904111444
-0.0545438699708368
-0.06659229277100995
-0.002314852106729393
-0.12945423912707874
0.20075664266352058
-0.03879518582553408
0.0384448059264137
0.16831914728284034
-0.059919590362731055
-0.04316892644122415
0.06758307211930324
-0.07144528751966046
-0.018035360489119943
-0.22096740471243762
0.04159829313869195
0.008601334444436151
0.04990283029579863
-0.07504938045541044
-0.16003445671881703
-0.08985500859596157
0.07006665769276538
-0.03504500841950542
0.0669564852110178
-0.1773802579195958
0.05136204325967683
0.29718323036604655
0.08471161572782888
0.032011351836253546
0.06618877935794844
0.15350152131033
-0.22892665243379512
-0.12539752370203192
0.0013628893965692405
0.015962591333624234
0.1856637977532062
0.1398104428833012
0.020746405970907395
-0.14948407043173706
0.0391446760476251
0.0016329302102742011
0.11909966884558476
-0.10492578810276847
-0.0582439652322047
0.004074683914103195
0.00837559329776007
0.0012647266553280521
0.09926420174959963
-0.16604283719267296
0.11999776084556564
-0.0335307354563825
0.047059062168338245
0.020495001501024495
-0.057320405620096986
-0.04276353469403624
0.15376466137865202
-0.08987336242086279
0.026331165666046357
-0.042367234964748084
-0.204165802371128
0.1333024555005749
0.0072648348447611685
0.06834770352388334
0.24807067558423637
-0.1510251724820163
-0.11039615665079655
-0.2539697256757905
0.13769918134915846
0.1519834249428394
0.3334550306662667
0.34007200796772685
0.024887549459010044
-0.32706573185332133
-0.1354463465309966
0.11925057933856197
0.08204214840812846
0.0585186548841981
-0.18925016030248684
-0.03863172995502504
-0.26435091547459333
-0.07462794742873789
0.274581662052915
-0.07258171693009151
-0.11453119413809922
-0.03812514832114962
-0.26853529158409534
0.08757571656589912
0.2122219805455735
0.09220703544986092
0.134038933915009
0.2101524407360053
0.2014183305245994
-0.05141089366292101
-0.11355277718580785
-0.011017819921210408
-0.10165272046144884
0.14617709428937067
0.05073432123183682
-0.07162053357444047
-0.03175827409086973
0.16362312110037291
0.014186384137231715
-0.1753453077699257
-0.0033592512535156886
-0.0582897953714745
-0.08978210324663523
0.036512667778101485
-0.019188698242268945
-0.19328307948640852
0.1682527307812288
-0.04492826737903782
-0.10140765010237847
0.01035030922175921
0.06159907337303041
0.06761981700650524
-0.14257158194318514
0.05909302027294244
-0.11539179341098259
0.18264911642906156
-0.27920722475470344
-0.034461803230250554
0.03775672279631733
0.11324098211213456
-0.1272079419734875
0.0004796239072225537
-0.17987202440488367
0.09694718183468475
0.15688472377524412
0.00282238674803213
0.0196832799733826
-0.04036892977484991
-0.18552944779973957
0.08201393306359817
-0.22017824115973747
0.006388223842247582
0.057055466520436894
0.13129198750579074
-0.02971916063790061
-0.19362536386552812
-0.03545696615170421
-0.1805085833404933
-0.010715407087380068
0.14210148096261044
-0.04904206409844048
-0.06016569290294403
-0.0884818825009829
0.07584018069819
-0.16492145921506113
0.17547168721563736
0.2490259914391363
0.27229525901760404
0.07527811010847629
-0.06611228101123028
0.05672391350264428
0.05152941598471628
0.2280802178619086
0.00962484855527938
-0.31111651773454807
0.07875868645923718
-0.47814976665232384
0.04537822384316463
-0.25471624321265396
-0.08019451782161105
-0.0790118910780255
-0.06155388002331949
0.0497299343795017
-0.03906868854546558
-0.1355845494123303
-0.00775674426701763
-0.14055875985249483
-0.12105091534162059
-0.3686044163702898
0.015446107142802253
0.1851756655371091
0.03102212021742389
-0.18965112578007653
-0.04136710375299638
0.2791564845021857
-0.1918006029508669
-0.013966561837572156
-0.04388650500739497
-0.13903652139238015
0.14963493258912125
0.052463250438322555
0.11245500381786944
0.18472662472698226
0.2362487683538616
-0.06400434568888784
-0.2224107291719889
0.09314103797177478
-0.18246749150917121
-0.14518320966640055
0.016398742671222547
-0.11497222549004112
0.08980688497687787
0.3035643478639808
-0.01815179961018649
-0.3891547613297004
0.05607739351686794
-0.03551649626240052
0.10459350712255913
-0.17765943169415435
0.012879518282467257
0.16264253181632787
0.11148611315914797
0.11893329548064548
-0.12871777028407203
-0.0595676077134142
-0.0008372390736147826
-0.19188772824802633
0.020706001990264067
-0.10896202085130942
-0.013875160187374344
-0.1598127239471183
0.12397737723978572
-0.06561283442459852
-0.10714555171823435
-0.1480520767907645
-0.1983678799573519
0.08610342849108678
0.18084541221600256
-0.1633043564055018
-0.02397259917363254
-0.20549514792148282
0.15952163588342963
0.10249906262964444
-0.2517530299115698
0.027290267865196016
-0.11923797070378368
0.14502830329755276
-0.08828434718017379
0.23560213378162534
0.1804549435557185
0.09750693660910563
0.0679072190444928
-0.19234172403666752
0.2393696858742696
0.11659614695082002
0.11859048711478684
-0.020840214353956204
-0.09830630562147698
-0.023105736586020238
-0.031478485880567966
-0.08106989779698134
-0.012785149014644719
0.012114985808348593
-0.03669222058390137
-0.10741395600758173
-0.33813871449247196
0.08848282849688005
0.015915157800195836
-0.1382185952556518
0.14154780005431214
-0.11645424134538422
0.044462173235196266
-0.06338599108253923
0.03612583294528591
-0.13306617706303173
0.02830224676925446
0.07884608236613218
-0.16375782218930068
0.01023056332186938
-0.11357291763013998
-0.04313547687657757
-0.20130298422973564
-0.052980945942740096
-0.3617492334867654
-0.01371570225608255
0.26637720976966556
-0.14838958071627686
0.01598342874413367
0.07886831779914283
0.06235078544254826
-0.030268450278511848
0.21362930275732944
-0.06764937707050556
0.15099490384829586
0.39253174669491087
0.029336693223859796
-0.1213298235298322
-0.2360345713682793
-0.04378084469553575
0.053237826080428104
-0.10712804321342877
-0.1764089213068696
-0.03101891937369229
0.13775230836364774
-0.059413711336455434
0.12286382529207003
-0.14943886189143787
-0.02685540834918492
-0.2713624529920905
0.18797647221353186
-0.37713520586285054
-0.18134355393811075
-0.04186438572413572
0.0796063927308926
-0.00014134940452239923
0.1712404064654608
-0.04746475867484316
-0.020870011913814428
0.014898272124588049
0.1913378839270027
0.08926083200297497
0.08639531422208846
0.08128938573095133
-0.038332881280656476
0.05404238474651845
-0.15138263395790955
0.011514453825864027
-0.04571188464446449
0.01971986010027689
-0.21373329025959448
0.0731869167685335
0.06580207820666034
-0.20686705656209042
-0.23023148403021648
0.07510670783723622
-0.07047919660692221
-0.0563377303434825
-0.051843902354285286
0.12598908877699322
-0.16761892162332598
0.15698036510825053
-0.0714212556383236
0.14022370746084595
-0.031421780863787586
0.1780795499651894
0.10169660396000521
-0.1428932956935327
0.08909299505641224
-0.20126434711248303
-0.17278736896563096
-0.003455195828314999
-0.1686777223300671
0.11778786909343454
-0.06502791822356994
-0.10412487405433137
0.2750990992660054
-0.07074706688428309
-0.015219176158597284
-0.12311494729859662
-0.040018661213625156
0.20694081032037798
0.002474323047519037
-0.13578718850460603
-0.18928266242829345
-0.05459331413044218
0.0822253612651132
-0.25066090117045076
0.01183887306657722
0.0035537175438133204
0.05460335247770334
0.17341208325725152
-0.013680869779617563
0.0187107945084932
-0.08346034959602971
0.09128526679721341
-0.06564173621152083
0.11548633393183595
0.04384558702312155
0.10049878969640527
-0.03632856507508214
0.06971427773432282
-0.0202436804229478
-0.060510156631114066
-0.025341897453577615
-0.08194404302849403
-0.06338495278327388
-0.016464436215793247
-0.24159866608698685
-0.154120275875705
-0.19349242327194854
-0.017279727674404617
0.002781378910788619
-0.1884510829680529
-0.10438725179215189
-0.05570839412335183
-0.1686520143940227
-0.25530359750950377
0.12251119616672568
0.10487087385374984
-0.22445874800750015
-0.010743996972768963
-0.028212277523362837
0.01662188828541671
-0.04345796551206228
0.14373278570147172
0.032410799768207994
0.1005297265242391
0.02042849586050116
0.07210544639709812
0.09187258898770094
-9.24475781205503E-06
0.029890442934397583
0.06234013006902108
0.015883163518410254
0.19905185624146096
-0.1254397446654832
0.03593113937435766
-0.11403661060027244
-0.0022990709164885264
0.027460728525100855
-0.08239533731909378
-0.08649274350829818
-0.21250977102306826
-0.07517495457700513
-0.1405021776480958
-0.04213332273031701
-0.03556537607507463
-0.09557172581036427
0.06366588359391395
-0.06432880288592756
-0.23901697090835083
0.02667733829576596
-0.2801064210660467
0.0726819931717493
-0.01606286441221351
-0.3053684178738721
0.16381642139673136
-0.22025662328075665
-0.2583410080403003
-0.021442706871999548
-0.08772871806113824
0.21698022874689707
0.09229504412442707
-0.23339991752919137
-0.11817116188795042
-0.1306457007866111
-0.058311327985370594
-0.1030649673856039
-0.08239149397414303
0.1968962530781602
-0.03989217029414703
0.06624820158356932
0.09418490240172658
-0.1873055051703268
0.15736364228935618
-0.1485061418797882
-0.13956620191623173
-0.15770406648802987
0.26616371202401196
0.34288465316120176
0.19454802607049854
-0.11456042709700662
0.18169990528191726
0.11217332622735184
-0.10567972356419938
-0.06957783090869343
-0.15922917112781126
-0.30274266990949583
-0.1062947583246013
-0.0662316848426385
0.09507119883512347
-0.0894821794991746
-0.14455844997357592
0.09455918754508624
-0.22664628553119923
-0.4367883180500186
-0.24831442580861238
-0.08634326898570865
-0.20610603378505254
-0.06893515595353988
0.03919180442338753
0.1597890405182848
-0.21907346247609485
-0.3061540295926728
-0.24892646242954045
0.0731290851516125
-0.17197393853880122
-0.26480250131199
0.09168091564389322
-0.07381100026021833
-0.1266265714316662
0.012685283594587586
0.06920214947563935
0.019851072570372837
-0.17249068679659021
-0.04087712718018188
-0.1565653360004289
0.026927067523674464
-0.014496679452504874
-0.09487903917945632
0.04565774726715915
0.2204289672701196
-0.1281280731997756
-0.09677885050532893
-0.0751678493367541
0.054293018935807486
0.02935424645605908
-0.04822032467677704
-0.055265400653132346
-0.0077959868793615085
-0.3536694840276502
0.14069875597976272
0.04704504210684873
-0.20377717639782209
-0.18526551946677364
-0.006860067045555184
0.1053141016827323
-0.26678676769440396
0.1220453433228434
0.19043082900469363
-0.03186509609452946
-0.28974730701579976
-0.013690455818370792
-0.09469566160889689
0.16156247033126614
-0.2188578692051929
-0.13154134512867532
0.12997385695516875
-0.29774424040212183
0.28317593939710134
-0.026192780324031214
-0.08702980860108304
-0.13286187977852582
0.019824687063080892
-0.19231880179016814
-0.07964769569464716
0.03911688293093763
-0.2549607621429719
-0.08144732312234107
0.06922796315717336
0.15826431367263094
0.11019918473711816
0.02834075609758263
-0.25041497374081684
-0.34063674143074535
-0.11511031427001217
-0.10200338911534979
0.06915269987177622
0.05218490928146097
-0.26007373708981635
-0.1627273330567921
-0.13812853109399773
-0.0033305990638815243
0.049351064227812866
-0.07746320441731766
0.059685665248342415
0.06034817486768452
-0.19620413191697503
-0.11801228524625772
0.28301307186813496
-0.21137751800002508
-0.34656377891371626
0.16831084844566332
-0.054699691998796235
-0.027743354448300766
-0.0004519991716437192
0.18095922603040066
-0.1128501356749911
-0.19022212268422173
0.0538591897257021
0.09762363797271358
0.10224148087502595
0.0716896633984145
-0.06327805589993218
0.25395591170930787
-0.24927369522277415
-0.03138154930479446
0.0286406281484833
-0.10798463854125669
-0.1844701272723378
-0.22913718795635335
-0.2595918238983375
-0.22556026507091373
-0.104845692231866
-0.04723298448493669
-0.1510577138375423
-0.09645788903263583
-0.21552027187927458
-0.018062060968694872
-0.21411205295996558
-0.2614020298688986
-0.26918726413312793
-0.16424142349232093
0.10451184525725946
-0.3174589273334979
-0.030329874130698726
0.20741145516951487
0.16018494690735502
-0.0875312878004418
-0.002882143769652825
0.15924901991418863
-0.12876766596369127
-0.03282008148843595
0.010901231200434947
0.11851038265845312
0.09742428906362278
-0.05895126231089153
0.06427788928986719
0.07760823508396968
0.16513392731895324
0.26766293715776296
-0.18198429833109964
0.11782646991364322
-0.23283923565179326
-0.07116655042527237
0.04457401853600988
-0.10081095202306128
0.039308396813444654
-0.11315180252325739
-0.2631777549056118
-0.15806177088349704
-0.010695935324525903
-0.04808089891739502
0.1540801823838468
0.12142584758606498
-0.16929555294153398
0.013904917140967863
0.24228606816706277
-0.36267499816662807
-0.20229927968743577
-0.011877402156591547
-0.029550165655090097
0.10287858949011545
0.05069395292208789
-0.15169346176365908
-0.1939026119629421
0.024564399025373725
-0.03439260672932849
-0.39332850081656784
0.052996024676448414
-0.24319506967971297
-0.2085125929738854
6.0961055106884104E-05
0.24032177518423425
-0.16607778198680512
0.03724469081551397
-0.12359900268737421
-0.23339762242698486
0.09065898575257206
-0.06997676755968296
-0.12910813542537614
-0.06672444631530056
-0.08890998930865775
-0.1569201132094572
-0.1542759963148482
0.10436104317545071
-0.006425094107306813
0.04107847555546581
0.33452276872751885
0.09479200865106817
-0.20901960983784237
-0.1750392026629947
-0.19195415665376842
-0.18302860622904651
0.1819676928717041
-0.27619217869100027
-0.20704197637917301
-0.08879160118763002
0.411205287565097
-0.028647270918245787
0.04256954887582762
-0.12667513077785197
0.0056534281762028425
-0.18926031212580663
0.014535547598276525
-0.042548369856928045
-0.07072496774010546
-0.08345999133090305
0.038563797538015754
0.1309101956417214
0.17221707402384315
0.04278018187765168
-0.02757009283155166
-0.013634874343999652
-0.37857510974126984
-0.26179283249397545
0.1388126610233443
0.35691947789334527
0.11447470900669585
0.07997762901257142
0.0027796412597711996
-0.13418134242709653
0.21606871130822852
-0.02060949654289058
-0.10694431532113133
-0.20003683105120001
-0.1820436317950419
-0.05517593828383141
-0.04209385587258025
0.018648971845520727
-0.026425550111597168
-0.012807864117284556
0.11591130815015294
0.04527476447795037
-0.19254199676132583
0.019731209444870387
-0.03946648172516931
-0.3521823420363515
-0.11065642040533834
0.0017173098454704428
0.01027803117407271
0.31370844191293257
-0.2731248004018117
-0.01792192601298673
-0.11758381563953933
-0.09267127529677416
-0.0002603558710421739
-0.06475428078490315
0.3391711291760978
-0.10515496600581531
-0.13667967240324722
0.1946375000157577
-0.11531456337908338
-0.29137032572269234
-0.30731405327223227
-0.029606476854915218
-0.10730151767524318
-0.0748162413017475
0.09421558052882166
-0.022009942157929077
0.08296205579381959
0.06730182086139341
-0.15662431465398477
-0.07241711834310256
-0.023338729616868528
0.05882782720392544
-0.06590006520228466
0.32600777110835405
0.06459565083471416
-0.020046970676685105
0.255230941673356
-0.08597999149000861
0.09261215388370043
0.19303546104838296
-0.17322240024168217
-0.17193795956179025
-0.0575417517686267
-0.23044800357555179
-0.20173122564833398
0.0748213622083578
0.014125105382106347
0.16591163245859814
-0.08344023003230099
0.0698022342418089
-0.07348622832702538
-0.11141440183542739
0.12389052675599217
-0.3369404562839286
-0.1708824894533709
-0.4234978386572069
-0.14325521415092254
-0.09390563859944544
-0.13434933977311433
0.12546116470580124
0.3279065271714362
0.38611588535244273
0.0010967751817059878
0.06861497983959858
-0.4092055764000701
-0.04486406769364539
-0.04950919506480823
0.11765740363671219
-0.09825281120025246
-0.12375949738201021
-0.1288939521193858
-0.14043167143492144
-0.2951594421224533
-0.132132578028215
-0.15298490191883982
-0.033435655176011936
0.04494953643414763
-0.12547035343901541
-0.028422275299536944
0.15857912958801693
-0.018642010248451017
-0.1738883357285667
0.09092678778957627
-0.1251358756661137
-0.006553186755620588
-0.15767565318242716
0.09463690371533683
-0.46316817882498573
0.14663235704254998
0.15751092165553035
0.0814732357430544
0.18213651313596765
0.21614874970995138
-0.006161950050337973
0.12947637325435385
0.11498790035236305
0.16669515546040273
-0.05022257928243911
-0.03832650791000058
-0.06534946748176518
0.052523940639004896
0.06924349206697991
-0.03665031357352099
-0.04074574035524437
-0.15827910388427563
0.032966878931263544
-0.005756391842561428
-0.1632931935907591
-0.02992045785585328
-0.04542848713830762
0.026879995317126395
0.04896566504077454
0.017712743849430588
0.1988653512744976
0.026709515309828773
0.031391244358271626
-0.027802378853816787
-0.21424936858796276
0.03129683862335926
0.07315806212719952
-0.19810600455011246
-0.13227145967314233
-0.13220873527234966
0.07002501051278573
-0.004876793732835131
0.008950642829233949
-0.10460595768463724
0.12872205937190975
-0.03197809117262817
0.0522000215603165
0.15350427579719636
0.010129691422201392
0.17121343399577119
0.0019836933129029136
-0.17171456286845854
0.16194815888156047
-0.07442030597385481
0.005730848933514832
0.04887629697295131
0.029915128361111556
0.02970447464872922
0.05314306624898615
-0.029181748916643723
0.05201657074617591
-0.054561712161683894
-0.08131888251921934
0.07086110780121123
-0.09172854494222699
-0.13233385872968642
-0.0750532028226921
0.1514598705641449
0.08900113710122631
0.09717796228380837
-0.20227736240914523
0.04719926392234413
-0.09243545427584177
0.03285384889218172
0.0686457120454762
-0.3315866033116518
-0.05929808729709988
-0.29629698648073005
0.15346514684228058
0.0923548322935638
-0.10862218303184758
-0.14279777388618572
-0.2821671571399006
-0.08190592516955364
-0.12590676719946614
-0.018529009420408724
0.018217534185800105
-0.18201673562092827
-0.11262099148104344
-0.10156359791640907
0.1954952221169994
0.11264310157278944
-0.12187733685815923
-0.045455479560929574
-0.4217467359962653
0.05755655232458843
0.17962327951853896
-0.3006939502291965
-0.031671636786832075
0.055167825662846996
-0.1414002230451047
0.007899856327207992
-0.03810251956144668
-0.06583448194807742
0.21256902273793954
0.11493125542097432
0.16354415470839248
-0.0050581915628470425
0.004481251185393938
-0.16155215617382568
-0.01112142242364623
-0.08863469211623184
-0.1587810509518148
-0.23391134198008812
-0.03345006278900037
-0.27920949798105343
0.130063611774614
0.16743672266514348
0.27052185856882466
-0.2001825502855757
0.026017647978011378
-0.15913798161740553
-0.13975048173061755
0.014367308110739137
-0.17275787151615468
0.1418867472368726
0.14976153604157744
0.14790670317821988
-0.12052157291635972
0.17283083173676103
0.024583386409529385
-0.21052415166573962
-0.360651405335759
-0.1565207023446093
0.2236970639434058
-0.07131509572824363
-0.3476029250839985
0.24710771594351097
-0.09631588830844
0.06338761740770833
-0.1460487271451831
-0.2333784018472925
-0.14371608960600746
0.11870104261890733
-0.07598034076643014
0.10945566229583524
-0.15323659773162934
-0.0383900393365458
-0.13050603493239923
-0.13023663756601964
-0.12058986700577583
-0.2632072087389977
-0.09026492918730539
0.1715886531338087
-0.0931049963756487
-0.010850410682123038
0.06701566650553589
0.07962443258264304
0.005900403036065999
0.0018386923392540834
-0.3377295047108731
0.25760573360113753
-0.012817166201126065
-0.1653266876014309
-0.005202122162217169
0.2704525146120355
-0.161977744586941
0.30763743229330814
0.08741272188010937
0.06048466674872338
0.12327369832993855
0.014660139634132716
0.1283654798636752
0.16805351162523038
0.13702424917096395
0.006671598946083703
0.0895834541220163
-0.17827079513731864
-0.3137411034355918
-0.11018515687194012
0.18271363995708811
0.05152240392859882
-0.05206179559657971
0.11346703604018207
-0.07224447072002478
-0.10982575130307125
0.08702255054468054
-0.05328661668868425
0.03602902005848608
-0.08862940352190296
-0.12018938653791354
0.07848831350668913
0.21793517593518658
0.17305279506181817
0.03664753079397743
0.0581658073604509
0.1568152950329866
0.002894728947588051
0.4611839943257247
0.08632037291890506
-0.22198479387959388
0.06451535495484582
-0.0643527628120059
-0.3899800533775387
0.09779944735180458
0.1633138296831423
0.11686329427781134
0.14183792707957238
0.17045508872181553
-0.07698482259137857
0.05464737509553211
0.06691424568955305
0.09994329705817111
-0.12099481023156963
0.03493238113503139
0.17345907383445264
0.24897153043390616
-0.09227357759454291
-0.1994541590242383
0.0633095423966276
-0.36530409006421566
0.01746985788270529
0.04511643112533726
0.05233554286166357
0.07358244633973542
0.06566130212239477
0.2223405660954564
-0.03441055945244502
-0.11632233161844181
0.17118586119516377
-0.11030848708457464
-0.35335763913142604
0.07676401537759482
0.05532654748710651
0.19957941667480408
-0.03453952062832182
0.022420310374536553
0.05178862165727299
0.10948796666075512
-0.058519004643505936
-0.12766738648473336
-0.23089641851774073
-0.10794479512117522
-0.02988724915484728
0.12933417886948537
0.12421698401053967
-0.1645103473170998
0.02485425803873372
0.09601695255275935
0.05924133398099441
-0.24130041866832663
-0.23694734355704994
0.15230317692858145
-0.33985493581477694
0.07852025390759497
0.008134927694636538
-0.2340363459262424
0.13682158263466568
-0.23928303841221105
-0.12377648235676209
-0.16312402606773999
0.1128879076746128
-0.15383537615008083
-0.007446546120534566
0.06647704004338408
0.03420510046926598
-0.04741335413572916
-0.11833982067267006
-0.08298341299653629
-0.09756088009632548
-0.2891373605666921
-0.052641191178133095
-0.14733131486114232
0.02701555842013868
-0.03914016531344765
-0.0064593676180818155
0.12371116678544838
0.0877042206751943
-0.007432354758527569
-0.24256918971079325
-0.190602357703489
0.039714076707668
-0.045914213568157766
-0.23519431513257902
0.060064647211342435
-0.09656843643502316
-0.3327949809444517
-0.08361722366563532
-0.09267221045011982
0.08396898525615916
0.0552436086530999
-0.007871097129844034
-0.18724312573686624
-0.1554023932785447
-0.05489128494565935
-0.13584769699971969
-0.0020057790338952465
-0.031282925173793025
-0.11940007338320413
-0.031930456970689435
-0.09605998739210271
0.011136057182831728
-0.05508282591240204
-0.09563621309024187
0.025940147368003208
-0.05360938440484849
0.13207512591986353
0.10746871214024623
-0.16251778248431353
0.028804932153437043
0.03453090580211725
-0.05876908442495156
0.17464246571820352
-0.050606208826457826
0.060687418501423736
-0.11836310333365554
-0.08206698349718679
-0.036383348198171434
-0.14366031604939958
-0.0024613170812538237
-0.0858632364073725
-0.09864885520791111
0.01985527047776182
-0.10879731400151255
-0.07368928517978421
0.0610699030899523
-0.022367246970207085
-0.07088990345865143
-0.2000360003078673
0.05416819248043382
-0.10046204268925597
-0.06147243287373877
-0.0550422115065057
-0.05429284667049631
0.06949112340143301
-0.08629745955940167
-0.13161797077356738
-0.16238356579597388
-0.24006004835221123
-0.03107684853185795
-0.23181778466798195
0.12431854892664028
-0.07298784176524423
0.051285033199505566
0.012333955299741546
-0.14100098084770196
0.1543129780438573
-0.07321528538299461
-0.09832422326104662
0.05735228593390153
0.3164385579245313
0.009909999737582418
0.008826769517165522
0.22438810231688794
-0.24819702257271767
-0.003969657928112903
0.13741996675157872
-0.12217195374849833
0.31961894059397933
-0.10708693176203081
-0.12422394562283501
0.1516831506722026
-0.12205835486627485
0.17630326064200189
-0.15173385388091404
-0.07142066050072059
-0.007172174065174212
-0.13574278461692957
-0.062384634367962724
-0.007155055171788707
0.19063368534058467
0.029316987979442242
-0.2663001387745518
0.25579045238298137
-0.031017296733356865
-0.13716582104520436
0.09916646902669794
0.20572654348642558
-0.14376187366006138
0.12568365635907586
-0.13192020944535415
-0.11076539063165164
0.11068597181185881
-0.11161564244602029
0.037186025282594105
0.02502672300009783
-0.0703149111572046
0.205067282902842
-0.0021753552823741014
0.10705806986046015
0.010831511678654827
-0.23435759424255034
-0.08966278497976886
0.013120031408199668
0.12882471734660722
-0.1502633068992983
-0.20144636194888527
-0.14528799316577062
-0.17059883276987325
-0.0002483012279446198
0.11180318547201387
-0.010320397114484185
-0.004337039864728457
-0.0380263354109968
-0.021395899999307706
-0.008270212629481256
0.11526074025169031
-0.004788964839130808
0.08034470285134714
-0.03412155571471687
0.04045357165682376
0.12373156168953381
-0.025812876054007203
0.13259859860512743
0.08949798341184807
0.14243856873072058
-0.03806467406278347
-0.12096032084457377
-0.17629747897214199
0.12183757231839557
0.03271398318218277
-0.19596971867060967
0.02011003380540004
0.0575340838730081
0.07589808311230857
0.03989110698041599
-0.1867630620561118
0.006232683322563245
0.15336863640254159
0.06362852513899081
0.1378956754263696
0.04780787505388908
-0.1865624494643273
-0.22940398751048133
0.14848201221316445
0.146730098615645
-0.024597176232888228
0.11530716350759211
-0.22119186895840154
0.07383563328778091
-0.16089329893220708
-0.11347312809718338
0.029672804782806726
0.06972722441148632
0.009497567751693454
-0.015167115573963061
0.04579044006898446
-0.17529584965428316
0.029284155620108044
-0.004940651767391521
0.08897601555150178
0.0502838755445521
-0.045280176125011465
-0.011831558413921302
0.0393872736321888
4.135113922235599E-05
-0.0043432484752454125
-0.1624345570101125
-0.10798160334347913
-0.045921714612408064
-0.07943147478488558
-0.0016853078820697946
-0.02351183907991384
-0.15876433327557335
0.06185472102638038
0.18152768966207553
0.2622882744723467
-0.13972425476686612
0.40210990089622534
0.06593874352723551
-0.14353899849875498
0.04714147624970523
0.08101324392443003
0.021404511514807642
0.2374847925103133
-0.09262227259288824
-0.11495140907804012
-0.07723356294864198
0.15917172935528434
-0.10311869304429344
0.11301400309368527
-0.1549680734928863
-0.20344679409020391
-0.07225015513240789
-0.058709524569848244
0.09658772652201128
-0.023510090990952966
-0.012473569662422699
0.06159353814026178
0.0739511333364478
0.030316085990273082
-0.018932137237279673
-0.08927603604101529
0.011473688141622217
-0.01060180527385499
-0.20339485399991003
0.059743854835111625
0.16114751782053954
0.14124597399591027
0.050703729999989
0.24849500865765264
-0.14317289138258738
0.10594754258465723
-0.03931351327632675
-0.03732426679783861
-0.0784679131694176
0.07417984501035677
0.1420303100614203
0.08790684461439928
-0.15966863426524724
0.06327759498190794
-0.2204860373749764
-0.05183729148156814
-0.12072623498558227
0.10159181059033129
-0.010235962349768592
-0.0765295892797152
-0.02830452993362085
0.24236485907672342
-0.30436022667773727
0.09914022130863152
0.042262284969079446
-0.010749767168620774
-0.014224616983186996
0.07068003540260302
-0.22362285625279624
0.16160817269132147
-0.29789577894081504
-0.05838340132947033
-0.1620154795422957
-0.022518671467624776
0.09224914461175775
0.21215383362206616
0.013315858137899948
0.09010930183464282
-0.10810584930344859
-0.05054580908493019
-0.027626481365922738
-0.13117663019230497
0.18139621642284465
-0.1478289913386794
-0.045575136874076556
-0.12805226631086838
0.00788963454508913
0.09461794134670228
0.09298575938710694
0.11781423992382996
0.04451534722929605
0.13325105738914308
-0.0936003398739675
0.11918951102280007
0.02049764684794091
0.04469722007031755
0.11636140667327079
-0.07031195082704655
-0.016015916068720364
0.2587278980950392
0.05878906843357856
0.010049956907825525
-0.11889957348437469
-0.0984415206815178
0.013215099520185607
0.18162859322356617
0.022355297596422363
0.178115531320832
0.0634521079773389
-0.1485313546671764
0.13699553640239573
0.16300051090012632
0.005972660139543051
-0.12764042402544357
-0.16435091459940027
-0.018627365235052654
-0.0010235609788680105
-0.06849438188294005
-0.17125806627247778
0.04544302688322821
0.2678891333690379
0.19616202489258033
-0.17009407545634958
0.2244603222995516
-0.04738828642501383
0.0004023609825023592
0.010733733595791143
-0.20572397317354416
-0.24988114099960212
-0.08670914176060282
0.031906999473701216
-0.32233246628473605
0.21593490574284907
-0.2199287741286811
-0.04030151015942869
0.052102137294142835
-0.05502696960640341
0.11351725018786234
0.0750881941246144
0.0431006824566551
0.09674260382589639
-0.09354414100321573
0.17082158528547275
0.005666072673905878
0.17247392517437724
0.34198537839708476
-0.07838125923956445
-0.040847663811297875
0.046407171158161856
-0.04208483298051181
0.10488278739350017
-0.024759940123512552
0.05151424593328277
-0.05758213145407539
0.07969333097841104
0.012165899265320771
-0.05961589985177655
0.0050539100725788405
0.2565309581109549
-0.02588665445358723
0.06906067347802317
-0.154264039012468
-0.20386268185066514
-0.13120163178672783
0.307184656371017
-0.0783260973649124
-0.08497540941868514
0.18230428364588694
-0.3973166607450705
0.1255417671872463
-0.07776562449996645
-0.038071436471484726
0.09259333122139528
0.09573155956970998
-0.21610411051961784
0.10869633912952027
-0.04320228631742725
-0.09676889120450258
-0.14704433606068948
-0.03940677192868865
-0.09098864349898526
0.03518554683207051
-0.01870556267936567
-0.20262042128318367
-0.1717172782877998
0.12110717700250598
-0.4294240293717416
-0.2630862963160185
0.0009951446721755616
-0.12612169168291773
-0.12242615478139984
-0.03403369947529354
0.10674711150534452
-0.07936104306357142
0.04297555168720795
-0.012822665199231637
-0.016919599766053325
0.3063228639273354
0.2944068389493564
0.01154985813198185
0.042746574278951434
-0.17719715274096948
-0.09421175628081667
0.07982049401886533
-0.003461961391340464
-0.016619978013108418
0.13050335076752945
-0.05263696311194899
-0.1153840678759619
-0.020884364890575664
-0.0576819077893359
-0.0708969665198348
-0.017711208754187826
-0.25545214180634046
-0.21209643505810744
0.031954118992029344
0.1977156750030089
0.17361624532110095
0.04753591297723876
-0.09761093830603634
0.22288317100245997
0.09967915114616813
0.05896757798383246
-0.10473478435245924
0.038679626616216864
0.20743853455456135
0.20218796294192967
-0.2602645377784371
-0.06532505902646016
-0.06474967013093999
-0.1126665174263487
0.014707329936476594
0.19700434951729284
0.06648477610570924
0.024128269924510573
0.14776846123769175
-0.21778046591145658
0.05470198329344822
0.08748896322835535
0.011496981751830022
0.03533287166009467
0.24515184684199984
0.059981474743426653
-0.007268310191353199
-0.20021004945402707
-0.03930421760501983
0.02323013245876245
0.05800404364764579
0.27998831609590363
0.18197793092768808
-0.10009712681520512
-0.12244271346491498
0.24340511693735414
-0.20856850795139953
-0.1732195718390119
0.061139450396414656
0.07289005411352793
-0.09260272826549594
0.10540923443105722
-0.15169809546934002
-0.08596739459411042
0.19623761361405517
0.14880060916001167
-0.07316066942324195
0.11719213618524611
-0.06073771782152199
-0.05847171492757967
-0.008276029566587163
-0.052054310223468674
-0.2313504019454732
0.018373946987692198
0.18507493363762562
-0.1278202020104959
0.0387377321276937
-0.164967130747573
-0.08796583123777987
-0.1517479339437249
-0.03822742994951035
0.10675358138296066
0.07350961107254789
-0.11078072002790915
-0.08336278938786819
-0.07523876517843885
-0.3267868832750631
-0.005718989081278506
-0.02189700461894844
0.06163316120543246
-0.07254269872598695
0.06814969057932474
0.14889264799457397
-0.17208007248393836
-0.15236095840446076
-0.24037700072250692
-0.165035173392738
0.028031311588247905
0.426624360591028
-0.21230235975427805
-0.134857179208778
-0.09109597995037128
-0.1655137738454558
-0.1658209715808819
-0.00979879315746228
-0.1423199164053994
-0.13624551377007343
-0.10480123421450528
-0.4503927733517625
-0.44642142487386266
-0.014315750387584373
0.14123449624761952
0.13980228327702696
0.12211158669185293
0.027129326980495434
-0.2532701672297411
0.01890009636187596
-0.040609799109730865
-0.22757681527318024
0.1500780119925788
-0.1774078240257207
-0.21865557175858988
-0.18289690130161268
0.268460359721168
-0.1701393305493631
0.04400460080141352
-0.16882689048134855
0.1424018217579381
-0.25157793250016486
0.04264496393501644
-0.3069131936567636
-0.011055694116043359
-0.19262939650188743
-0.21497662910165183
0.04158405062931818
-0.12174130104351859
0.32180774091206077
0.2627685446201596
-0.13831655680428706
-0.09557954941509425
-0.18147895989530197
0.08784975279376003
0.21177818413788743
0.15667370694460314
0.1444492898731608
-0.10331512079796729
0.37258016787011106
2.723535644415631E-05
-0.05340011093756482
0.07515616541712625
0.07416241575121015
-0.1727963271476871
0.22008832433034128
-0.012655904179749143
-0.049869891150170036
0.1934265101976572
0.15784418922323146
0.051097852941902534
0.02056997873522257
-0.10465329139020293
-0.29900679057647933
-0.0004721107546251091
0.06626554208605764
0.09798094066497832
0.13952740351102486
-0.005810415547574906
0.30746735046301216
-0.08252186715954342
-0.15766883534112122
-0.06691527046398547
-0.2872175127080946
0.17069293524646112
0.1240566868121694
-0.3694149533445079
-0.016971102243647437
-0.33512605151617136
-0.14020319966029893
-0.11077890666991366
0.08540630686318498
-0.14238615844924327
0.04859580326224003
0.159464307607727
0.020442543006573183
0.13444416744070034
0.09280052668685836
-0.006775225185557954
0.07662839440083608
0.24188307055267966
-0.11000167642517464
-0.19961446825139825
0.04621533133035029
-0.12003362349862182
0.2793097428051423
0.1952373207166808
0.015289904727224737
0.2255780844764009
-0.31753645350343684
-0.08506413612907392
0.017300071233746477
-0.09416033867481062
-0.044881252902013315
-0.1391384668802521
-0.24456785617835813
-0.28971926933265196
0.24875319871928867
0.0843392702101369
-0.14139955939684487
-0.13383096688321294
0.0008741955105462955
-0.1232251341411003
0.22941251597114568
0.24318678585474005
0.03941353389108148
-0.029686199231130552
-0.08117828944093103
0.0399730712814856
0.11934970528190439
-0.2754006275682923
-0.06419107392098661
0.04748822210634815
0.4008197859195686
0.13079134804311854
0.2054149387310493
0.030865495401487923
0.03466048598068927
-0.051499871279224445
0.08903371402666452
-0.033860533815371935
0.23012681992293638
-0.28504400707523875
0.17269203391335328
-0.05446412227113677
0.03117310700742128
0.11126509305816938
-0.06959433998732749
0.17201641899091222
-0.1400997922637693
-0.24043194970218212
-0.04655197797928404
-0.053144203334905486
0.05107773981163605
-0.022229192235223186
-0.03632603193002687
-0.06324368693939764
-0.0007215118111146533
-0.03581938244164517
0.06156462737386215
-0.0663827786228111
0.03801141191974822
-0.268032444953377
-0.17109967188959066
-0.13376014626905178
-0.1532026012825707
-0.08315915800987421
0.09924983409295982
0.09059999015799379
0.0809674193465257
0.18635648352610493
0.35141272891746145
-0.01522975022266874
-0.32389930587589155
0.09240629517477363
-0.013432889152192498
0.23404936374749663
-0.0015534972345242867
-0.21495767070073732
0.29538092113374775
0.1051583373727885
0.30678844363499
-0.00981590012078365
-0.0543493837304151
-0.11698650147308866
-0.07327738631187479
0.1323721506561713
-0.11751019163768092
-0.1954953235055991
0.06930493709856941
-0.03531055722003779
-0.08734916175127205
-0.12509681520400673
0.2665062456627377
0.15409512362747907
-0.06948754647836868
-0.08735856931899921
-0.016669934582092195
0.04457904997977136
-0.009577132275214936
0.039076201456909154
0.013794019064898374
-0.13159380588935055
-0.08626284254068599
0.23058081126758345
0.02129782076362075
-0.1364164710441771
0.14944768458232122
0.14634004942815687
0.19793547256899577
0.016109806664359322
0.28442681071418213
0.03133244016192724
-0.14318996845000564
-0.059883213277132814
0.1027348235082333
0.06640331122010944
0.02974227835029384
0.20748031107307258
-0.17935814270803435
0.15134549920557702
0.18544856436585042
0.013462017801329476
0.13673602524553824
-0.0857379116492844
-0.26643966533246627
-0.1090571725098303
0.06301968872975734
0.0525864404957862
0.11752993603271676
0.13798691940264352
-0.10170485685071298
-0.06633105022424088
0.14328881476065652
-0.17835483637203606
0.1587061372104286
0.1273305126846694
0.2956408473195522
-0.1212508965166657
0.04337153568267137
0.011529950273819384
0.14037661883315333
-0.16862705161505373
0.07741299728914862
-0.18970107465378017
0.13682862454025405
-0.08233157813443458
0.10172647495021032
-0.1701131749513232
0.0826233255820175
-0.0690891642828333
0.1448397662250485
-0.03889290280306083
-0.16620252468722435
0.010610816229574644
-0.16492052952666542
-0.03292447171576341
0.04186730903449559
0.27211782269659807
0.24948061525327023
0.15509855671708747
0.18510158845253707
-0.2129980455523028
-0.0685205133422957
-0.19294973419905873
-0.0652945267123556
-0.09074459834461734
0.12353644978841757
-0.008576054934296378
0.26103318990811275
-0.045690622083704224
0.005175485652012638
0.07895189903407428
0.09374805409518716
0.03508713793033213
-0.18632365624353397
0.3602627320109411
0.11549021023588266
-0.06076700779036472
-0.14153275522010553
-0.06706705130866836
0.10590070403941482
0.0963158388286861
0.21962305193223305
-0.0720600846330328
-0.14685581033472273
-0.08575977409797787
-0.06178464529803379
0.030946663275564192
-0.17105839004386317
-0.06058883183708741
0.05798609394347108
-0.2976713807847689
-0.06073015336391175
-0.02434193914539224
-0.16795436070894393
0.10755177245466015
-0.10048743033361619
0.16029768961341206
-0.018979240813638755
0.11401982710646552
0.005598059631816045
0.253794534946686
-0.0523062582247013
-0.09531878600840767
0.19828287681231116
-0.07752243028225154
-0.024008723397274185
0.19872420329154572
-0.053013671041845616
-0.1564428184599427
-0.008230102262973018
0.00331321822556184
0.04307858361258007
0.08152170673938613
0.0797234577719554
-0.11789975272930973
-0.12402357647027969
0.0021803186415552227
0.01829598433664209
0.15661027217943338
-0.033133824476942145
0.021385194359471213
-0.00028922453792508813
0.38208179212065646
0.022253422428514188
-0.042467501273169395
-0.06224631882410411
0.04148922469850997
0.09758557425712712
0.23261913158859066
-0.09428788554207874
-0.1727019293344402
-0.11468326124728997
0.17347911363394092
-0.12247805485091914
0.010237639550909805
0.09138490955285883
0.0005890971816573159
0.06976079244460816
0.019990432914283904
-0.04352317746090448
-0.0423173593782092
-0.13531448327937548
-0.0926996687421196
-0.17655032426351774
-0.0043768135327870465
0.07090802831863612
-0.0717834423561327
-0.046216321826337683
-0.14880508515947763
-0.2776522411423437
-0.07398065258021184
0.12027709920471827
0.0607332376476731
0.013298300943556787
-0.186696403052607
-0.1284702532329925
-0.08861546936040689
0.10047940706699668
0.040112636419042016
-0.026655680751644522
-0.08175367544914804
0.02244012558800543
-0.23575326721884188
0.10671218993814569
-0.09531261241644735
0.06364318177943346
0.015009695105225635
-0.3374839574804733
0.14632474528151884
0.02021404198737506
0.10344216066964194
-0.3019680420892036
-0.0439726711195999
0.12004838046766296
-0.037138763434158374
-0.09438278487621413
-0.06925240210076537
0.21386501466773705
0.11724852374046495
-0.2597981721977235
0.08460501619384057
-0.067255379764793
-0.0027586057309815556
-0.2564062547005585
-0.022790894474361844
0.0672683469260231
0.10346576971936132
0.3687941377212784
-0.03459971819297866
0.03540734238583795
-0.022283582614011636
0.046988793122354613
-0.07455674615068415
0.25829827500084274
-0.10494115608676657
0.05230141830692915
-0.24487806240926044
0.028305599766015897
-0.05545577101741471
-0.1373395868399389
0.17393808581990883
-0.07812455084403233
0.09979894124981492
0.02389468236275263
-0.15642970636970915
0.07299225467199084
-0.024499763140693215
0.08676245088428398
-0.18448315957219513
0.32027307395512844
-0.08665946823111718
0.2164179646143781
-0.08676521252659007
-0.16154211551232384
-0.3399732046355138
0.23787719941086735
-0.16775612307900278
0.17667575587155193
0.18885201541865712
-0.02897457636636899
-0.0823586716011269
0.09908010075868005
0.16827204491876538
-0.18273990103898505
-0.051883695034071205
-0.03682074288587391
-0.1115678703907342
0.020659315358933554
-0.0455827260979494
0.004807005016709162
0.2698472266976406
0.15572151726948777
-0.12825349654965454
-0.036354979578991024
0.06488241036934297
-0.11478570406768299
-0.03962089021640018
-0.008345280648317502
0.05187645795868147
0.20956307949046304
-0.2165680379573925
0.07400795025098965
0.02052305914584743
-0.1895236672801727
-0.07675713052199512
-0.14189567339179676
-0.09779810187225516
0.19963716191255437
-0.253230166316034
-0.05590338684856873
0.16017851679459824
0.10570837684000339
-0.013391304939213946
0.0270781391105332
0.08451665373987698
0.09723503549300955
-0.07276890930704434
0.051004965238203644
0.1360850221613034
-0.09030951697047955
-0.11564699126869021
0.024154162666592705
-0.00039995099206168784
-0.09609426157989939
0.1918484499564123
-0.13309480150361622
0.0982953577365477
0.09038370994676856
-0.02315217002261704
0.030902834425329886
-0.09966571228753207
0.03701200338186081
-0.022911218939219716
-0.13455514663248877
0.12355203450342048
0.0823551574777908
-0.06211252745960692
-0.15907350193828812
-0.03818239442446716
0.05607742401383141
0.04783277050955944
-0.06723990971105125
0.018117560400062748
-0.19657894338543438
0.03198782973846665
0.009197479418675972
0.041372996654372954
0.20041889967357693
0.024422250996745994
-0.14883178409244513
-0.09230579232603249
-0.04220161252462348
-0.3104471769880086
0.052301087546434644
-0.33660624848481746
-0.04759271946491589
-0.06981676548193291
0.02205322461786965
-0.1976512022150565
0.27713513245093635
-0.12558489459492214
-0.09729397673819708
0.13396379668114675
-0.11814351528260839
0.1716547894601173
0.03652255022628362
0.09559263336575125
0.003092645454434739
-0.06353870067944838
0.24213970480827737
0.003947020676560597
0.02661344414011004
0.06334174096483716
0.02798737481932101
0.08816169161353284
0.03377425403710561
-0.0532451199488001
-0.05278825174945066
0.014002008959706123
-0.30167788401760204
-0.18721239082997237
-0.12882980508258998
0.10417324389286042
-0.0556885851137698
0.017075985503676536
0.03711486661783713
-0.21301006483520876
0.04082650683032882
-0.021582751274263005
0.041925611206320025
-0.20165746149521205
0.05825785370943809
-0.34278288517421196
0.13152865605820313
-0.04132363839392707
-0.08754567777483792
0.112139500418189
0.2337465477351025
-0.02205578249655243
-0.07057601879614606
-0.1996978194517081
0.002341471523942913
0.1349179856180397
0.01405308781828177
-0.1388067156290515
0.10426320918302023
0.3132966987269611
-0.18915991174547667
-0.08375978437515848
0.049462870048004884
0.09894053619053082
-0.0736373219928497
0.09543159097183566
-0.0757638834207942
-0.10158523854504194
-0.1721453676034259
-0.24195089030028946
0.1506471902664553
-0.03674295808062619
0.10032449503674867
0.48483856835709277
0.17954343308406923
0.20935625366166566
0.028097509984141674
0.05910627515459596
0.008249524683824318
-0.31586988072621863
-0.10662430899847349
-0.2564090928935286
0.020123595323490853
0.1123556514910567
-0.20165983509662688
-0.16327431547785384
0.10123617241066418
-0.1668088513226458
-0.08083273906755066
0.3247157777183299
0.105010975130757
-0.039025836153561304
-0.020225211425920406
0.10514945856699744
-0.07675116856648795
-0.002585399072384298
0.04344454329625483
-0.024628786098669444
-0.14126331696876088
0.14329809958658163
-0.07544524562222216
-0.12199036414428266
0.27844784062345707
-0.0905119962443346
-0.16696874903229814
-0.15965851470615314
0.12606443212429902
0.026997474377150023
0.108787234112134
0.018845559184679173
-0.11132016327019935
0.1081376226323094
-0.1493177022556026
0.000753944936635743
-0.1580115488283666
0.04965554950678814
-0.014652968114772727
-0.32513153480746665
0.053554445066378936
-0.006587113412350038
0.034832164957616644
0.09697876547676755
-0.18688592097391485
-0.16583681369360798
-0.2626201778319125
0.03387919782304055
-0.22792203897848687
-0.1564788146410794
-0.006865649613011397
-0.11763553577387421
-0.2406344305795143
-0.019488628024128596
-0.11837913601825893
-0.25967386685343885
0.02640070857702469
0.10546499591301813
0.24916612249218012
-0.3432565406183247
0.20866047840994859
-0.14128071145906881
-0.22963414962961187
-0.1636799295028448
0.06933448747477475
-0.028250477706907418
0.07345671433035804
-0.08072374287968194
0.2947106436899708
-0.08358409304142261
-0.3067827232210672
0.17297091167071355
-0.1618465013505795
0.042467174847848135
-0.002132853343776438
-0.11237588090827061
-0.028928171573074986
-0.011465449473857353
0.01937748387043722
0.016786609369964914
-0.0684414570510867
-0.5588800923440894
-0.18092764997133123
0.23038075586064094
-0.2978719930121076
-0.041104838812206744
0.025419014779757467
0.251744806426407
0.11023705989983872
0.1521443965391857
0.1297907353460289
0.12297573806252686
0.0007158644706811643
0.008069980599584563
-0.11411547696184522
0.3245928342844394
-0.09913660589998427
0.05797830327142195
-0.03177485695826606
0.21064539729959914
-0.021082628358394338
0.015351793511096879
-0.2733398583763978
-0.055430535374351365
-0.12454184997142888
0.2187947699967916
-0.28032767123859154
0.15305330945800302
-0.2440677331618468
0.31554599515509824
0.00851436245122628
-0.24896843374147787
-0.0463973378261046
0.09664366368553752
0.08179575209266227
0.003375305643715548
0.10800525235340731
0.23870544432720864
0.0807639494838038
0.07355155550200952
0.01824585128662613
-0.13453721324309903
0.11369907346164926
0.08367327707858609
-0.06918703636430196
0.03239015895820418
0.031235783340129497
-0.20154061766102402
-0.18963804727838124
0.0071510248570169745
0.033763524409403695
-0.0879063979622456
0.08315577459370639
-0.061687484106486626
0.05889571277789906
0.060538140776296955
-0.055487384275951734
0.11134165841656954
-0.09239524367031125
-0.09636149892473944
-0.1662916920382185
-0.041336947553172305
0.1833110183836374
0.12307208702743035
0.1819975614088634
0.03657064669819246
-0.09318701622807922
0.08439608836569727
0.20079323387161938
-0.26535049662063864
-0.17764864444695394
-0.006304238302475458
0.05118978305966925
-0.14878621083307483
0.13071217655878545
-0.11503475368975871
-0.26127274149581786
-0.0598066262024888
-0.2326524064893688
-0.1812344783419654
0.021027760526504333
-0.13205813666939475
0.20146868816926472
-0.25302388101291345
-0.11335382921449447
-0.01896337248795676
0.17992006302908659
-0.30309844276646924
-0.0517390332191845
0.2510047587177481
0.044466247526009556
-0.10886980996902007
0.007381006817297237
0.09494042711181812
-0.22533622640535114
-0.13365461531395553
0.160020615461461
0.071075168395741
-0.008043526757585077
-0.012768935623471638
0.11304360493479969
-0.1685604640841272
-0.16161639012656479
0.13844519326679597
-0.4240628078125718
-0.047677095019692514
-0.004026282828784581
-0.04048157320028862
-0.0030043150603289073
-0.02434926281269812
-0.22018039732715683
-0.03501683949368742
-0.11547760424441995
-0.3012478855403738
-0.25364886856456115
0.13215651086339486
-0.0884979143860168
-0.012439189776195497
0.0704600929795313
0.08903768128255661
0.09803825200318814
-0.06434381786923114
0.016908078737715906
-0.004857535584725957
-0.024503590026451284
-0.3381473509222155
-0.04950825009175413
0.03750517596147185
-0.18780592563277546
-0.4229240430503443
0.2746985903239713
0.14391049531471556
-0.04672204179566878
-0.04961578513987587
-0.12185186420109459
0.1401404340048769
0.0713066599822346
0.19598092876688505
-0.0628823342404332
-0.23693541389227907
-0.11557399080373099
0.10949487665292366
-0.07569511190859515
-0.20429776252482568
0.061417303469055724
-0.08858990404716972
0.06889664345580176
-0.07540575532905906
-0.01448675811062589
-0.11444658314516637
0.062142046444219265
-0.02668731475231125
-0.02111212905417439
0.10069628447931525
-0.19374248337883146
0.040415934841727764
0.17754437427373598
0.0991074291378759
0.3028399808792028
-0.004111581000014793
-0.23578846016523955
0.08005664487905237
-0.2889345344796192
0.3597850699753627
0.18225749656753018
0.2135074763682003
0.022401245819940983
0.1278172932412206
-0.19963922358051564
0.05049318462579255
-0.18846844875478075
0.00089004232602575
-0.21855722540851436
0.04916655906501542
0.18696293052663518
0.18064531241835047
0.12746924916527036
-0.04506926677544475
-0.013461095228312975
0.09632829208290597
0.1651158905920298
0.019896608316305353
0.05216242155266889
-0.10270957914329884
0.355974629493799
0.07695136659455754
0.04755265102749203
0.1916836189656313
-0.13919305623769812
0.12883974252846658
-0.042207372069385546
0.03652988655809021
-0.024550186123592728
0.021565356091605124
0.07489731860257284
0.053271718430855215
0.11065641453725387
0.09534095559501651
-0.013748266852572756
0.07480149785951347
-0.02923812648782798
0.02905273784854648
-0.027744900973192554
-0.06489239801436275
-0.25626020633063723
0.08657657627210824
0.0070094476422612
-0.03784008905426648
-0.019331684380669987
-0.043647674451002254
0.05355956001222777
-0.1455020202416959
-0.06201861124771788
-0.1686765613006237
0.04458525664880148
0.10601108931382176
0.11439437784250789
-0.05191891496257839
0.2560306260438619
-0.11051734897586062
0.07948277667795639
0.0452999115414947
0.2207131295195276
-0.08476338704806047
0.033101840769611986
0.1307352817911227
-0.08301879217861768
-0.05207663506112881
0.04814382302317799
0.07064366879952363
0.03973301608990086
0.010228961851765755
0.1490222955989943
-0.255371335498974
0.04047167929109948
0.004404500916950883
0.1225897861894944
-0.04243618900422273
-0.04732115659080759
-0.09948018445610729
0.11762456026209073
0.08483797166236931
0.041766307031193675
0.14826760994683819
0.09448504282250547
-0.15786932726467062
0.3120200630674662
-0.08099836846452736
0.23749686526074476
-0.08207883159124593
-0.02616937561842131
-0.07016034380954428
0.08901224164901977
0.13018917802023197
-0.32015239866448103
0.08281701790051688
0.036100053155682696
-0.1734769615611539
-0.015063293166266365
0.15908518338043484
-0.13572030136758487
0.27048892455785684
0.10820302660864815
0.16673922141989878
0.08126031097056609
-0.08861061328413936
0.2225279391415414
-0.0722579928361324
-0.16955407681490506
0.02834529749312548
0.10696574925449161
0.06520197856705666
0.05699049345972586
0.07436083264509241
0.03990735174995527
0.08414598097144539
0.02336524352960808
-0.18992888546007752
-0.039098257224661016
0.2749717223810723
-0.07437274722609148
-0.18360184880202007
-0.17808010796909904
0.2659467323342076
-0.2393069316780616
0.15503981274405948
0.19591298416635025
0.06746311348490408
-0.03770069215495345
0.12605888404975946
0.22434641585225673
0.10761998611883951
-0.07167703470084628
0.22020465187058633
-0.0352561045709604
-0.07488578708163719
-0.18955140594601944
0.11463336461173584
-0.07157540244791415
0.3084599819127676
-0.13043002166143955
-0.07573378188404642
0.009832163943651518
-0.08878619889032094
-0.04196711081627083
-0.0627435106274897
-0.008521950584801593
0.06263906264233071
0.28854353963092594
0.22156115931373038
0.0246178452616934
-0.14322176121149371
0.03867539782279572
-0.06146528639105514
0.03656363405920289
-0.14666055402067996
-0.0018480781364157476
0.023936502551927148
-0.11756580943902785
-0.1440567826040414
0.055529606681270514
-0.08891293953099243
-0.14802912737049
0.14290153165224564
0.21918359126950973
-0.025608613870621744
-0.20704576973832522
0.13973023290792763
-0.06173193622772499
0.04217670027165946
0.15144611762137872
0.07891038108582142
-0.2736571796636754
-0.12757888833201403
0.28673187860992205
0.2359424673448269
0.12293503870871036
-0.12661168281896412
0.00441286982058343
-0.10836573330236156
-0.012713357277058388
0.037305368416841414
0.003935430920023885
0.282475427569995
0.3117285811542506
-0.05292288586205238
0.05733320566276713
0.16454156892600838
0.05762899391383384
-0.244314473929545
-0.05898273943408989
0.11728009288106589
0.020741532735493548
-0.16439880173471463
-0.2568834326612073
0.07378213488927092
-0.06714805442947142
0.0906985511146226
-0.030229847795277372
-0.005528319259470728
0.10057781536175618
-0.1408546061861302
-0.09458296722078718
-0.045529032320836924
-0.05551275944410873
0.11093621996144878
-0.1547264049817045
-0.05371659319056605
0.018091807891620647
0.028703936133574103
0.144282828427969
0.0645349638235779
-0.10224537364820992
0.1842110154899246
0.19295934465248812
0.002527552021410236
-0.007480374839502122
-0.3366250144570514
-0.17204312469456712
-0.0718656842547202
-0.2801698734650485
0.07704226540516187
-0.0953104141806327
-0.2502517362039085
-0.11351605825827009
0.06646482606231789
-0.11865564715236272
-0.10024838952416544
-0.003318390491983181
0.07139194081618519
0.005221048335604778
-0.1063750037382404
-0.24584139490829746
0.00969344423242844
-0.18245651465176518
-0.013864065135139627
-0.008917812861400148
-0.11479758885018784
0.060880615851612356
-0.0439611285640245
0.1763732156665232
0.15838313674431062
0.07614261414641828
0.041885719008621175
0.1405165304383878
0.0005006117470903713
-0.15902489643016599
0.07670569671926547
-0.31512851812996034
0.11237353012219191
-0.2798652907577881
-0.0381082744126662
-0.1771074896220421
0.23955203791876514
-0.14295657231235687
0.022535512474045297
0.18941213444795588
-0.14362918830151922
-0.04241954211035663
-0.16054088214787282
0.0066254776806993175
-0.00894634190363244
-0.011271721933431293
0.09045864374311964
0.28080769039338016
-0.07577282316399524
-0.33030194119707695
0.04120698387262437
0.040903664621353225
0.044827798084215165
-0.034589339722635164
0.0032524631243777795
0.062441649088945235
-0.06158310283901968
-0.18757341243835324
-0.3177237387013956
-0.022361643574095005
-0.06465316080466038
-0.12062034024754086
0.10834672157815813
-0.13587154824716713
0.1341267174670794
0.11445115134248612
-0.0004405392584342851
-0.008418354988156856
-0.29492985720754566
0.07456874842438833
-0.011653232829818398
-0.004469487050803205
0.08428373022976951
0.19186825140881367
0.34148601917960314
-0.1048522191188137
-0.1637205095804333
0.17794924885911784
0.031146112440560772
0.21007039282119494
0.029365553284137248
0.10594953051869335
-0.06993708885835122
0.16455432375546403
0.1396374368478432
0.1280953909726611
-0.10796249613732722
0.0827596222325155
-0.044176328431267425
0.09348721182139483
0.10099287850842707
0.05204077333404345
-0.08123768636448354
-0.20358646121719498
-0.033910566702854875
0.06302436438814314
0.029626915620407385
0.03815645745423655
0.093696615192101
-0.14862946664440246
-0.09591892933441686
-0.071027176236042
0.0343201156278622
-0.005450608995527545
-0.054005610727491105
-0.11271865720557574
0.04128372010043661
-0.03723583749443292
0.050741173738692934
-0.01918285769904791
-0.12073525711636698
0.3161358900775284
0.06846651546010585
-0.05377652134868212
0.1192493357455299
0.012779312990903716
-0.07434346721184809
0.3137014439174437
-0.09999799104597223
-0.07840962656893177
-0.02385074047056976
-0.16008260613038022
0.011215947211549768
-0.1509600854659225
-0.25531832770670554
0.0077045837569986
-0.10959509973736513
-0.05203484612339757
-0.05370298110713938
-0.05878077701271086
0.05624534063643843
-0.11020168239045915
-0.2733973964926812
-0.1618203524931319
-0.0007836793817899485
0.10782127213584831
-0.1410396904881085
-0.2550962392668542
0.004405438677538588
0.01555855738845938
0.0013656905217880805
-0.04753054971641876
-0.0022723431619928428
-0.02217860008190471
-0.06009877244391169
0.008348799771601639
0.08937779369146343
-0.128589226414527
-0.06395784868898843
0.030653017326073867
-0.12635330943892015
0.1749753640099
0.011651656268581223
0.2345983850523116
-0.15380059784322583
-0.09661884164839654
0.053351006114327484
-0.17854180894729751
-0.19968723741139413
-0.16585470669903526
0.11113392931527971
0.07531725148271572
0.07860489782300444
-0.18238781157110823
0.2402330749281619
-0.2851906813904483
0.10165969074986426
-0.1597711616936832
0.14355714238019532
-0.03419953127763965
0.0772126911217959
0.09248455459317491
-0.16014453093923475
-0.07853230535002993
0.10034396701247693
0.1028834427793585
-0.2576956392351386
0.05750949165581293
0.11785250388968532
-0.05180858643721879
-0.2693374823509001
-0.028110817316503365
-0.12456511840016808
0.19500490239873824
-0.14636947369487877
-0.20030466400627842
-0.0400084642169981
0.11321679241903797
-0.02627954786901834
0.06821147737870314
-0.15787778135292077
-0.11277222777328329
0.09287221957665173
0.013258478312940471
-0.14602309807771044
0.016393774842169643
0.042515181490454614
-0.13025164297005007
-0.03754219596076499
0.38557219259482667
0.301967053719953
-0.0977162476718569
-0.008464202170173917
-0.07599069892393051
0.049333818398520246
-0.000661172158904896
-0.17872058432465332
-0.0329355388898359
0.11590757317607339
-0.020776542663223735
-0.2059053949535129
-0.37777357805611544
0.011865094612751148
-0.2175006721467312
0.06722238698431733
-0.08785246525359654
-0.10366111473002523
-0.1571153073839895
0.08642360273685479
0.042916599839296465
-0.0858048472235535
0.0948413191533957
-0.15979377636846845
0.01733667752523498
0.08369149783043024
-0.0689027925617985
-0.07307303977826603
0.1060256676976556
-0.1811850993795017
-0.07009129894399917
0.11174621844731598
0.1744113054930985
-0.039919037139940626
0.43213251883312903
0.1149873862461009
-0.06330735068786784
-0.12788278202693812
-0.13227950386384935
-0.23216498671497846
0.12918409655208274
0.13509231109552228
0.11300408366594118
0.06215571453893369
-0.03598298730204414
0.10041362181774648
0.029047620020762138
0.27790330555400367
0.10278410752799559
0.1520186114485525
0.07285775288027886
-0.14414594818057505
0.13613332124444677
-0.10862049588461682
-0.33825427418208115
0.01625597364413815
-0.20303274917177697
0.042928747435159474
-0.029261550520170015
0.02484871577348098
-0.26032882920294154
-0.006262809376726022
0.2511765707695144
-0.08336814107357592
0.10035642118055739
0.10327706697288264
0.06409451619726489
-0.06418110094287792
0.04766837066100195
0.06383302630063144
-0.10202868895488362
-0.08300894827744189
0.2337791198265729
-0.1570876033302996
-0.13720388314388385
0.01490459684997694
-0.10429147922466848
-0.02519527374415096
-0.05366829763578494
-0.15086501430635108
0.13979493253517106
0.11031576425320719
0.017743272788902573
0.33507248002774986
0.09974971158938739
-0.25253745464758964
-0.015954509600375415
-0.17088274099858625
-0.2364460022824898
0.028859921293645563
0.041057380453085324
0.029448563301029705
0.07417363656898754
-0.01308549287914211
-0.16806234016695099
-0.17455948020950787
-0.10846156396974539
-0.016796782104402053
-0.24930990427089675
0.01969375862288734
-0.001679846910289278
0.07971515059842985
0.06546870658392756
-0.15486068215505813
0.12903458303802393
-0.1130795316461837
0.06322520358306961
0.06279681474734548
0.060456521917071064
-0.09739479388783262
0.05939045546712468
0.16998024591857214
0.2300085257942077
0.10112739600789641
-0.10025774637812981
-0.015715895616967828
-0.03371066599466735
0.08663172395013338
0.069861531241343
-0.041156764682826655
-0.2837091663024168
-0.06322877946497124
-0.11350009521174459
-0.17133424609357978
0.20105320888710124
0.13479961904290683
0.15296638362332546
-0.07802824618589098
0.037286901313105754
0.23541923428782013
0.1759880529017936
-0.21964923536140382
-0.1895269514465657
-0.1802444657117849
-0.06919504497299897
0.0049479656075240835
0.19149274815360723
-0.07600315448783315
-0.15600929053575305
-0.014685893120615258
-0.14192132412981087
-0.09947850099039643
-0.05027646468927579
-0.30484593757909
0.03946029255316938
0.04425250423825535
-0.023849087161898853
0.004943504002194165
0.025733946647508388
0.007135658708787574
0.11352515454138531
0.1359917901202389
-0.29119986410795967
0.01612645078165668
-0.11036103100486437
0.03603936172738784
0.09156810922314615
0.004410705704087934
-0.07453362545950364
-0.11919090092001568
0.032153812654225754
-0.04608811816787976
0.1776331830226072
0.22251897420015246
-0.09205627019352787
0.2147696338017565
-0.018080494413955102
-0.13531164544091923
-0.2554955016971281
-0.2575752515552614
0.0722218377414796
-0.21410992537769066
0.1984377502557821
0.019657550407568888
0.41296529971290924
-0.030227309069034983
0.17284807904128105
0.11076056806628112
0.048783934184833545
-0.050579509142516715
0.3146326764828411
0.15538327440293617
0.03469693247047491
-0.06398306719173305
-0.15380241357829352
-0.0066757153773149966
-0.08978180021740667
-0.24677025455884996
-0.008608728978781914
-0.11449302260576669
0.08510948571272745
-0.05504060755549343
0.14266841382809708
0.1108102378382732
0.10348889183643485
-0.11973756255589357
0.021339040954807174
-0.022946721961443307
-0.30070264335014957
-0.03415438027614092
-0.17683495593459694
0.13521017857662893
-0.07211055929678824
0.14982552954492254
0.05380842675757877
0.008954746724300423
-0.08472974709948332
-0.03059536793381803
0.1358573732383946
0.13643212523860035
-0.014281454948322798
-0.11354198663822655
0.06167197066824666
-0.08657983751566879
-0.06791980243807545
0.07317545140826345
-0.17961858486250065
-0.2755460506989717
-0.012071922245166317
-0.056362437828376064
-0.126674207988248
-0.16058087186018788
0.010887789641636022
0.0037470329172025543
-0.1550359624691722
-0.0018696578821467288
-0.008511840775867644
0.05420493040514636
-0.08167084488128913
-0.018761182139394633
-0.07229181068352238
-0.0008436513358656954
-0.13272471775725003
-0.03078269794513003
0.04138394364080436
-0.1663593505971985
0.03466114824852274
0.1894335759464032
-0.1770582263354371
-0.04539205456340659
-0.09613629194279134
0.006673446077417246
0.12843481976615892
0.07522302134546234
-0.08569622733837516
0.0031387186317184336
0.05003808453579739
0.041642295780288295
-0.23181054096921522
-0.03245640011359336
0.1058171561155129
0.1443237291590903
0.07628737785142692
-0.10157428961862051
0.004709292449981183
-0.0038914747764915614
0.046827559375796676
-0.03372381959061358
-0.015180322881200562
0.03121432228791645
0.11548568048176666
-0.03402219321808399
-0.1444390533042557
-0.2072800193911411
0.09211089806844089
-0.047154802045217124
0.12382473827435007
0.16883756591640356
0.0686689475490788
0.02931729970710358
0.06638349672522677
0.2649308819579897
0.10432592342946409
-0.06395339834780045
0.11695210569679304
0.1461833066922782
-0.03559252764290777
0.11812461239070197
0.14913406029493448
-0.1309826339671314
0.15949326639818698
0.05576843148949419
0.04122140350307984
-0.028905554472222143
0.09914546634291944
0.13236260606354164
-0.05509447526140019
-0.0172271961277045
0.05201823844634609
0.04338888291863035
-0.15695508651155404
-0.0685289902388477
0.07183454285645245
-0.1560621106622991
0.017077765569668703
-0.09008027703844453
-0.13677562300058263
0.1378762960294725
-0.21525956270696148
0.012406156681293754
0.1204267405942513
-0.002070980655316125
-0.03825085782868153
-0.02125007753912725
0.11036579288814326
-0.15460752769064295
0.25464590562726475
-0.006520526801229699
-0.05876651723279027
-0.1097409584199054
0.024437522906095115
-0.3165754046466107
-0.10665341646031815
-0.01579942973439066
-0.04691790175662478
-0.1710796644260015
-0.04027655454282724
-0.05848613312472965
-0.2020435779028197
-0.03774959736180821
-0.044076973840402586
-0.2416301313743104
0.1793171138023668
0.08519533511368732
-0.27081244068645827
-0.1725145155365196
0.007821437746033142
0.028180319084138487
0.12174970377137195
-0.0980587087530404
0.2781444045691917
-0.007218780579038719
0.2638748627429836
0.06344380507848225
-0.12382766046006886
0.4055096659519626
-0.25989177769871663
0.22176472064451563
-0.1446108984672055
0.08874849814739359
-0.023988260781091977
-0.0030023249168326764
0.0962639773445436
-0.08322422915003011
-0.35804026114868776
-0.06875755417254543
-0.11447005113831726
0.10837477880913188
-0.06009703854876274
-0.03985015112429256
0.01639769676389237
-0.412490583021415
-0.142251046357432
-0.13879171398518922
-0.06605538040487346
-0.037585804770482074
0.06752688869350308
0.08954787458158757
-0.03036438726299578
0.1356371475914703
-0.1672008437719277
-0.0634924141774764
-0.09936686545705016
0.03686470172614898
-0.09125089812406058
-0.13688906408856574
0.01672701346832433
-0.008569593436355697
-0.031238852813715568
-0.008642255054241578
0.12234376418513243
-0.060288465200584195
0.08685220825182757
-0.21314262569110498
0.3188700826128105
-0.15807313143989382
-0.1554742130698391
0.2754795148740568
0.15679959207897393
-0.09557760743359728
-0.10993555498475668
-0.035640321392908327
0.13037611762100304
-0.16140268903975508
0.029371462800131996
-0.10727988135372228
0.07302886194557753
0.014151461023174224
0.39085163965805403
-0.42517169088771056
0.10372692778789686
-0.062478324255339064
0.09134485325019571
0.025471090029345025
0.01664005572343096
0.0028943373104734185
0.1763563405957638
0.04729844485238778
-0.04884846386138982
-0.013502250812326623
0.20722022814673893
-0.054031448125649986
0.2705937941374518
0.036301308249290384
-0.14275909489457436
0.10546991659752727
-0.07239828108159062
0.1420806292415086
0.17155742745964156
0.08344836251296181
-0.06864837378576392
0.07395819846980166
0.029581678405246965
-0.010854389563828339
-0.23788246693261175
-0.032190768117232274
-0.025763591289982197
0.2840268565634679
0.05080363389317209
0.192542633190922
-0.03550428671831417
-0.15337128060043428
0.09389633539343945
-0.1379613655790944
0.04367682584741585
-0.11568151158137457
0.08955170658193223
-0.04288154269103312
-0.09609997842669721
-0.22258324893543482
-0.3231354562230552
-0.09985102294013848
-0.15488963906810993
-0.07898644422404254
0.10389917152429808
0.08486463141605123
-0.10744793029970241
-0.055830968271091796
-0.010449311202631172
-0.10892896510320738
-0.17009402686808828
0.11993223399409726
0.25761029102211924
-0.19530492289567847
0.05598957073835605
-0.3819443423796242
-0.04122694616202536
-0.102642501483318
0.011332029334937849
-0.23952192947054385
-0.20168719279450528
-0.1677071658694276
0.1996595983390061
-0.0674845034197035
0.20548306736895014
-0.16878964296754664
-0.04573332718968533
-0.11948718320193306
0.09509519687796908
-0.04381513866003531
0.13056028616624252
-0.013174108464156788
-0.05470912904995574
-0.3235816647802868
0.08805868457193546
-0.3020364099435726
-0.12843007501261453
0.034147202859573546
-0.005830371781563343
-0.21789085053321347
-0.14475018469694578
-0.12926855202615217
-0.1798100358875485
-0.0707442560469097
-0.10334714378924476
0.06287012693774688
0.08275469222388662
-0.15070913202339933
-0.2979638960904854
0.045035999619323426
-0.21941850888578607
0.27254010496514425
-0.12218454749974257
0.0061179078633206195
0.039832655355299826
-0.08301808703050496
-0.0031334346208101824
0.06108556843835447
0.05740027581048522
-0.04790209541439029
0.09007145043096551
0.09525467234386174
-0.03942590199772561
-0.2760249869415536
-0.04367010704124904
-0.052729280720383666
-0.11876727235200978
0.21831880732523964
0.11291268670129437
-0.15017274155311588
-0.07417020682040071
-0.10928511980559959
0.04366015083325872
0.09238244976844424
-0.03432737676407372
-0.008651441571717152
-0.08036215802629709
0.08740747308862501
-0.26466074668992096
-0.2560863554063611
-0.14462629413125946
-0.2806557438842777
0.20162486072902694
-0.03876749729111184
0.07424854301527142
-0.24045001545722455
-0.15965292932212832
0.08909190257196403
-0.09987045914118936
-0.18619142785449727
0.05677814479784468
-0.271099564873124
0.15381265153730567
-0.2068167760990321
-0.11865155934338781
0.09796232602935083
-0.0018379067918863085
0.026654740830875497
0.05184344874237291
-0.1891615821924677
-0.22593265789808978
-0.20596770146527163
0.31708872646881675
0.006444658117768068
0.18154008329392748
-0.039752026170433157
-0.23425251224099383
-0.2189020098249185
-0.012587858214838502
-0.11229192547669736
0.02081959177978152
0.09937294674018551
0.026580368360570473
-0.27852356450121857
-0.13312351253008067
-0.21757868938524255
0.24489247011509505
-0.20027419539824295
-0.068822435884589
0.08063839651395327
0.02637784436554143
0.022882936868913177
0.21613672680269042
-0.037770199130848045
-0.11241252558214361
-0.24768858257737902
-0.10324540161991443
0.0255528628328874
-0.2806319890530061
0.07061632672027741
-0.0599603185983014
-0.04305244979531398
-0.05334026738690286
-0.015191621890841616
-0.24766195633098567
0.16277868854958824
-0.11605787509772261
-0.07530898947549441
0.14332732590186129
0.04650011409297657
0.06156002256017962
-0.20239548793902645
-0.08454466831430875
0.017050902835284317
0.21446238510325227
-0.025178494293370008
0.06499270735631545
-0.05328448386666162
-0.07984260833351604
0.11604887378469146
-0.08885105766338608
0.22775608413512782
0.13547286707274228
0.060409560530297356
-0.2602470815450344
-0.005108235058037023
-0.23233994691307058
0.00015988371110931985
-0.05885829415612476
-0.21938854192833
0.035120918249260974
-0.10247840225414176
-0.05285528890288937
0.24101773160760093
0.07009709034745899
-0.06628635446238633
-0.09817369933631931
-0.0504256867774879
0.04858414817882363
-0.15295144278636907
0.036937587078275956
0.06531594518779296
-0.08490116290926962
-0.2233682495221926
0.110646652347612
0.10725838540144914
-0.0537163650360268
0.017854628378375807
-0.10892714557016461
-0.18432646653932222
-0.10188438687400422
0.03682297578502933
0.017560591842031407
0.09748337051847882
-0.02984803528104808
-0.20394861066953168
-0.04565578863166315
-0.2443568098297179
0.0468291298073727
-0.17158117009196305
0.22065839493244283
-0.07269366488289472
0.01034739387021905
-0.04287645447961019
-0.1287978099378029
-0.030719293509971962
-0.04950757284617646
-0.060027516674689176
-0.1093715851047761
0.011775943340053552
-0.008262430860067107
-0.04744555786905028
0.09417216878922337
0.03686235967976406
0.20304325861675115
0.012017207163271603
-0.15680009077951587
-0.04217600853297146
0.07044904383321475
-0.06863180528376052
0.015718598997615543
-0.274637744520982
0.07239484235787741
0.03327128347660801
-0.2009953052249202
-0.13076544751885943
0.17442481064874238
0.046339073281034794
0.05581081879735006
-0.019894161681844796
0.09779844531535377
0.022774394049480316
0.1491307467668576
0.023407322926736574
0.12052862856418768
-0.03842812931802956
-0.09563848547373231
-0.09344041282978374
0.07985267555319527
-0.04012348144863069
0.028127969548558805
-0.07502859866219304
0.21492538660052135
0.0015921057360356893
-0.061269359371499126
-0.14926531493879558
0.10684618688469542
-0.08986670524752269
0.04587122969588393
0.04522394573753376
0.13458962098838226
0.11483006000625466
0.13712517804606655
0.054207469869944694
-0.09226940592760204
-0.30568733177269897
-0.01230288877432897
0.15289157975804438
0.28301832314868014
0.10103090950888664
0.12417384774610968
-0.03893395097893559
0.013524314063294143
0.16562821100962336
-0.06852082301325854
0.08969913923291546
0.1618022194717629
-0.12365058074733713
0.2579655843797585
-0.31693575015453107
-0.07520708352060164
-0.16234539284965763
0.23674693480838502
-0.02109969032381251
0.02330211627815706
0.09841167272497342
-0.12650226636074047
0.06014375795516019
-0.12919405274797402
-0.19414193206287134
-0.030725993381064867
-0.17219513087432495
0.07851110803230464
-0.14013821775530144
-0.25439065535174077
-0.22830127454871546
-0.03347412478354831
0.037373687470352426
-0.11411151261440078
-0.019106750098172264
-0.17921453266782447
-0.07744027479287804
0.22346161008125084
0.066108115989016
0.13172176117651527
0.06233883623415686
0.10984169729193692
0.0589836900381381
-0.0414102783049815
0.0017535438995605116
-0.14753722357330812
0.09080540147876909
-0.09457785072964799
-0.2220157976332531
0.023996803841093706
-0.3247987670943444
-0.11727268163225701
0.02199529246619322
-0.16644429342651115
-0.24529894844838115
0.017654622737614107
-0.22758161565991064
0.12325903631885912
0.0527608790736821
0.057875572374828016
-0.03836533089535854
0.14195849560027352
0.08141619317494952
-0.24434422480394918
-0.0238776220153526
-0.025256317559645993
-0.19358116493765787
-0.03768676051617476
-0.12163675237953707
0.012084697287558819
0.05781619438944942
-0.08325170784678962
-0.11018867643826219
0.21989356471974691
-0.06167352849811053
-0.23328224060561384
-0.0038119174473520436
0.09319171714001688
0.13556367214178752
-0.0690007279611215
0.1160379898897529
-0.2237700602932171
-0.09941969846723771
0.07264671075008775
0.024570807394833947
-0.1188460615286705
0.18890596976025137
-0.051879782662548585
-0.10557639302998867
-0.23554421030817532
-0.1179939460655147
-0.21759037566306444
-0.16133292181273817
0.046237928382939227
0.08827288513534058
-0.09372855980566434
0.0037054801220989366
-0.002585604917094736
0.05769377575384019
-0.1358403199843648
-0.11831399971588373
-0.09533118848371235
0.015542530217325153
-0.15261734075861152
-0.16747740926137045
-0.05995421840767391
-0.15054831555969067
-0.11982031830837149
-0.04956701151534065
-0.06868051780141682
0.15663169137812263
-0.0017506948723563145
0.1493212493575428
-0.12394547803907209
-0.16304158538308655
-0.039608429382385735
-0.14238044326999333
0.09755665094927765
0.05829418347624729
0.11454515137158931
0.025614544475914564
0.17536098753832494
-0.33389031547880493
0.0512011415374324
0.07052895141622573
-0.06986350902643185
-0.226073670649008
-0.012744784898301935
-0.021222216503061875
-0.2353703880612142
-0.06845222750147854
-0.0583446518810832
0.0994015145902955
-0.05402205098009775
0.032263054225058166
0.01968916087119089
0.14140418610371408
-0.0011857363096143016
-0.06151656615541592
0.07347829718220159
0.2375671239933802
-0.08427143718889286
-0.06114632358386551
-0.071527175468414
-0.27656793389033335
-0.060753839024457267
-0.07745103602337135
0.05487301778003847
0.022030923422111277
-0.068313185561474
-0.14707717720149202
0.07562659071291838
-0.024905017934477917
-0.21984958369190255
-0.06006983488192921
-0.12092462800456602
-0.3073100372161633
0.2144751574305294
-0.18456910729442136
0.1644315911043865
0.2889075186529722
0.03299455859531854
-0.10346422484050491
-0.041958161662767154
-0.05880287247018836
0.13545517327405382
-0.010333934261684812
0.05808916205422142
0.053524738251185776
0.25338307000425453
-0.08782124846853309
0.15670164767142494
-0.05489770987285897
-0.008028391308365872
0.13409332383148898
-0.09152674105399286
0.38633230167076155
0.08758619607057382
0.02987849984262605
0.018144849802768856
-0.01111211140869009
-0.0729821489771721
-0.03478360595577833
-0.22022743874339507
-0.08986731049930997
-0.07517352770902236
0.024416936972577522
0.20474701386922764
-0.0876977511193084
-0.31126183874180097
-0.20762362178264812
0.024575168602207046
-0.03554209062987099
-0.06433158146815027
-0.05151167618013036
-0.0889989369152969
-0.01773049421685701
0.15088591716897637
0.06405188184102854
-0.07581857889037587
-0.10462877365624706
-0.10131347422324209
-0.18084871631667881
-0.0046170394885581174
-0.24133806167568822
-0.133091508395264
-0.09556605396771266
0.16587645282163627
-0.031855468286980784
-0.013480456887099803
-0.24531983157696974
0.2089581261953337
-0.2668041765673209
0.096426951488977
0.1116417514044272
0.15062661263461902
-0.1104905313899695
-0.04316565899772586
-0.12179528961948595
0.0815651880719952
0.09266184597297912
0.03812900873916436
0.09366863572116811
0.09702393570318019
-0.08181672620213519
0.20710971120595004
-0.10355770865503419
0.0483387227473257
-0.07934315630734416
0.14095296315887712
0.17870574593784183
0.052779466349910084
-0.4485384180655323
0.07869066880503972
-0.15405934260652043
0.07075204536057299
0.13918135519476826
-0.020246294996273773
0.13807680078771095
0.1143648301981517
-0.2626766867040503
-0.17612165661534554
0.10015989250270695
0.09934950573082099
-0.02613215308692366
-0.18757998656160507
-0.07930110606859048
-0.06486711295394085
-0.10515062047652778
0.06999282767416339
0.06315278767904885
-0.22883490523880423
0.025856068946964378
0.16345304199857555
-0.247355670979117
0.12142325492172244
0.07040127547875026
-0.12181455944030126
-0.13470047243724304
-0.021055058904644434
0.055937923241018865
-0.1566003380680916
0.15120065507650143
-0.10531162209268775
-0.18149950818653246
0.12703486647777526
0.2908135909806582
-0.09961699915224301
-0.024587727011701158
0.0966313207749969
-0.04393276221813267
0.044830173793537105
0.031216878696089554
-0.18168151616113545
-0.2069026350045762
0.32312390001059266
-0.15651410362157386
-0.023067607019063012
0.05957079601879342
0.19919198974256014
-0.4027301570855749
0.07116918006161504
-0.16380139827668885
-0.13434361613281598
-0.12184069265292306
0.03768775673505547
-0.20207054628073715
-0.06169301207031532
-0.13732688434217066
0.013289180092554875
-0.2063858365110307
0.09184447526059568
0.006477968790985189
-0.033956589908193904
0.02011048685744534
0.008455435273474582
-0.08211545371691617
0.03148690034598042
0.11720328739580749
0.11345061109825569
0.08241310711456214
-0.07174848277928625
-0.12591448761483762
-0.0023668410136948284
-0.14426142544150677
-0.042439749030984436
0.03694197507443471
0.025437135685098883
0.06986748845017464
-0.12048484300738185
-0.028121428655182922
0.03462740737701833
0.08239662810996302
0.0671411766211363
-0.07150091442786576
0.1265547358736196
-0.18788413962525366
-0.004480766905769617
0.14170331424100346
-0.20808926079418355
0.029890746139560647
0.1418887600214601
-0.17402655054331087
0.32154940885965316
0.01783736664269204
-0.10334902165080133
-0.2159290047570694
0.05351059149211256
-0.11195206844616408
0.07628503498638484
-0.011124795028920106
-0.07573980885123059
0.06647325474900985
-0.08884469824682369
-0.30119269166609386
0.047277332044045356
-0.14472314081675544
-0.10939328297860404
-0.30227607093335296
-0.19118607803806503
0.14139369251504005
0.028744539264070137
0.15147621345131979
0.06742508102435835
-0.2425285380950855
-0.01470617024757206
0.10116281425731974
-0.020047127217949053
-0.21939350318522458
0.32629238459945975
0.023368351780302207
0.08320837145427817
-0.10063136209408234
0.01192022785049277
0.13133273290341838
0.1522723594241687
-0.07239230560812353
-0.11734499592608
0.1859410737874981
-0.007096473724621719
0.234317532603049
0.4027523206159793
0.07205832449943933
-0.016810943267495406
-0.15246501946010765
-0.11887482404748907
0.020669044723395404
0.014344675074835117
-0.13013601632971897
0.3003365157455034
-0.15031230751785973
-0.016360119046904004
0.054265539247428524
-0.14364180749773015
-0.12768425214539628
-0.050095603118482775
-0.08198462264486157
0.01745782780131922
0.1715129978761749
-0.2127299672229969
-0.11320370948753747
0.010412224465194976
0.04933016907327092
-0.09320424215655172
-0.17904458421962127
-0.34276485559972925
-0.1408531472929426
-0.0019472130454607414
0.08702585781024458
0.11622232922456592
0.11949963884519965
0.0881159678851098
0.03459617013840268
-0.14315643447290768
0.2524342698552761
0.05080923768486599
0.17231738645615344
-0.16762733830009377
-0.0669382194221881
-0.12786489295449324
0.07441575398003072
-0.03019606538880149
-0.08122758879868831
-0.08296727925216771
0.028207546878919423
0.13932081864652493
-0.30322725669208306
-0.03660654701586279
0.19570949083227607
-0.02994035911958903
-0.19135154612740993
0.3899284558491401
0.017101130577003305
0.19227737852088933
0.00755757722727311
-0.0705406730766755
-0.021946355527937368
0.11898776483898105
-0.0557224424385413
0.06676752746086655
0.11208512955780232
-0.07660713172763954
0.00877042868350297
0.2609697300354066
-0.10486612074170958
-0.001877190562457683
-0.012851442095256526
-0.35672198986797604
-0.01797195540966744
0.128499257363944
-0.1700581795789641
0.14526956662756368
0.19678196928535366
0.01201019507878887
-0.05911204491231693
-0.3202021198585334
-0.30778704558542547
-0.15320611899643455
-0.28912763725394847
-0.07918021874788661
0.09309133363423058
-0.020831380010913936
-0.17266709593542817
-0.0868731082179584
-0.05751343000138916
0.16140714121970082
0.09994458814736194
0.04724507889044459
-0.08839897968631406
-0.18777487693737363
0.049511009417745555
-0.18433341478205975
0.1610512107038311
-0.09652168599861817
0.010380724071695067
-0.05095234062296491
-0.16427284226873426
0.046553976494236045
0.20799980890014722
-0.04299200376209828
-0.1524927976710368
-0.13706143417253644
-0.2994150196996231
0.02669393408399201
-0.024672481545457352
-0.10662263728678001
-0.0014189927183620964
-0.2056086034132439
0.29734614105066975
0.016887387090017116
0.10946978563931202
0.14266381209102175
0.09197356059551369
-0.13654123049876268
0.29197541360010726
-0.06843502101114941
-0.10621953813727554
-0.09643036749127132
-0.09435689296952239
-0.17232081104149166
0.18265318373948763
0.2129066729930463
0.16740025536915254
0.21470529499263502
-0.2370991431065654
-0.14411843288430942
-0.170018608765702
-0.012045266481071466
-0.11310565599477201
-0.13459586175544935
-0.11206165884846432
-0.1068069684919208
0.12702859021648996
-0.044701917217276385
0.27790798340744544
0.001951424670339136
-0.0579522798371811
-0.006228465292652333
-0.00537025068438523
-0.10745088857819067
0.2037969895468734
0.14333071747606005
0.14981445720658026
-0.0036231569158021015
0.10685317784492246
-0.13305439251557094
0.15461706246870308
0.0016976615736661554
-0.10498538417566274
0.08270774283163065
0.05855052719882274
-0.17482229817625258
0.13601263038582592
-0.04982659346554977
0.19361709199718724
0.06738233462361151
-0.004538714122203884
0.17610252845086383
-0.17775328894533618
0.051289597917926144
-0.05554400365300587
0.04060805587675853
-0.05899055505663906
-0.08196797790227092
-0.10082205514230212
-0.22791277690379705
-0.1263159194994674
0.046133847172871646
0.13287180395128412
0.1974267045109747
0.025857404228100282
0.036905248112991056
0.1616493164758124
0.052111341809975995
0.2597587804886536
-0.10326801735184285
-0.16093457589349358
0.06459180951792536
-0.06890145515778227
-0.19066868109607057
-0.0835174250547397
0.16595302050203412
-0.03839027438223056
0.16310642582260354
0.007839381547416572
-0.06455475544692794
-0.05478929069908394
-0.002565609794589701
-0.0360646145471186
-0.17710823434702364
0.17502746797065197
0.009457310087196
0.2775665169495681
-0.04180390279790059
0.09670376768746376
-0.12178583882139295
-0.03888097343548758
0.036082683235770234
-0.07058211088480149
0.19268720260761166
0.09407983544160065
0.02637732058598426
0.09218626313603734
-0.10570954266076922
0.06470329199997452
-0.0056300416877193725
-0.22013370667701126
-0.07564513215316913
-0.09302986757817974
0.032038239787249845
-0.19448180842179763
-0.17127200149626876
-0.015489559896710924
0.10751914510119137
0.040903286492616334
-0.24568871252568558
-0.2011765608906923
-0.07097112796917163
0.04365754607149214
-0.15746353044578373
0.05000819052895882
-0.08305405110177759
-0.17871543526862038
0.045708397360824354
-0.1797938873626788
-0.17455500258652834
0.13860680036812895
-0.09834623117683623
0.06679527446291407
0.2927571687166157
0.11017497034183893
-0.061949498589998944
-0.10665768407407279
-0.10822018048089917
0.18831885410147886
0.11434613798301951
0.0458740271848922
0.05953693904044904
0.059091387968743914
-0.12980109165641557
0.16552043808217856
-0.09278548055213835
-0.14392631956512938
0.014094583399304292
-0.029785578885558935
-0.1360258858609745
0.03645220519821942
0.06171773401190981
-0.0494977240912511
-0.07369440257466452
0.013587795986909014
-0.19415759544608813
-0.05113971274068976
0.1874637372905333
0.003994982522896897
-0.08454455488382465
0.036667991190021176
0.08376728932641511
-0.09374094046324262
-0.18550785414266988
0.2776259850865968
0.1357992114182225
-0.023526883754925038
-0.042440804163511946
-0.058020257968203405
0.06773259536684201
0.005777941848703088
0.1495725006837481
0.14377905088877735
-0.020033355479568526
-0.15514485449077864
0.09947073839106053
0.02028123522289482
-0.09603819268888553
0.007313495029657612
-0.020400818407185512
0.009244099122991825
-0.08271285268061683
0.13622660198767905
0.06222499058936654
-0.0508593334985366
-0.06829629459807984
-0.1792285198127726
-0.02114388215813944
0.19600152605580937
-0.1675955890604493
0.07063329880691009
0.017361847525291928
0.11870802748460194
-0.007181579483498961
0.14477422828165612
-0.07248820616256559
-0.03276490288099847
-0.07872837151419544
-0.11533539576054677
0.207080733525149
0.06785008210222933
-0.19764607413403476
-0.08077906926480928
0.23454171508591762
0.15351053428945552
0.01039053083913914
0.11178936496759018
-0.3476060924362276
-0.0876884094338325
0.0025357360553486317
-0.018956296487589924
0.06925404624580295
0.01921650012994045
-0.1411560531832272
-0.0988448490778874
0.19691682120191542
0.07364690178771409
0.06106532979793643
-0.12365872394263136
-0.07225295397596174
-0.1989926151332854
-0.11765746665684168
-0.12007330201255657
-0.24166750711546528
-0.17347388303418337
0.06303736096034918
0.005917875680367579
-0.3721707718160296
0.04764392127221463
-0.04622078527656195
-0.23990886747955772
-0.05990648005049198
-0.042705579003718325
-0.07627581873688961
-0.012048491819864521
-0.08372789166367187
-0.037210311629034945
-0.10441206300935728
-0.06835695208609964
0.020347488300084527
-0.14687277969500362
-0.04962902719118087
0.2306006632410645
-0.08120272493954335
0.22460015560467075
-0.061416975117663766
0.03659384034288494
-0.00867843619461351
-0.03498914456653609
0.09185076905089797
-0.261946666247093
0.15518957855736723
-0.18839412225311336
0.23203678729780375
-0.05874090545326255
0.08644166156611044
-0.12795006343955748
-0.15268605344973374
-0.17445577271624754
-0.11071501747228356
0.21582706984582023
-0.19672499863949622
0.34681490957695965
0.03282778198425928
0.08385022172819093
0.09114669845117353
0.05073406397939027
0.04777971783553398
-0.09770954728374083
-0.08694472790837236
-0.06987463484285339
-0.0540572071999324
0.07807376113799638
-0.12224957004254161
-0.001387012850750183
0.025585192965282496
0.08020674492406582
-0.06444600604738508
-0.061284093399075916
0.06812107944295849
0.005086871399219464
0.19830125580138364
0.06966426298791235
0.037306384606871655
-0.011330871862536429
-0.10980389911810948
0.12636805758233344
-0.10307396960087498
-0.02391255026404749
0.15214684164797843
-0.12851614770749262
0.12261226522528658
-0.06182790975766709
0.18291346709832207
0.07146821914201103
0.008414934500907231
0.18470445242485847
0.14629886605849646
0.0358731232503712
0.10973081162435853
-0.026108377267204764
-0.13323874690589257
0.3125157216977968
0.00046452513518307776
0.0033567748354238498
-0.10404264731651314
-0.051682175985775555
-0.04028953056249768
0.06910663620758063
-0.04817758946670892
-0.24871138423671513
0.04898262345949022
0.2237237750856185
0.11363844541471646
-0.2331256957062506
0.09331767045150227
-0.048979072008717366
-0.12530390353024787
-0.06020452320958648
-0.09569466051872455
-0.007430566398506171
0.024157776830642307
0.0587409815955223
-0.09231017409423063
-0.07047066068060062
0.009307526002373317
-0.20498333171914387
0.16913644231392128
-0.008198490828153132
-0.14518116670599687
-0.11480747318510309
0.11452635072559247
0.33177628538316967
0.14243325431460505
-0.0918904090162003
-0.04764294734278286
0.0368889129109581
0.05275874293241308
0.14308988560609556
0.06622124596618861
0.0029647054103417
-0.0447542738288284
-0.07786675413375535
0.15976771155077304
0.19203535624284715
-0.1247276584534024
-0.0951237574464469
0.09720167295153252
-0.06250315627346877
0.27480422234411067
0.08737048678843203
-0.04752212506158325
-0.07534770992308934
0.1367515903971789
0.24052964494336387
0.1835580335269359
0.1438053634343497
-0.01590206248724693
-0.17620518006646838
-0.07014595475777258
-0.1406369628253165
-0.1026135001883341
0.015951929199274437
0.018287876146663495
-0.08042166334635445
-0.1011560745240464
-0.00333613339013086
0.0741883569018085
-0.06708890066962339
-0.08987930870445561
-0.043254079532134046
0.011554252786823028
0.25511683697247606
0.17152107311427714
-0.06834207702201164
0.21777931511064957
0.11523162094125369
0.09689181244606496
0.1296299141841311
0.1434327062198936
0.09761793086238495
-0.011279962567127374
-0.12173819029109895
0.07627224557417431
-0.12775807396232772
-0.04116748146150193
0.013833131477854367
-0.1867566278313799
-0.05445637718386666
-0.4190995411917836
-0.1563651287339855
-0.09029816994426629
-0.07367262729559944
0.15190285411751756
-0.15658521547803447
-0.026988369426838972
0.02066294907292887
-0.10361523257577401
0.01308605831152115
0.09338988914749026
-0.2548484311642692
-0.2229784597476691
-0.030622807409311868
0.11767839100887162
-0.0845178689753974
-0.12217746831386404
-0.13540102040433807
0.016800542946017967
0.1335404966318201
-0.15249408814922133
0.1264930994171252
0.037557178267691844
-0.20844716712458647
0.06540261827484495
-0.011654525656964815
-0.09163319755482342
-0.07011467837789533
0.1501291397165496
0.10665650505561491
0.09000943611983149
0.08299021390775094
-0.20368063600840727
-0.14489632179364356
0.03859732650432918
-0.1372439004234819
-0.19179654343737326
0.1375433738775733
-0.14811495401449865
-0.11529487659621293
-0.0514647110946343
-0.16596712360050583
-0.08211328751214535
-0.2540240350655628
0.08655235226794042
-0.21613769016088133
-0.052132729044374104
-0.21513218952356664
-0.0670641751171201
-0.12970651327637756
0.008221743708854753
0.04398186101672805
0.06811316120731893
0.012764247004617464
-0.12404048622412159
-0.006835758036412342
-0.2579221716463979
0.04256365719704018
0.10995746941686294
0.15773465240303575
-0.11582169721148293
0.36988828347495384
-0.38973034962612285
-0.2247760624320536
-0.20235727457511968
-0.054534968525128055
-0.0070443259163653306
-0.1088798185430331
0.01143655489480563
0.33289507635943905
-0.30223359817000656
0.10032726644837005
0.13204459441271585
-0.3138257351372955
-0.13251580058596318
-0.0065214847082107116
0.1375385710050759
0.2392203952918111
-0.15868175745261145
-0.2059403864122552
-0.3795229151687535
-0.14730186291305475
-0.04327802608825486
-0.00699710221253594
-0.032196714053139244
-0.1782303227166505
0.10404280649775981
-0.01222741612399518
-0.19750934165934803
-0.0008381444317569316
-0.09783652854792141
0.0700449350435747
-0.11799308623012446
-0.184870880185077
0.17925293741585716
-0.04802997298074039
0.014874820838976056
0.04087010267593607
-0.2171815122056392
-0.0059690428173160715
0.0037353919211944673
-0.18927722811971376
0.14338462334173457
-0.1209850869152354
-0.21840941622609045
0.00506560162813811
-0.10387059201277216
0.20491005922015798
-0.10935103885468946
-0.07691993381468519
-0.0733376637314317
-0.09634684906587304
-0.029261869528765888
0.06476619156612369
0.0349080545864369
0.11880082780655181
-0.024220484676110765
-0.32378691815930805
-0.05942298338788304
0.06951653398615416
-0.17858090613865976
0.051384019191959694
0.08187968037836836
0.23237895932434988
-0.009748702501831286
-0.18959021513048926
-0.1549757712100547
0.15683530175978644
-0.2584382212681864
0.06229712163665795
0.13403948679567426
-0.027575806884527033
-0.043044598503702444
0.11063738389785198
-0.03527697911225936
-0.09934494219944023
-0.39214523127751116
0.10921895587141871
-0.19926649177157965
-0.09095028513693117
0.05587068746303286
-0.04184640490118237
-0.02018153669104267
0.18814639708271014
-0.23092446457549562
0.20367318298808754
-0.44047882104193953
0.007090619344570671
-0.2728257498228817
0.1852984888186222
0.01670761616845381
-0.020538344101952342
0.15607626024651933
-0.284965427516955
0.3302243132019944
0.1250690079326684
-0.16486763062151225
-0.005682680160228437
0.15238845510178947
0.0022196266134287294
0.12407999323756844
-0.14706992230753618
-0.11922065679131769
0.18993607660442752
0.2527931831003284
0.1506449493293246
0.18417323532554208
-0.012560067586239187
-0.3825015470355684
0.07589107622324343
-0.06597987700983615
-0.049289856294638494
-0.06401579135317033
0.16623064496566098
-0.04577679206115347
0.19312755938052537
-0.22871421073395645
-0.08733969048427564
0.03895893074287603
-0.06292461731156837
-0.1268317421410768
-0.19691431779524876
0.12731507616059665
0.1293284910956621
-0.11049826890321483
-0.26103390246810854
-0.06517409463047188
-0.08235384270198702
0.036924829073646505
-0.16774271989247358
0.010100891237325006
-0.1501789370673447
0.07774400722597531
0.02701541311763408
-0.1613224995906892
0.09423421510642922
0.13368732222481852
-0.017915309452530274
-0.17399208243108855
0.23781672455451636
-0.09496425979982226
-0.13026543657205736
-0.03002118154730866
-0.02696437760186764
0.039231724810120286
0.08694580871812177
0.22635774313685092
-0.13343766931586692
-0.02893301510076349
-0.009352166127760879
0.16439041487014588
-0.13396792890675327
-0.07532598690128327
-0.029408660718907152
0.004543215197136696
-0.18396153815255983
0.05881872532259555
0.027587624394398574
-0.018761263792818048
-0.17057324984881533
0.12646995535356823
-0.20092849634631713
0.18540269470882909
-0.23634269444644135
-0.06836887425536049
0.17993537810821433
0.06691919079710883
0.06281857265597962
-0.03692418859306318
-0.019334012954802127
0.12526188572075161
0.18265706365223022
-0.037776379301041364
-0.07295822082791402
-0.015825863620717456
-0.22620568871644317
-0.05092610269706131
0.10212623151337012
-0.09873612699404816
0.037794913315975794
-0.05780024556871249
0.06509913039774272
0.020506002833985737
0.030046680475147688
0.13429485650722436
-0.06961307861858972
0.04543734456668867
-0.017177493827834286
-0.11210351486064216
0.04826558815686096
0.11462308726838609
-0.11798024658865734
0.3033344281509374
-0.2151085423588777
0.23500925130719458
0.059110675066451276
-0.07412469929292093
-0.1527167546599364
0.03813665091719381
-0.14362343505875885
-0.049006748710670914
-0.07751020461369232
-0.042134456680396115
-0.10642629132822229
-0.14677527989632172
-0.2206709836160968
-0.17874096497189837
-0.1289848820079509
0.385590176912837
-0.09772477033587214
-0.2471905912489243
0.10337408933179205
-0.12401084947462498
0.06418858919379007
-0.012684629581650836
0.08216001991888108
-0.03381553084592983
0.1649831582192047
-0.1166450379849575
-0.03823586918570229
0.24457631139725314
0.07662829597443353
0.0942284210846056
-0.2260096116103095
0.10229470343332324
0.10195676064544941
-0.23840469902286168
0.03558635107866244
-0.05971574046577943
-0.06281033689744636
0.24483426380796278
-0.13390245546168184
-0.15807690313334527
0.09651974760627567
0.13369877980077
0.13787114558677646
-0.00414622310177069
0.0032710209271735566
-0.07752877404368412
0.12649018731261175
0.3322874032182497
-0.17520256682273494
0.19848025500623348
-0.12185533291066299
0.02978591212484277
0.22729159344983807
-0.03982609299601656
-0.3251555615610373
0.17579441579554494
-0.14980858930929158
-0.0479006112249827
0.07139483410547245
0.07925084449746583
0.248275004462903
-0.1498280130999931
-0.022408469857482117
-0.19606216981763583
-0.1530790250149181
0.00889617734250909
0.041603932338879684
-0.10442101961890471
0.07105262551552126
0.023814780678196854
0.1211496109513389
0.19900698779450196
0.3117416259839982
-0.0001427707559260607
0.05840027012242161
0.14988266904027736
0.03854482939812965
-0.12216108925528477
-0.062161208761682664
0.1346910551478706
0.08794750252209396
0.2007411476152193
-0.08894399505681704
-0.018953616058009583
-0.06960819091871323
0.09140678575438216
0.2570283761676913
-0.07047116903181685
-0.14899105135269405
0.14232222324853283
-0.18603068209490664
0.11124138841966026
0.11973725534802289
0.014424695578511155
-0.17925921954504834
-0.0880523864971355
0.1763896341844046
0.015810439626298918
-0.08356584542600073
0.21499855506414786
-0.08740091191868236
-0.08528641226371582
-0.011661145095586006
-0.1386145181484006
-0.1618497834843835
0.0703298915340603
0.16533930872228889
-0.18448317776008386
-0.04003404969786894
0.1573560775404075
-0.12076166642708579
-0.16049933864694804
-0.1672013593607355
-0.21687881272447898
-0.05647762777494577
0.06759658126889533
0.11039228237464131
-0.2989603853542637
0.2689612150273345
0.04213860799631628
-0.13917081488292285
0.1310384312630979
-0.12398451347396641
0.19359158466726611
0.026049354167348267
0.2796897516526795
-0.18248383257953685
0.03964691467360895
0.4740924712662333
0.04694419374604669
-0.2639554418603266
-0.11289969460939499
0.08030591175258216
-0.040837472714657576
0.0788616294843424
0.10507830908469959
-0.2788527386904317
0.05445810145265026
-0.02429841344126815
-0.08542403525238451
0.05554267851993726
-0.13914541484292092
-0.1147585821252183
0.12357272055865173
0.04041089858552653
-0.24748007079419654
-0.08969457761225451
0.04000648259208406
-0.07457998681942904
0.17123226634087615
0.12728046313729907
0.07263630682302455
-0.18407308518286924
0.03321178617915724
-0.019443185917613483
-0.02240353362684566
0.21859423295127686
-0.2950314910359573
-0.05505340322137578
0.002456200907461789
0.11995272907348575
-0.03921688186274819
-0.08000932622104706
-0.03444781683933111
0.005155691164276031
0.23643360691648702
0.14126138185129797
0.07460009342107574
0.1503101335411507
-0.049574354130610135
-0.017657644719635518
0.3159574946364566
0.04605830561345266
-0.21408401658967993
-0.12544376191011042
-0.08133183205134208
0.0414839499723291
0.2794337006583065
-0.20680938715806213
-0.21440951981849177
-0.04842678956022878
-0.02217490137282427
-0.058005787407827615
-0.1845268191169679
-0.1631284595797613
-0.02677655957390116
0.015360448877363346
-0.08645375165922767
-0.06849539414055429
0.25911512408653287
0.055072228013034165
-0.010187437987383346
0.16412789734858954
-0.2680860618439515
-0.040753003296141205
-0.0378810259255134
0.17092752520313187
-0.09818506326684263
0.12457977826859208
0.07373971480126257
0.0790172889661271
0.1937360019239749
-0.1369867560378245
0.012455705841666456
-0.0034412163209594305
-0.11404594182174978
-0.004292790685388679
0.1257217609054189
-0.12322728121413191
-0.3072948859590637
-0.10367890038177593
-0.07766462873448958
-0.45218236717503163
0.05642738165027118
0.061858992416052104
0.07304828682841923
-0.180304594916013
0.1374137114606166
-0.018350379925196447
0.020652697972801132
-0.22952832048404934
0.038875434110332896
0.0928898549378231
0.2697801748771472
-0.12726556524777757
-0.2006958037747223
0.25309855122875896
-0.23396572099677185
0.14832563033524435
-0.16593419214156965
-0.1202685702493782
-0.11602865341102463
-0.19062394442981062
0.05603744973147716
0.047558647028647164
-0.2126960103872507
-0.23743094057346564
-0.191859338871939
-0.01313011692939873
-0.06858600408312561
0.0030143887475279235
0.14748833517169743
-0.3973317585591151
-0.10745124806421356
-0.13645175798412762
0.0483935084604252
0.0749181027948475
-0.15945575498540449
-0.20692299433997702
-0.17617955144230305
0.16289729297264438
0.1177954528796523
0.1491348670232182
0.05712487969033328
-0.03275122169284653
-0.27620912743577214
0.020809548681892963
-0.18412633102625325
-0.020434254462668583
-0.3597402020433458
-0.2737559103439765
-0.15089875178888254
-0.05119235989367048
0.10661810682398004
0.11056083073680942
0.2373914893673448
-0.11965425657806972
-0.04084182731469585
0.09373898103034656
-0.12230563744617613
0.022615026220564813
-0.12777848771019204
-0.08613277246614735
-0.059228460322609595
0.22950523649764196
0.200336460668298
-0.11235845817688518
0.19325268928605469
-0.1926316297841181
0.1399138887361326
-0.3064584157117285
-0.06602739407850945
-0.08659996082377294
-0.09789855387775133
0.21785037859355205
-0.47669007688670584
0.007757802095226224
0.1250481650874844
-0.10269182445649193
-0.12006680909270438
-0.14016097722816195
0.16064374016114544
0.09477033304477066
-0.07815951720020049
-0.1152727867175684
0.08634016149881242
0.13693781278150505
0.26770716705298797
-0.07424812318011569
-0.1224270361806991
0.07941151720423316
-0.08893333755660521
0.009665392747258214
-0.024351073498662234
0.06971947356357301
-0.07293699439152176
0.039348182569351665
0.20738422011238453
0.020964837845748235
-0.1618025560169865
0.071975105023527
0.06783823477817671
-0.057400077320409325
-0.06983334838872428
-0.20567669677384176
-0.05861188291156539
-0.13443542746512366
-0.031935172829290245
-0.14475029025276484
0.017258921471392796
-0.19702636240259583
0.03608697979796452
-0.1250825818325925
-0.09894867948042922
-0.05955439975764585
0.0646637958030978
-0.17641870445438324
-0.06613247695993014
-0.06556489490039577
-0.1711410301278057
-0.09166479397698304
-0.15140969204511295
-0.04696986944363639
0.04480516458669183
-0.16173248504368543
0.16944767543289144
0.1859952626693468
0.08979639760645622
-0.16247384398856957
0.007854275274233722
-0.029765672021152594
-0.037695803440366916
-0.1368031743304055
-0.08939300078757323
-0.08487131846054027
-0.038993022993170985
0.068975856708751
-0.08806509106777786
-0.137299353766474
0.08337856217587335
-0.15421138732435477
-0.055497131286560045
-0.0551975537308527
-0.022667692742521547
0.19528793692298188
0.13370017992366015
0.2222988674149311
-0.03859612222830517
0.04747223555891131
-0.06723029983601725
0.10247388572926708
0.01543869686874192
0.09724619663315077
0.04496448083957446
-0.02876688821839874
0.022560543814470292
-0.0015336417678803495
0.2605706993841969
-0.14259094289567073
-0.15617410492053208
0.24592446717441713
-0.04303833001235312
-0.011485657213110368
-0.06413841648509402
-0.2189844421051966
-0.012067357894329223
-0.03986550342239644
0.2252579557868678
0.10015319802688258
-0.16727467783000471
0.19623060852558627
0.11061245193577715
0.18149372043122294
0.165171801392724
0.07675920775796949
-0.11848322836084754
-0.007907494320358506
0.033761904035586446
0.19564524093488392
-0.01706261672017921
0.09316457089316457
0.2128839219089567
0.23814227373962005
0.15546657883002424
-0.1689927432035208
-0.1658457964520505
-0.19124618353491799
-0.044081361904410525
0.03538856610631798
0.07944394625084018
0.047780797507478774
0.17150289827272064
0.05180084451109102
0.022815423941164467
0.11260139777342258
0.07081780628925852
-0.046263350344641276
0.010715307355820788
-0.1686980256652079
0.012883706665049016
-0.01612559455892472
-0.130188335055963
-0.1889656682510542
-0.25555915214509667
-0.2907431756176954
0.04356338027831201
-0.24260535076328443
0.0649768333408325
0.07279543025936294
-0.03741724828944447
0.11747008456397862
0.06265819517978266
0.06529858229652812
-0.020630046439379775
0.08742419456786925
-0.06963863393534514
-0.049483835251572184
0.020123185272386143
0.033794429540596325
-0.14261192420988963
-0.08152695610384728
0.011293358813672147
1.6010622427485947E-05
0.026009352750776166
0.12223234012467363
0.07994887597772882
-0.2175283354883521
-0.094621567932059
0.14292654953407904
-0.008441763732980074
-0.16743487660217604
-0.07339665333591991
-0.08906512146513744
0.017549153899041926
0.15173819302316552
0.0157722940926355
0.07190479558515274
-0.003139484522464263
0.03521282696195023
-0.04769646836339237
-0.23016238342887618
0.11204018868419496
0.03119558290584161
0.05079339819506845
-0.22303771515992193
-0.13424345473606147
0.09536691677849922
0.003724877989516735
-0.10780511331968952
-0.10250655882983362
0.1883328036828354
-0.002038653691439831
-0.018615887429795017
0.10680027667629552
-0.08282484514074011
-0.05085307288518587
-0.19005276923520786
-0.09081469034248342
-0.3336446693942714
0.03924217239188156
-0.050954938261283236
-0.15353764453969035
-0.0049184932341694455
0.1669125362776213
0.08439709488895271
-0.1841696173443098
0.16826754243122818
-0.11262883523229715
-0.15247455542838959
0.1554226615846424
-0.21563521719675408
0.18534906754842043
0.01504191301286881
-0.10763557749518744
-0.10428371991909927
-0.11028805517998627
-0.02116702570558028
-0.052015169368056315
-0.12840499936124156
-0.0025662154426630106
0.025248896733583572
0.14590235913636593
-0.13928428360063386
-0.11728097411724214
0.06515794454603593
0.04659555483321673
0.14084033479096952
-0.2517114938792153
0.04691686381235815
0.048478199477680214
-0.1347072197858586
-0.18726770643766721
0.10283967347129291
-0.16332035592769642
-0.013628856767723345
-0.06658750575733449
-0.10457031265097275
-0.16813416965338432
-0.04674870762393163
-0.08864118730810515
0.07365281016979182
-0.14503879715230938
-0.00019428612296867423
-0.031710441191414224
-0.01290543302369448
0.06888606930078224
-0.05964168856718586
-0.1013795053075284
-0.1751430064751347
0.04992533680563266
-0.035077853919337626
0.049468344673844936
0.025713846921149627
-0.1702642198240994
-0.006408316280889251
0.03367432128682453
-0.16029018111108387
-0.14541543217825553
-0.1093734948155356
-0.029499041226924125
0.017186395743340813
-0.03070654608968122
0.0036202667628963095
-0.15871899922941496
0.01450595338243219
0.19218047291389503
-0.04930076232801946
0.08664402366412599
0.13375794806959557
0.05267751777774725
-0.2326539914654471
-0.2088642374931929
-0.3225811401863473
-0.12578131704182363
0.09462300676867998
0.1068696589781027
0.10152401366295359
-0.21476603527963767
-0.20673316955185322
-0.032318313505371864
-0.09986233747239871
0.01669846649196705
0.07996481707415119
0.04480859876756198
0.1889747481254101
-0.015949982874356332
0.03238737924092685
0.024061261539809926
-0.11887560268374597
-0.07900375552582026
-0.0249428888204882
0.07996320826193627
-0.11288768401662472
-0.025154357450034102
-0.15564752485843616
0.0352966105939825
0.04033458849493819
0.10444382839977027
0.09011203716762324
-0.10529967984793322
-0.23330374470870757
-0.06540401714143625
-0.0028931320972541822
-0.013727230462511304
-0.11748556891348468
-0.04866765781520492
0.06167396709865852
0.21915569244339236
0.05105805969119457
-0.12945893354103635
-0.1920081237075676
0.016916350850287993
-0.15147148617641207
0.022175353983800616
0.008701584370623738
0.19267783138458502
-0.026601480432128115
0.2256820133615809
-0.1219228299411369
0.19515741328365355
-0.028017363122218978
-0.15757649225312179
-0.0066248661756638585
-0.25409923564944126
-0.0359805953299017
0.12434002347976128
-0.21527957888147223
0.0539808581387904
0.13464332922614972
0.10407299703246395
-0.20662474798730118
0.10139279691231148
-0.07489022217004047
0.10031297152843204
-0.03618466821292162
0.20712721268143086
-0.009738053452755508
-0.02647109981249347
-0.044025443318395675
0.09230007462926976
0.07892514252475598
-0.08639447071177009
0.2201333958381514
-0.2930312323607726
-0.09191765962287793
0.07563782074320867
0.15684795097791085
-0.28105497299846266
-0.19223315072767944
0.30578684756956226
-0.39437181900495255
-0.11232621153308998
0.06416385251556256
0.023812036645594493
0.05129550660984733
0.00026666460715142517
0.09937897293007437
0.041436633824507525
-0.03335822804414742
-0.3601180021995776
-0.1447727349890787
-0.046780825525400506
0.06396139190331136
-0.11313372830018142
-0.08710426551956396
-0.037404009496313645
-0.04089748967546849
-0.02724928143617591
0.1086338563273256
0.09319229200315575
-0.24667174951290102
-0.09446678386614199
0.05910364443892707
0.053343167829242026
-0.1356167436766681
-0.1295486438553615
0.1845978992668038
0.0011677284263272789
0.18117664162062652
-0.028744841421999796
-0.11189998842491658
-0.13155046521409933
-0.009038077549872207
-0.05729818290062089
-0.07480377331049813
-0.1397103563273435
0.03157564299821549
0.23813185162957295
0.0563708354864992
0.10365691931859032
-0.17639203476887222
-0.15835901847812883
-0.0951992930085696
-0.15395378825847328
0.11951643865522339
0.1249384303640007
0.024886109444190764
-0.03888125142502836
-0.07261817422655335
0.18823359713781446
-0.05680085154277597
0.014127815601526681
0.042688984297445
0.07681273925626993
-0.08771968388892837
0.054982352136547334
0.08154483160474715
-0.007614474482148096
-0.18746375985626443
0.03932720204605424
0.22218987358741607
-0.009763306179498199
0.03574376897449271
0.20608265559336458
0.11532739699732265
0.06903168018292542
-0.011310455290968207
-0.04785731134145362
0.1145838019699415
-0.25565615008300746
0.052649705878618384
0.018205355948468806
-0.012707892348087916
0.25641335317700814
-0.10601476937327896
-0.17516678320447718
0.027384206131303275
-0.06490762287951621
0.07770960583349398
-0.02225063353007259
0.1310853510450295
0.07681101077655676
-0.10715844406163784
-0.04471250074078831
-0.26311778153552307
-0.07315341605796208
-0.35069767944116975
-0.2676889557047605
0.12516878099233578
-0.3072415456703269
0.13308055388515694
-0.2172929518656835
0.09435811897149442
0.181286017372376
0.14256487825625508
0.1758566712818994
0.20914105006845746
0.11462399132095992
0.06160530202186947
0.06473162590895781
0.0351904703955009
-0.20376039510930893
0.07116009807142666
-0.23696772068187563
0.06633260176005878
-0.14541745907466194
-0.05198196913019419
-0.07001825109295841
0.12181810586938924
0.13909224199709597
-0.11784072087611958
-0.12053111668092532
-0.16222718287355314
-0.21208199992388913
0.3303716099902264
0.030640837984235433
-0.042524039639865986
-0.019157315752001847
-0.16838378762557774
-0.20011339148275842
0.040957233876614055
-0.0910510453763175
0.10918201593677114
-0.073798722076342
-0.04328133544213005
0.023967097181773738
0.13513254500815935
-0.06347091704197096
0.10069118429540141
0.08295381093164553
-0.060833019587198986
-0.07852275775162561
-0.30856908056838683
-0.06569692458163555
-0.15448990836223309
0.10699936993310463
-0.09985822098920129
0.13936526960978018
-0.011639254999173636
-0.14910605237991514
0.02836804768746085
-0.20568181034278374
0.046244380395938194
-0.021145620567437125
0.10394983397390245
-0.29743026578888915
-0.06925164341479452
0.11114364926985736
-0.17706081701645837
0.2616431020585965
0.10964059724517045
0.03260684770742642
-0.09641100186286984
0.17703986568022004
-0.1077550544794562
-0.10852042627996095
0.02191174843335774
0.022759680214808377
-0.04698661741794791
0.0746875529884385
-0.10433347225275548
-0.09896812210306996
-0.20623785876912762
0.016088471098596388
-0.23123707918795372
-0.08582880866308824
0.02953216439398928
0.10088560379769598
0.10611158212304578
0.04728096853211445
0.1222653563390578
-0.2477055359449153
0.014668761066250523
-0.03851528316264016
-0.04838102013962642
0.11493167802436437
-0.10651578705508215
0.2437543545944469
0.12186324898192656
-0.24010641433700933
-0.1784551566098027
-0.13020664210030589
-0.05934792334999622
-0.12353287076538517
0.06127913155574866
0.023241044494203396
0.12932439828039557
-0.014311239756712566
-0.04104278591775803
0.25992895912163666
-0.14838725789584517
-0.12059667831231317
0.18331730069867894
-0.007397016110058873
-0.028514485598565842
-0.2058971171467509
0.2051549280807618
0.11411561603566639
0.11283811784725095
0.10916959944594568
0.2784033757954766
0.030819491268862825
-0.10814649293022226
-0.05618712325773822
0.17458648743463387
-0.11457356232352368
0.037692336083869266
0.41225737042178945
-0.16534451942664777
-0.22497716361066392
-0.01005989468264335
0.021600113509045234
-0.12680950472691238
0.11625193480192896
-0.0339968116237402
-0.052826920337273604
-0.01812453874837881
-0.025632007325139376
0.09370840325131022
-0.01638728346453259
0.22132308788524116
-0.19382714909993776
-0.24018703840451708
-0.26633457003205835
0.09041203116715271
0.10952262687025249
0.07270222524523802
-0.045457297332538345
0.13425103623154494
0.2401317372510172
0.11430436668430241
-0.07736532599804415
0.324709574481742
0.015387660929484803
-0.020189402393424215
0.008448740906527053
-0.1855438380777463
0.05057726195595182
0.07327657212017093
-0.046868163602545795
0.006382629922255435
0.050760824594928824
-0.03103836940701443
-0.10844803928836984
0.1342316794888057
-0.07380852695408736
-0.10944657917273858
-0.09289871331916179
-0.08893884072639317
0.028360814995165743
-0.1626555486478689
-0.23274676783760528
-0.08798465600627202
-0.04217040794863919
0.08545904631337944
-0.14392061717687782
-0.027723612524723974
0.19532078142160625
-0.4398974866782873
0.07881613650241218
-0.19923817602090102
0.040851404301682694
0.13042139321343724
0.13737250647183452
0.11427525270651116
0.036600782098365564
0.011562111164754122
-0.10934942202649868
0.13285118918859726
0.03652316737666106
0.11569197290860232
0.06832099737448351
0.06339763271069114
-0.20474943651723534
0.29587266592692735
-0.14620469243358403
-0.04701855323669892
0.03091804765022024
0.018811967584670655
0.0027452524160238687
0.06316104686282188
0.01568223510146747
-0.09783116304621106
-0.24508663074435963
0.18920961499182526
-0.3029674240485968
-0.04990036527217888
-0.13809045260058703
0.32466181155758483
-0.11829826387668302
-0.184301363629034
0.06445590697694153
-0.15673186895594218
0.19048232575428037
0.03177851848303733
0.10106425905892412
0.18357038885193305
0.05842015025267645
0.28190905363333246
-0.14086259037000645
0.10991618334567856
-0.20996339675641695
0.08780315561182366
-0.05256125735653574
0.07671632354743534
-0.018250276870898956
-0.21283646388015895
0.023776866751108145
0.019303526525422828
-0.002953812713918219
0.006062380391060665
0.13790052903215497
0.18410419591532512
0.23507308369505228
0.08646699554692856
-0.2706718793517442
-0.14599704865621474
0.0717198393576319
-0.13130283586156663
-0.17980267412325013
0.18512455674902883
0.13105558965140224
-0.07887354372581407
-0.08821082937079308
-0.0652589416570934
-0.05532772940919034
-0.0601863683095431
-0.3038855135134572
0.016410388459854507
0.010318819164102298
-0.20542498972553508
0.19201887118546682
0.11458246212061558
0.08783763792412627
-0.0901470832412479
0.20793370369396955
0.09588326276536135
-0.17227524233531374
0.09968111235539072
0.1337432957607422
0.11895155152618662
0.3400595447016619
-0.13821536562730183
0.18313898908118234
0.007094220215067187
-0.13406023271122416
0.05736227430753381
-0.2260992214279135
0.11397028542835062
0.1144293518103993
0.08808846626393853
-0.009483819470327438
0.04389109881969904
-0.09797119956552507
0.32510268046616575
0.14036616893863818
-0.018723628233821548
0.12878451058033433
0.1365996318484182
-0.07353871982242598
-0.03194712324355719
0.02842995461679795
-0.07399229027546426
-0.03320343801269721
-0.25267618196895836
0.06413956647329208
0.0512253520135115
-0.2550030523334183
0.14181078281243079
0.08465413090092327
-0.1616270411119442
-0.027454243052100875
0.011425565504955548
-0.28033371879137226
-0.02328172959235282
0.05335030289920527
0.007569234492069121
-0.01529060989999679
0.17555741907500355
0.1342230343787667
-0.25743431015310336
0.010321274166116352
0.012055864606600235
-0.06732594690574838
-0.30649544426742065
-0.20438419996300597
0.21833337387574833
-0.004130923207125444
-0.22667629282210294
-0.022822877799016636
-0.5953875321490291
-0.01378142495277147
-0.18361582709442353
0.039764052693237094
-0.11732854119676518
0.10781077712483594
-0.1412314768071357
-0.18499411365326723
-0.17865973082302872
-0.2501896196331754
0.06626425714284978
-0.3874540788817995
0.07427414885994252
-0.018507295649676285
-0.07428107043432226
-0.080873714082621
-0.027715610005528624
-0.182002365844343
-0.33351671914403824
0.27287407136196656
-0.0778185276001197
-0.0003441617198465374
-0.2296669209755943
0.04798745995566615
-0.06090617302068115
0.04650009944674219
0.12524771921512193
-0.037690071988631405
0.26166968655925743
-0.018021718444870747
0.08476136286348607
0.3790713437492239
0.052128515565846086
-0.06137754921717643
-0.1380195680994306
-0.04277289903103395
0.04375184516072495
0.028338593844273802
-0.275197736041509
0.15878170308266454
-0.07621387558599886
-0.2052036445121347
-0.0653226373065103
-0.01108654350538759
-0.3273304910550887
0.14510772490953885
-0.08910374418503203
-0.08948724449770748
0.06717980210527238
-0.06001077610633842
-0.2040716340444565
-0.1101253749317858
0.08322831169644658
-0.03503916886433152
0.13491139767169422
-0.030576778640317295
-0.1505713578174778
-0.19378471965584212
0.08383227517601816
-0.08577149610785989
0.10985482701479114
-0.0733711521116574
-0.11725519751100506
-0.08794302105736905
-0.08914512438113888
0.031237313171168936
0.035959405994008986
-0.00940679286357239
0.06706306247930044
-0.06180302951613795
0.031275260204769506
-0.1011537780559259
0.03825317598298806
-0.12660082011223658
0.14648726599177792
-0.14353157543471065
0.060975499663846376
-0.25289960429136255
0.06775131270795404
-0.05549842544565281
0.007647373904773345
0.07761075688392394
0.001364615600479804
0.10163957564867662
-0.002355458599056751
-0.0847883275928722
0.16582481828765622
-0.33391858191727875
-0.18939708036547784
0.04092478916874428
0.22610624866447096
0.30826996671284684
-0.041457884458701626
0.0025275284684051695
-0.17526926552347202
-0.01979794554874173
0.09131398031706212
0.08680006746862533
-0.06784532717335084
-0.1692102444538051
-0.1186003208632563
0.1646106129041406
-0.1780572230331408
0.008185080473373796
0.1598643903728434
-0.4565071165451031
-0.006721854217639943
-0.12470638432006471
-0.059782140048141655
-0.08819559192276964
-0.13402523221493245
0.08468961613846358
-0.11352335941362192
-0.19768167871647022
-0.05018515888637577
-0.08804092976526838
-0.15820768050431402
0.09544739461841918
-0.2777378638936756
0.07930684617508114
0.045583573677491857
-0.019256006962026
-0.07529169433033352
0.0644345988715378
0.23913341331516944
-0.08265929222440366
0.08066722690998213
-0.11590463773632469
0.15845220571613577
0.09115736908458527
0.09138086309247273
-0.21170082068198487
0.06578683053149648
-0.30490015408996923
0.27429877492930177
-0.034570782694562964
-0.055208725641045515
0.26956550088002845
0.23563046707307914
-0.10713282889139102
-0.10629926330949128
0.19281242761506243
0.1784953693177608
-0.1968144103836002
-0.2642096010421262
-0.01947891707736656
-0.12337076461360025
-0.15732408068305725
-0.029161714163234854
-0.23147456201780647
0.052923416600628694
-0.43913325228642275
0.023403970752148628
0.07290048589217636
-0.21658264669060262
0.11458079038362275
0.08355139560754711
-0.15832067097292474
-0.024424941728381392
-0.013283533920228643
0.024915085298866217
-0.06648404142938168
-0.045270326979327334
-0.06365686207484544
-0.060643917749362404
-0.5103822596892804
-0.13506947745890963
0.055715504258346815
-0.08832047127760331
-0.12888543434059632
0.04727676519141102
-0.08199424022087487
-0.07696119134282615
-0.11966865666190496
-0.25791174762298535
0.0003005130506745998
-0.34173083415063465
-0.06773790533798177
-0.033765179300843724
0.0493517659991012
0.03711120273485444
-0.05278187912865508
0.2605496451824178
-0.039621020193842185
0.023716497639605667
-0.013429802312943842
-0.1284499973570464
0.09477714129349166
0.12403017875301241
-0.12551050390319413
-0.028390947606111626
-0.14924039985626045
-0.20544790313785247
-0.22295862073060171
-0.39771847569339125
0.03968173473265205
-0.10374407822391012
-0.19368890998562735
-0.1374628998970725
-0.0741612367026019
-0.039589907328660634
-0.08120182390475783
-0.03491427314848123
0.07641309319817728
-0.05110605606085317
-0.036992522523790955
-0.11090293798466573
0.1710996246367812
0.10065141389241819
-0.18619394765102823
0.06134097280676381
0.2032337123993705
-0.009951408570320473
0.1882490728319755
-0.021593659383618236
-0.07436957114390383
-0.0261942529697282
-0.1674013806496417
-0.16841835826354482
-0.06164161207068241
0.042329260398465324
-0.13639869362943474
0.04529607980319687
0.0709374416805482
0.056801976129605754
-0.04022855402636425
0.0702781260358282
-0.059214444969224234
0.043501851157574316
-0.09781611155604825
-0.03235839640676458
-0.1037224399206865
-0.08815185393691762
-0.03973693735194425
-0.17063211682079896
-0.25598613725516955
-0.016046531168230183
0.14189261558800464
0.1393442173695107
0.07228564524586575
-0.1337778480375534
0.3362519048333552
-0.027165672404776634
-0.08844872868925206
0.08043376711934042
0.04555158836021589
-0.11757880938866266
-0.0453397299279134
-0.061926552812947865
-0.01360582162513297
0.11243288564905204
0.0376605973347002
0.15890761787251925
0.09206526796047473
0.1579873653296888
0.093127070611235
0.17509791196289015
-0.13871251024799555
-0.11646466479455132
-0.16167582790634027
0.041415263313346155
-0.03810001136663538
0.1093350510662192
-0.02204602244055458
0.17630770790755806
-0.14826422277239168
-0.01671623552235524
0.2792524348905925
-0.1320312014682013
-0.11875381779961905
0.118295370063336
0.04927598116022259
-0.0032396763678688876
0.06520487793542726
-0.06851689911619806
-0.11289486976621249
-0.024078725248931933
0.28125417148403004
-0.0066785633027334115
0.12807283745237868
-0.031289505345857206
0.21146597941085984
-0.0027546334595629817
-0.05987615969317145
-0.07347495699024519
-0.038581875176008196
0.024180720977853884
0.2477913202175376
-0.16786099881779945
-0.1906636865303466
0.07563054722415331
-0.05679473206880872
-0.10069923683248294
-0.10590034374414632
-0.07546007317037272
-0.04815332294868736
0.15029791667115738
-0.1032213081614684
-0.02075977883680643
-0.03707236823648115
-0.15489022848371786
0.21423089804655207
-0.09524322590753842
0.07115345682287459
-0.24440862183446502
0.06077813471600963
0.11381555859229575
-0.10890965455262673
-0.1932930038675221
0.07204570793971313
-0.18038689516024392
-0.12433071318847415
-0.011298910728249342
-0.01440741595369975
0.058194117457101145
-0.1352220393635447
0.18963393859030633
0.03446488357880401
0.0053968871993885625
0.08223238588231727
-0.10813055262906626
0.2551909109422969
-0.09025268930024277
-0.0659684431595919
-0.03232812205794876
0.06676852397502908
-0.2459231824160629
-0.18113195752775835
-0.11288761227630913
0.041742980903454706
-0.03344188238976832
0.07154197141167584
0.24437143818864798
-0.05218838677559366
-0.011902274558634438
0.07828864412642146
-0.2002400943925476
0.043561203341849285
0.2344435283353607
0.07531274051597156
-0.2799006586557265
0.11980592548281378
0.016745512882439206
0.23601012910849903
0.14276800911534007
-0.10245715078045736
-0.03882277165378326
-0.2810321350788181
-0.022048369542559336
0.06774553739255693
0.0865160332022714
0.016657863733940063
0.13065270766743403
0.23422049410128648
-0.17038654284384067
-0.04317386526637131
0.012625724072283363
-0.05843478233313523
-0.18842042817399257
0.061322626648900744
0.017708543703399197
-0.11549649682185713
0.12402741275986955
-0.08752408811502595
0.32810692172375344
0.20625615315053203
0.14337938300365008
-0.12819868060536274
0.1441771857874224
-0.09335960038464311
-0.23462574081434162
-0.24246903791527508
0.06335962822515648
-0.16400014574418215
-0.08437861500042483
-0.10096565920950179
-0.05418051491048343
0.25197704067973603
-0.2361844213571303
-0.021427569950397143
0.09415451618952546
0.10025766898180831
0.03927090351736888
-0.02991752886630149
-0.2838252745939788
-0.0030197674028051833
-0.17518391911434658
-0.24407841003700695
-0.20451820443618848
-0.053676300377221924
0.09096411382541374
0.022612062081453794
-0.11806120250580646
-0.16298962757228944
-0.09514793873183414
-0.1682523457342498
0.0332035153754686
0.0851339172881556
0.10183431419917896
0.06345021656215928
-0.217140313266383
-0.07171739039026735
-0.1988623965903566
0.06988753401112416
0.07036519777287942
0.055263754936362125
-0.0612026765887448
0.17721613791071564
0.15826634636709222
-0.04916091123039087
0.0035607445510906144
-0.120090226489717
-0.4062641580582627
-0.03648613024121194
0.010616534838791072
0.10631211488452182
0.02746708626605642
0.08996526199471212
-0.07177711362366009
0.13660614127420723
-0.026357162900340153
0.1054128096811069
-0.3076347363028705
0.13341463563586245
0.009185221831010589
0.20382234391420911
0.02394657969592242
-0.0494419738383967
-0.030060265420231626
-0.41536447546402994
-0.06497565928540806
-0.20811975789077794
0.1971914159443614
-0.15795456257727247
0.038758630673589464
0.05979106001583724
0.11538192058393608
-0.029514541051661805
-0.3640477046613371
0.1599776128978011
-0.008164425336695067
-0.04192915595546304
-0.006766770724570388
0.141220841691155
0.09469291892181435
0.07870136912169778
-0.33440375424377694
-0.059787159772516224
-0.056977145316067006
-0.11742540282207856
-0.29954093026005907
-0.27753663716346727
0.13358514891385775
-0.16097936358723955
-0.022063293601314055
0.03382440043137376
-0.07396449452716175
-0.13128067839287816
0.17853748864822694
-0.0080051502128022
-0.10339425487010806
-0.1338335815371327
0.09911294627451248
-0.12559159302586798
-0.044663482998282766
0.004077121120665781
-0.06338141775198927
-0.021131694713072597
0.15277531005475087
0.08281034380188657
-0.23468026836586423
-0.04258859045439235
0.11114862653205732
0.11815741626420567
-0.007041113510853886
-0.09807556308743097
-0.35708063577480254
0.2652286608988262
0.11853578305392594
-0.07275473578659318
0.04078176062407878
0.1524370531959108
0.08293370299633139
-0.07741073105844508
-0.13907066361774614
-0.11135805607377447
-0.043801265227321404
0.0657004706362371
0.17879728945579915
0.053444844672220784
0.06589125844474987
0.01229504224146687
0.1439344752471649
-0.089057145026346
-0.06494162621519008
-0.011900527934069786
-0.027945672154791365
0.021990801367640332
0.2869550065943045
0.033227963008120545
-0.03624013265453263
0.14397090341897628
-0.09412501073010605
-0.14438811857687456
-0.1455924618296892
-0.07629579987476535
0.11014781201208697
-0.15406789014913036
0.17892184960914115
-0.18681023271068303
-0.17998148521306606
0.05354454341988117
0.06894282491009152
-0.06054863560102641
0.05803911923619765
0.00031696865859850054
-0.21171299045821615
-0.25212929415526564
0.08271331952253533
0.027193509900619604
-0.01837109525141437
0.12141899669050307
0.08475965596368756
-0.052160887400865906
0.032064946152372986
-0.12839840932443022
0.047916356370592744
-0.2547625191159575
-0.03593042026332782
0.022762293635751243
0.20565204490973216
0.09373145426299907
0.18922668491077793
0.16002649878766087
-0.04070995399986483
-0.1889167010773669
-0.038406092502464746
0.12055672066280568
0.0053697148746888876
0.17195367751262827
0.3601690216508234
0.1626105662870613
0.28160849566542223
-0.11842385144725935
0.3222863836025956
-0.10709789843924579
0.21648481044826026
0.19551220228855984
-0.13814321400766236
-0.11189183740520725
0.0938860977020685
-0.024159587118537426
0.011002054481894417
-0.00943678695931678
0.07465318986366527
-0.08895748293495531
0.06832923450436834
0.039426782605086856
0.04362650981083434
-0.03628656721871815
-0.019040677412509154
-0.04319997005718503
-0.003823889517670984
-0.05602992202784403
0.128937039699334
-0.14204221322649413
-0.03246809917239349
-0.2756532136700702
-0.1520873080102424
0.04316093251872488
-0.06419667604714542
-0.05411943894636125
-0.19228562121956302
0.0575938750764205
-0.09684304651348391
0.03815434114793469
-0.08564966074372331
-0.03828832996991828
-0.1749604350843897
0.08046891158972463
-0.16468007381264457
0.13096715871622408
0.023416370263288605
-0.10698548474988122
-0.027144809815025137
-0.19182341770750547
-0.017737782639408964
-0.015035159788610527
-0.08656617987860762
0.27815992019540914
-0.1446150456343306
-0.12181370403340697
0.04852359106656063
0.0005164579931057949
-0.08949169868433002
-0.03574736541966638
-0.1214629879129905
-0.1539008283157178
-0.018766616266442764
-0.08002286622828785
0.15782691829764145
-0.12165861763607037
0.36884305787885363
0.019354953482246074
0.0014223785498413916
0.005460391328795837
0.18015537448407537
-0.10093159705149196
0.23650079229222432
0.20864482306324542
-0.18610915163466604
0.17556817680350556
0.07569049937224358
0.1668331971938708
0.047763543204767264
-0.02967553523751695
0.0789443205726407
0.27087023520529924
-0.11480641951273324
0.13382370999506035
0.33613533135194706
0.02718527524951241
0.008963148137631488
-0.16718206141642222
-0.11611890149205152
0.29937995464541367
0.0887069484288303
-0.10036823100911753
-0.14034650043225444
-0.14133609507849648
-0.13543695302434705
-0.02063859341074308
-0.27273139976425276
0.06768976049548514
-0.18589710068714227
-0.08120701942568745
0.04750567295099554
-0.04745592438960028
-0.1672602455472427
0.0881020307413044
-0.06982945433798288
0.06359803711085137
-0.09130898803150642
-0.05097961309321838
0.22865989764273223
0.07645520606108663
-0.0313513956516153
0.16713622704273262
0.057678847607855556
0.062375400849788425
0.09197299994049969
0.06093798331412121
0.014003101729545542
0.2321430058881539
-0.1460908708359019
0.13264127283839222
-0.026648746569909385
-0.03654646162322203
-0.034056646335812873
0.17412977815801467
-0.32405984897147383
0.18307611564619786
-0.0781475785969886
0.08021858806325545
-0.10088636763964158
0.008676427737480414
0.07890231471633881
0.25604833947067224
0.24004978232294819
0.16611622179132915
-0.18820527912367668
0.1830303607294096
0.1607204192904049
-0.08307517790951294
0.04793784561662305
0.010073348134262031
0.18732660778095778
0.06395670438355597
-0.11029677900435095
0.2780079819468848
0.04567064471416871
0.19746123340771196
0.028337434209536615
0.265792643753147
0.11667681945661353
-0.032061987955014686
0.00538384056136191
0.12384996912413787
0.06704881345380607
0.09782655927826496
0.1408159753213
0.3056165856496948
0.28714518683912826
-0.004307612191324708
0.25558222110952833
-0.15861150945943478
0.14954206551472288
0.006876407622949949
0.039450953930034525
-0.023523007742517366
-0.014523978082577936
0.03568352191006179
-0.057917217036124936
0.05247083173960459
-0.1569069394509886
0.09243469853144046
-0.17617532066705735
-0.04369993724874513
0.0014146156409346662
-0.10031946645797903
-0.06414552639117137
0.0996142434491347
-0.09315101080724625
-0.25295532767390655
-0.019638830802310946
0.007397048367914854
-0.13231120430845295
-0.2556798170123887
-0.04109148571696157
-0.08603695846638955
-0.07455310793463342
0.08120167287397123
-0.07872996009802923
-0.02377687329444553
0.03305398707893769
-0.04666082652598992
0.009856607921851687
0.1705820043074495
-0.18357998541687648
-0.05735009582696514
-0.1179709952444226
-0.04439582158261761
0.03434497945901332
-0.13347085173329862
-0.17563648788238687
-0.381854593576359
0.1423109560312692
0.042245934203744055
-0.0975579066299606
0.007979806559993587
-0.08411350724390103
0.13320811911804376
0.10873336125274916
0.09583060007413578
-0.06797661518997597
0.0419434441783918
0.11152316250931167
0.09104158705042088
0.16641218889863055
-0.02415134250437003
0.17141866941496703
-0.2638772782907076
0.18464793960649825
-0.03339534654691835
0.3608577211984866
-0.046860704524769765
-0.0027510716182301436
0.10050542261182449
-0.037099117947507594
-0.011029295290482135
0.16705174953494364
0.16218429185508335
0.12592705865454015
0.02298272248727985
0.1684051305841464
0.08741865587332877
0.08036412077182958
0.03038146503817564
-0.07787658862029424
-0.20495846741553667
-0.020953107793438525
0.02096148769259386
-0.11165594498349714
-0.0987240038587666
0.12179772767704801
-0.1820387588886927
-0.08056100578400845
-0.07407744676369797
-0.1790112455214981
-0.2740468221373513
0.08948531980222058
-0.13313122136785652
0.14567355799394646
0.08069398581661677
-0.24865977353074134
0.10169681052302658
-0.07310821627324349
0.32796469702322106
0.004118609351810364
0.14297962370789474
0.12036890139965012
0.2867113807472689
-0.21987588743682723
0.0618147426229494
-0.0015480676923334414
-0.016198726079756497
0.22058609402036092
-0.13323405867064755
-0.04456021634010819
0.12766356244692798
-0.05472547141420886
-0.2590585170212427
0.2539226078652968
-0.2189345735448512
0.0018455676967963554
0.22892038526960878
0.061671738326411624
-0.03954641251456575
0.11369353942789162
0.021514588157438966
0.03953928086595126
0.21405251936333197
-0.08854131330496097
-0.21141702539215912
0.11172495534917423
-0.011339598785665084
0.05868831363011242
-0.015353323173164778
-0.010483276668155189
0.015302941653831469
0.11269518950987681
-0.12323851524859686
0.00830982799290252
0.05908033481127787
0.10282664069925461
-0.08819103879298396
0.0765521614685697
0.06649767465468473
0.0489702220115974
-0.1356910588451975
-0.03762255790995581
-0.18764644050505677
-0.02295778507115414
0.025793029934785227
-0.08790155206937014
0.13509967042874957
-0.14910681404121345
-0.06530759107826785
0.21954463708272015
0.05004196701309768
0.22564392598025074
-0.17474646598985488
0.27801447022138503
0.05086470613044309
-0.014877397872104868
-0.22469121701371175
0.06443208512006318
0.002109639604063055
0.21790292970979114
0.031017100802794687
0.05297787569267642
-0.12363637982099461
0.23777353486542244
-0.16965449161869173
-0.028542294098620427
0.06790793502396787
0.08870130703919682
0.06914344586369325
-0.2563472748568879
-0.04151112129178652
-0.1184385596621799
-0.03676941165582043
-0.25647824843975897
-0.11427070275960088
0.08760544511968481
-0.09998643639858722
0.07909678845686954
-0.006115800030967827
0.03596533247591765
-0.3333435147770768
7.291706477574773E-06
-0.06230511689238189
-0.19920373605795255
0.1014333551852678
0.07777939713872174
-0.058691955130547015
-0.13584899043126902
0.024374331664992595
0.04112416669552278
-0.06455939525203686
-0.1316647704167637
-0.13371300857466678
-0.10763248197941341
0.08255098873716632
-0.11445039165410618
0.28757263218834106
0.2129928514663744
-0.11902436815882671
0.30562250641999883
0.05788543218146771
0.06953743771488208
-0.06571162135492738
0.13650329362640362
-0.13092197855866353
-0.06476181060635798
-0.002929294671211871
-0.17487696138535314
-0.0680384845563367
0.026458091895967317
-0.18556872987011666
0.03638620747349476
-0.28484549701435924
-0.04072986198347277
-0.03917966845118744
-0.1417685482603404
0.05986525551895913
-0.0587258252598453
0.10674792470405364
0.04633081099625044
-0.02961272789372349
-0.17687535501774587
-0.029287279591718167
-0.16445494750900722
-0.07243271059265888
0.018308025632940924
-0.08027218656318211
-0.006583176293827049
0.04265684633382531
-0.053595295788110654
-0.040417328116548655
-0.00978851258813371
0.0026867389476219273
-0.030864100525346345
0.112974752368872
-0.1713950167036634
-0.06356840945969124
-0.14952085530250533
0.05179404456597627
-0.04542502330460023
-0.07956497350679238
-0.0044786064032848565
-0.0668508271429395
0.058425489323984184
0.1252531723465053
-0.02924820147167141
-0.26194862573920197
0.012620295238115998
0.09772356782455362
-0.19367119339636132
-0.10234342400096995
-0.06968835410106514
0.15217182647403643
0.02441848884186725
-0.07890042255714182
-0.05306260008690283
-0.22580524665450008
-0.08427602235219966
-0.07086327990864065
-0.007279718981090253
-0.008969948900592219
0.11276667648930132
-0.17631809314244032
0.162560179677239
-0.028016047600431398
-0.14464396922907577
-0.19254768827525728
-0.15106579509772222
-0.08871493286623246
-0.15678681121252064
0.05985667962588733
-0.1444836164074058
-0.11420312867881205
0.1266522263739214
-0.1135709985978457
0.03569021324166028
-0.053462106779949996
-0.012887363089437692
-0.06579257147118237
-0.07745289258426147
-0.011968253987391776
-0.07170263947955728
-0.10851291016949609
0.10125041323796365
-0.06774042914417232
-0.06182974858717105
0.13295957756425186
-0.2505080982428244
-0.1465379545615933
-0.19153273109790914
-0.02825090321962091
-0.2374124734949272
-0.09270034315099543
0.036690175090919624
-0.043512259685134475
-0.024691408535550546
-0.03040998952592576
0.014483389373196667
-0.17870757436515966
-0.07943742340748161
-0.2210641940916439
0.062178481967644014
-0.148335158676086
b2
0.0005900472611607132
-0.007444489408913547
-0.010979548553175058
-0.019527447863579142
0.0008445629476788838
-0.011794011290541306
0.00284258187212636
-0.0013602375985297898
-0.04148202271308553
-0.0012065870937414138
-0.04153954148008318
0.02177369387842429
-0.02451889594495168
-0.04826168944284823
-0.022315273131843352
-0.027404667069335767
0.01347621171737187
-0.011172125652951486
-0.018012123818216017
-0.01825632446517165
-0.01774174329521851
0.013721925095709069
-0.012275694574839593
-0.005821863267280343
-0.005941587233242036
-0.016661697996112345
-0.001572272427887609
0.0017099946042547348
-0.0038999223047872103
0.012672562988573523
-0.05598998765934382
-0.06148180603774512
-0.03462237687123282
0.010318883053954014
-0.009968832023403495
-0.006965029842613025
-0.045379192808688906
0.004251872281029491
-0.04086880178662267
-0.0037328787689484516
-0.023021975475620092
-0.037574980688725286
-0.007577428999017588
-0.040707491184638865
-0.0009409552151934032
-0.010434727106972255
-0.00402795278228967
-0.042019621178960936
0.02280232922542178
-0.012441432932123865
0.006744565903311453
-0.054769423088467786
-0.056424397148930244
-0.022428605356264966
-0.03546437543678955
-0.019624479515153507
-0.006858959253797774
-0.05921831842689332
0.01972416944539837
-0.053778344962005536
-0.02068993185721346
0.011570711978124454
0.011501169616185905
-0.0025266326892957333
-0.011475204739374852
-0.010948470033173206
-0.06995397202736547
-0.015133543716776455
-0.020004612270788175
-0.01424155657482265
0.0037629241608385217
-0.02240089929220383
-0.009856553918439741
-0.010777566561197244
-0.026265561569840206
-0.027719735195967144
-0.02554698108302303
-0.01329648949772835
-0.027487274854181638
-0.013243331321555257
-0.07689671603190114
-0.0004460865059013136
-0.010954775665570503
-0.029054544920280083
-0.005986708668786941
-0.05782322008020123
-0.006686265633357846
-0.017437303019437782
0.006963261666007731
-0.01534725581023973
0.019333028251946
-0.007761808862566737
0.006440148913951041
-0.03118619258831319
-0.03419817609711603
-0.004421003502413927
-0.012702247400091318
-0.019373928510068597
-0.016113588336499302
-0.02019370207575059
-0.031476588089468335
-0.02905712164902682
-0.044922086233847726
-0.004655916590401534
-0.0339678536658403
-0.047906007190881915
-0.011011011917653394
-0.016736130202420197
-0.021042364564318797
-0.020931632299075142
-6.640590498762847E-05
-0.021895455392016712
-0.0021747351549110372
-0.0145221876012923
-0.014355941047075176
-0.03499971805555052
-0.032333870201925616
-0.04019141346390254
-0.012125494693581299
0.01300186269405411
-0.04694869174540127
-0.03589840734156347
-0.004504749700197574
-0.02171309056831345
-0.007840802287524956
-0.009566660616189913
-0.013752189398214694
-0.07434107594264651
w3
0.3097798835513152
-0.09114939520719999
0.09096227886772122
-0.13583923203611345
-0.17258479350519482
-0.04993184100749584
-0.20380507200298595
-0.03882824372073528
-0.6075491856532439
-0.07463556079776769
0.011933233500161362
0.1490687179343891
-0.028215963416224947
-0.1408942115316398
0.36254897117148566
0.38033876200580086
-0.21347321449084036
0.01393470664379787
0.053157873943417096
0.04654722291079619
-0.0866726113047261
-0.10776704755018487
-0.03565194571360678
-0.07780010558321836
-0.3214555743755404
-0.1160522426297421
0.056810472402018634
0.11660595774692885
0.04796898916885264
-0.21396023110111909
0.22547660910640777
-0.0009254237032153642
-0.12309782748490887
0.20396583458039644
-0.03641018045569314
-0.08015392377913756
-0.009969525176311129
0.06232409474694185
0.13108152710187476
0.15025881203139008
-0.211802789875155
0.08150387055931002
0.09505381292721346
-0.1285791753162516
-0.14924656010537876
0.028010172434848088
0.08004237406220129
-0.003855670244291849
0.16189770450908542
0.2416485246065261
0.05218944971050654
-0.009496240000590095
0.019536802236975907
0.097034551128246
-0.06921428915321226
-0.039334312837633015
0.17286119768493793
-0.004608567440532589
-0.11113186695123017
-0.20327200983986016
0.014006502507197278
-0.08426586635267722
0.11826428069204728
0.016477032223306837
-0.09384476656108777
0.0322133065329311
-0.03500057898640767
-0.0350833895180804
-0.09293680655708082
-0.11464256892222612
0.17112710823514093
-0.07350981977462785
0.03612880650079249
0.060686000623001356
0.171897802093163
0.016446864886036444
-0.03467547844842914
-0.13766001971214858
0.03400198753420457
0.0498415020339333
0.07110971405433304
0.2796236750853505
0.17958455646090288
0.026811257255930067
-0.12468172022950336
-0.020650286039581772
0.14387277340874363
0.02187028576354107
0.1619924356011174
0.32918093699481366
0.04165112347720976
0.19114127279992882
0.080102001001196
-0.16826172291525393
-0.054911806885332676
-0.033068386523913244
-0.029847683914462905
0.16806986327595141
0.09653268485071641
0.03615651313052253
-0.019398666341100494
-0.11021924873600863
0.29391457635260093
0.03685870069201585
-0.10955451801391193
-0.020057790861608513
0.06242968222650019
-0.07283724716394673
-0.01350680962478768
0.1201948570953282
0.07810141165893482
0.22124182255008706
0.10102922759343837
0.021897454501171053
-0.0730131860262618
-0.07587713208045115
-0.0038521069280230196
-0.008959103318909074
0.05405065478764824
0.05344011598187522
-0.08692844071586608
0.018400859684650283
0.1250780360488642
-0.05406127039060596
0.02481508177911865
-0.15369972533077822
-0.06013391344104049
0.014341438496547464
b3
0.008841630426441493
